I0,I1,I2,I3
0.000000,100.000000,0.009426,-0.024581
1.000000,100.000000,0.018840,-0.024205
2.000000,100.000000,0.028235,-0.013145
3.000000,100.000000,0.037602,0.000847
4.000000,100.000000,0.046933,0.004810
5.000000,100.000000,0.056216,0.016837
6.000000,100.000000,0.065445,0.025175
7.000000,100.000000,0.074608,0.024524
8.000000,100.000000,0.083700,0.041985
9.000000,100.000000,0.092706,0.052404
10.000000,100.000000,0.101623,0.054286
11.000000,100.000000,0.110438,0.065713
12.000000,100.000000,0.119145,0.078225
13.000000,100.000000,0.127735,0.080475
14.000000,100.000000,0.136197,0.094054
15.000000,100.000000,0.144528,0.098714
16.000000,100.000000,0.152712,0.103983
17.000000,100.000000,0.160750,0.117036
18.000000,100.000000,0.168624,0.117663
19.000000,100.000000,0.176336,0.127711
20.000000,100.000000,0.183872,0.144983
21.000000,100.000000,0.191226,0.143499
22.000000,100.000000,0.198394,0.151879
23.000000,100.000000,0.205362,0.166617
24.000000,100.000000,0.212134,0.167680
25.000000,100.000000,0.218689,0.172560
26.000000,100.000000,0.225033,0.189979
27.000000,100.000000,0.231152,0.186208
28.000000,100.000000,0.237045,0.191454
29.000000,100.000000,0.242704,0.200100
30.000000,100.000000,0.248122,0.205323
31.000000,100.000000,0.253299,0.212209
32.000000,100.000000,0.258219,0.219342
33.000000,100.000000,0.262893,0.225257
34.000000,100.000000,0.267298,0.233170
35.000000,100.000000,0.271447,0.231291
36.000000,100.000000,0.275323,0.237751
37.000000,100.000000,0.278930,0.248843
38.000000,100.000000,0.282262,0.249452
39.000000,100.000000,0.285313,0.252252
40.000000,100.000000,0.288088,0.259697
41.000000,100.000000,0.290570,0.262620
42.000000,100.000000,0.292774,0.261772
43.000000,100.000000,0.294682,0.270111
44.000000,100.000000,0.296303,0.272140
45.000000,100.000000,0.297631,0.274266
46.000000,100.000000,0.298664,0.272351
47.000000,100.000000,0.299406,0.276007
48.000000,100.000000,0.299847,0.282747
49.000000,100.000000,0.300000,0.275132
50.000000,100.000000,0.299846,0.286128
51.000000,100.000000,0.299405,0.284140
52.000000,100.000000,0.298663,0.277794
53.000000,100.000000,0.297630,0.274953
54.000000,100.000000,0.296302,0.279572
55.000000,100.000000,0.294681,0.276607
56.000000,100.000000,0.292773,0.279407
57.000000,100.000000,0.290569,0.282985
58.000000,100.000000,0.288086,0.275860
59.000000,100.000000,0.285311,0.278587
60.000000,100.000000,0.282260,0.276585
61.000000,100.000000,0.278928,0.269167
62.000000,100.000000,0.275321,0.272406
63.000000,100.000000,0.271444,0.271604
64.000000,100.000000,0.267296,0.264700
65.000000,100.000000,0.262890,0.257745
66.000000,100.000000,0.258216,0.253177
67.000000,100.000000,0.253295,0.252865
68.000000,100.000000,0.248118,0.253118
69.000000,100.000000,0.242700,0.237898
70.000000,100.000000,0.237041,0.236784
71.000000,100.000000,0.231148,0.237916
72.000000,100.000000,0.225030,0.228918
73.000000,100.000000,0.218684,0.228070
74.000000,100.000000,0.212130,0.228895
75.000000,100.000000,0.205358,0.214476
76.000000,100.000000,0.198390,0.214962
77.000000,100.000000,0.191222,0.210514
78.000000,100.000000,0.183867,0.198336
79.000000,100.000000,0.176331,0.192274
80.000000,100.000000,0.168620,0.189613
81.000000,100.000000,0.160745,0.174594
82.000000,100.000000,0.152707,0.165193
83.000000,100.000000,0.144523,0.161972
84.000000,100.000000,0.136192,0.159186
85.000000,100.000000,0.127730,0.152291
86.000000,100.000000,0.119140,0.138358
87.000000,100.000000,0.110433,0.135518
88.000000,100.000000,0.101617,0.133442
89.000000,100.000000,0.092700,0.117090
90.000000,100.000000,0.083694,0.113636
91.000000,100.000000,0.074603,0.104194
92.000000,100.000000,0.065440,0.092529
93.000000,100.000000,0.056210,0.085134
94.000000,100.000000,0.046927,0.085886
95.000000,100.000000,0.037596,0.077501
96.000000,100.000000,0.028229,0.079247
97.000000,100.000000,0.018834,0.055611
98.000000,100.000000,0.009420,0.040445
99.000000,100.000000,-0.000003,0.036244
100.000000,100.000000,-0.009426,0.027677
101.000000,100.000000,-0.018840,0.017597
102.000000,100.000000,-0.028235,0.014642
103.000000,100.000000,-0.037603,0.028258
104.000000,100.000000,-0.046933,-0.006071
105.000000,100.000000,-0.056217,-0.015147
106.000000,100.000000,-0.065446,-0.029493
107.000000,100.000000,-0.074609,-0.041281
108.000000,100.000000,-0.083700,-0.035169
109.000000,100.000000,-0.092706,-0.050027
110.000000,100.000000,-0.101623,-0.053995
111.000000,100.000000,-0.110439,-0.062924
112.000000,100.000000,-0.119145,-0.071762
113.000000,100.000000,-0.127735,-0.086890
114.000000,100.000000,-0.136198,-0.084792
115.000000,100.000000,-0.144529,-0.099284
116.000000,100.000000,-0.152712,-0.110999
117.000000,100.000000,-0.160750,-0.108726
118.000000,100.000000,-0.168625,-0.124739
119.000000,100.000000,-0.176336,-0.130287
120.000000,100.000000,-0.183872,-0.142534
121.000000,100.000000,-0.191227,-0.145727
122.000000,100.000000,-0.198394,-0.147202
123.000000,100.000000,-0.205363,-0.161854
124.000000,100.000000,-0.212134,-0.171109
125.000000,100.000000,-0.218689,-0.172144
126.000000,100.000000,-0.225034,-0.183956
127.000000,100.000000,-0.231152,-0.186957
128.000000,100.000000,-0.237045,-0.195139
129.000000,100.000000,-0.242704,-0.200697
130.000000,100.000000,-0.248122,-0.208545
131.000000,100.000000,-0.253299,-0.217314
132.000000,100.000000,-0.258219,-0.218931
133.000000,100.000000,-0.262893,-0.222313
134.000000,100.000000,-0.267299,-0.229680
135.000000,100.000000,-0.271447,-0.236419
136.000000,100.000000,-0.275323,-0.235727
137.000000,100.000000,-0.278930,-0.246233
138.000000,100.000000,-0.282263,-0.252721
139.000000,100.000000,-0.285313,-0.246169
140.000000,100.000000,-0.288088,-0.256720
141.000000,100.000000,-0.290570,-0.261215
142.000000,100.000000,-0.292774,-0.262250
143.000000,100.000000,-0.294682,-0.271235
144.000000,100.000000,-0.296303,-0.275949
145.000000,100.000000,-0.297631,-0.273557
146.000000,100.000000,-0.298664,-0.271528
147.000000,100.000000,-0.299406,-0.273722
148.000000,100.000000,-0.299847,-0.272517
149.000000,100.000000,-0.300000,-0.278602
150.000000,100.000000,-0.299846,-0.277223
151.000000,100.000000,-0.299405,-0.282817
152.000000,100.000000,-0.298663,-0.279949
153.000000,100.000000,-0.297630,-0.280517
154.000000,100.000000,-0.296302,-0.281576
155.000000,100.000000,-0.294680,-0.282336
156.000000,100.000000,-0.292773,-0.276897
157.000000,100.000000,-0.290569,-0.282762
158.000000,100.000000,-0.288086,-0.280929
159.000000,100.000000,-0.285311,-0.271697
160.000000,100.000000,-0.282260,-0.275922
161.000000,100.000000,-0.278928,-0.274162
162.000000,100.000000,-0.275321,-0.265897
163.000000,100.000000,-0.271444,-0.264088
164.000000,100.000000,-0.267296,-0.262635
165.000000,100.000000,-0.262890,-0.262543
166.000000,100.000000,-0.258216,-0.243393
167.000000,100.000000,-0.253295,-0.249994
168.000000,100.000000,-0.248118,-0.255895
169.000000,100.000000,-0.242700,-0.249220
170.000000,100.000000,-0.237041,-0.243608
171.000000,100.000000,-0.231148,-0.242600
172.000000,100.000000,-0.225029,-0.234866
173.000000,100.000000,-0.218684,-0.222134
174.000000,100.000000,-0.212130,-0.230079
175.000000,100.000000,-0.205358,-0.212852
176.000000,100.000000,-0.198389,-0.200866
177.000000,100.000000,-0.191222,-0.204564
178.000000,100.000000,-0.183867,-0.198644
179.000000,100.000000,-0.176331,-0.184798
180.000000,100.000000,-0.168619,-0.184849
181.000000,100.000000,-0.160744,-0.178036
182.000000,100.000000,-0.152707,-0.181152
183.000000,100.000000,-0.144523,-0.167961
184.000000,100.000000,-0.136192,-0.164195
185.000000,100.000000,-0.127729,-0.150909
186.000000,100.000000,-0.119139,-0.139766
187.000000,100.000000,-0.110433,-0.131034
188.000000,100.000000,-0.101617,-0.132033
189.000000,100.000000,-0.092700,-0.118572
190.000000,100.000000,-0.083694,-0.106880
191.000000,100.000000,-0.074602,-0.109024
192.000000,100.000000,-0.065439,-0.096557
193.000000,100.000000,-0.056210,-0.083679
194.000000,100.000000,-0.046926,-0.080609
195.000000,100.000000,-0.037596,-0.072303
196.000000,100.000000,-0.028229,-0.062031
197.000000,100.000000,-0.018834,-0.059401
198.000000,100.000000,-0.009420,-0.048795
199.000000,100.000000,0.000003,-0.035315
200.000000,100.000000,0.009426,-0.035000
201.000000,100.000000,0.018840,-0.011826
202.000000,100.000000,0.028235,-0.013713
203.000000,100.000000,0.037603,-0.005311
204.000000,100.000000,0.046933,0.012649
205.000000,100.000000,0.056217,-0.053995
206.000000,100.000000,0.065446,0.016177
207.000000,100.000000,0.074609,0.050864
208.000000,100.000000,0.083700,0.051986
209.000000,100.000000,0.092707,0.056426
210.000000,100.000000,0.101624,0.065131
211.000000,100.000000,0.110439,0.066487
212.000000,100.000000,0.119146,0.072567
213.000000,100.000000,0.127736,0.084099
214.000000,100.000000,0.136198,0.089702
215.000000,100.000000,0.144529,0.100235
216.000000,100.000000,0.152713,0.113787
217.000000,100.000000,0.160750,0.113063
218.000000,100.000000,0.168625,0.123523
219.000000,100.000000,0.176336,0.128022
220.000000,100.000000,0.183872,0.138885
221.000000,100.000000,0.191227,0.146798
222.000000,100.000000,0.198395,0.150018
223.000000,100.000000,0.205363,0.164093
224.000000,100.000000,0.212134,0.173559
225.000000,100.000000,0.218689,0.172001
226.000000,100.000000,0.225034,0.181201
227.000000,100.000000,0.231152,0.192513
228.000000,100.000000,0.237045,0.191042
229.000000,100.000000,0.242704,0.197561
230.000000,100.000000,0.248122,0.208727
231.000000,100.000000,0.253299,0.213437
232.000000,100.000000,0.258220,0.220176
233.000000,100.000000,0.262893,0.236702
234.000000,100.000000,0.267299,0.227571
235.000000,100.000000,0.271447,0.231410
236.000000,100.000000,0.275324,0.238063
237.000000,100.000000,0.278930,0.239625
238.000000,100.000000,0.282263,0.247991
239.000000,100.000000,0.285313,0.240491
240.000000,100.000000,0.288088,0.257099
241.000000,100.000000,0.290570,0.271778
242.000000,100.000000,0.292774,0.262326
243.000000,100.000000,0.294682,0.266913
244.000000,100.000000,0.296303,0.274431
245.000000,100.000000,0.297631,0.271027
246.000000,100.000000,0.298664,0.272933
247.000000,100.000000,0.299406,0.282238
248.000000,100.000000,0.299847,0.272960
249.000000,100.000000,0.300000,0.277986
250.000000,100.000000,0.299846,0.282165
251.000000,100.000000,0.299405,0.278687
252.000000,100.000000,0.298663,0.285500
253.000000,100.000000,0.297630,0.282706
254.000000,100.000000,0.296302,0.279507
255.000000,100.000000,0.294680,0.279833
256.000000,100.000000,0.292773,0.274353
257.000000,100.000000,0.290569,0.274807
258.000000,100.000000,0.288086,0.281519
259.000000,100.000000,0.285311,0.273707
260.000000,100.000000,0.282260,0.277107
261.000000,100.000000,0.278927,0.279045
262.000000,100.000000,0.275321,0.267380
263.000000,100.000000,0.271444,0.263852
264.000000,100.000000,0.267296,0.265571
265.000000,100.000000,0.262890,0.256073
266.000000,100.000000,0.258216,0.253585
267.000000,100.000000,0.253295,0.258804
268.000000,100.000000,0.248118,0.246318
269.000000,100.000000,0.242700,0.245544
270.000000,100.000000,0.237041,0.242603
271.000000,100.000000,0.231148,0.235304
272.000000,100.000000,0.225029,0.234296
273.000000,100.000000,0.218684,0.218930
274.000000,100.000000,0.212129,0.217963
275.000000,100.000000,0.205358,0.221102
276.000000,100.000000,0.198389,0.210390
277.000000,100.000000,0.191221,0.202629
278.000000,100.000000,0.183867,0.200026
279.000000,100.000000,0.176331,0.197442
280.000000,100.000000,0.168619,0.185581
281.000000,100.000000,0.160744,0.180005
282.000000,100.000000,0.152706,0.167900
283.000000,100.000000,0.144523,0.162366
284.000000,100.000000,0.136191,0.158357
285.000000,100.000000,0.127729,0.145652
286.000000,100.000000,0.119139,0.143164
287.000000,100.000000,0.110432,0.135302
288.000000,100.000000,0.101617,0.127198
289.000000,100.000000,0.092700,0.119496
290.000000,100.000000,0.083694,0.110502
291.000000,100.000000,0.074602,0.107029
292.000000,100.000000,0.065439,0.102141
293.000000,100.000000,0.056210,0.086802
294.000000,100.000000,0.046926,0.075774
295.000000,100.000000,0.037596,0.077185
296.000000,100.000000,0.028228,0.062620
297.000000,100.000000,0.018833,0.055226
298.000000,100.000000,0.009419,0.049503
299.000000,100.000000,-0.000004,0.036725
300.000000,100.000000,-0.009427,0.026650
301.000000,100.000000,-0.018841,0.025248
302.000000,100.000000,-0.028236,0.011577
303.000000,100.000000,-0.037603,0.001575
304.000000,100.000000,-0.046934,-0.001746
305.000000,100.000000,-0.056217,-0.015285
306.000000,100.000000,-0.065446,-0.019940
307.000000,100.000000,-0.074609,-0.038000
308.000000,100.000000,-0.083701,-0.042600
309.000000,100.000000,-0.092707,-0.044222
310.000000,100.000000,-0.101624,-0.062081
311.000000,100.000000,-0.110439,-0.069389
312.000000,100.000000,-0.119146,-0.066337
313.000000,100.000000,-0.127736,-0.081722
314.000000,100.000000,-0.136198,-0.095884
315.000000,100.000000,-0.144529,-0.093873
316.000000,100.000000,-0.152713,-0.109258
317.000000,100.000000,-0.160750,-0.114646
318.000000,100.000000,-0.168625,-0.116047
319.000000,100.000000,-0.176336,-0.130759
320.000000,100.000000,-0.183873,-0.139647
321.000000,100.000000,-0.191227,-0.146089
322.000000,100.000000,-0.198395,-0.152714
323.000000,100.000000,-0.205363,-0.160416
324.000000,100.000000,-0.212135,-0.172589
325.000000,100.000000,-0.218689,-0.178389
326.000000,100.000000,-0.225034,-0.178224
327.000000,100.000000,-0.231153,-0.189903
328.000000,100.000000,-0.237046,-0.206144
329.000000,100.000000,-0.242704,-0.198259
330.000000,100.000000,-0.248122,-0.205310
331.000000,100.000000,-0.253299,-0.210918
332.000000,100.000000,-0.258220,-0.215894
333.000000,100.000000,-0.262893,-0.225698
334.000000,100.000000,-0.267299,-0.223573
335.000000,100.000000,-0.271447,-0.233235
336.000000,100.000000,-0.275324,-0.241400
337.000000,100.000000,-0.278930,-0.243961
338.000000,100.000000,-0.282263,-0.248176
339.000000,100.000000,-0.285313,-0.255314
340.000000,100.000000,-0.288088,-0.255428
341.000000,100.000000,-0.290570,-0.262108
342.000000,100.000000,-0.292774,-0.266035
343.000000,100.000000,-0.294682,-0.273677
344.000000,100.000000,-0.296304,-0.273388
345.000000,100.000000,-0.297631,-0.271849
346.000000,100.000000,-0.298664,-0.270877
347.000000,100.000000,-0.299406,-0.275468
348.000000,100.000000,-0.299847,-0.273269
349.000000,100.000000,-0.300000,-0.275418
350.000000,100.000000,-0.299846,-0.280462
351.000000,100.000000,-0.299405,-0.278483
352.000000,100.000000,-0.298663,-0.276911
353.000000,100.000000,-0.297630,-0.284182
354.000000,100.000000,-0.296302,-0.283170
355.000000,100.000000,-0.294680,-0.276604
356.000000,100.000000,-0.292773,-0.286116
357.000000,100.000000,-0.290569,-0.280796
358.000000,100.000000,-0.288086,-0.279537
359.000000,100.000000,-0.285311,-0.277342
360.000000,100.000000,-0.282260,-0.271070
361.000000,100.000000,-0.278927,-0.275922
362.000000,100.000000,-0.275321,-0.273109
363.000000,100.000000,-0.271444,-0.260010
364.000000,100.000000,-0.267295,-0.264234
365.000000,100.000000,-0.262889,-0.262181
366.000000,100.000000,-0.258216,-0.249303
367.000000,100.000000,-0.253295,-0.257394
368.000000,100.000000,-0.248118,-0.251474
369.000000,100.000000,-0.242700,-0.242462
370.000000,100.000000,-0.237041,-0.244080
371.000000,100.000000,-0.231148,-0.239420
372.000000,100.000000,-0.225029,-0.229501
373.000000,100.000000,-0.218684,-0.227485
374.000000,100.000000,-0.212129,-0.218152
375.000000,100.000000,-0.205357,-0.217245
376.000000,100.000000,-0.198389,-0.210231
377.000000,100.000000,-0.191221,-0.201805
378.000000,100.000000,-0.183867,-0.202030
379.000000,100.000000,-0.176330,-0.196770
380.000000,100.000000,-0.168619,-0.178838
381.000000,100.000000,-0.160744,-0.246393
382.000000,100.000000,-0.152706,-0.172603
383.000000,100.000000,-0.144522,-0.151536
384.000000,100.000000,-0.136191,-0.142140
385.000000,100.000000,-0.127729,-0.153108
386.000000,100.000000,-0.119139,-0.131002
387.000000,100.000000,-0.110432,-0.129866
388.000000,100.000000,-0.101617,-0.120226
389.000000,100.000000,-0.092700,-0.114027
390.000000,100.000000,-0.083693,-0.113871
391.000000,100.000000,-0.074602,-0.103792
392.000000,100.000000,-0.065439,-0.101245
393.000000,100.000000,-0.056210,-0.091930
394.000000,100.000000,-0.046926,-0.078964
395.000000,100.000000,-0.037596,-0.076289
396.000000,100.000000,-0.028228,-0.062622
397.000000,100.000000,-0.018833,-0.049523
398.000000,100.000000,-0.009419,-0.051067
399.000000,100.000000,0.000004,-0.037854
400.000000,100.000000,0.009427,-0.035095
401.000000,100.000000,0.018841,-0.024879
402.000000,100.000000,0.028236,-0.014639
403.000000,100.000000,0.037603,0.001140
404.000000,100.000000,0.046934,0.004883
405.000000,100.000000,0.056217,0.016383
406.000000,100.000000,0.065447,0.024135
407.000000,100.000000,0.074609,0.031291
408.000000,100.000000,0.083701,0.040184
409.000000,100.000000,0.092707,0.192760
410.000000,100.000000,0.101624,0.057553
411.000000,100.000000,0.110439,0.028863
412.000000,100.000000,0.119146,0.034718
413.000000,100.000000,0.127736,0.057026
414.000000,100.000000,0.136198,0.083219
415.000000,100.000000,0.144529,0.086435
416.000000,100.000000,0.152713,0.107543
417.000000,100.000000,0.160751,0.113421
418.000000,100.000000,0.168625,0.118717
419.000000,100.000000,0.176337,0.134317
420.000000,100.000000,0.183873,0.140796
421.000000,100.000000,0.191227,0.144465
422.000000,100.000000,0.198395,0.151352
423.000000,100.000000,0.205363,0.166104
424.000000,100.000000,0.212135,0.164473
425.000000,100.000000,0.218689,0.164812
426.000000,100.000000,0.225034,0.177233
427.000000,100.000000,0.231153,0.190735
428.000000,100.000000,0.237046,0.197154
429.000000,100.000000,0.242705,0.198629
430.000000,100.000000,0.248122,0.202116
431.000000,100.000000,0.253299,0.217074
432.000000,100.000000,0.258220,0.217083
433.000000,100.000000,0.262893,0.223603
434.000000,100.000000,0.267299,0.235589
435.000000,100.000000,0.271447,0.234118
436.000000,100.000000,0.275324,0.239524
437.000000,100.000000,0.278930,0.253003
438.000000,100.000000,0.282263,0.241411
439.000000,100.000000,0.285313,0.252985
440.000000,100.000000,0.288088,0.255903
441.000000,100.000000,0.290571,0.258153
442.000000,100.000000,0.292774,0.264072
443.000000,100.000000,0.294682,0.266872
444.000000,100.000000,0.296304,0.264846
445.000000,100.000000,0.297631,0.274766
446.000000,100.000000,0.298664,0.274513
447.000000,100.000000,0.299406,0.276740
448.000000,100.000000,0.299847,0.281139
449.000000,100.000000,0.300000,0.275494
450.000000,100.000000,0.299846,0.281193
451.000000,100.000000,0.299405,0.282765
452.000000,100.000000,0.298663,0.276754
453.000000,100.000000,0.297630,0.277766
454.000000,100.000000,0.296302,0.283352
455.000000,100.000000,0.294680,0.283301
456.000000,100.000000,0.292773,0.277020
457.000000,100.000000,0.290568,0.274578
458.000000,100.000000,0.288086,0.274967
459.000000,100.000000,0.285311,0.282453
460.000000,100.000000,0.282260,0.275792
461.000000,100.000000,0.278927,0.262840
462.000000,100.000000,0.275321,0.265992
463.000000,100.000000,0.271444,0.265946
464.000000,100.000000,0.267295,0.268406
465.000000,100.000000,0.262889,0.264104
466.000000,100.000000,0.258216,0.255926
467.000000,100.000000,0.253295,0.254185
468.000000,100.000000,0.248118,0.251290
469.000000,100.000000,0.242700,0.246025
470.000000,100.000000,0.237041,0.242351
471.000000,100.000000,0.231148,0.240276
472.000000,100.000000,0.225029,0.225417
473.000000,100.000000,0.218684,0.224936
474.000000,100.000000,0.212129,0.224501
475.000000,100.000000,0.205357,0.212763
476.000000,100.000000,0.198389,0.210055
477.000000,100.000000,0.191221,0.202574
478.000000,100.000000,0.183866,0.196169
479.000000,100.000000,0.176330,0.192554
480.000000,100.000000,0.168619,0.181214
481.000000,100.000000,0.160744,0.178827
482.000000,100.000000,0.152706,0.173925
483.000000,100.000000,0.144522,0.160240
484.000000,100.000000,0.136191,0.154265
485.000000,100.000000,0.127729,0.153377
486.000000,100.000000,0.119139,0.143425
487.000000,100.000000,0.110432,0.136998
488.000000,100.000000,0.101616,0.128522
489.000000,100.000000,0.092699,0.118644
490.000000,100.000000,0.083693,0.114223
491.000000,100.000000,0.074601,0.110141
492.000000,100.000000,0.065438,0.097142
493.000000,100.000000,0.056209,0.089074
494.000000,100.000000,0.046926,0.081579
495.000000,100.000000,0.037595,0.067454
496.000000,100.000000,0.028228,0.062726
497.000000,100.000000,0.018833,0.051798
498.000000,100.000000,0.009419,0.047432
499.000000,100.000000,-0.000004,0.044697
500.000000,100.000000,-0.009427,0.025418
501.000000,100.000000,-0.018841,0.021084
502.000000,100.000000,-0.028236,0.017368
503.000000,100.000000,-0.037604,0.000943
504.000000,100.000000,-0.046934,-0.005338
505.000000,100.000000,-0.056218,-0.010167
506.000000,100.000000,-0.065447,-0.023912
507.000000,100.000000,-0.074610,-0.030120
508.000000,100.000000,-0.083701,-0.036062
509.000000,100.000000,-0.092708,-0.048840
510.000000,100.000000,-0.101624,-0.059882
511.000000,100.000000,-0.110440,-0.063657
512.000000,100.000000,-0.119147,-0.076596
513.000000,100.000000,-0.127736,-0.082290
514.000000,100.000000,-0.136199,-0.095224
515.000000,100.000000,-0.144530,-0.100484
516.000000,100.000000,-0.152713,-0.100466
517.000000,100.000000,-0.160751,-0.117138
518.000000,100.000000,-0.168626,-0.126232
519.000000,100.000000,-0.176337,-0.124148
520.000000,100.000000,-0.183873,-0.138566
521.000000,100.000000,-0.191227,-0.143954
522.000000,100.000000,-0.198395,-0.149003
523.000000,100.000000,-0.205364,-0.164168
524.000000,100.000000,-0.212135,-0.169776
525.000000,100.000000,-0.218690,-0.174604
526.000000,100.000000,-0.225034,-0.179869
527.000000,100.000000,-0.231153,-0.189944
528.000000,100.000000,-0.237046,-0.192005
529.000000,100.000000,-0.242705,-0.201444
530.000000,100.000000,-0.248122,-0.208105
531.000000,100.000000,-0.253299,-0.217245
532.000000,100.000000,-0.258220,-0.217452
533.000000,100.000000,-0.262893,-0.218620
534.000000,100.000000,-0.267299,-0.234252
535.000000,100.000000,-0.271447,-0.239480
536.000000,100.000000,-0.275324,-0.233968
537.000000,100.000000,-0.278930,-0.243919
538.000000,100.000000,-0.282263,-0.251094
539.000000,100.000000,-0.285313,-0.252056
540.000000,100.000000,-0.288089,-0.261641
541.000000,100.000000,-0.290571,-0.260702
542.000000,100.000000,-0.292774,-0.258456
543.000000,100.000000,-0.294682,-0.267515
544.000000,100.000000,-0.296304,-0.269182
545.000000,100.000000,-0.297631,-0.270644
546.000000,100.000000,-0.298664,-0.273842
547.000000,100.000000,-0.299406,-0.273810
548.000000,100.000000,-0.299847,-0.282043
549.000000,100.000000,-0.300000,-0.281736
550.000000,100.000000,-0.299846,-0.278817
551.000000,100.000000,-0.299405,-0.282089
552.000000,100.000000,-0.298663,-0.287696
553.000000,100.000000,-0.297630,-0.278391
554.000000,100.000000,-0.296302,-0.273681
555.000000,100.000000,-0.294680,-0.278703
556.000000,100.000000,-0.292772,-0.274231
557.000000,100.000000,-0.290568,-0.281502
558.000000,100.000000,-0.288086,-0.279376
559.000000,100.000000,-0.285310,-0.273191
560.000000,100.000000,-0.282260,-0.274062
561.000000,100.000000,-0.278927,-0.272902
562.000000,100.000000,-0.275321,-0.265517
563.000000,100.000000,-0.271443,-0.270268
564.000000,100.000000,-0.267295,-0.261302
565.000000,100.000000,-0.262889,-0.267029
566.000000,100.000000,-0.258215,-0.262241
567.000000,100.000000,-0.253295,-0.253215
568.000000,100.000000,-0.248117,-0.252780
569.000000,100.000000,-0.242700,-0.236213
570.000000,100.000000,-0.237041,-0.232855
571.000000,100.000000,-0.231147,-0.241913
572.000000,100.000000,-0.225029,-0.233460
573.000000,100.000000,-0.218683,-0.221474
574.000000,100.000000,-0.212129,-0.222125
575.000000,100.000000,-0.205357,-0.218139
576.000000,100.000000,-0.198389,-0.208087
577.000000,100.000000,-0.191221,-0.204197
578.000000,100.000000,-0.183866,-0.201105
579.000000,100.000000,-0.176330,-0.191185
580.000000,100.000000,-0.168618,-0.185449
581.000000,100.000000,-0.160743,-0.179090
582.000000,100.000000,-0.152706,-0.178330
583.000000,100.000000,-0.144522,-0.162761
584.000000,100.000000,-0.136191,-0.154409
585.000000,100.000000,-0.127728,-0.154414
586.000000,100.000000,-0.119138,-0.144540
587.000000,100.000000,-0.110432,-0.132408
588.000000,100.000000,-0.101616,-0.138639
589.000000,100.000000,-0.092699,-0.121633
590.000000,100.000000,-0.083693,-0.109574
591.000000,100.000000,-0.074601,-0.102711
592.000000,100.000000,-0.065438,-0.093364
593.000000,100.000000,-0.056209,-0.082565
594.000000,100.000000,-0.046925,-0.077182
595.000000,100.000000,-0.037595,-0.072683
596.000000,100.000000,-0.028228,-0.056817
597.000000,100.000000,-0.018832,-0.060675
598.000000,100.000000,-0.009419,-0.050815
599.000000,100.000000,0.000005,-0.047521
600.000000,100.000000,0.009428,-0.032480
601.000000,100.000000,0.018842,-0.017287
602.000000,100.000000,0.028237,-0.014905
603.000000,100.000000,0.037604,-0.005998
604.000000,100.000000,0.046934,0.011788
605.000000,100.000000,0.056218,0.010390
606.000000,100.000000,0.065447,0.022490
607.000000,100.000000,0.074610,0.035442
608.000000,100.000000,0.083701,0.034572
609.000000,100.000000,0.092708,0.046892
610.000000,100.000000,0.101625,0.061631
611.000000,100.000000,0.110440,0.062400
612.000000,100.000000,0.119147,0.075087
613.000000,100.000000,0.127737,0.084699
614.000000,100.000000,0.136199,0.089775
615.000000,100.000000,0.144530,0.108569
616.000000,100.000000,0.152714,0.107048
617.000000,100.000000,0.160751,0.112390
618.000000,100.000000,0.168626,0.123876
619.000000,100.000000,0.176337,0.123464
620.000000,100.000000,0.183873,0.137158
621.000000,100.000000,0.191228,0.149670
622.000000,100.000000,0.198396,0.150646
623.000000,100.000000,0.205364,0.161033
624.000000,100.000000,0.212135,0.175698
625.000000,100.000000,0.218690,0.172441
626.000000,100.000000,0.225035,0.179927
627.000000,100.000000,0.231153,0.192806
628.000000,100.000000,0.237046,0.192082
629.000000,100.000000,0.242705,0.200681
630.000000,100.000000,0.248122,0.209547
631.000000,100.000000,0.253300,0.209863
632.000000,100.000000,0.258220,0.218389
633.000000,100.000000,0.262893,0.221175
634.000000,100.000000,0.267299,0.234791
635.000000,100.000000,0.271447,0.241517
636.000000,100.000000,0.275324,0.232904
637.000000,100.000000,0.278930,0.243111
638.000000,100.000000,0.282263,0.249677
639.000000,100.000000,0.285313,0.249526
640.000000,100.000000,0.288089,0.253072
641.000000,100.000000,0.290571,0.280392
642.000000,100.000000,0.292774,0.261726
643.000000,100.000000,0.294682,0.264746
644.000000,100.000000,0.296304,0.271298
645.000000,100.000000,0.297631,0.268420
646.000000,100.000000,0.298664,0.268539
647.000000,100.000000,0.299406,0.281272
648.000000,100.000000,0.299847,0.277867
649.000000,100.000000,0.300000,0.277020
650.000000,100.000000,0.299846,0.279059
651.000000,100.000000,0.299405,0.280841
652.000000,100.000000,0.298663,0.288167
653.000000,100.000000,0.297630,0.273460
654.000000,100.000000,0.296302,0.278307
655.000000,100.000000,0.294680,0.278545
656.000000,100.000000,0.292772,0.278321
657.000000,100.000000,0.290568,0.285147
658.000000,100.000000,0.288086,0.279938
659.000000,100.000000,0.285310,0.269167
660.000000,100.000000,0.282260,0.272039
661.000000,100.000000,0.278927,0.275618
662.000000,100.000000,0.275320,0.267600
663.000000,100.000000,0.271443,0.267792
664.000000,100.000000,0.267295,0.268324
665.000000,100.000000,0.262889,0.259119
666.000000,100.000000,0.258215,0.257525
667.000000,100.000000,0.253294,0.255244
668.000000,100.000000,0.248117,0.243345
669.000000,100.000000,0.242699,0.245237
670.000000,100.000000,0.237040,0.238851
671.000000,100.000000,0.231147,0.236418
672.000000,100.000000,0.225028,0.226315
673.000000,100.000000,0.218683,0.222957
674.000000,100.000000,0.212129,0.218403
675.000000,100.000000,0.205357,0.223988
676.000000,100.000000,0.198388,0.212850
677.000000,100.000000,0.191220,0.201955
678.000000,100.000000,0.183866,0.198386
679.000000,100.000000,0.176330,0.192228
680.000000,100.000000,0.168618,0.186840
681.000000,100.000000,0.160743,0.183579
682.000000,100.000000,0.152705,0.171767
683.000000,100.000000,0.144521,0.164592
684.000000,100.000000,0.136190,0.154577
685.000000,100.000000,0.127728,0.151379
686.000000,100.000000,0.119138,0.141071
687.000000,100.000000,0.110431,0.131797
688.000000,100.000000,0.101616,0.128531
689.000000,100.000000,0.092699,0.123262
690.000000,100.000000,0.083692,0.111730
691.000000,100.000000,0.074601,0.109476
692.000000,100.000000,0.065438,0.101293
693.000000,100.000000,0.056209,0.089775
694.000000,100.000000,0.046925,0.080300
695.000000,100.000000,0.037595,0.058731
696.000000,100.000000,0.028227,0.060833
697.000000,100.000000,0.018832,0.064379
698.000000,100.000000,0.009418,0.049650
699.000000,100.000000,-0.000005,0.038585
700.000000,100.000000,-0.009428,0.030370
701.000000,100.000000,-0.018842,0.027709
702.000000,100.000000,-0.028237,0.011430
703.000000,100.000000,-0.037604,0.003202
704.000000,100.000000,-0.046935,-0.009365
705.000000,100.000000,-0.056218,-0.012912
706.000000,100.000000,-0.065447,-0.017580
707.000000,100.000000,-0.074610,-0.033359
708.000000,100.000000,-0.083702,-0.042161
709.000000,100.000000,-0.092708,-0.044909
710.000000,100.000000,-0.101625,-0.061334
711.000000,100.000000,-0.110440,-0.067616
712.000000,100.000000,-0.119147,-0.069017
713.000000,100.000000,-0.127737,-0.083363
714.000000,100.000000,-0.136199,-0.093364
715.000000,100.000000,-0.144530,-0.094019
716.000000,100.000000,-0.152714,-0.103824
717.000000,100.000000,-0.160751,-0.114499
718.000000,100.000000,-0.168626,-0.121394
719.000000,100.000000,-0.176337,-0.132473
720.000000,100.000000,-0.183874,-0.138167
721.000000,100.000000,-0.191228,-0.151321
722.000000,100.000000,-0.198396,-0.155321
723.000000,100.000000,-0.205364,-0.156122
724.000000,100.000000,-0.212136,-0.170115
725.000000,100.000000,-0.218690,-0.177202
726.000000,100.000000,-0.225035,-0.177944
727.000000,100.000000,-0.231153,-0.197416
728.000000,100.000000,-0.237046,-0.194324
729.000000,100.000000,-0.242705,-0.190819
730.000000,100.000000,-0.248123,-0.206057
731.000000,100.000000,-0.253300,-0.212265
732.000000,100.000000,-0.258220,-0.214487
733.000000,100.000000,-0.262894,-0.224878
734.000000,100.000000,-0.267299,-0.230046
735.000000,100.000000,-0.271447,-0.234788
736.000000,100.000000,-0.275324,-0.242293
737.000000,100.000000,-0.278931,-0.241441
738.000000,100.000000,-0.282263,-0.250347
739.000000,100.000000,-0.285313,-0.257701
740.000000,100.000000,-0.288089,-0.254782
741.000000,100.000000,-0.290571,-0.264761
742.000000,100.000000,-0.292774,-0.263515
743.000000,100.000000,-0.294682,-0.263803
744.000000,100.000000,-0.296304,-0.272641
745.000000,100.000000,-0.297631,-0.270515
746.000000,100.000000,-0.298664,-0.266937
747.000000,100.000000,-0.299406,-0.276742
748.000000,100.000000,-0.299847,-0.279449
749.000000,100.000000,-0.300000,-0.276911
750.000000,100.000000,-0.299846,-0.282542
751.000000,100.000000,-0.299405,-0.278263
752.000000,100.000000,-0.298663,-0.280471
753.000000,100.000000,-0.297630,-0.283962
754.000000,100.000000,-0.296302,-0.276929
755.000000,100.000000,-0.294680,-0.285323
756.000000,100.000000,-0.292772,-0.281882
757.000000,100.000000,-0.290568,-0.278144
758.000000,100.000000,-0.288086,-0.276361
759.000000,100.000000,-0.285310,-0.275789
760.000000,100.000000,-0.282260,-0.268270
761.000000,100.000000,-0.278927,-0.275615
762.000000,100.000000,-0.275320,-0.269475
763.000000,100.000000,-0.271443,-0.262250
764.000000,100.000000,-0.267295,-0.270635
765.000000,100.000000,-0.262889,-0.259355
766.000000,100.000000,-0.258215,-0.249083
767.000000,100.000000,-0.253294,-0.255387
768.000000,100.000000,-0.248117,-0.251401
769.000000,100.000000,-0.242699,-0.242609
770.000000,100.000000,-0.237040,-0.244153
771.000000,100.000000,-0.231147,-0.242320
772.000000,100.000000,-0.225028,-0.232167
773.000000,100.000000,-0.218683,-0.221758
774.000000,100.000000,-0.212128,-0.217933
775.000000,100.000000,-0.205357,-0.219545
776.000000,100.000000,-0.198388,-0.210831
777.000000,100.000000,-0.191220,-0.202332
778.000000,100.000000,-0.183866,-0.199057
779.000000,100.000000,-0.176329,-0.190750
780.000000,100.000000,-0.168618,-0.181518
781.000000,100.000000,-0.160743,-0.180016
782.000000,100.000000,-0.152705,-0.175503
783.000000,100.000000,-0.144521,-0.159797
784.000000,100.000000,-0.136190,-0.157021
785.000000,100.000000,-0.127728,-0.149241
786.000000,100.000000,-0.119138,-0.141342
787.000000,100.000000,-0.110431,-0.138126
788.000000,100.000000,-0.101616,-0.130420
789.000000,100.000000,-0.092699,-0.193572
790.000000,100.000000,-0.083692,-0.117065
791.000000,100.000000,-0.074601,-0.082584
792.000000,100.000000,-0.065438,-0.075789
793.000000,100.000000,-0.056208,-0.071542
794.000000,100.000000,-0.046925,-0.069370
795.000000,100.000000,-0.037594,-0.073462
796.000000,100.000000,-0.028227,-0.065229
797.000000,100.000000,-0.018832,-0.050270
798.000000,100.000000,-0.009418,-0.048987
799.000000,100.000000,0.000005,-0.039787
800.000000,100.000000,0.009428,-0.029662
801.000000,100.000000,0.018842,-0.023092
802.000000,100.000000,0.028237,-0.010626
803.000000,100.000000,0.037605,0.090641
804.000000,100.000000,0.046935,0.001456
805.000000,100.000000,0.056218,-0.011840
806.000000,100.000000,0.065448,0.001727
807.000000,100.000000,0.074611,0.012237
808.000000,100.000000,0.083702,0.032363
809.000000,100.000000,0.092708,0.041458
810.000000,100.000000,0.101625,0.046759
811.000000,100.000000,0.110441,0.068952
812.000000,100.000000,0.119147,0.070661
813.000000,100.000000,0.127737,0.083361
814.000000,100.000000,0.136199,0.096607
815.000000,100.000000,0.144530,0.093275
816.000000,100.000000,0.152714,0.106415
817.000000,100.000000,0.160752,0.112528
818.000000,100.000000,0.168626,0.120431
819.000000,100.000000,0.176338,0.129777
820.000000,100.000000,0.183874,0.141763
821.000000,100.000000,0.191228,0.145505
822.000000,100.000000,0.198396,0.154105
823.000000,100.000000,0.205364,0.161637
824.000000,100.000000,0.212136,0.165367
825.000000,100.000000,0.218690,0.177980
826.000000,100.000000,0.225035,0.177906
827.000000,100.000000,0.231154,0.188875
828.000000,100.000000,0.237046,0.197974
829.000000,100.000000,0.242705,0.199522
830.000000,100.000000,0.248123,0.208062
831.000000,100.000000,0.253300,0.215508
832.000000,100.000000,0.258220,0.216043
833.000000,100.000000,0.262894,0.222636
834.000000,100.000000,0.267300,0.226815
835.000000,100.000000,0.271448,0.234938
836.000000,100.000000,0.275324,0.244358
837.000000,100.000000,0.278931,0.250616
838.000000,100.000000,0.282263,0.243872
839.000000,100.000000,0.285313,0.252911
840.000000,100.000000,0.288089,0.259404
841.000000,100.000000,0.290571,0.259266
842.000000,100.000000,0.292775,0.263179
843.000000,100.000000,0.294682,0.268145
844.000000,100.000000,0.296304,0.267146
845.000000,100.000000,0.297631,0.276992
846.000000,100.000000,0.298664,0.268273
847.000000,100.000000,0.299406,0.274060
848.000000,100.000000,0.299847,0.279425
849.000000,100.000000,0.300000,0.277427
850.000000,100.000000,0.299846,0.281340
851.000000,100.000000,0.299405,0.285812
852.000000,100.000000,0.298663,0.273780
853.000000,100.000000,0.297630,0.279553
854.000000,100.000000,0.296302,0.286925
855.000000,100.000000,0.294680,0.280401
856.000000,100.000000,0.292772,0.279846
857.000000,100.000000,0.290568,0.282165
858.000000,100.000000,0.288086,0.272214
859.000000,100.000000,0.285310,0.276873
860.000000,100.000000,0.282260,0.275265
861.000000,100.000000,0.278927,0.271540
862.000000,100.000000,0.275320,0.271499
863.000000,100.000000,0.271443,0.266693
864.000000,100.000000,0.267295,0.262753
865.000000,100.000000,0.262889,0.261204
866.000000,100.000000,0.258215,0.256893
867.000000,100.000000,0.253294,0.251358
868.000000,100.000000,0.248117,0.252256
869.000000,100.000000,0.242699,0.240298
870.000000,100.000000,0.237040,0.241311
871.000000,100.000000,0.231147,0.248463
872.000000,100.000000,0.225028,0.231144
873.000000,100.000000,0.218683,0.225083
874.000000,100.000000,0.212128,0.224428
875.000000,100.000000,0.205356,0.211796
876.000000,100.000000,0.198388,0.217189
877.000000,100.000000,0.191220,0.199614
878.000000,100.000000,0.183865,0.193268
879.000000,100.000000,0.176329,0.191060
880.000000,100.000000,0.168618,0.182108
881.000000,100.000000,0.160743,0.176294
882.000000,100.000000,0.152705,0.172065
883.000000,100.000000,0.144521,0.161953
884.000000,100.000000,0.136190,0.176427
885.000000,100.000000,0.127728,0.153597
886.000000,100.000000,0.119138,0.135985
887.000000,100.000000,0.110431,0.129484
888.000000,100.000000,0.101615,0.129489
889.000000,100.000000,0.092698,0.116564
890.000000,100.000000,0.083692,0.115043
891.000000,100.000000,0.074600,0.108061
892.000000,100.000000,0.065437,0.094462
893.000000,100.000000,0.056208,0.088254
894.000000,100.000000,0.046924,0.082486
895.000000,100.000000,0.037594,0.064407
896.000000,100.000000,0.028227,0.067706
897.000000,100.000000,0.018832,0.057919
898.000000,100.000000,0.009418,0.046979
899.000000,100.000000,-0.000005,0.041710
900.000000,100.000000,-0.009428,0.024158
901.000000,100.000000,-0.018842,0.021524
902.000000,100.000000,-0.028237,0.015728
903.000000,100.000000,-0.037605,0.000269
904.000000,100.000000,-0.046935,-0.004298
905.000000,100.000000,-0.056219,-0.016934
906.000000,100.000000,-0.065448,-0.023912
907.000000,100.000000,-0.074611,-0.031760
908.000000,100.000000,-0.083702,-0.035916
909.000000,100.000000,-0.092709,-0.048840
910.000000,100.000000,-0.101625,-0.056982
911.000000,100.000000,-0.110441,-0.063203
912.000000,100.000000,-0.119148,-0.076816
913.000000,100.000000,-0.127737,-0.082217
914.000000,100.000000,-0.136200,-0.098711
915.000000,100.000000,-0.144531,-0.101978
916.000000,100.000000,-0.152714,-0.102852
917.000000,100.000000,-0.160752,-0.115571
918.000000,100.000000,-0.168627,-0.121179
919.000000,100.000000,-0.176338,-0.127501
920.000000,100.000000,-0.183874,-0.141100
921.000000,100.000000,-0.191228,-0.143881
922.000000,100.000000,-0.198396,-0.146849
923.000000,100.000000,-0.205364,-0.162528
924.000000,100.000000,-0.212136,-0.166802
925.000000,100.000000,-0.218690,-0.170957
926.000000,100.000000,-0.225035,-0.181876
927.000000,100.000000,-0.231154,-0.190017
928.000000,100.000000,-0.237047,-0.194599
929.000000,100.000000,-0.242705,-0.202264
930.000000,100.000000,-0.248123,-0.205952
931.000000,100.000000,-0.253300,-0.219019
932.000000,100.000000,-0.258221,-0.218492
933.000000,100.000000,-0.262894,-0.222940
934.000000,100.000000,-0.267300,-0.227032
935.000000,100.000000,-0.271448,-0.234793
936.000000,100.000000,-0.275324,-0.204266
937.000000,100.000000,-0.278931,-0.244593
938.000000,100.000000,-0.282263,-0.256088
939.000000,100.000000,-0.285313,-0.255336
940.000000,100.000000,-0.288089,-0.265508
941.000000,100.000000,-0.290571,-0.265389
942.000000,100.000000,-0.292775,-0.263070
943.000000,100.000000,-0.294682,-0.271235
944.000000,100.000000,-0.296304,-0.271042
945.000000,100.000000,-0.297631,-0.270277
946.000000,100.000000,-0.298664,-0.274808
947.000000,100.000000,-0.299406,-0.276929
948.000000,100.000000,-0.299847,-0.283023
949.000000,100.000000,-0.300000,-0.280916
950.000000,100.000000,-0.299846,-0.273603
951.000000,100.000000,-0.299405,-0.282689
952.000000,100.000000,-0.298663,-0.286056
953.000000,100.000000,-0.297630,-0.278464
954.000000,100.000000,-0.296302,-0.282835
955.000000,100.000000,-0.294680,-0.280636
956.000000,100.000000,-0.292772,-0.276164
957.000000,100.000000,-0.290568,-0.279569
958.000000,100.000000,-0.288086,-0.274689
959.000000,100.000000,-0.285310,-0.271404
960.000000,100.000000,-0.282259,-0.277709
961.000000,100.000000,-0.278927,-0.276476
962.000000,100.000000,-0.275320,-0.268857
963.000000,100.000000,-0.271443,-0.265508
964.000000,100.000000,-0.267295,-0.264509
965.000000,100.000000,-0.262889,-0.267602
966.000000,100.000000,-0.258215,-0.257334
967.000000,100.000000,-0.253294,-0.250622
968.000000,100.000000,-0.248117,-0.248680
969.000000,100.000000,-0.242699,-0.244020
970.000000,100.000000,-0.237040,-0.236502
971.000000,100.000000,-0.231147,-0.240873
972.000000,100.000000,-0.225028,-0.233240
973.000000,100.000000,-0.218683,-0.223188
974.000000,100.000000,-0.212128,-0.222872
975.000000,100.000000,-0.205356,-0.186123
976.000000,100.000000,-0.198388,-0.203326
977.000000,100.000000,-0.191220,-0.211198
978.000000,100.000000,-0.183865,-0.210039
979.000000,100.000000,-0.176329,-0.189925
980.000000,100.000000,-0.168617,-0.190063
981.000000,100.000000,-0.160742,-0.180057
982.000000,100.000000,-0.152705,-0.178330
983.000000,100.000000,-0.144521,-0.167448
984.000000,100.000000,-0.136190,-0.153442
985.000000,100.000000,-0.127727,-0.153374
986.000000,100.000000,-0.119137,-0.140967
987.000000,100.000000,-0.110430,-0.134268
988.000000,100.000000,-0.101615,-0.126145
989.000000,100.000000,-0.092698,-0.120592
990.000000,100.000000,-0.083692,-0.105927
991.000000,100.000000,-0.074600,-0.107691
992.000000,100.000000,-0.065437,-0.097378
993.000000,100.000000,-0.056208,-0.089186
994.000000,100.000000,-0.046924,-0.084329
995.000000,100.000000,-0.037594,-0.070896
996.000000,100.000000,-0.028226,-0.060683
997.000000,100.000000,-0.018831,-0.058961
998.000000,100.000000,-0.009417,-0.052895
999.000000,100.000000,0.000006,-0.041895
0.000000,104.436996,0.004780,-0.073741
1.000000,104.436996,0.014618,-0.061641
2.000000,104.436996,0.024439,-0.035155
3.000000,104.436996,0.034234,-0.022345
4.000000,104.436996,0.043993,-0.005118
5.000000,104.436996,0.053704,0.022715
6.000000,104.436996,0.063357,0.014857
7.000000,104.436996,0.072943,0.026430
8.000000,104.436996,0.082448,0.035369
9.000000,104.436996,0.091866,0.044693
10.000000,104.436996,0.101186,0.051652
11.000000,104.436996,0.110395,0.063505
12.000000,104.436996,0.119486,0.065594
13.000000,104.436996,0.128450,0.084007
14.000000,104.436996,0.137273,0.090948
15.000000,104.436996,0.145949,0.097875
16.000000,104.436996,0.154470,0.107341
17.000000,104.436996,0.162822,0.111730
18.000000,104.436996,0.170999,0.122570
19.000000,104.436996,0.178995,0.133809
20.000000,104.436996,0.186795,0.138885
21.000000,104.436996,0.194394,0.150238
22.000000,104.436996,0.201787,0.161037
23.000000,104.436996,0.208959,0.162100
24.000000,104.436996,0.215907,0.170626
25.000000,104.436996,0.222625,0.179858
26.000000,104.436996,0.229101,0.181375
27.000000,104.436996,0.235330,0.191454
28.000000,104.436996,0.241308,0.188119
29.000000,104.436996,0.247025,0.200636
30.000000,104.436996,0.252474,0.214816
31.000000,104.436996,0.257656,0.223576
32.000000,104.436996,0.262558,0.222430
33.000000,104.436996,0.267175,0.231016
34.000000,104.436996,0.271509,0.230764
35.000000,104.436996,0.275549,0.237751
36.000000,104.436996,0.279289,0.247730
37.000000,104.436996,0.282733,0.245659
38.000000,104.436996,0.285873,0.255152
39.000000,104.436996,0.288700,0.261557
40.000000,104.436996,0.291221,0.258753
41.000000,104.436996,0.293429,0.264452
42.000000,104.436996,0.295316,0.269217
43.000000,104.436996,0.296889,0.271993
44.000000,104.436996,0.298145,0.272406
45.000000,104.436996,0.299073,0.279411
46.000000,104.436996,0.299684,0.278467
47.000000,104.436996,0.299975,0.273299
48.000000,104.436996,0.299935,0.277199
49.000000,104.436996,0.299577,0.277794
50.000000,104.436996,0.298900,0.285340
51.000000,104.436996,0.297893,0.275760
52.000000,104.436996,0.296570,0.282921
53.000000,104.436996,0.294932,0.291493
54.000000,104.436996,0.292967,0.277501
55.000000,104.436996,0.290692,0.278293
56.000000,104.436996,0.288108,0.282692
57.000000,104.436996,0.285206,0.272140
58.000000,104.436996,0.282000,0.272113
59.000000,104.436996,0.278495,0.273158
60.000000,104.436996,0.274683,0.267307
61.000000,104.436996,0.270578,0.269213
62.000000,104.436996,0.266187,0.267064
63.000000,104.436996,0.261502,0.256366
64.000000,104.436996,0.256537,0.257378
65.000000,104.436996,0.251301,0.250937
66.000000,104.436996,0.245789,0.248032
67.000000,104.436996,0.240013,0.247317
68.000000,104.436996,0.233982,0.238337
69.000000,104.436996,0.227696,0.234851
70.000000,104.436996,0.221165,0.233082
71.000000,104.436996,0.214399,0.221477
72.000000,104.436996,0.207399,0.219809
73.000000,104.436996,0.200176,0.215947
74.000000,104.436996,0.192740,0.205996
75.000000,104.436996,0.185095,0.198455
76.000000,104.436996,0.177249,0.196599
77.000000,104.436996,0.169215,0.183455
78.000000,104.436996,0.160998,0.177320
79.000000,104.436996,0.152606,0.175025
80.000000,104.436996,0.144053,0.164326
81.000000,104.436996,0.135343,0.162512
82.000000,104.436996,0.126486,0.151091
83.000000,104.436996,0.117495,0.141185
84.000000,104.436996,0.108378,0.134817
85.000000,104.436996,0.099142,0.124504
86.000000,104.436996,0.089801,0.119303
87.000000,104.436996,0.080363,0.117828
88.000000,104.436996,0.070838,0.101463
89.000000,104.436996,0.061237,0.094962
90.000000,104.436996,0.051571,0.091246
91.000000,104.436996,0.041848,0.076754
92.000000,104.436996,0.032080,0.068320
93.000000,104.436996,0.022279,0.065498
94.000000,104.436996,0.012453,0.050566
95.000000,104.436996,0.002613,0.039671
96.000000,104.436996,-0.007229,0.038269
97.000000,104.436996,-0.017063,0.018871
98.000000,104.436996,-0.026879,0.012736
99.000000,104.436996,-0.036667,0.002881
100.000000,104.436996,-0.046414,0.001983
101.000000,104.436996,-0.056111,-0.008412
102.000000,104.436996,-0.065749,-0.023926
103.000000,104.436996,-0.075315,-0.032860
104.000000,104.436996,-0.084800,-0.035228
105.000000,104.436996,-0.094196,-0.051067
106.000000,104.436996,-0.103487,-0.052208
107.000000,104.436996,-0.112668,-0.061944
108.000000,104.436996,-0.121730,-0.081503
109.000000,104.436996,-0.130657,-0.086890
110.000000,104.436996,-0.139445,-0.088672
111.000000,104.436996,-0.148086,-0.116771
112.000000,104.436996,-0.156563,-0.110032
113.000000,104.436996,-0.164873,-0.109720
114.000000,104.436996,-0.173008,-0.125252
115.000000,104.436996,-0.180953,-0.134214
116.000000,104.436996,-0.188704,-0.140641
117.000000,104.436996,-0.196255,-0.149140
118.000000,104.436996,-0.203591,-0.155435
119.000000,104.436996,-0.210708,-0.167155
120.000000,104.436996,-0.217602,-0.172662
121.000000,104.436996,-0.224259,-0.174957
122.000000,104.436996,-0.230673,-0.186929
123.000000,104.436996,-0.236843,-0.197971
124.000000,104.436996,-0.242755,-0.194392
125.000000,104.436996,-0.248405,-0.209104
126.000000,104.436996,-0.253791,-0.211738
127.000000,104.436996,-0.258902,-0.212774
128.000000,104.436996,-0.263732,-0.235073
129.000000,104.436996,-0.268282,-0.230266
130.000000,104.436996,-0.272542,-0.229955
131.000000,104.436996,-0.276505,-0.237826
132.000000,104.436996,-0.280176,-0.243067
133.000000,104.436996,-0.283544,-0.250022
134.000000,104.436996,-0.286603,-0.254347
135.000000,104.436996,-0.289357,-0.256995
136.000000,104.436996,-0.291801,-0.266869
137.000000,104.436996,-0.293925,-0.266035
138.000000,104.436996,-0.295738,-0.264830
139.000000,104.436996,-0.297234,-0.275175
140.000000,104.436996,-0.298403,-0.272449
141.000000,104.436996,-0.299255,-0.268944
142.000000,104.436996,-0.299789,-0.282762
143.000000,104.436996,-0.299991,-0.271789
144.000000,104.436996,-0.299876,-0.273264
145.000000,104.436996,-0.299442,-0.279715
146.000000,104.436996,-0.298676,-0.283170
147.000000,104.436996,-0.297594,-0.276677
148.000000,104.436996,-0.296196,-0.281429
149.000000,104.436996,-0.294470,-0.280050
150.000000,104.436996,-0.292431,-0.285337
151.000000,104.436996,-0.290082,-0.278235
152.000000,104.436996,-0.287412,-0.277470
153.000000,104.436996,-0.284437,-0.282615
154.000000,104.436996,-0.281160,-0.274969
155.000000,104.436996,-0.277573,-0.266630
156.000000,104.436996,-0.273690,-0.272495
157.000000,104.436996,-0.269517,-0.265902
158.000000,104.436996,-0.265046,-0.255850
159.000000,104.436996,-0.260293,-0.259181
160.000000,104.436996,-0.255264,-0.263002
161.000000,104.436996,-0.249954,-0.248043
162.000000,104.436996,-0.244377,-0.243626
163.000000,104.436996,-0.238540,-0.240460
164.000000,104.436996,-0.232442,-0.232561
165.000000,104.436996,-0.226094,-0.233066
166.000000,104.436996,-0.219507,-0.227073
167.000000,104.436996,-0.212680,-0.226880
168.000000,104.436996,-0.205624,-0.221685
169.000000,104.436996,-0.198349,-0.211239
170.000000,104.436996,-0.190859,-0.210318
171.000000,104.436996,-0.183162,-0.198850
172.000000,104.436996,-0.175271,-0.189018
173.000000,104.436996,-0.167190,-0.186929
174.000000,104.436996,-0.158928,-0.177729
175.000000,104.436996,-0.150497,-0.158757
176.000000,104.436996,-0.141903,-0.167068
177.000000,104.436996,-0.133155,-0.157048
178.000000,104.436996,-0.124266,-0.144022
179.000000,104.436996,-0.115242,-0.145787
180.000000,104.436996,-0.106093,-0.134214
181.000000,104.436996,-0.096831,-0.124074
182.000000,104.436996,-0.087466,-0.120418
183.000000,104.436996,-0.078004,-0.108552
184.000000,104.436996,-0.068460,-0.104758
185.000000,104.436996,-0.058842,-0.092223
186.000000,104.436996,-0.049160,-0.081337
187.000000,104.436996,-0.039426,-0.078749
188.000000,104.436996,-0.029649,-0.091577
189.000000,104.436996,-0.019840,-0.055397
190.000000,104.436996,-0.010010,-0.042880
191.000000,104.436996,-0.000169,-0.037180
192.000000,104.436996,0.009672,-0.032635
193.000000,104.436996,0.019503,-0.020119
194.000000,104.436996,0.029313,-0.014639
195.000000,104.436996,0.039091,0.001960
196.000000,104.436996,0.048827,0.006963
197.000000,104.436996,0.058511,0.015563
198.000000,104.436996,0.068131,0.021088
199.000000,104.436996,0.077678,0.033151
200.000000,104.436996,0.087143,0.042264
201.000000,104.436996,0.096512,0.045778
202.000000,104.436996,0.105778,0.058740
203.000000,104.436996,0.114931,0.072819
204.000000,104.436996,0.123958,0.074528
205.000000,104.436996,0.132853,0.085294
206.000000,104.436996,0.141607,0.099287
207.000000,104.436996,0.150205,0.098636
208.000000,104.436996,0.158642,0.111996
209.000000,104.436996,0.166911,0.119895
210.000000,104.436996,0.174997,0.126758
211.000000,104.436996,0.182896,0.139824
212.000000,104.436996,0.190600,0.147343
213.000000,104.436996,0.198096,0.151013
214.000000,104.436996,0.205378,0.160726
215.000000,104.436996,0.212443,0.170411
216.000000,104.436996,0.219277,0.169834
217.000000,104.436996,0.225873,0.181333
218.000000,104.436996,0.232230,0.187486
219.000000,104.436996,0.238335,0.192522
220.000000,104.436996,0.244181,0.203114
221.000000,104.436996,0.249769,0.206583
222.000000,104.436996,0.255086,0.214609
223.000000,104.436996,0.260126,0.223548
224.000000,104.436996,0.264890,0.224304
225.000000,104.436996,0.269367,0.230897
226.000000,104.436996,0.273552,0.240802
227.000000,104.436996,0.277446,0.239405
228.000000,104.436996,0.281041,0.242278
229.000000,104.436996,0.284330,0.249723
230.000000,104.436996,0.287317,0.258006
231.000000,104.436996,0.289995,0.258345
232.000000,104.436996,0.292356,0.265351
233.000000,104.436996,0.294406,0.273400
234.000000,104.436996,0.296141,0.271439
235.000000,104.436996,0.297551,0.268278
236.000000,104.436996,0.298645,0.268493
237.000000,104.436996,0.299420,0.275073
238.000000,104.436996,0.299866,0.272039
239.000000,104.436996,0.299994,0.281207
240.000000,104.436996,0.299801,0.284272
241.000000,104.436996,0.299278,0.274527
242.000000,104.436996,0.298438,0.277400
243.000000,104.436996,0.297280,0.284699
244.000000,104.436996,0.295793,0.281294
245.000000,104.436996,0.293993,0.279553
246.000000,104.436996,0.291880,0.282311
247.000000,104.436996,0.289444,0.273927
248.000000,104.436996,0.286702,0.277840
249.000000,104.436996,0.283655,0.281578
250.000000,104.436996,0.280294,0.269460
251.000000,104.436996,0.276635,0.272406
252.000000,104.436996,0.272683,0.269172
253.000000,104.436996,0.268430,0.259339
254.000000,104.436996,0.263891,0.261452
255.000000,104.436996,0.259072,0.253892
256.000000,104.436996,0.253968,0.257026
257.000000,104.436996,0.248592,0.252124
258.000000,104.436996,0.242952,0.251986
259.000000,104.436996,0.237046,0.242878
260.000000,104.436996,0.230886,0.239309
261.000000,104.436996,0.224481,0.228391
262.000000,104.436996,0.217831,0.225610
263.000000,104.436996,0.210946,0.224648
264.000000,104.436996,0.203837,0.216337
265.000000,104.436996,0.196506,0.208195
266.000000,104.436996,0.188963,0.203820
267.000000,104.436996,0.181220,0.189548
268.000000,104.436996,0.173279,0.194354
269.000000,104.436996,0.165151,0.186680
270.000000,104.436996,0.156848,0.168120
271.000000,104.436996,0.148375,0.169105
272.000000,104.436996,0.139740,0.163213
273.000000,104.436996,0.130958,0.153972
274.000000,104.436996,0.122034,0.150257
275.000000,104.436996,0.112977,0.136058
276.000000,104.436996,0.103800,0.129410
277.000000,104.436996,0.094512,0.125548
278.000000,104.436996,0.085120,0.113137
279.000000,104.436996,0.075638,0.104849
280.000000,104.436996,0.066074,0.100913
281.000000,104.436996,0.056439,0.087988
282.000000,104.436996,0.046743,0.079627
283.000000,104.436996,0.036997,0.080085
284.000000,104.436996,0.027211,0.065520
285.000000,104.436996,0.017396,0.061099
286.000000,104.436996,0.007562,0.042177
287.000000,104.436996,-0.002280,0.033225
288.000000,104.436996,-0.012119,0.033990
289.000000,104.436996,-0.021946,0.016557
290.000000,104.436996,-0.031749,0.041971
291.000000,104.436996,-0.041517,0.006734
292.000000,104.436996,-0.051242,-0.021892
293.000000,104.436996,-0.060910,-0.028173
294.000000,104.436996,-0.070514,-0.029735
295.000000,104.436996,-0.080042,-0.037973
296.000000,104.436996,-0.089482,-0.046188
297.000000,104.436996,-0.098827,-0.044469
298.000000,104.436996,-0.108067,-0.066915
299.000000,104.436996,-0.117188,-0.072976
300.000000,104.436996,-0.126184,-0.070658
301.000000,104.436996,-0.135046,-0.092810
302.000000,104.436996,-0.143760,-0.098945
303.000000,104.436996,-0.152319,-0.109033
304.000000,104.436996,-0.160718,-0.112084
305.000000,104.436996,-0.168939,-0.116593
306.000000,104.436996,-0.176980,-0.133467
307.000000,104.436996,-0.184833,-0.142227
308.000000,104.436996,-0.192484,-0.143028
309.000000,104.436996,-0.199927,-0.156201
310.000000,104.436996,-0.207159,-0.159875
311.000000,104.436996,-0.214165,-0.166784
312.000000,104.436996,-0.220939,-0.178375
313.000000,104.436996,-0.227480,-0.183910
314.000000,104.436996,-0.233772,-0.185765
315.000000,104.436996,-0.239812,-0.194223
316.000000,104.436996,-0.245598,-0.206758
317.000000,104.436996,-0.251117,-0.203620
318.000000,104.436996,-0.256364,-0.223092
319.000000,104.436996,-0.261339,-0.227439
320.000000,104.436996,-0.266031,-0.230220
321.000000,104.436996,-0.270434,-0.233739
322.000000,104.436996,-0.274550,-0.235127
323.000000,104.436996,-0.278369,-0.243787
324.000000,104.436996,-0.281886,-0.247887
325.000000,104.436996,-0.285103,-0.249215
326.000000,104.436996,-0.288013,-0.257834
327.000000,104.436996,-0.290609,-0.259575
328.000000,104.436996,-0.292896,-0.258603
329.000000,104.436996,-0.294869,-0.268628
330.000000,104.436996,-0.296519,-0.269475
331.000000,104.436996,-0.297854,-0.266044
332.000000,104.436996,-0.298870,-0.275322
333.000000,104.436996,-0.299558,-0.278483
334.000000,104.436996,-0.299928,-0.273264
335.000000,104.436996,-0.299979,-0.283216
336.000000,104.436996,-0.299698,-0.275876
337.000000,104.436996,-0.299100,-0.277484
338.000000,104.436996,-0.298183,-0.287976
339.000000,104.436996,-0.296936,-0.284223
340.000000,104.436996,-0.295375,-0.277136
341.000000,104.436996,-0.293500,-0.280769
342.000000,104.436996,-0.291300,-0.276664
343.000000,104.436996,-0.288791,-0.281722
344.000000,104.436996,-0.285976,-0.277209
345.000000,104.436996,-0.282844,-0.271844
346.000000,104.436996,-0.279412,-0.280755
347.000000,104.436996,-0.275684,-0.269329
348.000000,104.436996,-0.271650,-0.261283
349.000000,104.436996,-0.267328,-0.275848
350.000000,104.436996,-0.262722,-0.258988
351.000000,104.436996,-0.257827,-0.245876
352.000000,104.436996,-0.252656,-0.256427
353.000000,104.436996,-0.247217,-0.253554
354.000000,104.436996,-0.241507,-0.246375
355.000000,104.436996,-0.235538,-0.241106
356.000000,104.436996,-0.229320,-0.236460
357.000000,104.436996,-0.222850,-0.235086
358.000000,104.436996,-0.216140,-0.226532
359.000000,104.436996,-0.209202,-0.214987
360.000000,104.436996,-0.202035,-0.217731
361.000000,104.436996,-0.194650,-0.212105
362.000000,104.436996,-0.187059,-0.198186
363.000000,104.436996,-0.179264,-0.194076
364.000000,104.436996,-0.171276,-0.187630
365.000000,104.436996,-0.163105,-0.171177
366.000000,104.436996,-0.154758,-0.173615
367.000000,104.436996,-0.146243,-0.169556
368.000000,104.436996,-0.137573,-0.154890
369.000000,104.436996,-0.128754,-0.155087
370.000000,104.436996,-0.119795,-0.142767
371.000000,104.436996,-0.110709,-0.140495
372.000000,104.436996,-0.101503,-0.131433
373.000000,104.436996,-0.092187,-0.121953
374.000000,104.436996,-0.082773,-0.115525
375.000000,104.436996,-0.073270,-0.104804
376.000000,104.436996,-0.063687,-0.094152
377.000000,104.436996,-0.054036,-0.090349
378.000000,104.436996,-0.044327,-0.093644
379.000000,104.436996,-0.034570,-0.068724
380.000000,104.436996,-0.024776,-0.062608
381.000000,104.436996,-0.014955,-0.053408
382.000000,104.436996,-0.005118,-0.040749
383.000000,104.436996,0.004724,-0.036860
384.000000,104.436996,0.014561,-0.028113
385.000000,104.436996,0.024383,-0.016641
386.000000,104.436996,0.034178,-0.009031
387.000000,104.436996,0.043937,0.000755
388.000000,104.436996,0.053648,0.010175
389.000000,104.436996,0.063302,0.026091
390.000000,104.436996,0.072888,0.030797
391.000000,104.436996,0.082394,0.031951
392.000000,104.436996,0.091812,0.034558
393.000000,104.436996,0.101133,0.056811
394.000000,104.436996,0.110342,0.062327
395.000000,104.436996,0.119434,0.071820
396.000000,104.436996,0.128399,0.088346
397.000000,104.436996,0.137223,0.087915
398.000000,104.436996,0.145900,0.097262
399.000000,104.436996,0.154422,0.112221
400.000000,104.436996,0.162774,0.115670
401.000000,104.436996,0.170953,0.122410
402.000000,104.436996,0.178950,0.128229
403.000000,104.436996,0.186751,0.137992
404.000000,104.436996,0.194351,0.148745
405.000000,104.436996,0.201745,0.156598
406.000000,104.436996,0.208919,0.163506
407.000000,104.436996,0.215868,0.170232
408.000000,104.436996,0.222588,0.173687
409.000000,104.436996,0.229065,0.183734
410.000000,104.436996,0.235295,0.193346
411.000000,104.436996,0.241275,0.198336
412.000000,104.436996,0.246993,0.204929
413.000000,104.436996,0.252444,0.221015
414.000000,104.436996,0.257627,0.214257
415.000000,104.436996,0.262531,0.220029
416.000000,104.436996,0.267149,0.232088
417.000000,104.436996,0.271485,0.236271
418.000000,104.436996,0.275527,0.236024
419.000000,104.436996,0.279269,0.242516
420.000000,104.436996,0.282715,0.244092
421.000000,104.436996,0.285856,0.253878
422.000000,104.436996,0.288685,0.255257
423.000000,104.436996,0.291207,0.264846
424.000000,104.436996,0.293417,0.263312
425.000000,104.436996,0.295306,0.262006
426.000000,104.436996,0.296881,0.266400
427.000000,104.436996,0.298138,0.280992
428.000000,104.436996,0.299068,0.271554
429.000000,104.436996,0.299681,0.273680
430.000000,104.436996,0.299974,0.279338
431.000000,104.436996,0.299936,0.278614
432.000000,104.436996,0.299580,0.280447
433.000000,104.436996,0.298905,0.282165
434.000000,104.436996,0.297900,0.281968
435.000000,104.436996,0.296578,0.281633
436.000000,104.436996,0.294942,0.275765
437.000000,104.436996,0.292979,0.275934
438.000000,104.436996,0.290706,0.281633
439.000000,104.436996,0.288124,0.278106
440.000000,104.436996,0.285223,0.274293
441.000000,104.436996,0.282019,0.280053
442.000000,104.436996,0.278517,0.267513
443.000000,104.436996,0.274706,0.269520
444.000000,104.436996,0.270603,0.270871
445.000000,104.436996,0.266213,0.263366
446.000000,104.436996,0.261529,0.258725
447.000000,104.436996,0.256567,0.255830
448.000000,104.436996,0.251332,0.249892
449.000000,104.436996,0.245821,0.251431
450.000000,104.436996,0.240047,0.246749
451.000000,104.436996,0.234018,0.238511
452.000000,104.436996,0.227733,0.234164
453.000000,104.436996,0.221203,0.230828
454.000000,104.436996,0.214439,0.223924
455.000000,104.436996,0.207440,0.216896
456.000000,104.436996,0.200218,0.207141
457.000000,104.436996,0.192783,0.205689
458.000000,104.436996,0.185139,0.202587
459.000000,104.436996,0.177294,0.182195
460.000000,104.436996,0.169262,0.184994
461.000000,104.436996,0.161046,0.184105
462.000000,104.436996,0.152655,0.173334
463.000000,104.436996,0.144102,0.159539
464.000000,104.436996,0.135393,0.162751
465.000000,104.436996,0.126537,0.150192
466.000000,104.436996,0.117547,0.147485
467.000000,104.436996,0.108430,0.141689
468.000000,104.436996,0.099195,0.123331
469.000000,104.436996,0.089855,0.118909
470.000000,104.436996,0.080417,0.109187
471.000000,104.436996,0.070892,0.103309
472.000000,104.436996,0.061292,0.096721
473.000000,104.436996,0.051626,0.082408
474.000000,104.436996,0.041904,0.080988
475.000000,104.436996,0.032137,0.074519
476.000000,104.436996,0.022335,0.055253
477.000000,104.436996,0.012509,0.049279
478.000000,104.436996,0.002670,0.044743
479.000000,104.436996,-0.007173,0.030851
480.000000,104.436996,-0.017007,0.020850
481.000000,104.436996,-0.026823,0.018701
482.000000,104.436996,-0.036611,0.002803
483.000000,104.436996,-0.046358,-0.003478
484.000000,104.436996,-0.056056,-0.009200
485.000000,104.436996,-0.065694,-0.023019
486.000000,104.436996,-0.075260,-0.030940
487.000000,104.436996,-0.084746,-0.033309
488.000000,104.436996,-0.094142,-0.048020
489.000000,104.436996,-0.103434,-0.055722
490.000000,104.436996,-0.112616,-0.065270
491.000000,104.436996,-0.121678,-0.076742
492.000000,104.436996,-0.130607,-0.083931
493.000000,104.436996,-0.139395,-0.097964
494.000000,104.436996,-0.148037,-0.103838
495.000000,104.436996,-0.156515,-0.104493
496.000000,104.436996,-0.164826,-0.120038
497.000000,104.436996,-0.172962,-0.126319
498.000000,104.436996,-0.180908,-0.127648
499.000000,104.436996,-0.188660,-0.141846
500.000000,104.436996,-0.196212,-0.148274
501.000000,104.436996,-0.203550,-0.153323
502.000000,104.436996,-0.210668,-0.167068
503.000000,104.436996,-0.217564,-0.175209
504.000000,104.436996,-0.224221,-0.180025
505.000000,104.436996,-0.230637,-0.188349
506.000000,104.436996,-0.236808,-0.193077
507.000000,104.436996,-0.242722,-0.202071
508.000000,104.436996,-0.248373,-0.207624
509.000000,104.436996,-0.253761,-0.216306
510.000000,104.436996,-0.258873,-0.221085
511.000000,104.436996,-0.263705,-0.222519
512.000000,104.436996,-0.268257,-0.226381
513.000000,104.436996,-0.272518,-0.235966
514.000000,104.436996,-0.276484,-0.237927
515.000000,104.436996,-0.280156,-0.244616
516.000000,104.436996,-0.283525,-0.248987
517.000000,104.436996,-0.286586,-0.256235
518.000000,104.436996,-0.289343,-0.254736
519.000000,104.436996,-0.291788,-0.264761
520.000000,104.436996,-0.293914,-0.263528
521.000000,104.436996,-0.295729,-0.266997
522.000000,104.436996,-0.297226,-0.273988
523.000000,104.436996,-0.298397,-0.273883
524.000000,104.436996,-0.299252,-0.275949
525.000000,104.436996,-0.299786,-0.275189
526.000000,104.436996,-0.299991,-0.275537
527.000000,104.436996,-0.299878,-0.281049
528.000000,104.436996,-0.299445,-0.281223
529.000000,104.436996,-0.298681,-0.280178
530.000000,104.436996,-0.297601,-0.282395
531.000000,104.436996,-0.296205,-0.278849
532.000000,104.436996,-0.294480,-0.273337
533.000000,104.436996,-0.292444,-0.281722
534.000000,104.436996,-0.290097,-0.277589
535.000000,104.436996,-0.287428,-0.273411
536.000000,104.436996,-0.284455,-0.276742
537.000000,104.436996,-0.281180,-0.274543
538.000000,104.436996,-0.277594,-0.270937
539.000000,104.436996,-0.273713,-0.270942
540.000000,104.436996,-0.269542,-0.266369
541.000000,104.436996,-0.265073,-0.268715
542.000000,104.436996,-0.260321,-0.260308
543.000000,104.436996,-0.255294,-0.256276
544.000000,104.436996,-0.249985,-0.252180
545.000000,104.436996,-0.244409,-0.243874
546.000000,104.436996,-0.238574,-0.238288
547.000000,104.436996,-0.232478,-0.237899
548.000000,104.436996,-0.226132,-0.235920
549.000000,104.436996,-0.219546,-0.223114
550.000000,104.436996,-0.212720,-0.222945
551.000000,104.436996,-0.205665,-0.222606
552.000000,104.436996,-0.198392,-0.208160
553.000000,104.436996,-0.190902,-0.205310
554.000000,104.436996,-0.183207,-0.186489
555.000000,104.436996,-0.175317,-0.187685
556.000000,104.436996,-0.167237,-0.187690
557.000000,104.436996,-0.158976,-0.180510
558.000000,104.436996,-0.150546,-0.185784
559.000000,104.436996,-0.141953,-0.170129
560.000000,104.436996,-0.133205,-0.152696
561.000000,104.436996,-0.124317,-0.148540
562.000000,104.436996,-0.115294,-0.140747
563.000000,104.436996,-0.106146,-0.128761
564.000000,104.436996,-0.096885,-0.127185
565.000000,104.436996,-0.087519,-0.118952
566.000000,104.436996,-0.078058,-0.102953
567.000000,104.436996,-0.068515,-0.100924
568.000000,104.436996,-0.058897,-0.093291
569.000000,104.436996,-0.049216,-0.081745
570.000000,104.436996,-0.039482,-0.079569
571.000000,104.436996,-0.029705,-0.071863
572.000000,104.436996,-0.019896,-0.059030
573.000000,104.436996,-0.010066,-0.052854
574.000000,104.436996,-0.000225,-0.039214
575.000000,104.436996,0.009616,-0.033533
576.000000,104.436996,0.019447,-0.022812
577.000000,104.436996,0.029257,-0.007620
578.000000,104.436996,0.039035,-0.008504
579.000000,104.436996,0.048771,0.007243
580.000000,104.436996,0.058456,0.016695
581.000000,104.436996,0.068076,0.019984
582.000000,104.436996,0.077624,0.031117
583.000000,104.436996,0.087089,0.044963
584.000000,104.436996,0.096458,0.049673
585.000000,104.436996,0.105725,0.059166
586.000000,104.436996,0.114879,0.072645
587.000000,104.436996,0.123907,0.075788
588.000000,104.436996,0.132802,0.089074
589.000000,104.436996,0.141557,0.112628
590.000000,104.436996,0.150156,0.101009
591.000000,104.436996,0.158594,0.105055
592.000000,104.436996,0.166865,0.105756
593.000000,104.436996,0.174951,0.126817
594.000000,104.436996,0.182851,0.136649
595.000000,104.436996,0.190557,0.144319
596.000000,104.436996,0.198053,0.152552
597.000000,104.436996,0.205337,0.163571
598.000000,104.436996,0.212404,0.162320
599.000000,104.436996,0.219238,0.171593
600.000000,104.436996,0.225836,0.186332
601.000000,104.436996,0.232195,0.186355
602.000000,104.436996,0.238300,0.196068
603.000000,104.436996,0.244149,0.199953
604.000000,104.436996,0.249738,0.204356
605.000000,104.436996,0.255056,0.215489
606.000000,104.436996,0.260098,0.218348
607.000000,104.436996,0.264864,0.224890
608.000000,104.436996,0.269342,0.231543
609.000000,104.436996,0.273529,0.233651
610.000000,104.436996,0.277425,0.244005
611.000000,104.436996,0.281021,0.253764
612.000000,104.436996,0.284312,0.251312
613.000000,104.436996,0.287301,0.256865
614.000000,104.436996,0.289980,0.265057
615.000000,104.436996,0.292343,0.259866
616.000000,104.436996,0.294396,0.265566
617.000000,104.436996,0.296132,0.275471
618.000000,104.436996,0.297544,0.270207
619.000000,104.436996,0.298640,0.272479
620.000000,104.436996,0.299417,0.275691
621.000000,104.436996,0.299864,0.274894
622.000000,104.436996,0.299994,0.279846
623.000000,104.436996,0.299803,0.278545
624.000000,104.436996,0.299282,0.197168
625.000000,104.436996,0.298443,0.283700
626.000000,104.436996,0.297287,0.298475
627.000000,104.436996,0.295802,0.300042
628.000000,104.436996,0.294004,0.296927
629.000000,104.436996,0.291893,0.287328
630.000000,104.436996,0.289459,0.284840
631.000000,104.436996,0.286718,0.286559
632.000000,104.436996,0.283673,0.275787
633.000000,104.436996,0.280314,0.271073
634.000000,104.436996,0.276657,0.276511
635.000000,104.436996,0.272707,0.256893
636.000000,104.436996,0.268455,0.262959
637.000000,104.436996,0.263918,0.267284
638.000000,104.436996,0.259100,0.258299
639.000000,104.436996,0.253997,0.245618
640.000000,104.436996,0.248623,0.247510
641.000000,104.436996,0.242986,0.250639
642.000000,104.436996,0.237081,0.249631
643.000000,104.436996,0.230922,0.238997
644.000000,104.436996,0.224519,0.228084
645.000000,104.436996,0.217869,0.227062
646.000000,104.436996,0.210986,0.220657
647.000000,104.436996,0.203879,0.215943
648.000000,104.436996,0.196548,0.213794
649.000000,104.436996,0.189007,0.129791
650.000000,104.436996,0.181265,0.193915
651.000000,104.436996,0.173325,0.212974
652.000000,104.436996,0.165198,0.200122
653.000000,104.436996,0.156896,0.185507
654.000000,104.436996,0.148424,0.184325
655.000000,104.436996,0.139790,0.166113
656.000000,104.436996,0.131009,0.153958
657.000000,104.436996,0.122085,0.148190
658.000000,104.436996,0.113029,0.141185
659.000000,104.436996,0.103853,0.135857
660.000000,104.436996,0.094565,0.119303
661.000000,104.436996,0.085174,0.111116
662.000000,104.436996,0.075692,0.109788
663.000000,104.436996,0.066129,0.096849
664.000000,104.436996,0.056494,0.093028
665.000000,104.436996,0.046799,0.088493
666.000000,104.436996,0.037053,0.071101
667.000000,104.436996,0.027267,0.064379
668.000000,104.436996,0.017452,0.059771
669.000000,104.436996,0.007619,0.045059
670.000000,104.436996,-0.002224,0.037884
671.000000,104.436996,-0.012063,0.031869
672.000000,104.436996,-0.021890,0.020951
673.000000,104.436996,-0.031693,0.011916
674.000000,104.436996,-0.041462,-0.001879
675.000000,104.436996,-0.051187,-0.006058
676.000000,104.436996,-0.060855,-0.017786
677.000000,104.436996,-0.070459,-0.028246
678.000000,104.436996,-0.079988,-0.036800
679.000000,104.436996,-0.089429,-0.041029
680.000000,104.436996,-0.098774,-0.063414
681.000000,104.436996,-0.108015,-0.062402
682.000000,104.436996,-0.117136,-0.064184
683.000000,104.436996,-0.126133,-0.077709
684.000000,104.436996,-0.134996,-0.087037
685.000000,104.436996,-0.143710,-0.089039
686.000000,104.436996,-0.152271,-0.105757
687.000000,104.436996,-0.160670,-0.112932
688.000000,104.436996,-0.168893,-0.119167
689.000000,104.436996,-0.176934,-0.129792
690.000000,104.436996,-0.184789,-0.136894
691.000000,104.436996,-0.192440,-0.135134
692.000000,104.436996,-0.199885,-0.150180
693.000000,104.436996,-0.207119,-0.160796
694.000000,104.436996,-0.214125,-0.174889
695.000000,104.436996,-0.220901,-0.185610
696.000000,104.436996,-0.227443,-0.181358
697.000000,104.436996,-0.233737,-0.192510
698.000000,104.436996,-0.239778,-0.197077
699.000000,104.436996,-0.245566,-0.200119
700.000000,104.436996,-0.251086,-0.208284
701.000000,104.436996,-0.256335,-0.216572
702.000000,104.436996,-0.261311,-0.219394
703.000000,104.436996,-0.266005,-0.230752
704.000000,104.436996,-0.270409,-0.231160
705.000000,104.436996,-0.274527,-0.232635
706.000000,104.436996,-0.278348,-0.241326
707.000000,104.436996,-0.281866,-0.246567
708.000000,104.436996,-0.285086,-0.253742
709.000000,104.436996,-0.287997,-0.259781
710.000000,104.436996,-0.290595,-0.259602
711.000000,104.436996,-0.292884,-0.269388
712.000000,104.436996,-0.294858,-0.267675
713.000000,104.436996,-0.296510,-0.267070
714.000000,104.436996,-0.297847,-0.274428
715.000000,104.436996,-0.298865,-0.268655
716.000000,104.436996,-0.299555,-0.270731
717.000000,104.436996,-0.299927,-0.278002
718.000000,104.436996,-0.299979,-0.277209
719.000000,104.436996,-0.299700,-0.274304
720.000000,104.436996,-0.299104,-0.285296
721.000000,104.436996,-0.298189,-0.281016
722.000000,104.436996,-0.296944,-0.275418
723.000000,104.436996,-0.295385,-0.281429
724.000000,104.436996,-0.293512,-0.279756
725.000000,104.436996,-0.291314,-0.282130
726.000000,104.436996,-0.288807,-0.280169
727.000000,104.436996,-0.285994,-0.276430
728.000000,104.436996,-0.282863,-0.280009
729.000000,104.436996,-0.279433,-0.274749
730.000000,104.436996,-0.275706,-0.263583
731.000000,104.436996,-0.271674,-0.271601
732.000000,104.436996,-0.267354,-0.263968
733.000000,104.436996,-0.262749,-0.258823
734.000000,104.436996,-0.257855,-0.258287
735.000000,104.436996,-0.252687,-0.252588
736.000000,104.436996,-0.247249,-0.243356
737.000000,104.436996,-0.241540,-0.241619
738.000000,104.436996,-0.235573,-0.241134
739.000000,104.436996,-0.229356,-0.231961
740.000000,104.436996,-0.222887,-0.229052
741.000000,104.436996,-0.216179,-0.227673
742.000000,104.436996,-0.209242,-0.224612
743.000000,104.436996,-0.202076,-0.213951
744.000000,104.436996,-0.194693,-0.338327
745.000000,104.436996,-0.187103,-0.204490
746.000000,104.436996,-0.179309,-0.160095
747.000000,104.436996,-0.171322,-0.148109
748.000000,104.436996,-0.163153,-0.163494
749.000000,104.436996,-0.154806,-0.163449
750.000000,104.436996,-0.146292,-0.153470
751.000000,104.436996,-0.137623,-0.159628
752.000000,104.436996,-0.128805,-0.156975
753.000000,104.436996,-0.119846,-0.140156
754.000000,104.436996,-0.110761,-0.133806
755.000000,104.436996,-0.101556,-0.128706
756.000000,104.436996,-0.092241,-0.118201
757.000000,104.436996,-0.082827,-0.116698
758.000000,104.436996,-0.073324,-0.104905
759.000000,104.436996,-0.063742,-0.100452
760.000000,104.436996,-0.054091,-0.090437
761.000000,104.436996,-0.044383,-0.075977
762.000000,104.436996,-0.034626,-0.077489
763.000000,104.436996,-0.024832,-0.062695
764.000000,104.436996,-0.015012,-0.049816
765.000000,104.436996,-0.005175,-0.047420
766.000000,104.436996,0.004668,-0.037107
767.000000,104.436996,0.014505,-0.021328
768.000000,104.436996,0.024327,-0.020119
769.000000,104.436996,0.034122,-0.011959
770.000000,104.436996,0.043882,0.003967
771.000000,104.436996,0.053593,0.005923
772.000000,104.436996,0.063247,0.021070
773.000000,104.436996,0.072834,0.032689
774.000000,104.436996,0.082340,0.034792
775.000000,104.436996,0.091759,0.041458
776.000000,104.436996,0.101080,0.054671
777.000000,104.436996,0.110290,0.063207
778.000000,104.436996,0.119382,0.077226
779.000000,104.436996,0.128348,0.081428
780.000000,104.436996,0.137172,0.090728
781.000000,104.436996,0.145850,0.103167
782.000000,104.436996,0.154374,0.103323
783.000000,104.436996,0.162727,0.113563
784.000000,104.436996,0.170906,0.127482
785.000000,104.436996,0.178905,0.133451
786.000000,104.436996,0.186706,0.140718
787.000000,104.436996,0.194308,0.150990
788.000000,104.436996,0.201704,0.155626
789.000000,104.436996,0.208878,0.162659
790.000000,104.436996,0.215828,0.171158
791.000000,104.436996,0.222550,0.174594
792.000000,104.436996,0.229028,0.184454
793.000000,104.436996,0.235260,0.188834
794.000000,104.436996,0.241242,0.197208
795.000000,104.436996,0.246961,0.206981
796.000000,104.436996,0.252413,0.207256
797.000000,104.436996,0.257598,0.216250
798.000000,104.436996,0.262503,0.226448
799.000000,104.436996,0.267124,0.227204
800.000000,104.436996,0.271461,0.231937
801.000000,104.436996,0.275504,0.242809
802.000000,104.436996,0.279248,0.243272
803.000000,104.436996,0.282696,0.259605
804.000000,104.436996,0.285838,0.256123
805.000000,104.436996,0.288669,0.254212
806.000000,104.436996,0.291194,0.257378
807.000000,104.436996,0.293405,0.267884
808.000000,104.436996,0.295296,0.264700
809.000000,104.436996,0.296873,0.267119
810.000000,104.436996,0.298132,0.270606
811.000000,104.436996,0.299064,0.273400
812.000000,104.436996,0.299679,0.281533
813.000000,104.436996,0.299972,0.275260
814.000000,104.436996,0.299937,0.281427
815.000000,104.436996,0.299583,0.284259
816.000000,104.436996,0.298909,0.277354
817.000000,104.436996,0.297906,0.280153
818.000000,104.436996,0.296587,0.283878
819.000000,104.436996,0.294952,0.276827
820.000000,104.436996,0.292991,0.278513
821.000000,104.436996,0.290720,0.284992
822.000000,104.436996,0.288140,0.271920
823.000000,104.436996,0.285241,0.276126
824.000000,104.436996,0.282039,0.281578
825.000000,104.436996,0.278538,0.277794
826.000000,104.436996,0.274728,0.269126
827.000000,104.436996,0.270627,0.261818
828.000000,104.436996,0.266239,0.263133
829.000000,104.436996,0.261557,0.262711
830.000000,104.436996,0.256596,0.252939
831.000000,104.436996,0.251363,0.250845
832.000000,104.436996,0.245853,0.250557
833.000000,104.436996,0.240080,0.243872
834.000000,104.436996,0.234053,0.239451
835.000000,104.436996,0.227769,0.239236
836.000000,104.436996,0.221241,0.225637
837.000000,104.436996,0.214478,0.224643
838.000000,104.436996,0.207480,0.223608
839.000000,104.436996,0.200260,0.213217
840.000000,104.436996,0.192827,0.203435
841.000000,104.436996,0.185183,0.202106
842.000000,104.436996,0.177340,0.189402
843.000000,104.436996,0.169309,0.184687
844.000000,104.436996,0.161093,0.179959
845.000000,104.436996,0.152703,0.169160
846.000000,104.436996,0.144152,0.171126
847.000000,104.436996,0.135443,0.157312
848.000000,104.436996,0.126589,0.152859
849.000000,104.436996,0.117599,0.149450
850.000000,104.436996,0.108483,0.136658
851.000000,104.436996,0.099248,0.125617
852.000000,104.436996,0.089909,0.120114
853.000000,104.436996,0.080472,0.107483
854.000000,104.436996,0.070947,0.100762
855.000000,104.436996,0.061348,0.098980
856.000000,104.436996,0.051682,0.083155
857.000000,104.436996,0.041959,0.071440
858.000000,104.436996,0.032193,0.074652
859.000000,104.436996,0.022391,0.057113
860.000000,104.436996,0.012565,0.046965
861.000000,104.436996,0.002726,0.042164
862.000000,104.436996,-0.007116,0.033151
863.000000,104.436996,-0.016951,0.027823
864.000000,104.436996,-0.026767,0.012603
865.000000,104.436996,-0.036555,0.007770
866.000000,104.436996,-0.046302,0.003468
867.000000,104.436996,-0.056000,-0.014011
868.000000,104.436996,-0.065639,-0.022226
869.000000,104.436996,-0.075206,-0.026981
870.000000,104.436996,-0.084692,-0.041620
871.000000,104.436996,-0.094089,-0.052661
872.000000,104.436996,-0.103381,-0.052730
873.000000,104.436996,-0.112564,-0.063868
874.000000,104.436996,-0.121627,-0.076696
875.000000,104.436996,-0.130556,-0.080032
876.000000,104.436996,-0.139346,-0.094377
877.000000,104.436996,-0.147988,-0.100511
878.000000,104.436996,-0.156467,-0.105899
879.000000,104.436996,-0.164779,-0.117592
880.000000,104.436996,-0.172916,-0.123813
881.000000,104.436996,-0.180863,-0.136060
882.000000,104.436996,-0.188616,-0.143047
883.000000,104.436996,-0.196170,-0.145635
884.000000,104.436996,-0.203508,-0.159247
885.000000,104.436996,-0.210628,-0.162028
886.000000,104.436996,-0.217525,-0.170431
887.000000,104.436996,-0.224184,-0.181056
888.000000,104.436996,-0.230601,-0.183617
889.000000,104.436996,-0.236774,-0.191272
890.000000,104.436996,-0.242689,-0.203597
891.000000,104.436996,-0.248342,-0.209732
892.000000,104.436996,-0.253731,-0.212027
893.000000,104.436996,-0.258844,-0.220191
894.000000,104.436996,-0.263678,-0.223719
895.000000,104.436996,-0.268232,-0.230321
896.000000,104.436996,-0.272494,-0.235819
897.000000,104.436996,-0.276462,-0.237867
898.000000,104.436996,-0.280136,-0.251928
899.000000,104.436996,-0.283507,-0.253160
900.000000,104.436996,-0.286569,-0.246288
901.000000,104.436996,-0.289328,-0.261934
902.000000,104.436996,-0.291774,-0.264481
903.000000,104.436996,-0.293903,-0.258970
904.000000,104.436996,-0.295719,-0.265054
905.000000,104.436996,-0.297218,-0.267689
906.000000,104.436996,-0.298391,-0.266044
907.000000,104.436996,-0.299248,-0.274955
908.000000,104.436996,-0.299784,-0.276696
909.000000,104.436996,-0.299991,-0.284865
910.000000,104.436996,-0.299880,-0.284256
911.000000,104.436996,-0.299448,-0.280270
912.000000,104.436996,-0.298687,-0.279051
913.000000,104.436996,-0.297609,-0.281209
914.000000,104.436996,-0.296213,-0.280357
915.000000,104.436996,-0.294491,-0.282189
916.000000,104.436996,-0.292456,-0.282556
917.000000,104.436996,-0.290111,-0.271757
918.000000,104.436996,-0.287444,-0.280155
919.000000,104.436996,-0.284473,-0.275862
920.000000,104.436996,-0.281200,-0.268197
921.000000,104.436996,-0.277615,-0.273461
922.000000,104.436996,-0.273736,-0.269402
923.000000,104.436996,-0.269567,-0.274084
924.000000,104.436996,-0.265099,-0.263868
925.000000,104.436996,-0.260349,-0.258168
926.000000,104.436996,-0.255324,-0.251089
927.000000,104.436996,-0.250016,-0.252487
928.000000,104.436996,-0.244442,-0.242921
929.000000,104.436996,-0.238609,-0.243855
930.000000,104.436996,-0.232513,-0.240213
931.000000,104.436996,-0.226169,-0.232813
932.000000,104.436996,-0.219584,-0.231659
933.000000,104.436996,-0.212759,-0.225859
934.000000,104.436996,-0.205706,-0.217213
935.000000,104.436996,-0.198434,-0.211331
936.000000,104.436996,-0.190946,-0.203991
937.000000,104.436996,-0.183252,-0.191565
938.000000,104.436996,-0.175363,-0.189316
939.000000,104.436996,-0.167284,-0.187557
940.000000,104.436996,-0.159023,-0.175644
941.000000,104.436996,-0.150595,-0.172942
942.000000,104.436996,-0.142002,-0.165982
943.000000,104.436996,-0.133256,-0.150496
944.000000,104.436996,-0.124368,-0.150254
945.000000,104.436996,-0.115346,-0.143441
946.000000,104.436996,-0.106198,-0.135748
947.000000,104.436996,-0.096938,-0.129572
948.000000,104.436996,-0.087573,-0.115699
949.000000,104.436996,-0.078113,-0.113812
950.000000,104.436996,-0.068570,-0.103984
951.000000,104.436996,-0.058953,-0.087005
952.000000,104.436996,-0.049271,-0.085736
953.000000,104.436996,-0.039537,-0.073782
954.000000,104.436996,-0.029761,-0.065151
955.000000,104.436996,-0.019952,-0.064835
956.000000,104.436996,-0.010123,-0.047154
0.000000,109.070999,0.001758,-0.034720
1.000000,109.070999,0.012034,-0.023628
2.000000,109.070999,0.022297,-0.019372
3.000000,109.070999,0.032533,-0.011812
4.000000,109.070999,0.042730,-0.000573
5.000000,109.070999,0.052878,0.006743
6.000000,109.070999,0.062964,-0.003052
7.000000,109.070999,0.072976,0.030975
8.000000,109.070999,0.082902,0.038072
9.000000,109.070999,0.092730,0.049572
10.000000,109.070999,0.102450,0.060824
11.000000,109.070999,0.112050,0.060760
12.000000,109.070999,0.121519,0.075527
13.000000,109.070999,0.130843,0.080727
14.000000,109.070999,0.140014,0.090142
15.000000,109.070999,0.149021,0.097161
16.000000,109.070999,0.157855,0.105843
17.000000,109.070999,0.166503,0.121603
18.000000,109.070999,0.174953,0.131509
19.000000,109.070999,0.183198,0.137172
20.000000,109.070999,0.191230,0.146225
21.000000,109.070999,0.199038,0.157537
22.000000,109.070999,0.206611,0.156666
23.000000,109.070999,0.213940,0.163406
24.000000,109.070999,0.221018,0.175992
25.000000,109.070999,0.227839,0.181741
26.000000,109.070999,0.234393,0.192201
27.000000,109.070999,0.240670,0.197580
28.000000,109.070999,0.246662,0.207403
29.000000,109.070999,0.252367,0.211462
30.000000,109.070999,0.257776,0.216442
31.000000,109.070999,0.262885,0.221170
32.000000,109.070999,0.267680,0.229229
33.000000,109.070999,0.272162,0.227790
34.000000,109.070999,0.276325,0.237678
35.000000,109.070999,0.280166,0.250483
36.000000,109.070999,0.283679,0.248852
37.000000,109.070999,0.286853,0.255152
38.000000,109.070999,0.289692,0.262524
39.000000,109.070999,0.292192,0.260086
40.000000,109.070999,0.294352,0.263999
41.000000,109.070999,0.296165,0.271751
42.000000,109.070999,0.297626,0.270060
43.000000,109.070999,0.298739,0.277546
44.000000,109.070999,0.299504,0.278225
45.000000,109.070999,0.299918,0.279507
46.000000,109.070999,0.299979,0.279100
47.000000,109.070999,0.299684,0.279879
48.000000,109.070999,0.299039,0.278760
49.000000,109.070999,0.298045,0.281693
50.000000,109.070999,0.296703,0.275773
51.000000,109.070999,0.295009,0.280314
52.000000,109.070999,0.292967,0.278692
53.000000,109.070999,0.290583,0.273634
54.000000,109.070999,0.287859,0.280827
55.000000,109.070999,0.284800,0.283585
56.000000,109.070999,0.281401,0.273180
57.000000,109.070999,0.277671,0.269579
58.000000,109.070999,0.273618,0.274944
59.000000,109.070999,0.269244,0.264553
60.000000,109.070999,0.264557,0.263852
61.000000,109.070999,0.259553,0.263490
62.000000,109.070999,0.254245,0.255326
63.000000,109.070999,0.248640,0.252091
64.000000,109.070999,0.242746,0.247217
65.000000,109.070999,0.236566,0.243272
66.000000,109.070999,0.230104,0.237123
67.000000,109.070999,0.223374,0.227704
68.000000,109.070999,0.216383,0.225550
69.000000,109.070999,0.209139,0.232336
70.000000,109.070999,0.201648,0.212103
71.000000,109.070999,0.193919,0.203815
72.000000,109.070999,0.185962,0.202853
73.000000,109.070999,0.177789,0.194835
74.000000,109.070999,0.169408,0.186474
75.000000,109.070999,0.160826,0.185512
76.000000,109.070999,0.152054,0.171547
77.000000,109.070999,0.143105,0.167873
78.000000,109.070999,0.133989,0.157464
79.000000,109.070999,0.124716,0.147439
80.000000,109.070999,0.115295,0.141978
81.000000,109.070999,0.105738,0.137763
82.000000,109.070999,0.096058,0.128911
83.000000,109.070999,0.086266,0.120463
84.000000,109.070999,0.076372,0.106475
85.000000,109.070999,0.066388,0.100409
86.000000,109.070999,0.056326,0.093880
87.000000,109.070999,0.046198,0.082261
88.000000,109.070999,0.036016,0.072054
89.000000,109.070999,0.025792,0.070579
90.000000,109.070999,0.015537,0.052133
91.000000,109.070999,0.005264,0.048459
92.000000,109.070999,-0.005015,0.041169
93.000000,109.070999,-0.015288,0.025638
94.000000,109.070999,-0.025544,0.022343
95.000000,109.070999,-0.035769,0.010514
96.000000,109.070999,-0.045952,-0.006951
97.000000,109.070999,-0.056081,-0.011226
98.000000,109.070999,-0.066145,-0.020508
99.000000,109.070999,-0.076131,-0.031279
100.000000,109.070999,-0.086027,-0.039054
101.000000,109.070999,-0.095822,-0.038129
102.000000,109.070999,-0.105505,-0.059108
103.000000,109.070999,-0.115066,-0.067410
104.000000,109.070999,-0.124489,-0.076389
105.000000,109.070999,-0.133766,-0.089103
106.000000,109.070999,-0.142886,-0.092439
107.000000,109.070999,-0.151840,-0.106871
108.000000,109.070999,-0.160617,-0.106298
109.000000,109.070999,-0.169202,-0.115520
110.000000,109.070999,-0.177588,-0.131799
111.000000,109.070999,-0.185767,-0.229753
112.000000,109.070999,-0.193729,-0.141122
113.000000,109.070999,-0.201465,-0.124139
114.000000,109.070999,-0.208959,-0.138154
115.000000,109.070999,-0.216210,-0.151083
116.000000,109.070999,-0.223208,-0.171008
117.000000,109.070999,-0.229945,-0.179750
118.000000,109.070999,-0.236413,-0.191172
119.000000,109.070999,-0.242599,-0.196830
120.000000,109.070999,-0.248501,-0.201411
121.000000,109.070999,-0.254113,-0.212119
122.000000,109.070999,-0.259429,-0.218785
123.000000,109.070999,-0.264438,-0.221373
124.000000,109.070999,-0.269134,-0.233066
125.000000,109.070999,-0.273516,-0.233006
126.000000,109.070999,-0.277578,-0.232108
127.000000,109.070999,-0.281316,-0.247053
128.000000,109.070999,-0.284720,-0.254141
129.000000,109.070999,-0.287789,-0.252949
130.000000,109.070999,-0.290521,-0.258361
131.000000,109.070999,-0.292914,-0.260848
132.000000,109.070999,-0.294965,-0.261357
133.000000,109.070999,-0.296665,-0.275175
134.000000,109.070999,-0.298016,-0.271262
135.000000,109.070999,-0.299019,-0.269910
136.000000,109.070999,-0.299673,-0.276815
137.000000,109.070999,-0.299978,-0.277443
138.000000,109.070999,-0.299923,-0.279711
139.000000,109.070999,-0.299517,-0.284929
140.000000,109.070999,-0.298762,-0.279023
141.000000,109.070999,-0.297658,-0.285076
142.000000,109.070999,-0.296205,-0.283376
143.000000,109.070999,-0.294398,-0.286418
144.000000,109.070999,-0.292248,-0.278148
145.000000,109.070999,-0.289756,-0.280402
146.000000,109.070999,-0.286926,-0.267010
147.000000,109.070999,-0.283758,-0.274062
148.000000,109.070999,-0.280253,-0.271336
149.000000,109.070999,-0.276421,-0.267610
150.000000,109.070999,-0.272266,-0.273242
151.000000,109.070999,-0.267793,-0.266502
152.000000,109.070999,-0.263003,-0.256743
153.000000,109.070999,-0.257902,-0.260221
154.000000,109.070999,-0.252500,-0.257494
155.000000,109.070999,-0.246803,-0.249142
156.000000,109.070999,-0.240818,-0.253674
157.000000,109.070999,-0.234546,-0.238760
158.000000,109.070999,-0.227998,-0.237794
159.000000,109.070999,-0.221185,-0.228686
160.000000,109.070999,-0.214113,-0.218913
161.000000,109.070999,-0.206791,-0.221012
162.000000,109.070999,-0.199221,-0.213218
163.000000,109.070999,-0.191419,-0.200266
164.000000,109.070999,-0.183393,-0.197723
165.000000,109.070999,-0.175153,-0.194177
166.000000,109.070999,-0.166708,-0.183012
167.000000,109.070999,-0.158063,-0.179342
168.000000,109.070999,-0.149234,-0.170742
169.000000,109.070999,-0.140231,-0.152356
170.000000,109.070999,-0.131064,-0.157841
171.000000,109.070999,-0.121743,-0.151248
172.000000,109.070999,-0.112277,-0.140435
173.000000,109.070999,-0.102680,-0.137306
174.000000,109.070999,-0.092963,-0.123360
175.000000,109.070999,-0.083138,-0.115993
176.000000,109.070999,-0.073214,-0.106138
177.000000,109.070999,-0.063203,-0.095925
178.000000,109.070999,-0.053119,-0.089836
179.000000,109.070999,-0.042973,-0.077576
180.000000,109.070999,-0.032776,-0.067304
181.000000,109.070999,-0.022541,-0.068335
182.000000,109.070999,-0.012279,-0.056602
183.000000,109.070999,-0.002003,-0.038962
184.000000,109.070999,0.008276,-0.034033
185.000000,109.070999,0.018545,-0.024613
186.000000,109.070999,0.028792,-0.006887
187.000000,109.070999,0.039005,-0.005164
188.000000,109.070999,0.049172,0.004475
189.000000,109.070999,0.059282,0.011128
190.000000,109.070999,0.069323,0.018124
191.000000,109.070999,0.079281,0.033110
192.000000,109.070999,0.089146,0.041004
193.000000,109.070999,0.098907,0.049219
194.000000,109.070999,0.108553,0.061438
195.000000,109.070999,0.118071,0.065520
196.000000,109.070999,0.127449,0.085968
197.000000,109.070999,0.136677,0.094526
198.000000,109.070999,0.145746,0.092602
199.000000,109.070999,0.154645,0.101948
200.000000,109.070999,0.163362,0.120481
201.000000,109.070999,0.171885,0.123257
202.000000,109.070999,0.180206,0.131710
203.000000,109.070999,0.188318,0.140209
204.000000,109.070999,0.196209,0.147439
205.000000,109.070999,0.203869,0.151572
206.000000,109.070999,0.211287,0.159058
207.000000,109.070999,0.218458,0.167373
208.000000,109.070999,0.225375,0.180720
209.000000,109.070999,0.232028,0.185374
210.000000,109.070999,0.238406,0.199508
211.000000,109.070999,0.244502,0.203907
212.000000,109.070999,0.250314,0.202949
213.000000,109.070999,0.255833,0.199582
214.000000,109.070999,0.261053,0.227181
215.000000,109.070999,0.265961,0.227644
216.000000,109.070999,0.270558,0.235130
217.000000,109.070999,0.274839,0.244069
218.000000,109.070999,0.278800,0.242158
219.000000,109.070999,0.282433,0.248005
220.000000,109.070999,0.285729,0.232455
221.000000,109.070999,0.288692,0.254432
222.000000,109.070999,0.291317,0.266752
223.000000,109.070999,0.293603,0.271998
224.000000,109.070999,0.295543,0.271247
225.000000,109.070999,0.297131,0.274106
226.000000,109.070999,0.298372,0.268246
227.000000,109.070999,0.299265,0.273620
228.000000,109.070999,0.299809,0.280406
229.000000,109.070999,0.299998,0.276827
230.000000,109.070999,0.299832,0.281047
231.000000,109.070999,0.299316,0.286265
232.000000,109.070999,0.298450,0.278687
233.000000,109.070999,0.297236,0.279553
234.000000,109.070999,0.295669,0.284025
235.000000,109.070999,0.293753,0.275787
236.000000,109.070999,0.291494,0.275233
237.000000,109.070999,0.288896,0.278298
238.000000,109.070999,0.285959,0.270427
239.000000,109.070999,0.282682,0.276346
240.000000,109.070999,0.279073,0.272305
241.000000,109.070999,0.275138,0.269680
242.000000,109.070999,0.270882,0.270679
243.000000,109.070999,0.266309,0.261786
244.000000,109.070999,0.261418,0.259999
245.000000,109.070999,0.256221,0.263357
246.000000,109.070999,0.250725,0.256219
247.000000,109.070999,0.244936,0.249498
248.000000,109.070999,0.238860,0.252783
249.000000,109.070999,0.232499,0.237691
250.000000,109.070999,0.225866,0.233417
251.000000,109.070999,0.218970,0.232015
252.000000,109.070999,0.211818,0.218417
253.000000,109.070999,0.204416,0.212955
254.000000,109.070999,0.196772,0.211127
255.000000,109.070999,0.188898,0.202716
256.000000,109.070999,0.180804,0.197841
257.000000,109.070999,0.172498,0.182547
258.000000,109.070999,0.163988,0.182621
259.000000,109.070999,0.155284,0.178246
260.000000,109.070999,0.146399,0.167387
261.000000,109.070999,0.137343,0.160886
262.000000,109.070999,0.128126,0.155384
263.000000,109.070999,0.118757,0.145359
264.000000,109.070999,0.109249,0.136251
265.000000,109.070999,0.099613,0.133355
266.000000,109.070999,0.089860,0.118570
267.000000,109.070999,0.080003,0.111249
268.000000,109.070999,0.070049,0.110067
269.000000,109.070999,0.060015,0.095429
270.000000,109.070999,0.049910,0.095401
271.000000,109.070999,0.039746,0.075705
272.000000,109.070999,0.029536,0.055399
273.000000,109.070999,0.019291,0.058112
274.000000,109.070999,0.009023,0.056485
275.000000,109.070999,-0.001255,0.041778
276.000000,109.070999,-0.011532,0.037183
277.000000,109.070999,-0.021795,0.042026
278.000000,109.070999,-0.032033,0.011036
279.000000,109.070999,-0.042232,-0.002653
280.000000,109.070999,-0.052383,-0.016852
281.000000,109.070999,-0.062472,-0.024466
282.000000,109.070999,-0.072488,-0.026688
283.000000,109.070999,-0.082418,-0.040727
284.000000,109.070999,-0.092251,-0.042614
285.000000,109.070999,-0.101977,-0.049977
286.000000,109.070999,-0.111584,-0.067295
287.000000,109.070999,-0.121058,-0.072683
288.000000,109.070999,-0.130390,-0.079418
289.000000,109.070999,-0.139569,-0.097424
290.000000,109.070999,-0.148585,-0.100818
291.000000,109.070999,-0.157428,-0.115085
292.000000,109.070999,-0.166083,-0.114252
293.000000,109.070999,-0.174543,-0.121527
294.000000,109.070999,-0.182800,-0.137453
295.000000,109.070999,-0.190843,-0.142240
296.000000,109.070999,-0.198663,-0.146249
297.000000,109.070999,-0.206245,-0.161488
298.000000,109.070999,-0.213586,-0.167242
299.000000,109.070999,-0.220678,-0.171924
300.000000,109.070999,-0.227513,-0.184922
301.000000,109.070999,-0.234079,-0.200958
302.000000,109.070999,-0.240367,-0.217593
303.000000,109.070999,-0.246375,-0.199730
304.000000,109.070999,-0.252095,-0.199244
305.000000,109.070999,-0.257520,-0.210373
306.000000,109.070999,-0.262642,-0.216031
307.000000,109.070999,-0.267452,-0.224553
308.000000,109.070999,-0.271950,-0.240607
309.000000,109.070999,-0.276130,-0.240960
310.000000,109.070999,-0.279988,-0.239681
311.000000,109.070999,-0.283513,-0.248167
312.000000,109.070999,-0.286704,-0.251167
313.000000,109.070999,-0.289561,-0.250489
314.000000,109.070999,-0.292079,-0.262008
315.000000,109.070999,-0.294257,-0.265755
316.000000,109.070999,-0.296083,-0.261357
317.000000,109.070999,-0.297562,-0.272641
318.000000,109.070999,-0.298693,-0.278629
319.000000,109.070999,-0.299476,-0.276164
320.000000,109.070999,-0.299909,-0.273988
321.000000,109.070999,-0.299982,-0.280196
322.000000,109.070999,-0.299706,-0.285364
323.000000,109.070999,-0.299079,-0.279495
324.000000,109.070999,-0.298103,-0.278570
325.000000,109.070999,-0.296777,-0.285250
326.000000,109.070999,-0.295098,-0.283523
327.000000,109.070999,-0.293074,-0.275844
328.000000,109.070999,-0.290708,-0.280682
329.000000,109.070999,-0.288002,-0.280109
330.000000,109.070999,-0.284956,-0.268124
331.000000,109.070999,-0.281572,-0.276815
332.000000,109.070999,-0.277860,-0.276169
333.000000,109.070999,-0.273823,-0.262397
334.000000,109.070999,-0.269467,-0.265054
335.000000,109.070999,-0.264791,-0.263382
336.000000,109.070999,-0.259802,-0.256743
337.000000,109.070999,-0.254510,-0.259927
338.000000,109.070999,-0.248921,-0.254681
339.000000,109.070999,-0.243041,-0.249994
340.000000,109.070999,-0.236872,-0.245720
341.000000,109.070999,-0.230424,-0.233794
342.000000,109.070999,-0.223708,-0.232539
343.000000,109.070999,-0.216730,-0.225419
344.000000,109.070999,-0.209499,-0.217154
345.000000,109.070999,-0.202017,-0.217438
346.000000,109.070999,-0.194299,-0.213745
347.000000,109.070999,-0.186354,-0.204953
348.000000,109.070999,-0.178192,-0.193183
349.000000,109.070999,-0.169821,-0.184437
350.000000,109.070999,-0.161247,-0.173711
351.000000,109.070999,-0.152485,-0.173395
352.000000,109.070999,-0.143544,-0.166729
353.000000,109.070999,-0.134436,-0.160076
354.000000,109.070999,-0.125170,-0.154721
355.000000,109.070999,-0.115755,-0.143454
356.000000,109.070999,-0.106205,-0.138360
357.000000,109.070999,-0.096531,-0.128166
358.000000,109.070999,-0.086744,-0.114833
359.000000,109.070999,-0.076854,-0.112598
360.000000,109.070999,-0.066874,-0.094697
361.000000,109.070999,-0.056816,-0.087692
362.000000,109.070999,-0.046691,-0.089310
363.000000,109.070999,-0.036511,-0.075056
364.000000,109.070999,-0.026288,-0.061284
365.000000,109.070999,-0.016035,-0.063121
366.000000,109.070999,-0.005762,-0.048428
367.000000,109.070999,0.004517,-0.035916
368.000000,109.070999,0.014791,-0.029346
369.000000,109.070999,0.025047,-0.016879
370.000000,109.070999,0.035274,-0.008440
371.000000,109.070999,0.045459,-0.003904
372.000000,109.070999,0.055592,0.009002
373.000000,109.070999,0.065659,0.009556
374.000000,109.070999,0.075649,0.029725
375.000000,109.070999,0.085549,0.095333
376.000000,109.070999,0.095350,0.044619
377.000000,109.070999,0.105039,0.044825
378.000000,109.070999,0.114605,0.054351
379.000000,109.070999,0.124035,0.069021
380.000000,109.070999,0.133320,0.079334
381.000000,109.070999,0.142449,0.093326
382.000000,109.070999,0.151411,0.095209
383.000000,109.070999,0.160195,0.114076
384.000000,109.070999,0.168789,0.124875
385.000000,109.070999,0.177186,0.126084
386.000000,109.070999,0.185376,0.137437
387.000000,109.070999,0.193350,0.145203
388.000000,109.070999,0.201094,0.147292
389.000000,109.070999,0.208601,0.156698
390.000000,109.070999,0.215864,0.168913
391.000000,109.070999,0.222876,0.176147
392.000000,109.070999,0.229627,0.186286
393.000000,109.070999,0.236104,0.188068
394.000000,109.070999,0.242304,0.193694
395.000000,109.070999,0.248222,0.208434
396.000000,109.070999,0.253849,0.212396
397.000000,109.070999,0.259180,0.218916
398.000000,109.070999,0.264201,0.230902
399.000000,109.070999,0.268913,0.225490
400.000000,109.070999,0.273311,0.235057
401.000000,109.070999,0.277390,0.246456
402.000000,109.070999,0.281143,0.241338
403.000000,109.070999,0.284561,0.252765
404.000000,109.070999,0.287647,0.252270
405.000000,109.070999,0.290397,0.256439
406.000000,109.070999,0.292808,0.262872
407.000000,109.070999,0.294873,0.262652
408.000000,109.070999,0.296589,0.267000
409.000000,109.070999,0.297958,0.273419
410.000000,109.070999,0.298980,0.267380
411.000000,109.070999,0.299652,0.271526
412.000000,109.070999,0.299969,0.282472
413.000000,109.070999,0.299932,0.276827
414.000000,109.070999,0.299545,0.282233
415.000000,109.070999,0.298808,0.284919
416.000000,109.070999,0.297722,0.279361
417.000000,109.070999,0.296281,0.280447
418.000000,109.070999,0.294493,0.283058
419.000000,109.070999,0.292360,0.276314
420.000000,109.070999,0.289887,0.277473
421.000000,109.070999,0.287074,0.279191
422.000000,109.070999,0.283918,0.273107
423.000000,109.070999,0.280430,0.277166
424.000000,109.070999,0.276615,0.277712
425.000000,109.070999,0.272477,0.263953
426.000000,109.070999,0.268019,0.263692
427.000000,109.070999,0.263241,0.257305
428.000000,109.070999,0.258156,0.253159
429.000000,109.070999,0.252770,0.256004
430.000000,109.070999,0.247088,0.247739
431.000000,109.070999,0.241116,0.243625
432.000000,109.070999,0.234857,0.243629
433.000000,109.070999,0.228323,0.235611
434.000000,109.070999,0.221523,0.232084
435.000000,109.070999,0.214465,0.230902
436.000000,109.070999,0.207152,0.215370
437.000000,109.070999,0.199595,0.214669
438.000000,109.070999,0.191804,0.208653
439.000000,109.070999,0.183790,0.198482
440.000000,109.070999,0.175561,0.192421
441.000000,109.070999,0.167123,0.185599
442.000000,109.070999,0.158489,0.178387
443.000000,109.070999,0.149669,0.170906
444.000000,109.070999,0.140675,0.155379
445.000000,109.070999,0.131517,0.153606
446.000000,109.070999,0.122201,0.149977
447.000000,109.070999,0.112742,0.138665
448.000000,109.070999,0.103152,0.139091
449.000000,109.070999,0.093441,0.155150
450.000000,109.070999,0.083620,0.115524
451.000000,109.070999,0.073700,0.098828
452.000000,109.070999,0.063694,0.096826
453.000000,109.070999,0.053613,0.076461
454.000000,109.070999,0.043470,0.076873
455.000000,109.070999,0.033276,0.075692
456.000000,109.070999,0.023042,0.098828
457.000000,109.070999,0.012781,0.052692
458.000000,109.070999,0.002505,0.030403
459.000000,109.070999,-0.007774,0.021551
460.000000,109.070999,-0.018043,0.022476
461.000000,109.070999,-0.028291,0.004929
462.000000,109.070999,-0.038506,-0.000784
463.000000,109.070999,-0.048676,-0.057816
464.000000,109.070999,-0.058790,-0.014758
465.000000,109.070999,-0.068834,-0.005412
466.000000,109.070999,-0.078796,-0.012774
467.000000,109.070999,-0.088666,-0.035966
468.000000,109.070999,-0.098433,-0.047154
469.000000,109.070999,-0.108085,-0.052803
470.000000,109.070999,-0.117608,-0.071528
471.000000,109.070999,-0.126993,-0.078483
472.000000,109.070999,-0.136230,-0.083459
473.000000,109.070999,-0.145307,-0.097277
474.000000,109.070999,-0.154215,-0.106238
475.000000,109.070999,-0.162939,-0.112313
476.000000,109.070999,-0.171472,-0.127112
477.000000,109.070999,-0.179804,-0.130873
478.000000,109.070999,-0.187927,-0.141801
479.000000,109.070999,-0.195829,-0.147734
480.000000,109.070999,-0.203498,-0.150015
481.000000,109.070999,-0.210929,-0.169221
482.000000,109.070999,-0.218114,-0.172002
483.000000,109.070999,-0.225044,-0.175938
484.000000,109.070999,-0.231709,-0.187603
485.000000,109.070999,-0.238099,-0.193137
486.000000,109.070999,-0.244210,-0.196106
487.000000,109.070999,-0.250037,-0.208137
488.000000,109.070999,-0.255572,-0.213305
489.000000,109.070999,-0.260803,-0.220507
490.000000,109.070999,-0.265727,-0.224878
491.000000,109.070999,-0.270341,-0.224906
492.000000,109.070999,-0.274639,-0.235741
493.000000,109.070999,-0.278616,-0.241106
494.000000,109.070999,-0.282261,-0.243974
495.000000,109.070999,-0.285575,-0.257494
496.000000,109.070999,-0.288555,-0.257554
497.000000,109.070999,-0.291198,-0.256422
498.000000,109.070999,-0.293502,-0.268848
499.000000,109.070999,-0.295454,-0.269695
500.000000,109.070999,-0.297060,-0.266263
501.000000,109.070999,-0.298320,-0.275995
502.000000,109.070999,-0.299231,-0.274089
503.000000,109.070999,-0.299792,-0.270511
504.000000,109.070999,-0.299995,-0.284769
505.000000,109.070999,-0.299847,-0.281383
506.000000,109.070999,-0.299349,-0.271624
507.000000,109.070999,-0.298502,-0.284109
508.000000,109.070999,-0.297303,-0.277296
509.000000,109.070999,-0.295751,-0.281630
510.000000,109.070999,-0.293854,-0.282029
511.000000,109.070999,-0.291613,-0.278730
512.000000,109.070999,-0.289032,-0.291476
513.000000,109.070999,-0.286109,-0.279436
514.000000,109.070999,-0.282848,-0.266997
515.000000,109.070999,-0.279256,-0.271675
516.000000,109.070999,-0.275338,-0.269622
517.000000,109.070999,-0.271099,-0.265150
518.000000,109.070999,-0.266537,-0.266621
519.000000,109.070999,-0.261662,-0.252808
520.000000,109.070999,-0.256481,-0.250943
521.000000,109.070999,-0.251000,-0.259107
522.000000,109.070999,-0.245227,-0.253334
523.000000,109.070999,-0.239160,-0.242082
524.000000,109.070999,-0.232814,-0.240579
525.000000,109.070999,-0.226195,-0.233400
526.000000,109.070999,-0.219313,-0.233634
527.000000,109.070999,-0.212174,-0.224365
528.000000,109.070999,-0.204781,-0.214666
529.000000,109.070999,-0.197149,-0.213351
530.000000,109.070999,-0.189287,-0.206744
531.000000,109.070999,-0.181203,-0.188578
532.000000,109.070999,-0.172907,-0.196376
533.000000,109.070999,-0.164405,-0.185843
534.000000,109.070999,-0.155711,-0.185692
535.000000,109.070999,-0.146835,-0.169822
536.000000,109.070999,-0.137788,-0.157795
537.000000,109.070999,-0.128577,-0.147816
538.000000,109.070999,-0.119215,-0.147427
539.000000,109.070999,-0.109713,-0.137860
540.000000,109.070999,-0.100084,-0.127941
541.000000,109.070999,-0.090337,-0.121019
542.000000,109.070999,-0.080483,-0.110266
543.000000,109.070999,-0.070534,-0.108832
544.000000,109.070999,-0.060503,-0.098697
545.000000,109.070999,-0.050402,-0.082684
546.000000,109.070999,-0.040241,-0.079862
547.000000,109.070999,-0.030032,-0.069096
548.000000,109.070999,-0.019788,-0.056216
549.000000,109.070999,-0.009521,-0.050847
550.000000,109.070999,0.000757,-0.040607
551.000000,109.070999,0.011034,-0.087559
552.000000,109.070999,0.021298,-0.025772
553.000000,109.070999,0.031537,0.002249
554.000000,109.070999,0.041739,0.014981
555.000000,109.070999,0.051892,0.014184
556.000000,109.070999,0.061985,0.021890
557.000000,109.070999,0.072004,0.032102
558.000000,109.070999,0.081938,0.033825
559.000000,109.070999,0.091777,0.044945
560.000000,109.070999,0.101509,0.051858
561.000000,109.070999,0.111121,0.062167
562.000000,109.070999,0.120601,0.071939
563.000000,109.070999,0.129941,0.076154
564.000000,109.070999,0.139128,0.090655
565.000000,109.070999,0.148153,0.104354
566.000000,109.070999,0.157003,0.111950
567.000000,109.070999,0.165667,0.116683
568.000000,109.070999,0.174138,0.131275
569.000000,109.070999,0.182405,0.136351
570.000000,109.070999,0.190460,0.140264
571.000000,109.070999,0.198288,0.151883
572.000000,109.070999,0.205882,0.159493
573.000000,109.070999,0.213236,0.167346
574.000000,109.070999,0.220341,0.171992
575.000000,109.070999,0.227190,0.181214
576.000000,109.070999,0.233766,0.186900
577.000000,109.070999,0.240068,0.192815
578.000000,109.070999,0.246091,0.198542
579.000000,109.070999,0.251826,0.217308
580.000000,109.070999,0.257266,0.212997
581.000000,109.070999,0.262399,0.220483
582.000000,109.070999,0.267225,0.229935
583.000000,109.070999,0.271739,0.227424
584.000000,109.070999,0.275936,0.239451
585.000000,109.070999,0.279808,0.247716
586.000000,109.070999,0.283348,0.246025
587.000000,109.070999,0.286557,0.255592
588.000000,109.070999,0.289431,0.260737
589.000000,109.070999,0.291967,0.259046
590.000000,109.070999,0.294158,0.267572
591.000000,109.070999,0.296000,0.267971
592.000000,109.070999,0.297497,0.261873
593.000000,109.070999,0.298647,0.272246
594.000000,109.070999,0.299448,0.276126
595.000000,109.070999,0.299893,0.277340
596.000000,109.070999,0.299985,0.279585
597.000000,109.070999,0.299727,0.277501
598.000000,109.070999,0.299119,0.280080
599.000000,109.070999,0.298162,0.287379
600.000000,109.070999,0.296848,0.280474
601.000000,109.070999,0.295186,0.272933
602.000000,109.070999,0.293180,0.282165
603.000000,109.070999,0.290832,0.281294
604.000000,109.070999,0.288143,0.278807
605.000000,109.070999,0.285110,0.279265
606.000000,109.070999,0.281744,0.272214
607.000000,109.070999,0.278049,0.273446
608.000000,109.070999,0.274029,0.269845
609.000000,109.070999,0.269687,0.264100
610.000000,109.070999,0.265024,0.264425
611.000000,109.070999,0.260051,0.258959
612.000000,109.070999,0.254775,0.255312
613.000000,109.070999,0.249202,0.255024
614.000000,109.070999,0.243334,0.243872
615.000000,109.070999,0.237177,0.244811
616.000000,109.070999,0.230744,0.242809
617.000000,109.070999,0.224042,0.229284
618.000000,109.070999,0.217078,0.222710
619.000000,109.070999,0.209856,0.227328
620.000000,109.070999,0.202386,0.201602
621.000000,109.070999,0.194681,0.208269
622.000000,109.070999,0.186748,0.209254
623.000000,109.070999,0.178597,0.198629
624.000000,109.070999,0.170233,0.189887
625.000000,109.070999,0.161669,0.177819
626.000000,109.070999,0.152916,0.170273
627.000000,109.070999,0.143985,0.168739
628.000000,109.070999,0.134886,0.158893
629.000000,109.070999,0.125625,0.154939
630.000000,109.070999,0.116218,0.148250
631.000000,109.070999,0.106674,0.131298
632.000000,109.070999,0.097007,0.131490
633.000000,109.070999,0.087225,0.118108
634.000000,109.070999,0.077339,0.106443
635.000000,109.070999,0.067363,0.102769
636.000000,109.070999,0.057309,0.094293
637.000000,109.070999,0.047187,0.084048
638.000000,109.070999,0.037010,0.074193
639.000000,109.070999,0.026789,0.067738
640.000000,109.070999,0.016537,0.054433
641.000000,109.070999,0.006265,0.047771
642.000000,109.070999,-0.004014,0.036391
643.000000,109.070999,-0.014288,0.026824
644.000000,109.070999,-0.024546,0.021189
645.000000,109.070999,-0.034774,0.003096
646.000000,109.070999,-0.044962,0.002863
647.000000,109.070999,-0.055098,0.001447
648.000000,109.070999,-0.065168,-0.013938
649.000000,109.070999,-0.075162,-0.031233
650.000000,109.070999,-0.085067,-0.041116
651.000000,109.070999,-0.094873,-0.051447
652.000000,109.070999,-0.104569,-0.057875
653.000000,109.070999,-0.114139,-0.063964
654.000000,109.070999,-0.123576,-0.075629
655.000000,109.070999,-0.132869,-0.085704
656.000000,109.070999,-0.142006,-0.093492
657.000000,109.070999,-0.150978,-0.101744
658.000000,109.070999,-0.159768,-0.109299
659.000000,109.070999,-0.168373,-0.121559
660.000000,109.070999,-0.176780,-0.130026
661.000000,109.070999,-0.184981,-0.138708
662.000000,109.070999,-0.192965,-0.148160
663.000000,109.070999,-0.200719,-0.151014
664.000000,109.070999,-0.208239,-0.158303
665.000000,109.070999,-0.215515,-0.169968
666.000000,109.070999,-0.222540,-0.171782
667.000000,109.070999,-0.229302,-0.176465
668.000000,109.070999,-0.235792,-0.193256
669.000000,109.070999,-0.242007,-0.197531
670.000000,109.070999,-0.247940,-0.200719
671.000000,109.070999,-0.253583,-0.212824
672.000000,109.070999,-0.258924,-0.218959
673.000000,109.070999,-0.263961,-0.225107
674.000000,109.070999,-0.268689,-0.229639
675.000000,109.070999,-0.273104,-0.235040
676.000000,109.070999,-0.277200,-0.243741
677.000000,109.070999,-0.280965,-0.246540
678.000000,109.070999,-0.284400,-0.244661
679.000000,109.070999,-0.287504,-0.256354
680.000000,109.070999,-0.290272,-0.256001
681.000000,109.070999,-0.292700,-0.260083
682.000000,109.070999,-0.294778,-0.265508
683.000000,109.070999,-0.296512,-0.267469
684.000000,109.070999,-0.297900,-0.267684
685.000000,109.070999,-0.298940,-0.276068
686.000000,109.070999,-0.299628,-0.273869
687.000000,109.070999,-0.299960,-0.278244
688.000000,109.070999,-0.299941,-0.277928
689.000000,109.070999,-0.299573,-0.277516
690.000000,109.070999,-0.298854,-0.284251
691.000000,109.070999,-0.297782,-0.280242
692.000000,109.070999,-0.296358,-0.280357
693.000000,109.070999,-0.294588,-0.285323
694.000000,109.070999,-0.292473,-0.280769
695.000000,109.070999,-0.290017,-0.280604
696.000000,109.070999,-0.287217,-0.280902
697.000000,109.070999,-0.284078,-0.276316
698.000000,109.070999,-0.280608,-0.268197
699.000000,109.070999,-0.276810,-0.271235
700.000000,109.070999,-0.272688,-0.263002
701.000000,109.070999,-0.268242,-0.262103
702.000000,109.070999,-0.263480,-0.266768
703.000000,109.070999,-0.258411,-0.263602
704.000000,109.070999,-0.253040,-0.253023
705.000000,109.070999,-0.247374,-0.250920
706.000000,109.070999,-0.241411,-0.242027
707.000000,109.070999,-0.235167,-0.244735
708.000000,109.070999,-0.228648,-0.238426
709.000000,109.070999,-0.221862,-0.286171
710.000000,109.070999,-0.214815,-0.227352
711.000000,109.070999,-0.207512,-0.203537
712.000000,109.070999,-0.199967,-0.193925
713.000000,109.070999,-0.192189,-0.195483
714.000000,109.070999,-0.184186,-0.195290
715.000000,109.070999,-0.175966,-0.185165
716.000000,109.070999,-0.167537,-0.184703
717.000000,109.070999,-0.158913,-0.178036
718.000000,109.070999,-0.150103,-0.168131
719.000000,109.070999,-0.141117,-0.167068
720.000000,109.070999,-0.131964,-0.156682
721.000000,109.070999,-0.122656,-0.145282
722.000000,109.070999,-0.113204,-0.142813
723.000000,109.070999,-0.103621,-0.134814
724.000000,109.070999,-0.093916,-0.126186
725.000000,109.070999,-0.084099,-0.116405
726.000000,109.070999,-0.074184,-0.104699
727.000000,109.070999,-0.064181,-0.099957
728.000000,109.070999,-0.054104,-0.100424
729.000000,109.070999,-0.043964,-0.073924
730.000000,109.070999,-0.033771,-0.068028
731.000000,109.070999,-0.023539,-0.060322
732.000000,109.070999,-0.013279,-0.051090
733.000000,109.070999,-0.003004,-0.046160
734.000000,109.070999,0.007275,-0.035847
735.000000,109.070999,0.017546,-0.023041
736.000000,109.070999,0.027795,-0.018112
737.000000,109.070999,0.038012,-0.005792
738.000000,109.070999,0.048185,0.004948
739.000000,109.070999,0.058301,0.009790
740.000000,109.070999,0.068348,0.020983
741.000000,109.070999,0.078315,0.020923
742.000000,109.070999,0.088190,0.041032
743.000000,109.070999,0.097963,0.057791
744.000000,109.070999,0.107620,0.058460
745.000000,109.070999,0.117149,0.072947
746.000000,109.070999,0.126541,0.087013
747.000000,109.070999,0.135786,0.084722
748.000000,109.070999,0.144872,0.093468
749.000000,109.070999,0.153786,0.111180
750.000000,109.070999,0.162519,0.112097
751.000000,109.070999,0.171062,0.121443
752.000000,109.070999,0.179406,0.133282
753.000000,109.070999,0.187540,0.135385
754.000000,109.070999,0.195450,0.145698
755.000000,109.070999,0.203131,0.159851
756.000000,109.070999,0.210575,0.171094
757.000000,109.070999,0.217773,0.170319
758.000000,109.070999,0.224716,0.174466
759.000000,109.070999,0.231390,0.182854
760.000000,109.070999,0.237795,0.196347
761.000000,109.070999,0.243921,0.195422
762.000000,109.070999,0.249763,0.204049
763.000000,109.070999,0.255311,0.217675
764.000000,109.070999,0.260555,0.214403
765.000000,109.070999,0.265495,0.229417
766.000000,109.070999,0.270125,0.234329
767.000000,109.070999,0.274439,0.232858
768.000000,109.070999,0.278430,0.238704
769.000000,109.070999,0.282090,0.252476
770.000000,109.070999,0.285421,0.251312
771.000000,109.070999,0.288419,0.260659
772.000000,109.070999,0.291080,0.264384
773.000000,109.070999,0.293396,0.259046
774.000000,109.070999,0.295365,0.264966
775.000000,109.070999,0.296990,0.269964
776.000000,109.070999,0.298268,0.270353
777.000000,109.070999,0.299198,0.273519
778.000000,109.070999,0.299771,0.276539
779.000000,109.070999,0.299992,0.276007
780.000000,109.070999,0.299862,0.278866
781.000000,109.070999,0.299383,0.274646
782.000000,109.070999,0.298554,0.283067
783.000000,109.070999,0.297368,0.284199
784.000000,109.070999,0.295834,0.281368
785.000000,109.070999,0.293954,0.281193
786.000000,109.070999,0.291732,0.280685
787.000000,109.070999,0.289167,0.276827
788.000000,109.070999,0.286257,0.279700
789.000000,109.070999,0.283013,0.279411
790.000000,109.070999,0.279439,0.274747
791.000000,109.070999,0.275538,0.269726
792.000000,109.070999,0.271313,0.268778
793.000000,109.070999,0.266765,0.262913
794.000000,109.070999,0.261906,0.263472
795.000000,109.070999,0.256741,0.253118
796.000000,109.070999,0.251276,0.251225
797.000000,109.070999,0.245514,0.256311
798.000000,109.070999,0.239461,0.238278
799.000000,109.070999,0.233129,0.240431
800.000000,109.070999,0.226525,0.236569
801.000000,109.070999,0.219656,0.220364
802.000000,109.070999,0.212526,0.224423
803.000000,109.070999,0.205146,0.221748
804.000000,109.070999,0.197526,0.207109
805.000000,109.070999,0.189676,0.202468
806.000000,109.070999,0.181604,0.203147
807.000000,109.070999,0.173315,0.190441
808.000000,109.070999,0.164824,0.182154
809.000000,109.070999,0.156139,0.177118
810.000000,109.070999,0.147273,0.168047
811.000000,109.070999,0.138234,0.167639
812.000000,109.070999,0.129030,0.149198
813.000000,109.070999,0.119675,0.146385
814.000000,109.070999,0.110180,0.140970
815.000000,109.070999,0.100557,0.126611
816.000000,109.070999,0.090816,0.114163
817.000000,109.070999,0.080966,0.118781
818.000000,109.070999,0.071022,0.107263
819.000000,109.070999,0.060995,0.098008
820.000000,109.070999,0.050897,0.093326
821.000000,109.070999,0.040739,0.078688
822.000000,109.070999,0.030532,0.068393
823.000000,109.070999,0.020290,0.062524
824.000000,109.070999,0.010024,0.047139
825.000000,109.070999,-0.000254,0.040858
826.000000,109.070999,-0.010531,0.028616
827.000000,109.070999,-0.020796,0.019091
828.000000,109.070999,-0.031037,0.016442
829.000000,109.070999,-0.041241,0.004049
830.000000,109.070999,-0.051397,-0.009045
831.000000,109.070999,-0.061493,-0.014240
832.000000,109.070999,-0.071515,-0.027999
833.000000,109.070999,-0.081455,-0.035540
834.000000,109.070999,-0.091299,-0.036355
835.000000,109.070999,-0.101036,-0.054494
836.000000,109.070999,-0.110653,-0.064789
837.000000,109.070999,-0.120140,-0.069471
838.000000,109.070999,-0.129487,-0.082543
839.000000,109.070999,-0.138683,-0.091577
840.000000,109.070999,-0.147716,-0.095733
841.000000,109.070999,-0.156573,-0.106358
842.000000,109.070999,-0.165247,-0.116432
843.000000,109.070999,-0.173728,-0.127034
844.000000,109.070999,-0.182007,-0.136413
845.000000,109.070999,-0.190070,-0.140774
846.000000,109.070999,-0.197909,-0.152801
847.000000,109.070999,-0.205516,-0.155848
848.000000,109.070999,-0.212883,-0.158509
849.000000,109.070999,-0.220001,-0.176882
850.000000,109.070999,-0.226859,-0.181376
851.000000,109.070999,-0.233449,-0.183305
852.000000,109.070999,-0.239766,-0.192290
853.000000,109.070999,-0.245803,-0.201838
854.000000,109.070999,-0.251554,-0.205260
855.000000,109.070999,-0.257005,-0.217365
856.000000,109.070999,-0.262153,-0.220892
857.000000,109.070999,-0.266996,-0.222074
858.000000,109.070999,-0.271527,-0.236039
859.000000,109.070999,-0.275741,-0.236140
860.000000,109.070999,-0.279625,-0.250402
861.000000,109.070999,-0.283181,-0.249587
862.000000,109.070999,-0.286408,-0.253495
863.000000,109.070999,-0.289300,-0.261448
864.000000,109.070999,-0.291852,-0.260528
865.000000,109.070999,-0.294057,-0.261476
866.000000,109.070999,-0.295917,-0.269521
867.000000,109.070999,-0.297433,-0.271849
868.000000,109.070999,-0.298601,-0.268344
869.000000,109.070999,-0.299417,-0.279715
870.000000,109.070999,-0.299878,-0.281896
871.000000,109.070999,-0.299988,-0.275271
872.000000,109.070999,-0.299749,-0.280755
873.000000,109.070999,-0.299159,-0.280343
874.000000,109.070999,-0.298215,-0.276091
875.000000,109.070999,-0.296918,-0.282762
876.000000,109.070999,-0.295275,-0.280490
877.000000,109.070999,-0.293287,-0.276384
878.000000,109.070999,-0.290957,-0.280535
879.000000,109.070999,-0.288280,-0.277443
880.000000,109.070999,-0.285264,-0.277997
881.000000,109.070999,-0.281916,-0.278382
882.000000,109.070999,-0.278238,-0.270689
883.000000,109.070999,-0.274235,-0.268935
884.000000,109.070999,-0.269904,-0.265668
885.000000,109.070999,-0.265257,-0.266690
886.000000,109.070999,-0.260301,-0.260514
887.000000,109.070999,-0.255041,-0.256074
888.000000,109.070999,-0.249482,-0.219408
889.000000,109.070999,-0.243624,-0.251667
890.000000,109.070999,-0.237483,-0.251167
891.000000,109.070999,-0.231064,-0.240075
892.000000,109.070999,-0.224376,-0.240799
893.000000,109.070999,-0.217423,-0.227439
894.000000,109.070999,-0.210211,-0.219467
895.000000,109.070999,-0.202755,-0.214391
896.000000,109.070999,-0.195061,-0.207578
897.000000,109.070999,-0.187140,-0.206126
898.000000,109.070999,-0.178997,-0.202190
899.000000,109.070999,-0.170643,-0.189957
900.000000,109.070999,-0.162089,-0.185903
901.000000,109.070999,-0.153347,-0.173629
902.000000,109.070999,-0.144425,-0.164163
903.000000,109.070999,-0.135331,-0.159247
904.000000,109.070999,-0.126078,-0.152581
905.000000,109.070999,-0.116678,-0.139555
906.000000,109.070999,-0.107141,-0.127932
907.000000,109.070999,-0.097480,-0.126993
908.000000,109.070999,-0.087702,-0.117834
909.000000,109.070999,-0.077821,-0.114165
910.000000,109.070999,-0.067850,-0.100131
911.000000,109.070999,-0.057799,-0.091119
912.000000,109.070999,-0.047680,-0.089763
913.000000,109.070999,-0.037505,-0.079303
914.000000,109.070999,-0.027286,-0.064463
915.000000,109.070999,-0.017035,-0.059034
0.000000,113.911003,0.001304,-0.039256
1.000000,113.911003,0.012037,-0.035820
2.000000,113.911003,0.022754,-0.022386
3.000000,113.911003,0.033442,-0.011720
4.000000,113.911003,0.044087,-0.004344
5.000000,113.911003,0.054676,0.008782
6.000000,113.911003,0.065194,0.011329
7.000000,113.911003,0.075629,0.025331
8.000000,113.911003,0.085968,0.043057
9.000000,113.911003,0.096196,0.039932
10.000000,113.911003,0.106301,0.059399
11.000000,113.911003,0.116269,0.071678
12.000000,113.911003,0.126090,0.075861
13.000000,113.911003,0.135749,0.084094
14.000000,113.911003,0.145234,0.098833
15.000000,113.911003,0.154533,0.101829
16.000000,113.911003,0.163635,0.113182
17.000000,113.911003,0.172526,0.125988
18.000000,113.911003,0.181196,0.126011
19.000000,113.911003,0.189633,0.139371
20.000000,113.911003,0.197829,0.148337
21.000000,113.911003,0.205770,0.151086
22.000000,113.911003,0.213449,0.165545
23.000000,113.911003,0.220855,0.171387
24.000000,113.911003,0.227978,0.184774
25.000000,113.911003,0.234809,0.191486
26.000000,113.911003,0.241340,0.194395
27.000000,113.911003,0.247562,0.199055
28.000000,113.911003,0.253467,0.214014
29.000000,113.911003,0.259046,0.217230
30.000000,113.911003,0.264292,0.226576
31.000000,113.911003,0.269200,0.235735
32.000000,113.911003,0.273764,0.231071
33.000000,113.911003,0.277978,0.239744
34.000000,113.911003,0.281836,0.249576
35.000000,113.911003,0.285333,0.250712
36.000000,113.911003,0.288465,0.259985
37.000000,113.911003,0.291228,0.258304
38.000000,113.911003,0.293619,0.260233
39.000000,113.911003,0.295634,0.265845
40.000000,113.911003,0.297270,0.268466
41.000000,113.911003,0.298523,0.273840
42.000000,113.911003,0.299394,0.275792
43.000000,113.911003,0.299881,0.272960
44.000000,113.911003,0.299985,0.277327
45.000000,113.911003,0.299705,0.283659
46.000000,113.911003,0.299042,0.283008
47.000000,113.911003,0.297996,0.280447
48.000000,113.911003,0.296568,0.283205
49.000000,113.911003,0.294761,0.281368
50.000000,113.911003,0.292578,0.278880
51.000000,113.911003,0.290019,0.278225
52.000000,113.911003,0.287090,0.273254
53.000000,113.911003,0.283789,0.280740
54.000000,113.911003,0.280126,0.274532
55.000000,113.911003,0.276104,0.273327
56.000000,113.911003,0.271729,0.270679
57.000000,113.911003,0.267006,0.262152
58.000000,113.911003,0.261942,0.261859
59.000000,113.911003,0.256543,0.261424
60.000000,113.911003,0.250815,0.254139
61.000000,113.911003,0.244767,0.250391
62.000000,113.911003,0.238405,0.245636
63.000000,113.911003,0.231738,0.241338
64.000000,113.911003,0.224774,0.231937
65.000000,113.911003,0.217520,0.230975
66.000000,113.911003,0.209988,0.220804
67.000000,113.911003,0.202187,0.217349
68.000000,113.911003,0.194128,0.216987
69.000000,113.911003,0.185820,0.198555
70.000000,113.911003,0.177275,0.195321
71.000000,113.911003,0.168503,0.188586
72.000000,113.911003,0.159515,0.179208
73.000000,113.911003,0.150323,0.176339
74.000000,113.911003,0.140939,0.157899
75.000000,113.911003,0.131374,0.154499
76.000000,113.911003,0.121640,0.152731
77.000000,113.911003,0.111750,0.138885
78.000000,113.911003,0.101717,0.131944
79.000000,113.911003,0.091554,0.125108
80.000000,113.911003,0.081274,0.116637
81.000000,113.911003,0.070890,0.108129
82.000000,113.911003,0.060415,0.102480
83.000000,113.911003,0.049863,0.086728
84.000000,113.911003,0.039247,0.077547
85.000000,113.911003,0.028581,0.070931
86.000000,113.911003,0.017878,0.058753
87.000000,113.911003,0.007152,0.052692
88.000000,113.911003,-0.003583,0.038869
89.000000,113.911003,-0.014313,0.027425
90.000000,113.911003,-0.025025,0.025757
91.000000,113.911003,-0.035705,0.013061
92.000000,113.911003,-0.046339,-0.001371
93.000000,113.911003,-0.056914,-0.011459
94.000000,113.911003,-0.067416,-0.025360
95.000000,113.911003,-0.077832,-0.030546
96.000000,113.911003,-0.088148,-0.031421
97.000000,113.911003,-0.098351,-0.050921
98.000000,113.911003,-0.108429,-0.061362
99.000000,113.911003,-0.118368,-0.061724
100.000000,113.911003,-0.128155,-0.078749
101.000000,113.911003,-0.137777,-0.095518
102.000000,113.911003,-0.147223,-0.087999
103.000000,113.911003,-0.156480,-0.102857
104.000000,113.911003,-0.165537,-0.113899
105.000000,113.911003,-0.174382,-0.120354
106.000000,113.911003,-0.183004,-0.137306
107.000000,113.911003,-0.191392,-0.141287
108.000000,113.911003,-0.199535,-0.148302
109.000000,113.911003,-0.207423,-0.160301
110.000000,113.911003,-0.215046,-0.160869
111.000000,113.911003,-0.222393,-0.177642
112.000000,113.911003,-0.229455,-0.182036
113.000000,113.911003,-0.236221,-0.186791
114.000000,113.911003,-0.242685,-0.191103
115.000000,113.911003,-0.248839,-0.205411
116.000000,113.911003,-0.254674,-0.213360
117.000000,113.911003,-0.260183,-0.221158
118.000000,113.911003,-0.265360,-0.222679
119.000000,113.911003,-0.270197,-0.222001
120.000000,113.911003,-0.274688,-0.234926
121.000000,113.911003,-0.278828,-0.238673
122.000000,113.911003,-0.282611,-0.249435
123.000000,113.911003,-0.286032,-0.256061
124.000000,113.911003,-0.289086,-0.257068
125.000000,113.911003,-0.291768,-0.262695
126.000000,113.911003,-0.294077,-0.266855
127.000000,113.911003,-0.296009,-0.271230
128.000000,113.911003,-0.297563,-0.269961
129.000000,113.911003,-0.298736,-0.271102
130.000000,113.911003,-0.299527,-0.266190
131.000000,113.911003,-0.299935,-0.276068
132.000000,113.911003,-0.299958,-0.278703
133.000000,113.911003,-0.299598,-0.280558
134.000000,113.911003,-0.298855,-0.284329
135.000000,113.911003,-0.297729,-0.279523
136.000000,113.911003,-0.296220,-0.275344
137.000000,113.911003,-0.294331,-0.278822
138.000000,113.911003,-0.292065,-0.281456
139.000000,113.911003,-0.289425,-0.278084
140.000000,113.911003,-0.286416,-0.281502
141.000000,113.911003,-0.283039,-0.272316
142.000000,113.911003,-0.279301,-0.276183
143.000000,113.911003,-0.275205,-0.268862
144.000000,113.911003,-0.270757,-0.264449
145.000000,113.911003,-0.265963,-0.267368
146.000000,113.911003,-0.260828,-0.261655
147.000000,113.911003,-0.255360,-0.252936
148.000000,113.911003,-0.249562,-0.254494
149.000000,113.911003,-0.243444,-0.253848
150.000000,113.911003,-0.237015,-0.238962
151.000000,113.911003,-0.230283,-0.243700
152.000000,113.911003,-0.223256,-0.230413
153.000000,113.911003,-0.215943,-0.218721
154.000000,113.911003,-0.208355,-0.221378
155.000000,113.911003,-0.200499,-0.216279
156.000000,113.911003,-0.192387,-0.205260
157.000000,113.911003,-0.184029,-0.201370
158.000000,113.911003,-0.175435,-0.195817
159.000000,113.911003,-0.166617,-0.186498
160.000000,113.911003,-0.157584,-0.177116
161.000000,113.911003,-0.148349,-0.167403
162.000000,113.911003,-0.138924,-0.165029
163.000000,113.911003,-0.129322,-0.156361
164.000000,113.911003,-0.119554,-0.145695
165.000000,113.911003,-0.109633,-0.140733
166.000000,113.911003,-0.099572,-0.132560
167.000000,113.911003,-0.089383,-0.121687
168.000000,113.911003,-0.079080,-0.114838
169.000000,113.911003,-0.068676,-0.106898
170.000000,113.911003,-0.058184,-0.092979
171.000000,113.911003,-0.047618,-0.087156
172.000000,113.911003,-0.036989,-0.085850
173.000000,113.911003,-0.026314,-0.064257
174.000000,113.911003,-0.015605,-0.058801
175.000000,113.911003,-0.004876,-0.041574
176.000000,113.911003,0.005859,-0.033309
177.000000,113.911003,0.016586,-0.031279
178.000000,113.911003,0.027293,-0.017919
179.000000,113.911003,0.037964,-0.007180
180.000000,113.911003,0.048587,-0.002118
181.000000,113.911003,0.059148,0.014436
182.000000,113.911003,0.069633,0.018023
183.000000,113.911003,0.080030,0.027938
184.000000,113.911003,0.090322,0.047671
185.000000,113.911003,0.100500,0.048486
186.000000,113.911003,0.110548,0.057246
187.000000,113.911003,0.120455,0.074212
188.000000,113.911003,0.130208,0.073414
189.000000,113.911003,0.139794,0.090421
190.000000,113.911003,0.149202,0.103447
191.000000,113.911003,0.158418,0.108450
192.000000,113.911003,0.167432,0.121370
193.000000,113.911003,0.176232,0.130455
194.000000,113.911003,0.184806,0.131738
195.000000,113.911003,0.193144,0.142271
196.000000,113.911003,0.201232,0.151223
197.000000,113.911003,0.209063,0.159713
198.000000,113.911003,0.216626,0.170613
199.000000,113.911003,0.223912,0.164226
200.000000,113.911003,0.230912,0.180541
201.000000,113.911003,0.237616,0.195440
202.000000,113.911003,0.244016,0.198482
203.000000,113.911003,0.250104,0.212603
204.000000,113.911003,0.255871,0.215727
205.000000,113.911003,0.261312,0.220804
206.000000,113.911003,0.266418,0.226503
207.000000,113.911003,0.271183,0.232908
208.000000,113.911003,0.275598,0.232111
209.000000,113.911003,0.279661,0.241604
210.000000,113.911003,0.283365,0.255083
211.000000,113.911003,0.286707,0.250786
212.000000,113.911003,0.289682,0.255592
213.000000,113.911003,0.292287,0.259930
214.000000,113.911003,0.294517,0.255472
215.000000,113.911003,0.296371,0.269199
216.000000,113.911003,0.297845,0.270912
217.000000,113.911003,0.298939,0.283521
218.000000,113.911003,0.299650,0.279892
219.000000,113.911003,0.299976,0.271320
220.000000,113.911003,0.299916,0.276506
221.000000,113.911003,0.299473,0.281725
222.000000,113.911003,0.298646,0.281368
223.000000,113.911003,0.297437,0.282160
224.000000,113.911003,0.295847,0.282165
225.000000,113.911003,0.293879,0.278687
226.000000,113.911003,0.291535,0.280740
227.000000,113.911003,0.288818,0.283132
228.000000,113.911003,0.285731,0.274000
229.000000,113.911003,0.282279,0.279246
230.000000,113.911003,0.278465,0.268278
231.000000,113.911003,0.274294,0.260013
232.000000,113.911003,0.269770,0.267779
233.000000,113.911003,0.264901,0.265359
234.000000,113.911003,0.259693,0.261859
235.000000,113.911003,0.254152,0.264178
236.000000,113.911003,0.248287,0.252206
237.000000,113.911003,0.242104,0.243918
238.000000,113.911003,0.235610,0.242956
239.000000,113.911003,0.228816,0.236725
240.000000,113.911003,0.221729,0.232157
241.000000,113.911003,0.214358,0.226435
242.000000,113.911003,0.206712,0.210610
243.000000,113.911003,0.198802,0.212662
244.000000,113.911003,0.190635,0.212154
245.000000,113.911003,0.182224,0.201529
246.000000,113.911003,0.173581,0.192421
247.000000,113.911003,0.164715,0.185100
248.000000,113.911003,0.155638,0.174814
249.000000,113.911003,0.146363,0.171272
250.000000,113.911003,0.136900,0.158879
251.000000,113.911003,0.127262,0.153972
252.000000,113.911003,0.117461,0.150637
253.000000,113.911003,0.107510,0.126538
254.000000,113.911003,0.097421,0.126657
255.000000,113.911003,0.087207,0.124582
256.000000,113.911003,0.076881,0.112917
257.000000,113.911003,0.066456,0.105742
258.000000,113.911003,0.055947,0.097193
259.000000,113.911003,0.045366,0.083228
260.000000,113.911003,0.034727,0.077620
261.000000,113.911003,0.024043,0.067665
262.000000,113.911003,0.013329,0.053613
263.000000,113.911003,0.002598,0.044871
264.000000,113.911003,-0.008137,0.040991
265.000000,113.911003,-0.018861,0.024964
266.000000,113.911003,-0.029561,0.016809
267.000000,113.911003,-0.040224,0.013744
268.000000,113.911003,-0.050834,-0.004958
269.000000,113.911003,-0.061380,-0.010460
270.000000,113.911003,-0.071847,-0.032919
271.000000,113.911003,-0.082221,-0.037707
272.000000,113.911003,-0.092491,-0.042463
273.000000,113.911003,-0.102642,-0.055534
274.000000,113.911003,-0.112662,-0.062782
275.000000,113.911003,-0.122538,-0.073484
276.000000,113.911003,-0.132257,-0.085369
277.000000,113.911003,-0.141807,-0.087257
278.000000,113.911003,-0.151176,-0.098179
279.000000,113.911003,-0.160350,-0.112084
280.000000,113.911003,-0.169318,-0.118819
281.000000,113.911003,-0.178070,-0.128954
282.000000,113.911003,-0.186593,-0.138873
283.000000,113.911003,-0.194878,-0.143981
284.000000,113.911003,-0.202913,-0.156141
285.000000,113.911003,-0.210689,-0.162395
286.000000,113.911003,-0.218195,-0.167517
287.000000,113.911003,-0.225422,-0.178449
288.000000,113.911003,-0.232360,-0.188217
289.000000,113.911003,-0.239002,-0.188885
290.000000,113.911003,-0.245338,-0.197123
291.000000,113.911003,-0.251357,-0.180323
292.000000,113.911003,-0.257054,-0.210240
293.000000,113.911003,-0.262422,-0.228159
294.000000,113.911003,-0.267455,-0.231760
295.000000,113.911003,-0.272145,-0.235915
296.000000,113.911003,-0.276487,-0.242293
297.000000,113.911003,-0.280475,-0.246861
298.000000,113.911003,-0.284104,-0.250782
299.000000,113.911003,-0.287370,-0.258141
300.000000,113.911003,-0.290268,-0.258108
301.000000,113.911003,-0.292794,-0.265609
302.000000,113.911003,-0.294947,-0.268935
303.000000,113.911003,-0.296719,-0.268096
304.000000,113.911003,-0.298110,-0.273461
305.000000,113.911003,-0.299120,-0.279436
306.000000,113.911003,-0.299747,-0.269984
307.000000,113.911003,-0.299991,-0.276888
308.000000,113.911003,-0.299851,-0.277956
309.000000,113.911003,-0.299327,-0.273484
310.000000,113.911003,-0.298421,-0.282542
311.000000,113.911003,-0.297132,-0.284957
312.000000,113.911003,-0.295463,-0.278845
313.000000,113.911003,-0.293417,-0.282542
314.000000,113.911003,-0.290994,-0.279449
315.000000,113.911003,-0.288197,-0.278084
316.000000,113.911003,-0.285030,-0.273915
317.000000,113.911003,-0.281499,-0.274029
318.000000,113.911003,-0.277607,-0.281983
319.000000,113.911003,-0.273360,-0.269901
320.000000,113.911003,-0.268763,-0.265343
321.000000,113.911003,-0.263823,-0.264688
322.000000,113.911003,-0.258545,-0.255108
323.000000,113.911003,-0.252936,-0.249742
324.000000,113.911003,-0.247004,-0.253600
325.000000,113.911003,-0.240755,-0.247081
326.000000,113.911003,-0.234199,-0.237028
327.000000,113.911003,-0.227340,-0.239759
328.000000,113.911003,-0.220190,-0.233840
329.000000,113.911003,-0.212758,-0.223114
330.000000,113.911003,-0.205054,-0.221012
331.000000,113.911003,-0.197088,-0.217025
332.000000,113.911003,-0.188869,-0.206639
333.000000,113.911003,-0.180409,-0.194823
334.000000,113.911003,-0.171719,-0.188771
335.000000,113.911003,-0.162808,-0.185229
336.000000,113.911003,-0.153689,-0.176236
337.000000,113.911003,-0.144373,-0.164470
338.000000,113.911003,-0.134873,-0.162894
339.000000,113.911003,-0.125198,-0.153474
340.000000,113.911003,-0.115363,-0.140522
341.000000,113.911003,-0.105381,-0.134406
342.000000,113.911003,-0.095264,-0.129820
343.000000,113.911003,-0.085025,-0.113147
344.000000,113.911003,-0.074677,-0.109478
345.000000,113.911003,-0.064234,-0.100805
346.000000,113.911003,-0.053709,-0.087619
347.000000,113.911003,-0.043114,-0.086116
348.000000,113.911003,-0.032465,-0.076696
349.000000,113.911003,-0.021774,-0.066163
350.000000,113.911003,-0.011055,-0.053307
351.000000,113.911003,-0.000321,-0.044575
352.000000,113.911003,0.010412,-0.035760
353.000000,113.911003,0.021133,-0.024673
354.000000,113.911003,0.031826,-0.011194
355.000000,113.911003,0.042478,-0.007684
356.000000,113.911003,0.053076,0.005603
357.000000,113.911003,0.063606,0.019668
358.000000,113.911003,0.074055,0.025491
359.000000,113.911003,0.084409,0.033871
360.000000,113.911003,0.094655,0.046676
361.000000,113.911003,0.104780,0.053100
362.000000,113.911003,0.114771,0.063853
363.000000,113.911003,0.124614,0.077405
364.000000,113.911003,0.134298,0.080475
365.000000,113.911003,0.143809,0.093981
366.000000,113.911003,0.153136,0.104221
367.000000,113.911003,0.162268,0.110530
368.000000,113.911003,0.171191,0.120976
369.000000,113.911003,0.179896,0.125177
370.000000,113.911003,0.188371,0.138871
371.000000,113.911003,0.196604,0.148630
372.000000,113.911003,0.204586,0.157486
373.000000,113.911003,0.212307,0.166686
374.000000,113.911003,0.219755,0.164757
375.000000,113.911003,0.226920,0.176454
376.000000,113.911003,0.233794,0.185581
377.000000,113.911003,0.240370,0.195706
378.000000,113.911003,0.246637,0.201529
379.000000,113.911003,0.252590,0.208869
380.000000,113.911003,0.258219,0.218041
381.000000,113.911003,0.263517,0.220204
382.000000,113.911003,0.268479,0.229463
383.000000,113.911003,0.273097,0.232084
384.000000,113.911003,0.277365,0.242218
385.000000,113.911003,0.281279,0.244770
386.000000,113.911003,0.284832,0.247299
387.000000,113.911003,0.288017,0.251812
388.000000,113.911003,0.290835,0.263197
389.000000,113.911003,0.293280,0.260013
390.000000,113.911003,0.295350,0.263632
391.000000,113.911003,0.297042,0.272864
392.000000,113.911003,0.298354,0.271247
393.000000,113.911003,0.299284,0.277020
394.000000,113.911003,0.299831,0.277478
395.000000,113.911003,0.299995,0.274820
396.000000,113.911003,0.299775,0.281633
397.000000,113.911003,0.299171,0.280392
398.000000,113.911003,0.298183,0.277794
399.000000,113.911003,0.296812,0.280286
400.000000,113.911003,0.295060,0.278866
401.000000,113.911003,0.292931,0.279054
402.000000,113.911003,0.290427,0.282499
403.000000,113.911003,0.287552,0.274293
404.000000,113.911003,0.284309,0.277927
405.000000,113.911003,0.280702,0.277565
406.000000,113.911003,0.276735,0.268420
407.000000,113.911003,0.272415,0.268319
408.000000,113.911003,0.267746,0.275398
409.000000,113.911003,0.262735,0.261873
410.000000,113.911003,0.257386,0.255518
411.000000,113.911003,0.251705,0.252110
412.000000,113.911003,0.245703,0.242905
413.000000,113.911003,0.239387,0.242204
414.000000,113.911003,0.232764,0.243923
415.000000,113.911003,0.225843,0.233971
416.000000,113.911003,0.218634,0.228803
417.000000,113.911003,0.211145,0.222655
418.000000,113.911003,0.203385,0.196535
419.000000,113.911003,0.195365,0.209968
420.000000,113.911003,0.187096,0.204195
421.000000,113.911003,0.178587,0.200109
422.000000,113.911003,0.169848,0.197667
423.000000,113.911003,0.160890,0.184275
424.000000,113.911003,0.151728,0.178300
425.000000,113.911003,0.142371,0.168258
426.000000,113.911003,0.132831,0.151159
427.000000,113.911003,0.123122,0.147558
428.000000,113.911003,0.113256,0.147343
429.000000,113.911003,0.103244,0.132338
430.000000,113.911003,0.093101,0.122556
431.000000,113.911003,0.082838,0.121228
432.000000,113.911003,0.072469,0.108303
433.000000,113.911003,0.062007,0.100088
434.000000,113.911003,0.051466,0.091406
435.000000,113.911003,0.040858,0.073107
436.000000,113.911003,0.030199,0.069053
437.000000,113.911003,0.019500,0.059239
438.000000,113.911003,0.008777,0.050259
439.000000,113.911003,-0.001957,0.043730
440.000000,113.911003,-0.012689,0.030105
441.000000,113.911003,-0.023405,0.023310
442.000000,113.911003,-0.034090,0.017588
443.000000,113.911003,-0.044733,0.001456
444.000000,113.911003,-0.055318,-0.009879
445.000000,113.911003,-0.065832,-0.015674
446.000000,113.911003,-0.076262,-0.029566
447.000000,113.911003,-0.086593,-0.038527
448.000000,113.911003,-0.096814,-0.052950
449.000000,113.911003,-0.106911,-0.058214
450.000000,113.911003,-0.116871,-0.063529
451.000000,113.911003,-0.126681,-0.075844
452.000000,113.911003,-0.136330,-0.088723
453.000000,113.911003,-0.145804,-0.093304
454.000000,113.911003,-0.155091,-0.109505
455.000000,113.911003,-0.164180,-0.117005
456.000000,113.911003,-0.173059,-0.117807
457.000000,113.911003,-0.181717,-0.135739
458.000000,113.911003,-0.190140,-0.140527
459.000000,113.911003,-0.198320,-0.142529
460.000000,113.911003,-0.206246,-0.161634
461.000000,113.911003,-0.213907,-0.169029
462.000000,113.911003,-0.221296,-0.166271
463.000000,113.911003,-0.228401,-0.178302
464.000000,113.911003,-0.235213,-0.188230
465.000000,113.911003,-0.241725,-0.193719
466.000000,113.911003,-0.247928,-0.203304
467.000000,113.911003,-0.253813,-0.211225
468.000000,113.911003,-0.259374,-0.219573
469.000000,113.911003,-0.264602,-0.224219
470.000000,113.911003,-0.269490,-0.229620
471.000000,113.911003,-0.274032,-0.237533
472.000000,113.911003,-0.278224,-0.241340
473.000000,113.911003,-0.282059,-0.239622
474.000000,113.911003,-0.285534,-0.248680
475.000000,113.911003,-0.288643,-0.255708
476.000000,113.911003,-0.291383,-0.255703
477.000000,113.911003,-0.293750,-0.265581
478.000000,113.911003,-0.295741,-0.275056
479.000000,113.911003,-0.297354,-0.272517
480.000000,113.911003,-0.298587,-0.261407
481.000000,113.911003,-0.299437,-0.271716
482.000000,113.911003,-0.299901,-0.269910
483.000000,113.911003,-0.299981,-0.282469
484.000000,113.911003,-0.299677,-0.280796
485.000000,113.911003,-0.298990,-0.283783
486.000000,113.911003,-0.297920,-0.283816
487.000000,113.911003,-0.296469,-0.283490
488.000000,113.911003,-0.294638,-0.292516
489.000000,113.911003,-0.292431,-0.281296
490.000000,113.911003,-0.289849,-0.272137
491.000000,113.911003,-0.286897,-0.276361
492.000000,113.911003,-0.283578,-0.273342
493.000000,113.911003,-0.279895,-0.268797
494.000000,113.911003,-0.275851,-0.273988
495.000000,113.911003,-0.271454,-0.268215
496.000000,113.911003,-0.266710,-0.260243
497.000000,113.911003,-0.261625,-0.266768
498.000000,113.911003,-0.256205,-0.262708
499.000000,113.911003,-0.250457,-0.254649
500.000000,113.911003,-0.244388,-0.251520
501.000000,113.911003,-0.238007,-0.243301
502.000000,113.911003,-0.231322,-0.238820
503.000000,113.911003,-0.224340,-0.233373
504.000000,113.911003,-0.217071,-0.224054
505.000000,113.911003,-0.209525,-0.225172
506.000000,113.911003,-0.201708,-0.225932
507.000000,113.911003,-0.193632,-0.203019
508.000000,113.911003,-0.185310,-0.199437
509.000000,113.911003,-0.176750,-0.194851
510.000000,113.911003,-0.167964,-0.186805
511.000000,113.911003,-0.158963,-0.179195
512.000000,113.911003,-0.149758,-0.172456
513.000000,113.911003,-0.140362,-0.160690
514.000000,113.911003,-0.130787,-0.155761
515.000000,113.911003,-0.121044,-0.153855
516.000000,113.911003,-0.111146,-0.141915
517.000000,113.911003,-0.101106,-0.127419
518.000000,113.911003,-0.090935,-0.119126
519.000000,113.911003,-0.080648,-0.116332
520.000000,113.911003,-0.070257,-0.107631
521.000000,113.911003,-0.059777,-0.090505
522.000000,113.911003,-0.049221,-0.091170
523.000000,113.911003,-0.038602,-0.082790
524.000000,113.911003,-0.027933,-0.070351
525.000000,113.911003,-0.017228,-0.060968
526.000000,113.911003,-0.006501,-0.049688
527.000000,113.911003,0.004234,-0.033162
528.000000,113.911003,0.014963,-0.032246
529.000000,113.911003,0.025674,-0.019033
530.000000,113.911003,0.036352,-0.004513
531.000000,113.911003,0.046983,-0.001591
532.000000,113.911003,0.057553,0.010803
533.000000,113.911003,0.068050,0.020575
534.000000,113.911003,0.078460,0.025344
535.000000,113.911003,0.088770,0.038617
536.000000,113.911003,0.098966,0.043758
537.000000,113.911003,0.109035,0.062460
538.000000,113.911003,0.118965,0.076026
539.000000,113.911003,0.128743,0.072814
540.000000,113.911003,0.138356,0.086334
541.000000,113.911003,0.147792,0.103227
542.000000,113.911003,0.157037,0.108303
543.000000,113.911003,0.166081,0.114676
544.000000,113.911003,0.174913,0.129708
545.000000,113.911003,0.183521,0.128764
546.000000,113.911003,0.191894,0.143018
547.000000,113.911003,0.200021,0.153670
548.000000,113.911003,0.207893,0.158526
549.000000,113.911003,0.215498,0.166306
550.000000,113.911003,0.222828,0.173999
551.000000,113.911003,0.229873,0.175414
552.000000,113.911003,0.236624,0.191294
553.000000,113.911003,0.243070,0.195775
554.000000,113.911003,0.249204,0.204869
555.000000,113.911003,0.255020,0.214261
556.000000,113.911003,0.260508,0.215077
557.000000,113.911003,0.265664,0.226283
558.000000,113.911003,0.270479,0.230608
559.000000,113.911003,0.274949,0.236725
560.000000,113.911003,0.279066,0.240418
561.000000,113.911003,0.282827,0.250543
562.000000,113.911003,0.286226,0.247592
563.000000,113.911003,0.289258,0.257378
564.000000,113.911003,0.291921,0.260517
565.000000,113.911003,0.294208,0.263133
566.000000,113.911003,0.296117,0.270912
567.000000,113.911003,0.297647,0.268658
568.000000,113.911003,0.298796,0.273400
569.000000,113.911003,0.299563,0.281840
570.000000,113.911003,0.299947,0.272727
571.000000,113.911003,0.299946,0.276887
572.000000,113.911003,0.299562,0.282179
573.000000,113.911003,0.298795,0.281821
574.000000,113.911003,0.297645,0.279260
575.000000,113.911003,0.296115,0.280305
576.000000,113.911003,0.294206,0.275934
577.000000,113.911003,0.291918,0.280520
578.000000,113.911003,0.289255,0.284025
579.000000,113.911003,0.286222,0.275787
580.000000,113.911003,0.282823,0.276946
581.000000,113.911003,0.279062,0.275178
582.000000,113.911003,0.274944,0.268567
583.000000,113.911003,0.270474,0.269199
584.000000,113.911003,0.265658,0.262125
585.000000,113.911003,0.260503,0.258592
586.000000,113.911003,0.255014,0.248124
587.000000,113.911003,0.249198,0.250039
588.000000,113.911003,0.243064,0.253525
589.000000,113.911003,0.236617,0.248917
590.000000,113.911003,0.229866,0.239625
591.000000,113.911003,0.222820,0.232904
592.000000,113.911003,0.215490,0.228295
593.000000,113.911003,0.207884,0.215370
594.000000,113.911003,0.200013,0.217349
595.000000,113.911003,0.191885,0.210367
596.000000,113.911003,0.183512,0.199449
597.000000,113.911003,0.174904,0.187587
598.000000,113.911003,0.166072,0.188953
599.000000,113.911003,0.157028,0.178168
600.000000,113.911003,0.147782,0.172619
601.000000,113.911003,0.138346,0.157445
602.000000,113.911003,0.128733,0.156286
603.000000,113.911003,0.118955,0.152437
604.000000,113.911003,0.109025,0.134491
605.000000,113.911003,0.098956,0.127184
606.000000,113.911003,0.088760,0.124142
607.000000,113.911003,0.078450,0.109416
608.000000,113.911003,0.068040,0.100835
609.000000,113.911003,0.057543,0.099873
610.000000,113.911003,0.046972,0.085688
611.000000,113.911003,0.036341,0.078440
612.000000,113.911003,0.025664,0.064984
613.000000,113.911003,0.014953,0.057640
614.000000,113.911003,0.004223,0.048752
615.000000,113.911003,-0.006512,0.041169
616.000000,113.911003,-0.017238,0.026531
617.000000,113.911003,-0.027943,0.019356
618.000000,113.911003,-0.038612,0.008668
619.000000,113.911003,-0.049231,-0.007025
620.000000,113.911003,-0.059788,-0.013466
621.000000,113.911003,-0.070267,-0.026913
622.000000,113.911003,-0.080658,-0.033300
623.000000,113.911003,-0.090945,-0.040868
624.000000,113.911003,-0.101115,-0.053967
625.000000,113.911003,-0.111156,-0.058008
626.000000,113.911003,-0.121053,-0.064477
627.000000,113.911003,-0.130796,-0.077182
628.000000,113.911003,-0.140372,-0.090831
629.000000,113.911003,-0.149767,-0.092686
630.000000,113.911003,-0.158971,-0.112978
631.000000,113.911003,-0.167972,-0.119259
632.000000,113.911003,-0.176758,-0.124454
633.000000,113.911003,-0.185318,-0.141773
634.000000,113.911003,-0.193640,-0.144334
635.000000,113.911003,-0.201715,-0.149062
636.000000,113.911003,-0.209532,-0.162234
637.000000,113.911003,-0.217079,-0.166889
638.000000,113.911003,-0.224347,-0.185156
639.000000,113.911003,-0.231328,-0.186723
640.000000,113.911003,-0.238014,-0.184478
641.000000,113.911003,-0.244395,-0.198163
642.000000,113.911003,-0.250463,-0.206451
643.000000,113.911003,-0.256210,-0.210387
644.000000,113.911003,-0.261630,-0.217218
645.000000,113.911003,-0.266715,-0.223792
646.000000,113.911003,-0.271459,-0.228548
647.000000,113.911003,-0.275855,-0.230839
648.000000,113.911003,-0.279899,-0.241280
649.000000,113.911003,-0.283581,-0.240368
650.000000,113.911003,-0.286900,-0.256574
651.000000,113.911003,-0.289852,-0.258021
652.000000,113.911003,-0.292433,-0.267569
653.000000,113.911003,-0.294640,-0.269008
654.000000,113.911003,-0.296470,-0.268609
655.000000,113.911003,-0.297921,-0.273402
656.000000,113.911003,-0.298991,-0.275862
657.000000,113.911003,-0.299677,-0.273397
658.000000,113.911003,-0.299981,-0.277182
659.000000,113.911003,-0.299901,-0.280783
660.000000,113.911003,-0.299437,-0.275418
661.000000,113.911003,-0.298586,-0.280829
662.000000,113.911003,-0.297353,-0.284503
663.000000,113.911003,-0.295740,-0.275271
664.000000,113.911003,-0.293748,-0.281722
665.000000,113.911003,-0.291380,-0.279376
666.000000,113.911003,-0.288640,-0.275491
667.000000,113.911003,-0.285530,-0.278602
668.000000,113.911003,-0.282056,-0.278116
669.000000,113.911003,-0.278220,-0.278130
670.000000,113.911003,-0.274028,-0.267075
671.000000,113.911003,-0.269485,-0.263922
672.000000,113.911003,-0.264598,-0.267148
673.000000,113.911003,-0.259368,-0.260014
674.000000,113.911003,-0.253807,-0.250856
675.000000,113.911003,-0.247922,-0.260221
676.000000,113.911003,-0.241719,-0.247301
677.000000,113.911003,-0.235207,-0.237248
678.000000,113.911003,-0.228394,-0.234106
679.000000,113.911003,-0.221289,-0.232053
680.000000,113.911003,-0.213900,-0.220141
681.000000,113.911003,-0.206238,-0.215578
682.000000,113.911003,-0.198312,-0.214419
683.000000,113.911003,-0.190132,-0.202346
684.000000,113.911003,-0.181709,-0.202117
685.000000,113.911003,-0.173051,-0.193077
686.000000,113.911003,-0.164171,-0.191717
687.000000,113.911003,-0.155082,-0.177569
688.000000,113.911003,-0.145794,-0.163490
689.000000,113.911003,-0.136320,-0.161708
690.000000,113.911003,-0.126672,-0.152874
691.000000,113.911003,-0.116861,-0.140815
692.000000,113.911003,-0.106901,-0.138566
693.000000,113.911003,-0.096804,-0.130860
694.000000,113.911003,-0.086583,-0.120881
695.000000,113.911003,-0.076252,-0.112978
696.000000,113.911003,-0.065822,-0.097011
697.000000,113.911003,-0.055307,-0.088146
698.000000,113.911003,-0.044722,-0.084110
699.000000,113.911003,-0.034080,-0.074616
700.000000,113.911003,-0.023394,-0.060450
701.000000,113.911003,-0.012679,-0.056134
702.000000,113.911003,-0.001947,-0.046948
703.000000,113.911003,0.008788,-0.042834
704.000000,113.911003,0.019511,-0.025932
705.000000,113.911003,0.030209,-0.019147
706.000000,113.911003,0.040869,-0.008284
707.000000,113.911003,0.051476,0.002556
708.000000,113.911003,0.062018,0.019302
709.000000,113.911003,0.072479,0.021697
710.000000,113.911003,0.082848,0.121768
711.000000,113.911003,0.093111,0.051437
712.000000,113.911003,0.103254,0.028038
713.000000,113.911003,0.113266,0.040505
714.000000,113.911003,0.123132,0.060971
715.000000,113.911003,0.132841,0.073708
716.000000,113.911003,0.142380,0.085281
717.000000,113.911003,0.151737,0.109348
718.000000,113.911003,0.160900,0.110310
719.000000,113.911003,0.169857,0.117856
720.000000,113.911003,0.178595,0.124783
721.000000,113.911003,0.187104,0.135825
722.000000,113.911003,0.195374,0.146637
723.000000,113.911003,0.203393,0.149372
724.000000,113.911003,0.211152,0.165353
725.000000,113.911003,0.218641,0.173765
726.000000,113.911003,0.225851,0.176381
727.000000,113.911003,0.232771,0.185581
728.000000,113.911003,0.239393,0.195559
729.000000,113.911003,0.245710,0.198409
730.000000,113.911003,0.251712,0.206188
731.000000,113.911003,0.257391,0.216094
732.000000,113.911003,0.262740,0.218343
733.000000,113.911003,0.267751,0.225756
734.000000,113.911003,0.272420,0.235163
735.000000,113.911003,0.276740,0.237765
736.000000,113.911003,0.280706,0.245164
737.000000,113.911003,0.284312,0.247184
738.000000,113.911003,0.287555,0.252339
739.000000,113.911003,0.290430,0.263298
740.000000,113.911003,0.292933,0.258006
741.000000,113.911003,0.295062,0.263559
742.000000,113.911003,0.296813,0.270711
743.000000,113.911003,0.298185,0.269240
744.000000,113.911003,0.299172,0.275686
745.000000,113.911003,0.299775,0.283805
746.000000,113.911003,0.299995,0.274894
747.000000,113.911003,0.299831,0.277020
748.000000,113.911003,0.299283,0.283058
749.000000,113.911003,0.298353,0.283301
750.000000,113.911003,0.297040,0.279846
751.000000,113.911003,0.295348,0.278472
752.000000,113.911003,0.293277,0.276974
753.000000,113.911003,0.290832,0.281913
754.000000,113.911003,0.288014,0.273020
755.000000,113.911003,0.284828,0.275993
756.000000,113.911003,0.281275,0.285532
757.000000,113.911003,0.277361,0.269020
758.000000,113.911003,0.273092,0.269066
759.000000,113.911003,0.268473,0.269818
760.000000,113.911003,0.263512,0.260833
761.000000,113.911003,0.258213,0.259019
762.000000,113.911003,0.252583,0.258057
763.000000,113.911003,0.246631,0.254432
764.000000,113.911003,0.240363,0.246364
765.000000,113.911003,0.233787,0.244669
766.000000,113.911003,0.226912,0.232111
767.000000,113.911003,0.219747,0.227397
768.000000,113.911003,0.212299,0.220588
769.000000,113.911003,0.204578,0.213876
770.000000,113.911003,0.196596,0.209441
771.000000,113.911003,0.188362,0.201662
772.000000,113.911003,0.179887,0.197722
773.000000,113.911003,0.171182,0.196320
774.000000,113.911003,0.162258,0.180701
775.000000,113.911003,0.153127,0.175093
776.000000,113.911003,0.143799,0.171231
777.000000,113.911003,0.134288,0.163067
778.000000,113.911003,0.124604,0.156566
779.000000,113.911003,0.114761,0.145410
780.000000,113.911003,0.104770,0.135238
781.000000,113.911003,0.094645,0.123376
782.000000,113.911003,0.084399,0.119221
783.000000,113.911003,0.074045,0.105916
784.000000,113.911003,0.063596,0.098888
785.000000,113.911003,0.053066,0.087507
786.000000,113.911003,0.042468,0.080914
787.000000,113.911003,0.031815,0.072452
788.000000,113.911003,0.021122,0.054960
789.000000,113.911003,0.010402,0.052559
790.000000,113.911003,-0.000332,0.047057
791.000000,113.911003,-0.011065,0.034792
792.000000,113.911003,-0.021784,0.023457
793.000000,113.911003,-0.032475,0.011934
794.000000,113.911003,-0.043125,0.001309
795.000000,113.911003,-0.053719,-0.006085
796.000000,113.911003,-0.064244,-0.008907
797.000000,113.911003,-0.074687,-0.026666
798.000000,113.911003,-0.085035,0.020369
799.000000,113.911003,-0.095274,-0.046623
800.000000,113.911003,-0.105391,-0.075469
801.000000,113.911003,-0.115373,-0.077663
802.000000,113.911003,-0.125208,-0.086904
803.000000,113.911003,-0.134882,-0.090510
804.000000,113.911003,-0.144383,-0.093831
805.000000,113.911003,-0.153698,-0.109784
806.000000,113.911003,-0.162817,-0.116712
807.000000,113.911003,-0.171727,-0.117894
808.000000,113.911003,-0.180418,-0.135886
809.000000,113.911003,-0.188878,-0.140380
810.000000,113.911003,-0.197096,-0.137915
811.000000,113.911003,-0.205062,-0.155014
812.000000,113.911003,-0.212765,-0.164195
813.000000,113.911003,-0.220197,-0.167091
814.000000,113.911003,-0.227346,-0.179869
815.000000,113.911003,-0.234205,-0.188084
816.000000,113.911003,-0.240761,-0.194159
817.000000,113.911003,-0.247010,-0.202264
818.000000,113.911003,-0.252942,-0.207958
819.000000,113.911003,-0.258550,-0.216865
820.000000,113.911003,-0.263828,-0.226972
821.000000,113.911003,-0.268768,-0.219893
822.000000,113.911003,-0.273364,-0.236259
823.000000,113.911003,-0.277611,-0.238513
824.000000,113.911003,-0.281502,-0.242302
825.000000,113.911003,-0.285033,-0.252927
826.000000,113.911003,-0.288200,-0.257641
827.000000,113.911003,-0.290997,-0.253023
828.000000,113.911003,-0.293419,-0.267515
829.000000,113.911003,-0.295465,-0.268215
830.000000,113.911003,-0.297134,-0.267757
831.000000,113.911003,-0.298422,-0.276815
832.000000,113.911003,-0.299328,-0.272829
833.000000,113.911003,-0.299851,-0.275477
834.000000,113.911003,-0.299991,-0.278309
835.000000,113.911003,-0.299747,-0.277530
836.000000,113.911003,-0.299119,-0.287990
837.000000,113.911003,-0.298109,-0.284636
838.000000,113.911003,-0.296717,-0.271596
839.000000,113.911003,-0.294945,-0.280975
840.000000,113.911003,-0.292792,-0.284650
841.000000,113.911003,-0.290265,-0.276311
842.000000,113.911003,-0.287367,-0.277782
843.000000,113.911003,-0.284101,-0.276843
844.000000,113.911003,-0.280471,-0.268650
845.000000,113.911003,-0.276482,-0.271308
846.000000,113.911003,-0.272140,-0.271042
847.000000,113.911003,-0.267450,-0.269837
848.000000,113.911003,-0.262417,-0.262974
849.000000,113.911003,-0.257049,-0.262928
850.000000,113.911003,-0.251352,-0.252116
851.000000,113.911003,-0.245332,-0.251667
852.000000,113.911003,-0.238996,-0.245908
853.000000,113.911003,-0.232354,-0.248047
854.000000,113.911003,-0.225415,-0.237020
855.000000,113.911003,-0.218188,-0.223014
856.000000,113.911003,-0.210681,-0.222052
857.000000,113.911003,-0.202905,-0.216792
858.000000,113.911003,-0.194870,-0.211427
859.000000,113.911003,-0.186585,-0.202410
860.000000,113.911003,-0.178061,-0.195071
861.000000,113.911003,-0.169310,-0.182192
862.000000,113.911003,-0.160341,-0.180236
863.000000,113.911003,-0.151167,-0.173423
864.000000,113.911003,-0.141798,-0.159197
865.000000,113.911003,-0.132248,-0.162454
866.000000,113.911003,-0.122529,-0.149915
867.000000,113.911003,-0.112653,-0.142442
868.000000,113.911003,-0.102633,-0.135226
869.000000,113.911003,-0.092481,-0.123360
870.000000,113.911003,-0.082212,-0.120826
871.000000,113.911003,-0.071837,-0.108891
872.000000,113.911003,-0.061370,-0.074804
873.000000,113.911003,-0.050824,-0.097717
874.000000,113.911003,-0.040213,-0.085310
875.000000,113.911003,-0.029551,-0.069531
876.000000,113.911003,-0.018851,-0.059621
0.000000,118.966003,0.004722,-0.037707
1.000000,118.966003,0.015927,-0.024755
2.000000,118.966003,0.027110,-0.024879
3.000000,118.966003,0.038254,-0.013452
4.000000,118.966003,0.049346,0.003894
5.000000,118.966003,0.060368,0.008383
6.000000,118.966003,0.071306,0.020176
7.000000,118.966003,0.082144,0.030316
8.000000,118.966003,0.092868,0.040592
9.000000,118.966003,0.103462,0.056252
10.000000,118.966003,0.113912,0.051798
11.000000,118.966003,0.124202,0.068934
12.000000,118.966003,0.134320,0.079600
13.000000,118.966003,0.144249,0.089702
14.000000,118.966003,0.153978,0.103896
15.000000,118.966003,0.163491,0.119968
16.000000,118.966003,0.172776,0.121397
17.000000,118.966003,0.181819,0.134317
18.000000,118.966003,0.190607,0.145336
19.000000,118.966003,0.199130,0.147219
20.000000,118.966003,0.207374,0.157005
21.000000,118.966003,0.215329,0.171378
22.000000,118.966003,0.222984,0.171620
23.000000,118.966003,0.230326,0.179400
24.000000,118.966003,0.237347,0.190886
25.000000,118.966003,0.244037,0.189328
26.000000,118.966003,0.250386,0.206995
27.000000,118.966003,0.256385,0.214596
28.000000,118.966003,0.262027,0.219530
29.000000,118.966003,0.267302,0.230636
30.000000,118.966003,0.272204,0.228317
31.000000,118.966003,0.276726,0.237297
32.000000,118.966003,0.280862,0.243629
33.000000,118.966003,0.284606,0.246099
34.000000,118.966003,0.287952,0.251725
35.000000,118.966003,0.290896,0.263637
36.000000,118.966003,0.293434,0.262693
37.000000,118.966003,0.295562,0.264819
38.000000,118.966003,0.297277,0.272791
39.000000,118.966003,0.298575,0.274074
40.000000,118.966003,0.299457,0.283347
41.000000,118.966003,0.299920,0.276085
42.000000,118.966003,0.299964,0.274000
43.000000,118.966003,0.299590,0.282513
44.000000,118.966003,0.298797,0.275086
45.000000,118.966003,0.297587,0.279420
46.000000,118.966003,0.295962,0.282339
47.000000,118.966003,0.293923,0.279141
48.000000,118.966003,0.291474,0.281120
49.000000,118.966003,0.288617,0.277258
50.000000,118.966003,0.285358,0.267220
51.000000,118.966003,0.281700,0.278660
52.000000,118.966003,0.277649,0.280012
53.000000,118.966003,0.273211,0.271993
54.000000,118.966003,0.268390,0.267646
55.000000,118.966003,0.263195,0.264764
56.000000,118.966003,0.257633,0.259193
57.000000,118.966003,0.251710,0.257892
58.000000,118.966003,0.245437,0.249031
59.000000,118.966003,0.238820,0.244752
60.000000,118.966003,0.231869,0.242617
61.000000,118.966003,0.224594,0.231144
62.000000,118.966003,0.217005,0.228597
63.000000,118.966003,0.209113,0.225702
64.000000,118.966003,0.200929,0.204136
65.000000,118.966003,0.192464,0.209689
66.000000,118.966003,0.183731,0.210747
67.000000,118.966003,0.174741,0.199449
68.000000,118.966003,0.165507,0.191161
69.000000,118.966003,0.156043,0.181792
70.000000,118.966003,0.146360,0.170947
71.000000,118.966003,0.136473,0.161766
72.000000,118.966003,0.126395,0.155764
73.000000,118.966003,0.116141,0.142078
74.000000,118.966003,0.105725,0.138317
75.000000,118.966003,0.095161,0.120770
76.000000,118.966003,0.084464,0.120050
77.000000,118.966003,0.073649,0.118809
78.000000,118.966003,0.062731,0.098782
79.000000,118.966003,0.051726,0.095635
80.000000,118.966003,0.040648,0.085446
81.000000,118.966003,0.029513,0.069167
82.000000,118.966003,0.018337,0.059912
83.000000,118.966003,0.007136,0.054337
84.000000,118.966003,-0.004076,0.035685
85.000000,118.966003,-0.015281,0.032231
86.000000,118.966003,-0.026465,0.018701
87.000000,118.966003,-0.037613,0.005103
88.000000,118.966003,-0.048707,0.000535
89.000000,118.966003,-0.059734,-0.005760
90.000000,118.966003,-0.070677,-0.020939
91.000000,118.966003,-0.081522,-0.028200
92.000000,118.966003,-0.092253,-0.044401
93.000000,118.966003,-0.102854,-0.052941
94.000000,118.966003,-0.113313,-0.054416
95.000000,118.966003,-0.123613,-0.071455
96.000000,118.966003,-0.133740,-0.079963
97.000000,118.966003,-0.143681,-0.087692
98.000000,118.966003,-0.153421,-0.101964
99.000000,118.966003,-0.162947,-0.109358
100.000000,118.966003,-0.172245,-0.117981
101.000000,118.966003,-0.181303,-0.141846
102.000000,118.966003,-0.190108,-0.140834
103.000000,118.966003,-0.198647,-0.147362
104.000000,118.966003,-0.206909,-0.153974
105.000000,118.966003,-0.214881,-0.158102
106.000000,118.966003,-0.222552,-0.172030
107.000000,118.966003,-0.229913,-0.181583
108.000000,118.966003,-0.236953,-0.184757
109.000000,118.966003,-0.243661,-0.200184
110.000000,118.966003,-0.250030,-0.208824
111.000000,118.966003,-0.256049,-0.208073
112.000000,118.966003,-0.261711,-0.217878
113.000000,118.966003,-0.267008,-0.223192
114.000000,118.966003,-0.271931,-0.226161
115.000000,118.966003,-0.276475,-0.237899
116.000000,118.966003,-0.280633,-0.235773
117.000000,118.966003,-0.284399,-0.244542
118.000000,118.966003,-0.287768,-0.255607
119.000000,118.966003,-0.290735,-0.258915
120.000000,118.966003,-0.293296,-0.255029
121.000000,118.966003,-0.295447,-0.268261
122.000000,118.966003,-0.297186,-0.273356
123.000000,118.966003,-0.298510,-0.277149
124.000000,118.966003,-0.299418,-0.285149
125.000000,118.966003,-0.299907,-0.272856
126.000000,118.966003,-0.299976,-0.276742
127.000000,118.966003,-0.299626,-0.271775
128.000000,118.966003,-0.298857,-0.274817
129.000000,118.966003,-0.297670,-0.280975
130.000000,118.966003,-0.296068,-0.281676
131.000000,118.966003,-0.294053,-0.278098
132.000000,118.966003,-0.291627,-0.282395
133.000000,118.966003,-0.288794,-0.278629
134.000000,118.966003,-0.285558,-0.271404
135.000000,118.966003,-0.281923,-0.277855
136.000000,118.966003,-0.277894,-0.273942
137.000000,118.966003,-0.273477,-0.269237
138.000000,118.966003,-0.268679,-0.266255
139.000000,118.966003,-0.263505,-0.261829
140.000000,118.966003,-0.257963,-0.263822
141.000000,118.966003,-0.252061,-0.256734
142.000000,118.966003,-0.245807,-0.249275
143.000000,118.966003,-0.239210,-0.246526
144.000000,118.966003,-0.232279,-0.246847
145.000000,118.966003,-0.225023,-0.231141
146.000000,118.966003,-0.217453,-0.229565
147.000000,118.966003,-0.209580,-0.221112
148.000000,118.966003,-0.201413,-0.211060
149.000000,118.966003,-0.192964,-0.211784
150.000000,118.966003,-0.184246,-0.203258
151.000000,118.966003,-0.175270,-0.191419
152.000000,118.966003,-0.166050,-0.186416
153.000000,118.966003,-0.156598,-0.177963
154.000000,118.966003,-0.146927,-0.170871
155.000000,118.966003,-0.137052,-0.163201
156.000000,118.966003,-0.126984,-0.155128
157.000000,118.966003,-0.116740,-0.150208
158.000000,118.966003,-0.106333,-0.140440
159.000000,118.966003,-0.095777,-0.126581
160.000000,118.966003,-0.085087,-0.123392
161.000000,118.966003,-0.074279,-0.111878
162.000000,118.966003,-0.063366,-0.096993
163.000000,118.966003,-0.052366,-0.094816
164.000000,118.966003,-0.041292,-0.079743
165.000000,118.966003,-0.030160,-0.063891
166.000000,118.966003,-0.018987,-0.062901
167.000000,118.966003,-0.007787,-0.054008
168.000000,118.966003,0.003425,-0.037922
169.000000,118.966003,0.014631,-0.033213
170.000000,118.966003,0.025817,-0.002951
171.000000,118.966003,0.036967,-0.008147
172.000000,118.966003,0.048065,-0.005164
173.000000,118.966003,0.059096,0.005135
174.000000,118.966003,0.070045,0.010569
175.000000,118.966003,0.080896,0.027191
176.000000,118.966003,0.091633,0.040904
177.000000,118.966003,0.102243,0.047812
178.000000,118.966003,0.112710,0.060293
179.000000,118.966003,0.123019,0.076819
180.000000,118.966003,0.133157,0.079581
181.000000,118.966003,0.143108,0.090641
182.000000,118.966003,0.152860,0.104487
183.000000,118.966003,0.162399,0.103469
184.000000,118.966003,0.171711,0.123303
185.000000,118.966003,0.180783,0.139389
186.000000,118.966003,0.189602,0.134418
187.000000,118.966003,0.198157,0.146665
188.000000,118.966003,0.206435,0.154357
189.000000,118.966003,0.214425,0.159713
190.000000,118.966003,0.222116,0.170759
191.000000,118.966003,0.229496,0.176793
192.000000,118.966003,0.236555,0.188875
193.000000,118.966003,0.243283,0.200127
194.000000,118.966003,0.249672,0.201382
195.000000,118.966003,0.255711,0.213936
196.000000,118.966003,0.261394,0.222055
197.000000,118.966003,0.266712,0.221844
198.000000,118.966003,0.271657,0.225317
199.000000,118.966003,0.276222,0.238416
200.000000,118.966003,0.280403,0.240372
201.000000,118.966003,0.284191,0.249938
202.000000,118.966003,0.287583,0.257983
203.000000,118.966003,0.290573,0.256146
204.000000,118.966003,0.293157,0.263779
205.000000,118.966003,0.295332,0.266697
206.000000,118.966003,0.297095,0.266560
207.000000,118.966003,0.298443,0.271879
208.000000,118.966003,0.299374,0.274312
209.000000,118.966003,0.299887,0.275114
210.000000,118.966003,0.299981,0.279086
211.000000,118.966003,0.299656,0.275480
212.000000,118.966003,0.298913,0.285147
213.000000,118.966003,0.297753,0.284712
214.000000,118.966003,0.296176,0.277501
215.000000,118.966003,0.294184,0.280080
216.000000,118.966003,0.291781,0.283732
217.000000,118.966003,0.288971,0.278174
218.000000,118.966003,0.285758,0.277473
219.000000,118.966003,0.282145,0.280085
220.000000,118.966003,0.278139,0.269313
221.000000,118.966003,0.273744,0.269726
222.000000,118.966003,0.268967,0.271224
223.000000,118.966003,0.263814,0.260086
224.000000,118.966003,0.258293,0.258345
225.000000,118.966003,0.252412,0.254423
226.000000,118.966003,0.246177,0.253392
227.000000,118.966003,0.239600,0.249704
228.000000,118.966003,0.232687,0.240037
229.000000,118.966003,0.225450,0.232771
230.000000,118.966003,0.217897,0.231529
231.000000,118.966003,0.210041,0.219090
232.000000,118.966003,0.201891,0.213936
233.000000,118.966003,0.193459,0.214834
234.000000,118.966003,0.184757,0.197515
235.000000,118.966003,0.175797,0.193841
236.000000,118.966003,0.166591,0.194666
237.000000,118.966003,0.157152,0.178021
238.000000,118.966003,0.147493,0.171813
239.000000,118.966003,0.137628,0.165798
240.000000,118.966003,0.127572,0.155846
241.000000,118.966003,0.117337,0.148525
242.000000,118.966003,0.106938,0.138730
243.000000,118.966003,0.096390,0.127124
244.000000,118.966003,0.085708,0.120463
245.000000,118.966003,0.074906,0.105229
246.000000,118.966003,0.063999,0.101742
247.000000,118.966003,0.053003,0.098641
248.000000,118.966003,0.041933,0.079068
249.000000,118.966003,0.030804,0.066840
250.000000,118.966003,0.019632,0.066025
251.000000,118.966003,0.008433,0.048779
252.000000,118.966003,-0.002778,0.042205
253.000000,118.966003,-0.013985,0.038489
254.000000,118.966003,-0.025172,0.020877
255.000000,118.966003,-0.036325,0.011843
256.000000,118.966003,-0.047427,0.006721
257.000000,118.966003,-0.058463,-0.008885
258.000000,118.966003,-0.069416,-0.024013
259.000000,118.966003,-0.080273,-0.029121
260.000000,118.966003,-0.091018,-0.046014
261.000000,118.966003,-0.101635,-0.049408
262.000000,118.966003,-0.112110,-0.061596
263.000000,118.966003,-0.122429,-0.069535
264.000000,118.966003,-0.132577,-0.075991
265.000000,118.966003,-0.142540,-0.092956
266.000000,118.966003,-0.152304,-0.100498
267.000000,118.966003,-0.161855,-0.099966
268.000000,118.966003,-0.171180,-0.120638
269.000000,118.966003,-0.180265,-0.130860
270.000000,118.966003,-0.189100,-0.134649
271.000000,118.966003,-0.197670,-0.148540
272.000000,118.966003,-0.205964,-0.157648
273.000000,118.966003,-0.213971,-0.165670
274.000000,118.966003,-0.221678,-0.172428
275.000000,118.966003,-0.229077,-0.171856
276.000000,118.966003,-0.236155,-0.188331
277.000000,118.966003,-0.242904,-0.197210
278.000000,118.966003,-0.249313,-0.203432
279.000000,118.966003,-0.255375,-0.212311
280.000000,118.966003,-0.261079,-0.219912
281.000000,118.966003,-0.266417,-0.220274
282.000000,118.966003,-0.271384,-0.232685
283.000000,118.966003,-0.275971,-0.240007
284.000000,118.966003,-0.280173,-0.240075
285.000000,118.966003,-0.283984,-0.249880
286.000000,118.966003,-0.287399,-0.254521
287.000000,118.966003,-0.290412,-0.251836
288.000000,118.966003,-0.293019,-0.262974
289.000000,118.966003,-0.295218,-0.268289
290.000000,118.966003,-0.297004,-0.264183
291.000000,118.966003,-0.298375,-0.272201
292.000000,118.966003,-0.299330,-0.272756
293.000000,118.966003,-0.299867,-0.282611
294.000000,118.966003,-0.299985,-0.277635
295.000000,118.966003,-0.299684,-0.277310
296.000000,118.966003,-0.298965,-0.284709
297.000000,118.966003,-0.297828,-0.284489
298.000000,118.966003,-0.296276,-0.275770
299.000000,118.966003,-0.294309,-0.278222
300.000000,118.966003,-0.291932,-0.280036
301.000000,118.966003,-0.289147,-0.274451
302.000000,118.966003,-0.285957,-0.275922
303.000000,118.966003,-0.282367,-0.278776
304.000000,118.966003,-0.278383,-0.268650
305.000000,118.966003,-0.274010,-0.279115
306.000000,118.966003,-0.269255,-0.270076
307.000000,118.966003,-0.264124,-0.260170
308.000000,118.966003,-0.258623,-0.260821
309.000000,118.966003,-0.252762,-0.258021
310.000000,118.966003,-0.246548,-0.249509
311.000000,118.966003,-0.239989,-0.251520
312.000000,118.966003,-0.233096,-0.240401
313.000000,118.966003,-0.225877,-0.242160
314.000000,118.966003,-0.218342,-0.232626
315.000000,118.966003,-0.210503,-0.218253
316.000000,118.966003,-0.202370,-0.217731
317.000000,118.966003,-0.193954,-0.212252
318.000000,118.966003,-0.185267,-0.199226
319.000000,118.966003,-0.176321,-0.195790
320.000000,118.966003,-0.167130,-0.185697
321.000000,118.966003,-0.157705,-0.176538
322.000000,118.966003,-0.148059,-0.172575
323.000000,118.966003,-0.138207,-0.167842
324.000000,118.966003,-0.128161,-0.152503
325.000000,118.966003,-0.117936,-0.149360
326.000000,118.966003,-0.107546,-0.138900
327.000000,118.966003,-0.097007,-0.128308
328.000000,118.966003,-0.086331,-0.126966
329.000000,118.966003,-0.075536,-0.111159
330.000000,118.966003,-0.064635,-0.111658
331.000000,118.966003,-0.053643,-0.095577
332.000000,118.966003,-0.042577,-0.083871
333.000000,118.966003,-0.031451,-0.078149
334.000000,118.966003,-0.020282,-0.060688
335.000000,118.966003,-0.009084,-0.044763
336.000000,118.966003,0.002127,-0.044153
337.000000,118.966003,0.013335,-0.033020
338.000000,118.966003,0.024524,-0.016641
339.000000,118.966003,0.035678,-0.012825
340.000000,118.966003,0.046784,-0.004078
341.000000,118.966003,0.057823,0.011408
342.000000,118.966003,0.068782,0.016117
343.000000,118.966003,0.079646,0.028584
344.000000,118.966003,0.090397,0.041403
345.000000,118.966003,0.101023,0.046026
346.000000,118.966003,0.111508,0.056999
347.000000,118.966003,0.121836,0.062652
348.000000,118.966003,0.131994,0.081735
349.000000,118.966003,0.141968,0.081826
350.000000,118.966003,0.151743,0.096542
351.000000,118.966003,0.161307,0.114163
352.000000,118.966003,0.170645,0.124962
353.000000,118.966003,0.179745,0.128764
354.000000,118.966003,0.188594,0.137144
355.000000,118.966003,0.197179,0.150023
356.000000,118.966003,0.205490,0.156520
357.000000,118.966003,0.213513,0.163479
358.000000,118.966003,0.221238,0.177032
359.000000,118.966003,0.228654,0.180101
360.000000,118.966003,0.235751,0.178507
361.000000,118.966003,0.242519,0.194093
362.000000,118.966003,0.248948,0.202569
363.000000,118.966003,0.255030,0.215475
364.000000,118.966003,0.260755,0.220043
365.000000,118.966003,0.266117,0.225477
366.000000,118.966003,0.271107,0.226535
367.000000,118.966003,0.275718,0.231671
368.000000,118.966003,0.279943,0.242878
369.000000,118.966003,0.283776,0.251290
370.000000,118.966003,0.287214,0.248632
371.000000,118.966003,0.290250,0.256192
372.000000,118.966003,0.292881,0.264604
373.000000,118.966003,0.295102,0.263733
374.000000,118.966003,0.296912,0.266679
375.000000,118.966003,0.298308,0.275618
376.000000,118.966003,0.299286,0.271100
377.000000,118.966003,0.299847,0.274120
378.000000,118.966003,0.299989,0.277785
379.000000,118.966003,0.299712,0.276607
380.000000,118.966003,0.299017,0.280360
381.000000,118.966003,0.297904,0.279526
382.000000,118.966003,0.296375,0.278980
383.000000,118.966003,0.294432,0.284140
384.000000,118.966003,0.292078,0.270207
385.000000,118.966003,0.289317,0.275847
386.000000,118.966003,0.286151,0.282032
387.000000,118.966003,0.282586,0.276681
388.000000,118.966003,0.278626,0.275540
389.000000,118.966003,0.274277,0.273611
390.000000,118.966003,0.269543,0.268053
391.000000,118.966003,0.264433,0.263559
392.000000,118.966003,0.258954,0.260517
393.000000,118.966003,0.253113,0.252646
394.000000,118.966003,0.246918,0.247111
395.000000,118.966003,0.240379,0.248609
396.000000,118.966003,0.233504,0.237911
397.000000,118.966003,0.226303,0.235277
398.000000,118.966003,0.218787,0.232249
399.000000,118.966003,0.210964,0.227644
400.000000,118.966003,0.202847,0.217189
401.000000,118.966003,0.194447,0.204255
402.000000,118.966003,0.185775,0.209629
403.000000,118.966003,0.176844,0.192540
404.000000,118.966003,0.167666,0.183381
405.000000,118.966003,0.158254,0.181801
406.000000,118.966003,0.148621,0.177412
407.000000,118.966003,0.138780,0.164780
408.000000,118.966003,0.128746,0.155892
409.000000,118.966003,0.118531,0.152103
410.000000,118.966003,0.108151,0.135458
411.000000,118.966003,0.097620,0.130144
412.000000,118.966003,0.086952,0.125988
413.000000,118.966003,0.076163,0.110236
414.000000,118.966003,0.065267,0.100162
415.000000,118.966003,0.054280,0.092153
416.000000,118.966003,0.043218,0.081368
417.000000,118.966003,0.032095,0.074926
418.000000,118.966003,0.020927,0.059986
419.000000,118.966003,0.009731,0.052266
420.000000,118.966003,-0.001480,0.046631
421.000000,118.966003,-0.012688,0.027058
422.000000,118.966003,-0.023879,0.025097
423.000000,118.966003,-0.035036,0.018555
424.000000,118.966003,-0.046144,0.001309
425.000000,118.966003,-0.057188,-0.007945
426.000000,118.966003,-0.068152,-0.011734
427.000000,118.966003,-0.079021,-0.030459
428.000000,118.966003,-0.089780,-0.039421
429.000000,118.966003,-0.100413,-0.042609
430.000000,118.966003,-0.110906,-0.060895
431.000000,118.966003,-0.121244,-0.066502
432.000000,118.966003,-0.131413,-0.081718
433.000000,118.966003,-0.141399,-0.091330
434.000000,118.966003,-0.151186,-0.095165
435.000000,118.966003,-0.160762,-0.115599
436.000000,118.966003,-0.170114,-0.122366
437.000000,118.966003,-0.179228,-0.126741
438.000000,118.966003,-0.188091,-0.140426
439.000000,118.966003,-0.196692,-0.145887
440.000000,118.966003,-0.205018,-0.146996
441.000000,118.966003,-0.213058,-0.163348
442.000000,118.966003,-0.220801,-0.170962
443.000000,118.966003,-0.228235,-0.175718
444.000000,118.966003,-0.235350,-0.184849
445.000000,118.966003,-0.242137,-0.198424
446.000000,118.966003,-0.248586,-0.201159
447.000000,118.966003,-0.254687,-0.211564
448.000000,118.966003,-0.260433,-0.215619
449.000000,118.966003,-0.265815,-0.229900
450.000000,118.966003,-0.270826,-0.230692
451.000000,118.966003,-0.275459,-0.232607
452.000000,118.966003,-0.279708,-0.243700
453.000000,118.966003,-0.283565,-0.249820
454.000000,118.966003,-0.287027,-0.248776
455.000000,118.966003,-0.290088,-0.262081
456.000000,118.966003,-0.292743,-0.263002
457.000000,118.966003,-0.294988,-0.257930
458.000000,118.966003,-0.296821,-0.266694
459.000000,118.966003,-0.298240,-0.269255
460.000000,118.966003,-0.299242,-0.271404
461.000000,118.966003,-0.299827,-0.277709
462.000000,118.966003,-0.299993,-0.278409
463.000000,118.966003,-0.299740,-0.277644
464.000000,118.966003,-0.299068,-0.279495
465.000000,118.966003,-0.297979,-0.279756
466.000000,118.966003,-0.296474,-0.288603
467.000000,118.966003,-0.294555,-0.283743
468.000000,118.966003,-0.292224,-0.284017
469.000000,118.966003,-0.289486,-0.280009
470.000000,118.966003,-0.286343,-0.271029
471.000000,118.966003,-0.282800,-0.269237
472.000000,118.966003,-0.278863,-0.275175
473.000000,118.966003,-0.274536,-0.268435
474.000000,118.966003,-0.269826,-0.265297
475.000000,118.966003,-0.264739,-0.266768
476.000000,118.966003,-0.259282,-0.264495
477.000000,118.966003,-0.253463,-0.252656
478.000000,118.966003,-0.247289,-0.252487
479.000000,118.966003,-0.240769,-0.247754
480.000000,118.966003,-0.233913,-0.239768
481.000000,118.966003,-0.226730,-0.241693
482.000000,118.966003,-0.219231,-0.234147
483.000000,118.966003,-0.211426,-0.228186
484.000000,118.966003,-0.203326,-0.218712
485.000000,118.966003,-0.194942,-0.207532
486.000000,118.966003,-0.186285,-0.208064
487.000000,118.966003,-0.177369,-0.198264
488.000000,118.966003,-0.168204,-0.183672
489.000000,118.966003,-0.158805,-0.179942
490.000000,118.966003,-0.149184,-0.177289
491.000000,118.966003,-0.139355,-0.160837
492.000000,118.966003,-0.129332,-0.157841
493.000000,118.966003,-0.119127,-0.147234
494.000000,118.966003,-0.108756,-0.137475
495.000000,118.966003,-0.098234,-0.135446
496.000000,118.966003,-0.087574,-0.127139
497.000000,118.966003,-0.076792,-0.112607
498.000000,118.966003,-0.065902,-0.102931
499.000000,118.966003,-0.054921,-0.090844
500.000000,118.966003,-0.043862,-0.085044
501.000000,118.966003,-0.032742,-0.076449
502.000000,118.966003,-0.021577,-0.063483
503.000000,118.966003,-0.010381,-0.057248
504.000000,118.966003,0.000829,-0.046847
505.000000,118.966003,0.012038,-0.029501
506.000000,118.966003,0.023230,-0.023839
507.000000,118.966003,0.034389,-0.016572
508.000000,118.966003,0.045501,0.002107
509.000000,118.966003,0.056549,0.007343
510.000000,118.966003,0.067518,0.017950
511.000000,118.966003,0.078393,-0.043736
512.000000,118.966003,0.089158,0.033532
513.000000,118.966003,0.099799,0.067953
514.000000,118.966003,0.110300,0.082019
515.000000,118.966003,0.120647,0.079361
516.000000,118.966003,0.130826,0.086174
517.000000,118.966003,0.140823,0.094746
518.000000,118.966003,0.150623,0.097069
519.000000,118.966003,0.160212,0.110796
520.000000,118.966003,0.169578,0.116509
521.000000,118.966003,0.178707,0.128238
522.000000,118.966003,0.187585,0.137717
523.000000,118.966003,0.196202,0.141551
524.000000,118.966003,0.204544,0.149432
525.000000,118.966003,0.212601,0.169385
526.000000,118.966003,0.220361,0.167680
527.000000,118.966003,0.227813,0.178887
528.000000,118.966003,0.234947,0.193626
529.000000,118.966003,0.241752,0.193942
530.000000,118.966003,0.248221,0.201795
531.000000,118.966003,0.254342,0.209547
532.000000,118.966003,0.260109,0.219837
533.000000,118.966003,0.265512,0.223003
534.000000,118.966003,0.270544,0.230169
535.000000,118.966003,0.275199,0.232257
536.000000,118.966003,0.279470,0.243304
537.000000,118.966003,0.283350,0.240418
538.000000,118.966003,0.286835,0.249512
539.000000,118.966003,0.289919,0.260838
540.000000,118.966003,0.292598,0.256893
541.000000,118.966003,0.294869,0.262079
542.000000,118.966003,0.296728,0.271458
543.000000,118.966003,0.298172,0.269093
544.000000,118.966003,0.299199,0.273006
545.000000,118.966003,0.299807,0.282092
546.000000,118.966003,0.299997,0.276681
547.000000,118.966003,0.299768,0.279773
548.000000,118.966003,0.299120,0.286032
549.000000,118.966003,0.298055,0.282408
550.000000,118.966003,0.296573,0.282600
551.000000,118.966003,0.294678,0.281358
552.000000,118.966003,0.292371,0.277047
553.000000,118.966003,0.289655,0.280506
554.000000,118.966003,0.286535,0.271746
555.000000,118.966003,0.283015,0.274513
556.000000,118.966003,0.279100,0.275645
557.000000,118.966003,0.274795,0.269167
558.000000,118.966003,0.270107,0.264013
559.000000,118.966003,0.265041,0.265951
560.000000,118.966003,0.259605,0.291135
561.000000,118.966003,0.253807,0.255225
562.000000,118.966003,0.247654,0.247043
563.000000,118.966003,0.241155,0.238204
564.000000,118.966003,0.234320,0.232817
565.000000,118.966003,0.227157,0.235735
566.000000,118.966003,0.219676,0.229504
567.000000,118.966003,0.211888,0.227763
568.000000,118.966003,0.203804,0.220795
569.000000,118.966003,0.195435,0.209043
570.000000,118.966003,0.186794,0.204241
571.000000,118.966003,0.177892,0.190868
572.000000,118.966003,0.168741,0.192668
573.000000,118.966003,0.159355,0.187253
574.000000,118.966003,0.149746,0.169467
575.000000,118.966003,0.139929,0.161706
576.000000,118.966003,0.129915,0.161857
577.000000,118.966003,0.119721,0.151013
578.000000,118.966003,0.109359,0.142578
579.000000,118.966003,0.098845,0.134102
580.000000,118.966003,0.088192,0.116637
581.000000,118.966003,0.077417,0.111469
582.000000,118.966003,0.066533,0.107314
583.000000,118.966003,0.055556,0.093569
584.000000,118.966003,0.044502,0.086321
585.000000,118.966003,0.033385,0.073772
586.000000,118.966003,0.022222,0.062020
587.000000,118.966003,0.011028,0.054392
588.000000,118.966003,-0.000182,0.047492
589.000000,118.966003,-0.011391,0.028904
590.000000,118.966003,-0.022585,0.028923
591.000000,118.966003,-0.033747,0.015004
592.000000,118.966003,-0.044862,0.033532
593.000000,118.966003,-0.055914,-0.002053
594.000000,118.966003,-0.066888,-0.026826
595.000000,118.966003,-0.077768,-0.039054
596.000000,118.966003,-0.088540,-0.039489
597.000000,118.966003,-0.099188,-0.050847
598.000000,118.966003,-0.109698,-0.060922
599.000000,118.966003,-0.120055,-0.064111
600.000000,118.966003,-0.130243,-0.077782
601.000000,118.966003,-0.140251,-0.091504
602.000000,118.966003,-0.150062,-0.095279
603.000000,118.966003,-0.159664,-0.111191
604.000000,118.966003,-0.169042,-0.118893
605.000000,118.966003,-0.178185,-0.129174
606.000000,118.966003,-0.187079,-0.138200
607.000000,118.966003,-0.195712,-0.142048
608.000000,118.966003,-0.204072,-0.154647
609.000000,118.966003,-0.212146,-0.158381
610.000000,118.966003,-0.219923,-0.165364
611.000000,118.966003,-0.227393,-0.182022
612.000000,118.966003,-0.234546,-0.185990
613.000000,118.966003,-0.241370,-0.193572
614.000000,118.966003,-0.247858,-0.201957
615.000000,118.966003,-0.254000,-0.208091
616.000000,118.966003,-0.259786,-0.205626
617.000000,118.966003,-0.265210,-0.223238
618.000000,118.966003,-0.270264,-0.230486
619.000000,118.966003,-0.274941,-0.235095
620.000000,118.966003,-0.279233,-0.241619
621.000000,118.966003,-0.283136,-0.246934
622.000000,118.966003,-0.286643,-0.250269
623.000000,118.966003,-0.289750,-0.259107
624.000000,118.966003,-0.292452,-0.258695
625.000000,118.966003,-0.294746,-0.266969
626.000000,118.966003,-0.296629,-0.266181
627.000000,118.966003,-0.298097,-0.268609
628.000000,118.966003,-0.299149,-0.277489
629.000000,118.966003,-0.299783,-0.275789
630.000000,118.966003,-0.299999,-0.272284
631.000000,118.966003,-0.299796,-0.281269
632.000000,118.966003,-0.299172,-0.281749
633.000000,118.966003,-0.298130,-0.278171
634.000000,118.966003,-0.296672,-0.285076
635.000000,118.966003,-0.294800,-0.280416
636.000000,118.966003,-0.292516,-0.274231
637.000000,118.966003,-0.289824,-0.278529
638.000000,118.966003,-0.286727,-0.278483
639.000000,118.966003,-0.283230,-0.275111
640.000000,118.966003,-0.279337,-0.274808
641.000000,118.966003,-0.275055,-0.273136
642.000000,118.966003,-0.270388,-0.271555
643.000000,118.966003,-0.265343,-0.262241
644.000000,118.966003,-0.259929,-0.262223
645.000000,118.966003,-0.254151,-0.260587
646.000000,118.966003,-0.248018,-0.240666
647.000000,118.966003,-0.241539,-0.243869
648.000000,118.966003,-0.234722,-0.248987
649.000000,118.966003,-0.227578,-0.240607
650.000000,118.966003,-0.220116,-0.225941
651.000000,118.966003,-0.212347,-0.225625
652.000000,118.966003,-0.204281,-0.220746
653.000000,118.966003,-0.195930,-0.211060
654.000000,118.966003,-0.187303,-0.207917
655.000000,118.966003,-0.178416,-0.197384
656.000000,118.966003,-0.169279,-0.188798
657.000000,118.966003,-0.159906,-0.182549
658.000000,118.966003,-0.150310,-0.169643
659.000000,118.966003,-0.140504,-0.175636
660.000000,118.966003,-0.130501,-0.158895
661.000000,118.966003,-0.120317,-0.140495
662.000000,118.966003,-0.109964,-0.142433
663.000000,118.966003,-0.099458,-0.133086
664.000000,118.966003,-0.088814,-0.118201
665.000000,118.966003,-0.078045,-0.112978
666.000000,118.966003,-0.067167,-0.109505
667.000000,118.966003,-0.056195,-0.090152
668.000000,118.966003,-0.045145,-0.088943
669.000000,118.966003,-0.034032,-0.073796
670.000000,118.966003,-0.022871,-0.058384
671.000000,118.966003,-0.011678,-0.056281
672.000000,118.966003,-0.000469,-0.050508
673.000000,118.966003,0.010741,-0.035975
674.000000,118.966003,0.021936,-0.029199
675.000000,118.966003,0.033100,-0.013393
676.000000,118.966003,0.044218,-0.008018
677.000000,118.966003,0.055274,0.003756
678.000000,118.966003,0.066253,0.022522
679.000000,118.966003,0.077140,0.024978
680.000000,118.966003,0.087918,0.034705
681.000000,118.966003,0.098574,0.051070
682.000000,118.966003,0.109092,0.057040
683.000000,118.966003,0.119458,0.069213
684.000000,118.966003,0.129657,0.083732
685.000000,118.966003,0.139674,0.085308
686.000000,118.966003,0.149497,0.097555
687.000000,118.966003,0.159111,0.112528
688.000000,118.966003,0.168503,0.117003
689.000000,118.966003,0.177660,0.127390
690.000000,118.966003,0.186568,0.135756
691.000000,118.966003,0.195216,0.141258
692.000000,118.966003,0.203592,0.153198
693.000000,118.966003,0.211683,0.155832
694.000000,118.966003,0.219479,0.166773
695.000000,118.966003,0.226968,0.184046
696.000000,118.966003,0.234140,0.183381
697.000000,118.966003,0.240986,0.191395
698.000000,118.966003,0.247493,0.206354
699.000000,118.966003,0.253655,0.206963
700.000000,118.966003,0.259462,0.217276
701.000000,118.966003,0.264907,0.226361
702.000000,118.966003,0.269982,0.225564
703.000000,118.966003,0.274681,0.233197
704.000000,118.966003,0.278995,0.246749
705.000000,118.966003,0.282920,0.243345
706.000000,118.966003,0.286450,0.250158
707.000000,118.966003,0.289580,0.255917
708.000000,118.966003,0.292306,0.254506
709.000000,118.966003,0.294623,0.264878
710.000000,118.966003,0.296529,0.267953
711.000000,118.966003,0.298021,0.269080
712.000000,118.966003,0.299097,0.278472
713.000000,118.966003,0.299756,0.272740
714.000000,118.966003,0.299995,0.277253
715.000000,118.966003,0.299816,0.284699
716.000000,118.966003,0.299218,0.277794
717.000000,118.966003,0.298202,0.280520
718.000000,118.966003,0.296770,0.289679
719.000000,118.966003,0.294923,0.278541
720.000000,118.966003,0.292663,0.276873
721.000000,118.966003,0.289994,0.279265
722.000000,118.966003,0.286920,0.274967
723.000000,118.966003,0.283445,0.272406
724.000000,118.966003,0.279575,0.273478
725.000000,118.966003,0.275314,0.272287
726.000000,118.966003,0.270669,0.273066
727.000000,118.966003,0.265646,0.267206
728.000000,118.966003,0.260252,0.260819
729.000000,118.966003,0.254495,0.253397
730.000000,118.966003,0.248382,0.250419
731.000000,118.966003,0.241922,0.247565
732.000000,118.966003,0.235125,0.246603
733.000000,118.966003,0.227999,0.236871
734.000000,118.966003,0.220555,0.231190
735.000000,118.966003,0.212803,0.230975
736.000000,118.966003,0.204753,0.218123
737.000000,118.966003,0.196418,0.210129
738.000000,118.966003,0.187809,0.210294
739.000000,118.966003,0.178937,0.197809
740.000000,118.966003,0.169815,0.189667
741.000000,118.966003,0.160456,0.178039
742.000000,118.966003,0.150872,0.171094
743.000000,118.966003,0.141077,0.169559
744.000000,118.966003,0.131085,0.156139
745.000000,118.966003,0.120911,0.150252
746.000000,118.966003,0.110567,0.144457
747.000000,118.966003,0.100070,0.129365
748.000000,118.966003,0.089432,0.123010
749.000000,118.966003,0.078670,0.118328
750.000000,118.966003,0.067798,0.099969
751.000000,118.966003,0.056831,0.098228
752.000000,118.966003,0.045785,0.091393
753.000000,118.966003,0.034675,0.075568
754.000000,118.966003,0.023516,0.064673
755.000000,118.966003,0.012325,0.056797
756.000000,118.966003,0.001116,0.041485
757.000000,118.966003,-0.010094,0.036244
758.000000,118.966003,-0.021290,0.018362
759.000000,118.966003,-0.032457,0.015590
760.000000,118.966003,-0.043578,0.009295
761.000000,118.966003,-0.054638,-0.009938
762.000000,118.966003,-0.065623,-0.016339
763.000000,118.966003,-0.076515,-0.019527
764.000000,118.966003,-0.087300,0.005456
765.000000,118.966003,-0.097964,-0.046408
766.000000,118.966003,-0.108490,-0.056056
767.000000,118.966003,-0.118865,-0.084769
768.000000,118.966003,-0.129074,-0.090684
769.000000,118.966003,-0.139102,-0.088892
770.000000,118.966003,-0.148936,-0.100104
771.000000,118.966003,-0.158563,-0.102811
772.000000,118.966003,-0.167968,-0.114700
773.000000,118.966003,-0.177138,-0.128752
774.000000,118.966003,-0.186061,-0.133700
775.000000,118.966003,-0.194724,-0.147381
776.000000,118.966003,-0.203115,-0.160974
777.000000,118.966003,-0.211223,-0.157089
778.000000,118.966003,-0.219036,-0.169968
779.000000,118.966003,-0.226543,-0.181889
780.000000,118.966003,-0.233733,-0.181811
781.000000,118.966003,-0.240598,-0.191543
782.000000,118.966003,-0.247126,-0.198791
783.000000,118.966003,-0.253309,-0.204586
784.000000,118.966003,-0.259139,-0.214538
785.000000,118.966003,-0.264606,-0.220292
786.000000,118.966003,-0.269702,-0.222221
787.000000,118.966003,-0.274422,-0.236786
788.000000,118.966003,-0.278759,-0.240240
789.000000,118.966003,-0.282706,-0.242155
790.000000,118.966003,-0.286259,-0.254420
791.000000,118.966003,-0.289411,-0.255648
792.000000,118.966003,-0.292160,-0.266062
793.000000,118.966003,-0.294501,-0.267148
794.000000,118.966003,-0.296430,-0.266456
795.000000,118.966003,-0.297946,-0.274882
796.000000,118.966003,-0.299046,-0.276462
797.000000,118.966003,-0.299728,-0.267304
798.000000,118.966003,-0.299991,-0.277182
799.000000,118.966003,-0.299836,-0.280929
800.000000,118.966003,-0.299262,-0.277278
801.000000,118.966003,-0.298270,-0.281502
802.000000,118.966003,-0.296861,-0.279376
803.000000,118.966003,-0.295038,-0.276984
804.000000,118.966003,-0.292803,-0.281429
805.000000,118.966003,-0.290160,-0.280416
806.000000,118.966003,-0.287111,-0.277791
807.000000,118.966003,-0.283660,-0.275775
808.000000,118.966003,-0.279812,-0.274103
809.000000,118.966003,-0.275573,-0.279669
810.000000,118.966003,-0.270950,-0.270868
811.000000,118.966003,-0.265948,-0.266456
812.000000,118.966003,-0.260575,-0.264981
813.000000,118.966003,-0.254838,-0.256074
814.000000,118.966003,-0.248746,-0.243869
815.000000,118.966003,-0.242306,-0.247126
816.000000,118.966003,-0.235527,-0.242467
817.000000,118.966003,-0.228420,-0.232195
818.000000,118.966003,-0.220994,-0.232172
819.000000,118.966003,-0.213259,-0.226399
820.000000,118.966003,-0.205227,-0.216567
821.000000,118.966003,-0.196907,-0.216325
822.000000,118.966003,-0.188313,-0.206758
823.000000,118.966003,-0.179456,-0.198612
824.000000,118.966003,-0.170349,-0.192290
825.000000,118.966003,-0.161003,-0.181624
826.000000,118.966003,-0.151432,-0.178169
827.000000,118.966003,-0.141651,-0.167155
828.000000,118.966003,-0.131671,-0.157616
829.000000,118.966003,-0.121507,-0.152554
830.000000,118.966003,-0.111172,-0.143207
831.000000,118.966003,-0.100683,-0.131148
832.000000,118.966003,-0.090053,-0.126072
833.000000,118.966003,-0.079298,-0.112259
834.000000,118.966003,-0.068431,-0.099380
835.000000,118.966003,-0.057470,-0.098317
836.000000,118.966003,-0.046428,-0.087857
837.000000,118.966003,-0.035321,-0.073338
838.000000,118.966003,-0.024165,-0.068555
839.000000,118.966003,-0.012975,-0.054228
0.000000,124.245003,0.001589,-0.052854
1.000000,124.245003,0.013294,-0.035934
2.000000,124.245003,0.024979,-0.038087
3.000000,124.245003,0.036626,-0.012912
4.000000,124.245003,0.048217,-0.002993
5.000000,124.245003,0.059735,0.008603
6.000000,124.245003,0.071161,0.026957
7.000000,124.245003,0.082480,0.039909
8.000000,124.245003,0.093673,0.041265
9.000000,124.245003,0.104723,0.051579
10.000000,124.245003,0.115613,0.063564
11.000000,124.245003,0.126327,0.069987
12.000000,124.245003,0.136849,0.081414
13.000000,124.245003,0.147163,0.097647
14.000000,124.245003,0.157253,0.111130
15.000000,124.245003,0.167102,0.116830
16.000000,124.245003,0.176696,0.120875
17.000000,124.245003,0.186022,0.129058
18.000000,124.245003,0.195065,0.142711
19.000000,124.245003,0.203812,0.145538
20.000000,124.245003,0.212248,0.156213
21.000000,124.245003,0.220357,0.173646
22.000000,124.245003,0.228132,0.176454
23.000000,124.245003,0.235561,0.183134
24.000000,124.245003,0.242631,0.194460
25.000000,124.245003,0.249334,0.199376
26.000000,124.245003,0.255653,0.207609
27.000000,124.245003,0.261581,0.219814
28.000000,124.245003,0.267113,0.228097
29.000000,124.245003,0.272239,0.233870
30.000000,124.245003,0.276951,0.243776
31.000000,124.245003,0.281242,0.240225
32.000000,124.245003,0.285099,0.249191
33.000000,124.245003,0.288524,0.257090
34.000000,124.245003,0.291510,0.255546
35.000000,124.245003,0.294054,0.261245
36.000000,124.245003,0.296151,0.266404
37.000000,124.245003,0.297794,0.267160
38.000000,124.245003,0.298981,0.279246
39.000000,124.245003,0.299714,0.271806
40.000000,124.245003,0.299992,0.275627
41.000000,124.245003,0.299815,0.278325
42.000000,124.245003,0.299181,0.276681
43.000000,124.245003,0.298086,0.280007
44.000000,124.245003,0.296539,0.286412
45.000000,124.245003,0.294541,0.275714
46.000000,124.245003,0.292096,0.281487
47.000000,124.245003,0.289207,0.283205
48.000000,124.245003,0.285875,0.277647
49.000000,124.245003,0.282105,0.278807
50.000000,124.245003,0.277907,0.277331
51.000000,124.245003,0.273287,0.269533
52.000000,124.245003,0.268252,0.268012
53.000000,124.245003,0.262809,0.261965
54.000000,124.245003,0.256961,0.260379
55.000000,124.245003,0.250722,0.258771
56.000000,124.245003,0.244102,0.247652
57.000000,124.245003,0.237112,0.242511
58.000000,124.245003,0.229762,0.243116
59.000000,124.245003,0.222060,0.229884
60.000000,124.245003,0.214018,0.227250
61.000000,124.245003,0.205650,0.226215
62.000000,124.245003,0.196971,0.213510
63.000000,124.245003,0.187992,0.205075
64.000000,124.245003,0.178728,0.204040
65.000000,124.245003,0.169187,0.192008
66.000000,124.245003,0.159390,0.183794
67.000000,124.245003,0.149351,0.178598
68.000000,124.245003,0.139085,0.164253
69.000000,124.245003,0.128607,0.156405
70.000000,124.245003,0.117933,0.145157
71.000000,124.245003,0.107078,0.139545
72.000000,124.245003,0.096061,0.136150
73.000000,124.245003,0.084897,0.119830
74.000000,124.245003,0.073605,0.106502
75.000000,124.245003,0.062201,0.107474
76.000000,124.245003,0.050700,0.095209
77.000000,124.245003,0.039123,0.083054
78.000000,124.245003,0.027487,0.073538
79.000000,124.245003,0.015808,0.058006
80.000000,124.245003,0.004106,0.049865
81.000000,124.245003,-0.007603,0.043850
82.000000,124.245003,-0.019300,0.026604
83.000000,124.245003,-0.030967,0.018536
84.000000,124.245003,-0.042588,0.006734
85.000000,124.245003,-0.054144,-0.003231
86.000000,124.245003,-0.065618,-0.010639
87.000000,124.245003,-0.076991,-0.027133
88.000000,124.245003,-0.088246,-0.037093
89.000000,124.245003,-0.099367,-0.042435
90.000000,124.245003,-0.110338,-0.059621
91.000000,124.245003,-0.121140,-0.074969
92.000000,124.245003,-0.131759,-0.075565
93.000000,124.245003,-0.142174,-0.086263
94.000000,124.245003,-0.152374,-0.098271
95.000000,124.245003,-0.162342,-0.101240
96.000000,124.245003,-0.172063,-0.118558
97.000000,124.245003,-0.181524,-0.126846
98.000000,124.245003,-0.190705,-0.128101
99.000000,124.245003,-0.199595,-0.146607
100.000000,124.245003,-0.208182,-0.156682
101.000000,124.245003,-0.216453,-0.163430
102.000000,124.245003,-0.224396,-0.175329
103.000000,124.245003,-0.231996,-0.181917
104.000000,124.245003,-0.239239,-0.192244
105.000000,124.245003,-0.246119,-0.200930
106.000000,124.245003,-0.252625,-0.209539
107.000000,124.245003,-0.258747,-0.213864
108.000000,124.245003,-0.264477,-0.227733
109.000000,124.245003,-0.269800,-0.222514
110.000000,124.245003,-0.274711,-0.236406
111.000000,124.245003,-0.279205,-0.234206
112.000000,124.245003,-0.283275,-0.237028
113.000000,124.245003,-0.286915,-0.250847
114.000000,124.245003,-0.290118,-0.256088
115.000000,124.245003,-0.292874,-0.260537
116.000000,124.245003,-0.295185,-0.265581
117.000000,124.245003,-0.297048,-0.265315
118.000000,124.245003,-0.298460,-0.267963
119.000000,124.245003,-0.299418,-0.271455
120.000000,124.245003,-0.299917,-0.274923
121.000000,124.245003,-0.299958,-0.285396
122.000000,124.245003,-0.299543,-0.281589
123.000000,124.245003,-0.298673,-0.278964
124.000000,124.245003,-0.297349,-0.281869
125.000000,124.245003,-0.295574,-0.280109
126.000000,124.245003,-0.293342,-0.265663
127.000000,124.245003,-0.290665,-0.274135
128.000000,124.245003,-0.287547,-0.276843
129.000000,124.245003,-0.283992,-0.276911
130.000000,124.245003,-0.280005,-0.280682
131.000000,124.245003,-0.275590,-0.273869
132.000000,124.245003,-0.270752,-0.266937
133.000000,124.245003,-0.265504,-0.268555
134.000000,124.245003,-0.259852,-0.258915
135.000000,124.245003,-0.253805,-0.255616
136.000000,124.245003,-0.247374,-0.254567
137.000000,124.245003,-0.240559,-0.246348
138.000000,124.245003,-0.233380,-0.242188
139.000000,124.245003,-0.225846,-0.238353
140.000000,124.245003,-0.217970,-0.227393
141.000000,124.245003,-0.209762,-0.227485
142.000000,124.245003,-0.201233,-0.216192
143.000000,124.245003,-0.192396,-0.202419
144.000000,124.245003,-0.183267,-0.206204
145.000000,124.245003,-0.173859,-0.194251
146.000000,124.245003,-0.164187,-0.182338
147.000000,124.245003,-0.154266,-0.176809
148.000000,124.245003,-0.144107,-0.169922
149.000000,124.245003,-0.133729,-0.156970
150.000000,124.245003,-0.123148,-0.155454
151.000000,124.245003,-0.112380,-0.146107
152.000000,124.245003,-0.101441,-0.134722
153.000000,124.245003,-0.090347,-0.128899
154.000000,124.245003,-0.079114,-0.119406
155.000000,124.245003,-0.067761,-0.106073
156.000000,124.245003,-0.056305,-0.097424
157.000000,124.245003,-0.044764,-0.084737
158.000000,124.245003,-0.033155,-0.076444
159.000000,124.245003,-0.021495,-0.068335
160.000000,124.245003,-0.009802,-0.052748
161.000000,124.245003,0.001906,-0.049468
162.000000,124.245003,0.013611,-0.036493
163.000000,124.245003,0.025296,-0.018547
164.000000,124.245003,0.036941,-0.022272
165.000000,124.245003,0.048531,0.033637
166.000000,124.245003,0.060046,0.014541
167.000000,124.245003,0.071470,0.008984
168.000000,124.245003,0.082785,0.021157
169.000000,124.245003,0.093975,0.040803
170.000000,124.245003,0.105021,0.046772
171.000000,124.245003,0.115906,0.060806
172.000000,124.245003,0.126615,0.076512
173.000000,124.245003,0.137131,0.082188
174.000000,124.245003,0.147440,0.091754
175.000000,124.245003,0.157524,0.107387
176.000000,124.245003,0.167365,0.111950
177.000000,124.245003,0.176952,0.127917
178.000000,124.245003,0.186271,0.134643
179.000000,124.245003,0.195307,0.139178
180.000000,124.245003,0.204046,0.153198
181.000000,124.245003,0.212471,0.158426
182.000000,124.245003,0.220572,0.168560
183.000000,124.245003,0.228338,0.182713
184.000000,124.245003,0.235757,0.182635
185.000000,124.245003,0.242819,0.191761
186.000000,124.245003,0.249510,0.207174
187.000000,124.245003,0.255818,0.207783
188.000000,124.245003,0.261736,0.216236
189.000000,124.245003,0.267257,0.226435
190.000000,124.245003,0.272373,0.226384
191.000000,124.245003,0.277075,0.235950
192.000000,124.245003,0.281351,0.250176
193.000000,124.245003,0.285197,0.244165
194.000000,124.245003,0.288611,0.250831
195.000000,124.245003,0.291586,0.257777
196.000000,124.245003,0.294118,0.261273
197.000000,124.245003,0.296203,0.269346
198.000000,124.245003,0.297830,0.266225
199.000000,124.245003,0.299006,0.271687
200.000000,124.245003,0.299728,0.276539
201.000000,124.245003,0.299994,0.274967
202.000000,124.245003,0.299805,0.279787
203.000000,124.245003,0.299156,0.281578
204.000000,124.245003,0.298050,0.278541
205.000000,124.245003,0.296490,0.283654
206.000000,124.245003,0.294481,0.288345
207.000000,124.245003,0.292024,0.278467
208.000000,124.245003,0.289124,0.281413
209.000000,124.245003,0.285777,0.284845
210.000000,124.245003,0.281996,0.273780
211.000000,124.245003,0.277787,0.274940
212.000000,124.245003,0.273157,0.271971
213.000000,124.245003,0.268111,0.262020
214.000000,124.245003,0.262654,0.261465
215.000000,124.245003,0.256796,0.260751
216.000000,124.245003,0.250547,0.254579
217.000000,124.245003,0.243918,0.248957
218.000000,124.245003,0.236918,0.236624
219.000000,124.245003,0.229559,0.238278
220.000000,124.245003,0.221845,0.240083
221.000000,124.245003,0.213794,0.224377
222.000000,124.245003,0.205419,0.223163
223.000000,124.245003,0.196731,0.216768
224.000000,124.245003,0.187745,0.201382
225.000000,124.245003,0.178471,0.198528
226.000000,124.245003,0.168924,0.193699
227.000000,124.245003,0.159121,0.182635
228.000000,124.245003,0.149075,0.173600
229.000000,124.245003,0.138804,0.167658
230.000000,124.245003,0.128321,0.155553
231.000000,124.245003,0.117640,0.148525
232.000000,124.245003,0.106781,0.144076
233.000000,124.245003,0.095760,0.124004
234.000000,124.245003,0.084593,0.121209
235.000000,124.245003,0.073297,0.113609
236.000000,124.245003,0.061890,0.102196
237.000000,124.245003,0.050387,0.095154
238.000000,124.245003,0.038808,0.075261
239.000000,124.245003,0.027170,0.060439
240.000000,124.245003,0.015491,0.063505
241.000000,124.245003,0.003788,0.053320
242.000000,124.245003,-0.007920,0.041165
243.000000,124.245003,-0.019617,0.035442
244.000000,124.245003,-0.031283,0.017084
245.000000,124.245003,-0.042902,0.007976
246.000000,124.245003,-0.054456,0.004714
247.000000,124.245003,-0.065928,-0.019298
248.000000,124.245003,-0.077297,-0.026327
249.000000,124.245003,-0.088549,-0.035755
250.000000,124.245003,-0.099667,-0.049061
251.000000,124.245003,-0.110633,-0.055502
252.000000,124.245003,-0.121432,-0.068683
253.000000,124.245003,-0.132043,-0.080463
254.000000,124.245003,-0.142454,-0.082817
255.000000,124.245003,-0.152647,-0.099664
256.000000,124.245003,-0.162609,-0.111058
257.000000,124.245003,-0.172324,-0.117000
258.000000,124.245003,-0.181777,-0.130832
259.000000,124.245003,-0.190949,-0.138374
260.000000,124.245003,-0.199832,-0.142309
261.000000,124.245003,-0.208411,-0.158807
262.000000,124.245003,-0.216674,-0.167769
263.000000,124.245003,-0.224608,-0.171031
264.000000,124.245003,-0.232196,-0.184176
265.000000,124.245003,-0.239430,-0.192390
266.000000,124.245003,-0.246300,-0.195359
267.000000,124.245003,-0.252796,-0.206424
268.000000,124.245003,-0.258909,-0.213159
269.000000,124.245003,-0.264627,-0.217593
270.000000,124.245003,-0.269938,-0.228232
271.000000,124.245003,-0.274838,-0.233034
272.000000,124.245003,-0.279321,-0.244620
273.000000,124.245003,-0.283380,-0.248254
274.000000,124.245003,-0.287009,-0.253522
275.000000,124.245003,-0.290197,-0.258580
276.000000,124.245003,-0.292941,-0.258081
277.000000,124.245003,-0.295241,-0.256363
278.000000,124.245003,-0.297092,-0.269668
279.000000,124.245003,-0.298493,-0.272376
280.000000,124.245003,-0.299439,-0.271624
281.000000,124.245003,-0.299923,-0.279642
282.000000,124.245003,-0.299952,-0.275803
283.000000,124.245003,-0.299525,-0.276091
284.000000,124.245003,-0.298644,-0.279495
285.000000,124.245003,-0.297309,-0.282276
286.000000,124.245003,-0.295518,-0.277864
287.000000,124.245003,-0.293275,-0.283216
288.000000,124.245003,-0.290586,-0.277823
289.000000,124.245003,-0.287456,-0.284283
290.000000,124.245003,-0.283890,-0.278982
291.000000,124.245003,-0.279893,-0.268023
292.000000,124.245003,-0.275463,-0.274428
293.000000,124.245003,-0.270615,-0.269989
294.000000,124.245003,-0.265355,-0.259716
295.000000,124.245003,-0.259693,-0.260147
296.000000,124.245003,-0.253637,-0.261068
297.000000,124.245003,-0.247192,-0.249083
298.000000,124.245003,-0.240369,-0.250920
299.000000,124.245003,-0.233180,-0.245001
300.000000,124.245003,-0.225638,-0.232415
301.000000,124.245003,-0.217752,-0.231279
302.000000,124.245003,-0.209536,-0.224319
303.000000,124.245003,-0.200997,-0.217813
304.000000,124.245003,-0.192152,-0.216471
305.000000,124.245003,-0.183015,-0.199625
306.000000,124.245003,-0.173601,-0.199391
307.000000,124.245003,-0.163922,-0.187016
308.000000,124.245003,-0.153993,-0.176584
309.000000,124.245003,-0.143828,-0.170862
310.000000,124.245003,-0.133444,-0.161955
311.000000,124.245003,-0.122858,-0.150116
312.000000,124.245003,-0.112085,-0.145567
313.000000,124.245003,-0.101142,-0.136367
314.000000,124.245003,-0.090043,-0.119768
315.000000,124.245003,-0.078807,-0.116245
316.000000,124.245003,-0.067452,-0.104452
317.000000,124.245003,-0.055993,-0.098706
318.000000,124.245003,-0.044450,-0.095564
319.000000,124.245003,-0.032839,-0.073503
320.000000,124.245003,-0.021178,-0.066823
321.000000,124.245003,-0.009484,-0.054874
322.000000,124.245003,0.002224,-0.044208
323.000000,124.245003,0.013929,-0.037240
324.000000,124.245003,0.025612,-0.028246
325.000000,124.245003,0.037257,-0.008820
326.000000,124.245003,0.048844,-0.005677
327.000000,124.245003,0.060357,0.006862
328.000000,124.245003,0.071778,0.024502
329.000000,124.245003,0.083091,0.028991
330.000000,124.245003,0.094277,0.075893
331.000000,124.245003,0.105318,0.056944
332.000000,124.245003,0.116198,0.054886
333.000000,124.245003,0.126903,0.063559
334.000000,124.245003,0.137414,0.075925
335.000000,124.245003,0.147717,0.087915
336.000000,124.245003,0.157793,0.106035
337.000000,124.245003,0.167628,0.107002
338.000000,124.245003,0.177209,0.121837
339.000000,124.245003,0.186520,0.137483
340.000000,124.245003,0.195548,0.138285
341.000000,124.245003,0.204279,0.151292
342.000000,124.245003,0.212694,0.162384
343.000000,124.245003,0.220787,0.166640
344.000000,124.245003,0.228544,0.178740
345.000000,124.245003,0.235955,0.190799
346.000000,124.245003,0.243007,0.191115
347.000000,124.245003,0.249685,0.201575
348.000000,124.245003,0.255983,0.213341
349.000000,124.245003,0.261891,0.216483
350.000000,124.245003,0.267402,0.225903
351.000000,124.245003,0.272507,0.229129
352.000000,124.245003,0.277197,0.233151
353.000000,124.245003,0.281460,0.245237
354.000000,124.245003,0.285295,0.244738
355.000000,124.245003,0.288697,0.251445
356.000000,124.245003,0.291661,0.269098
357.000000,124.245003,0.294182,0.258606
358.000000,124.245003,0.296251,0.263866
359.000000,124.245003,0.297867,0.272498
360.000000,124.245003,0.299031,0.266707
361.000000,124.245003,0.299741,0.274046
362.000000,124.245003,0.299996,0.280452
363.000000,124.245003,0.299795,0.275787
364.000000,124.245003,0.299131,0.279700
365.000000,124.245003,0.298013,0.283952
366.000000,124.245003,0.296442,0.275787
367.000000,124.245003,0.294421,0.281707
368.000000,124.245003,0.291953,0.280392
369.000000,124.245003,0.289037,0.268640
370.000000,124.245003,0.285679,0.276639
371.000000,124.245003,0.281887,0.271953
372.000000,124.245003,0.277667,0.275407
373.000000,124.245003,0.273026,0.273345
374.000000,124.245003,0.267970,0.267453
375.000000,124.245003,0.262499,0.266986
376.000000,124.245003,0.256631,0.262904
377.000000,124.245003,0.250372,0.254506
378.000000,124.245003,0.243733,0.248971
379.000000,124.245003,0.236725,0.238122
380.000000,124.245003,0.229353,0.235758
381.000000,124.245003,0.221630,0.237210
382.000000,124.245003,0.213571,0.228895
383.000000,124.245003,0.205187,0.219310
384.000000,124.245003,0.196492,0.216002
385.000000,124.245003,0.187498,0.201928
386.000000,124.245003,0.178215,0.199962
387.000000,124.245003,0.168661,0.192100
388.000000,124.245003,0.158851,0.177421
389.000000,124.245003,0.148800,0.176367
390.000000,124.245003,0.138523,0.173252
391.000000,124.245003,0.128033,0.151993
392.000000,124.245003,0.117348,0.144818
393.000000,124.245003,0.106484,0.142143
394.000000,124.245003,0.095458,0.129131
395.000000,124.245003,0.084288,0.120403
396.000000,124.245003,0.072990,0.114608
397.000000,124.245003,0.061578,0.103030
398.000000,124.245003,0.050074,0.088634
399.000000,124.245003,0.038493,0.079485
400.000000,124.245003,0.026854,0.066487
401.000000,124.245003,0.015174,0.057306
402.000000,124.245003,0.003471,0.055084
403.000000,124.245003,-0.008238,0.036725
404.000000,124.245003,-0.019934,0.077813
405.000000,124.245003,-0.031599,0.018262
406.000000,124.245003,-0.043217,-0.009398
407.000000,124.245003,-0.054769,-0.017919
408.000000,124.245003,-0.066237,-0.019633
409.000000,124.245003,-0.077604,-0.032700
410.000000,124.245003,-0.088853,-0.037588
411.000000,124.245003,-0.099967,-0.053454
412.000000,124.245003,-0.110929,-0.058828
413.000000,124.245003,-0.121722,-0.066557
414.000000,124.245003,-0.132328,-0.081429
415.000000,124.245003,-0.142733,-0.088150
416.000000,124.245003,-0.152921,-0.095586
417.000000,124.245003,-0.162877,-0.111338
418.000000,124.245003,-0.172585,-0.119552
419.000000,124.245003,-0.182028,-0.124601
420.000000,124.245003,-0.191194,-0.138200
421.000000,124.245003,-0.200069,-0.143807
422.000000,124.245003,-0.208640,-0.155989
423.000000,124.245003,-0.216894,-0.167068
424.000000,124.245003,-0.224818,-0.173803
425.000000,124.245003,-0.232396,-0.190777
426.000000,124.245003,-0.239621,-0.190956
427.000000,124.245003,-0.246481,-0.193091
428.000000,124.245003,-0.252968,-0.207771
429.000000,124.245003,-0.259071,-0.214478
430.000000,124.245003,-0.264775,-0.218560
431.000000,124.245003,-0.270075,-0.231119
432.000000,124.245003,-0.274965,-0.240520
433.000000,124.245003,-0.279437,-0.235682
434.000000,124.245003,-0.283485,-0.243113
435.000000,124.245003,-0.287102,-0.249688
436.000000,124.245003,-0.290276,-0.252876
437.000000,124.245003,-0.293009,-0.262008
438.000000,124.245003,-0.295297,-0.265389
439.000000,124.245003,-0.297137,-0.265004
440.000000,124.245003,-0.298526,-0.272128
441.000000,124.245003,-0.299456,-0.270969
442.000000,124.245003,-0.299929,-0.273250
443.000000,124.245003,-0.299946,-0.280462
444.000000,124.245003,-0.299508,-0.278790
445.000000,124.245003,-0.298614,-0.296278
446.000000,124.245003,-0.297268,-0.278162
447.000000,124.245003,-0.295461,-0.279624
448.000000,124.245003,-0.293207,-0.284476
449.000000,124.245003,-0.290507,-0.281369
450.000000,124.245003,-0.287366,-0.273924
451.000000,124.245003,-0.283789,-0.277709
452.000000,124.245003,-0.279776,-0.273122
453.000000,124.245003,-0.275336,-0.271477
454.000000,124.245003,-0.270477,-0.270415
455.000000,124.245003,-0.265207,-0.265609
456.000000,124.245003,-0.259535,-0.259496
457.000000,124.245003,-0.253469,-0.259927
458.000000,124.245003,-0.247011,-0.255048
459.000000,124.245003,-0.240178,-0.249275
460.000000,124.245003,-0.232980,-0.237079
461.000000,124.245003,-0.225429,-0.231700
462.000000,124.245003,-0.217535,-0.232479
463.000000,124.245003,-0.209308,-0.223705
464.000000,124.245003,-0.200760,-0.215807
465.000000,124.245003,-0.191907,-0.213938
466.000000,124.245003,-0.182763,-0.202804
467.000000,124.245003,-0.173342,-0.187919
468.000000,124.245003,-0.163657,-0.188496
469.000000,124.245003,-0.153720,-0.181083
470.000000,124.245003,-0.143549,-0.165304
471.000000,124.245003,-0.133160,-0.162528
472.000000,124.245003,-0.122569,-0.153708
473.000000,124.245003,-0.111791,-0.143422
474.000000,124.245003,-0.100843,-0.138273
475.000000,124.245003,-0.089740,-0.128486
476.000000,124.245003,-0.078500,-0.123227
477.000000,124.245003,-0.067142,-0.106138
478.000000,124.245003,-0.055681,-0.096658
479.000000,124.245003,-0.044136,-0.088957
480.000000,124.245003,-0.032523,-0.075716
481.000000,124.245003,-0.020861,-0.059337
482.000000,124.245003,-0.009166,-0.055974
483.000000,124.245003,0.002542,-0.042761
484.000000,124.245003,0.014246,-0.029808
485.000000,124.245003,0.025929,-0.024132
486.000000,124.245003,0.037572,-0.010392
487.000000,124.245003,0.049157,0.002180
488.000000,124.245003,0.060668,0.008750
489.000000,124.245003,0.072087,0.020470
490.000000,124.245003,0.083397,0.033582
491.000000,124.245003,0.094578,0.034192
492.000000,124.245003,0.105615,0.041371
493.000000,124.245003,0.116491,0.060485
494.000000,124.245003,0.127191,0.075861
495.000000,124.245003,0.137697,0.088534
496.000000,124.245003,0.147994,0.093862
497.000000,124.245003,0.158063,0.105756
498.000000,124.245003,0.167891,0.116628
499.000000,124.245003,0.177465,0.117984
500.000000,124.245003,0.186769,0.136104
501.000000,124.245003,0.195790,0.147123
502.000000,124.245003,0.204510,0.149152
503.000000,124.245003,0.212918,0.166759
504.000000,124.245003,0.221002,0.171598
505.000000,124.245003,0.228750,0.175267
506.000000,124.245003,0.236152,0.186767
507.000000,124.245003,0.243193,0.195193
508.000000,124.245003,0.249860,0.198688
509.000000,124.245003,0.256148,0.214802
510.000000,124.245003,0.262046,0.213963
511.000000,124.245003,0.267547,0.222797
512.000000,124.245003,0.272641,0.231955
513.000000,124.245003,0.277317,0.230998
514.000000,124.245003,0.281569,0.242131
515.000000,124.245003,0.285393,0.251436
516.000000,124.245003,0.288784,0.260246
517.000000,124.245003,0.291736,0.260806
518.000000,124.245003,0.294245,0.259844
519.000000,124.245003,0.296300,0.263586
520.000000,124.245003,0.297904,0.266459
521.000000,124.245003,0.299057,0.276438
522.000000,124.245003,0.299755,0.273034
523.000000,124.245003,0.299998,0.273299
524.000000,124.245003,0.299781,0.281725
525.000000,124.245003,0.299106,0.278760
526.000000,124.245003,0.297976,0.281253
527.000000,124.245003,0.296393,0.280946
528.000000,124.245003,0.294361,0.278234
529.000000,124.245003,0.291881,0.268585
530.000000,124.245003,0.288951,0.279874
531.000000,124.245003,0.285581,0.289468
532.000000,124.245003,0.281778,0.281065
533.000000,124.245003,0.277548,0.273854
534.000000,124.245003,0.272895,0.268246
535.000000,124.245003,0.267825,0.264677
536.000000,124.245003,0.262345,0.259720
537.000000,124.245003,0.256466,0.259765
538.000000,124.245003,0.250197,0.256797
539.000000,124.245003,0.243549,0.248486
540.000000,124.245003,0.236531,0.241018
541.000000,124.245003,0.229147,0.244743
542.000000,124.245003,0.221415,0.233824
543.000000,124.245003,0.213348,0.225830
544.000000,124.245003,0.204956,0.222568
545.000000,124.245003,0.196253,0.211576
546.000000,124.245003,0.187249,0.206628
547.000000,124.245003,0.177959,0.195733
548.000000,124.245003,0.168398,0.187761
549.000000,124.245003,0.158582,0.184893
550.000000,124.245003,0.148524,0.167579
551.000000,124.245003,0.138241,0.161193
552.000000,124.245003,0.127745,0.162398
553.000000,124.245003,0.117055,0.148186
554.000000,124.245003,0.106187,0.137744
555.000000,124.245003,0.095157,0.128155
556.000000,124.245003,0.083983,0.118644
557.000000,124.245003,0.072681,0.114969
558.000000,124.245003,0.061267,0.103593
559.000000,124.245003,0.049760,0.091562
560.000000,124.245003,0.038178,0.080667
561.000000,124.245003,0.026538,0.074505
562.000000,124.245003,0.014857,0.058080
563.000000,124.245003,0.003153,0.050232
564.000000,124.245003,-0.008555,0.036524
565.000000,124.245003,-0.020251,0.022957
566.000000,124.245003,-0.031915,0.016809
567.000000,124.245003,-0.043532,0.002409
568.000000,124.245003,-0.055082,-0.002718
569.000000,124.245003,-0.066547,-0.007546
570.000000,124.245003,-0.077911,-0.024732
571.000000,124.245003,-0.089156,-0.036887
572.000000,124.245003,-0.100267,-0.043796
573.000000,124.245003,-0.111225,-0.060294
574.000000,124.245003,-0.122012,-0.071043
575.000000,124.245003,-0.132613,-0.072151
576.000000,124.245003,-0.143012,-0.092737
577.000000,124.245003,-0.153194,-0.100878
578.000000,124.245003,-0.163144,-0.106220
579.000000,124.245003,-0.172845,-0.120565
580.000000,124.245003,-0.182280,-0.126553
581.000000,124.245003,-0.191438,-0.142048
582.000000,124.245003,-0.200306,-0.145493
583.000000,124.245003,-0.208869,-0.153502
584.000000,124.245003,-0.217115,-0.168415
585.000000,124.245003,-0.225027,-0.174596
586.000000,124.245003,-0.232596,-0.178311
587.000000,124.245003,-0.239812,-0.195043
588.000000,124.245003,-0.246663,-0.202511
589.000000,124.245003,-0.253140,-0.199973
590.000000,124.245003,-0.259231,-0.214538
591.000000,124.245003,-0.264923,-0.223719
592.000000,124.245003,-0.270213,-0.224828
593.000000,124.245003,-0.275092,-0.232026
594.000000,124.245003,-0.279553,-0.238454
595.000000,124.245003,-0.283591,-0.244822
596.000000,124.245003,-0.287193,-0.253307
597.000000,124.245003,-0.290355,-0.257962
598.000000,124.245003,-0.293077,-0.265815
599.000000,124.245003,-0.295354,-0.264995
600.000000,124.245003,-0.297182,-0.264756
601.000000,124.245003,-0.298558,-0.275395
602.000000,124.245003,-0.299474,-0.270208
603.000000,124.245003,-0.299935,-0.269017
604.000000,124.245003,-0.299940,-0.281795
605.000000,124.245003,-0.299490,-0.279743
606.000000,124.245003,-0.298585,-0.275271
607.000000,124.245003,-0.297223,-0.281355
608.000000,124.245003,-0.295405,-0.278703
609.000000,124.245003,-0.293139,-0.278991
610.000000,124.245003,-0.290428,-0.280462
611.000000,124.245003,-0.287276,-0.283096
612.000000,124.245003,-0.283687,-0.275184
613.000000,124.245003,-0.279660,-0.274662
614.000000,124.245003,-0.275209,-0.269196
615.000000,124.245003,-0.270339,-0.272522
616.000000,124.245003,-0.265059,-0.264101
617.000000,124.245003,-0.259377,-0.259176
618.000000,124.245003,-0.253297,-0.259094
619.000000,124.245003,-0.246830,-0.252427
620.000000,124.245003,-0.239987,-0.241115
621.000000,124.245003,-0.232780,-0.244300
622.000000,124.245003,-0.225220,-0.236960
623.000000,124.245003,-0.217317,-0.219394
624.000000,124.245003,-0.209079,-0.222945
625.000000,124.245003,-0.200523,-0.219779
626.000000,124.245003,-0.191663,-0.207193
627.000000,124.245003,-0.182512,-0.203304
628.000000,124.245003,-0.173083,-0.194631
629.000000,124.245003,-0.163390,-0.190952
630.000000,124.245003,-0.153446,-0.182916
631.000000,124.245003,-0.143269,-0.167783
632.000000,124.245003,-0.132875,-0.162248
633.000000,124.245003,-0.122279,-0.153988
634.000000,124.245003,-0.111497,-0.143702
635.000000,124.245003,-0.100543,-0.135813
636.000000,124.245003,-0.089436,-0.125573
637.000000,124.245003,-0.078194,-0.109794
638.000000,124.245003,-0.066832,-0.104717
639.000000,124.245003,-0.055369,-0.097304
640.000000,124.245003,-0.043822,-0.079812
641.000000,124.245003,-0.032207,-0.076069
642.000000,124.245003,-0.020544,-0.066429
643.000000,124.245003,-0.008849,-0.025474
644.000000,124.245003,0.002859,-0.043480
645.000000,124.245003,0.014563,-0.042701
646.000000,124.245003,0.026245,-0.032182
647.000000,124.245003,0.037887,-0.028686
648.000000,124.245003,0.049471,-0.002085
649.000000,124.245003,0.060979,0.004182
650.000000,124.245003,0.072396,0.019310
651.000000,124.245003,0.083702,0.039864
652.000000,124.245003,0.094879,0.040372
653.000000,124.245003,0.105912,0.052179
654.000000,124.245003,0.116784,0.067738
655.000000,124.245003,0.127479,0.068420
656.000000,124.245003,0.137980,0.083127
657.000000,124.245003,0.148269,0.099800
658.000000,124.245003,0.158332,0.104510
659.000000,124.245003,0.168155,0.114149
660.000000,124.245003,0.177722,0.127775
661.000000,124.245003,0.187019,0.132411
662.000000,124.245003,0.196031,0.143018
663.000000,124.245003,0.204742,0.149450
664.000000,124.245003,0.213141,0.162920
665.000000,124.245003,0.221217,0.172839
666.000000,124.245003,0.228956,0.174727
667.000000,124.245003,0.236349,0.188348
668.000000,124.245003,0.243378,0.196847
669.000000,124.245003,0.250035,0.200122
670.000000,124.245003,0.256313,0.210436
671.000000,124.245003,0.262201,0.220414
672.000000,124.245003,0.267691,0.223850
673.000000,124.245003,0.272774,0.230297
674.000000,124.245003,0.277437,0.242209
675.000000,124.245003,0.281678,0.238511
676.000000,124.245003,0.285491,0.244431
677.000000,124.245003,0.288870,0.257910
678.000000,124.245003,0.291811,0.262020
679.000000,124.245003,0.294305,0.263252
680.000000,124.245003,0.296348,0.263078
681.000000,124.245003,0.297941,0.262313
682.000000,124.245003,0.299082,0.276552
683.000000,124.245003,0.299769,0.273780
684.000000,124.245003,0.300000,0.276667
685.000000,124.245003,0.299768,0.287686
686.000000,124.245003,0.299080,0.279361
687.000000,124.245003,0.297939,0.280227
688.000000,124.245003,0.296345,0.284772
689.000000,124.245003,0.294301,0.276827
690.000000,124.245003,0.291806,0.279480
691.000000,124.245003,0.288864,0.283132
692.000000,124.245003,0.285484,0.272740
693.000000,124.245003,0.281670,0.276126
694.000000,124.245003,0.277428,0.277551
695.000000,124.245003,0.272765,0.268567
696.000000,124.245003,0.267681,0.261025
697.000000,124.245003,0.262190,0.261951
698.000000,124.245003,0.256301,0.257553
699.000000,124.245003,0.250022,0.257585
700.000000,124.245003,0.243364,0.243698
701.000000,124.245003,0.236334,0.246758
702.000000,124.245003,0.228941,0.246323
703.000000,124.245003,0.221201,0.232638
704.000000,124.245003,0.213124,0.228070
705.000000,124.245003,0.204724,0.228748
706.000000,124.245003,0.196013,0.209790
707.000000,124.245003,0.187000,0.203362
708.000000,124.245003,0.177702,0.199280
709.000000,124.245003,0.168135,0.188288
710.000000,124.245003,0.158312,0.181040
711.000000,124.245003,0.148249,0.177998
712.000000,124.245003,0.137959,0.162393
713.000000,124.245003,0.127457,0.158865
714.000000,124.245003,0.116762,0.148557
715.000000,124.245003,0.105890,0.141038
716.000000,124.245003,0.094856,0.131843
717.000000,124.245003,0.083679,0.120623
718.000000,124.245003,0.072372,0.109036
719.000000,124.245003,0.060956,0.102508
720.000000,124.245003,0.049447,0.085762
721.000000,124.245003,0.037863,0.079114
722.000000,124.245003,0.026221,0.072425
723.000000,124.245003,0.014539,0.059120
724.000000,124.245003,0.002835,0.055006
725.000000,124.245003,-0.008873,0.041990
726.000000,124.245003,-0.020568,0.021478
727.000000,124.245003,-0.032231,0.017423
728.000000,124.245003,-0.043846,0.012828
729.000000,124.245003,-0.055394,-0.005164
730.000000,124.245003,-0.066856,-0.012339
731.000000,124.245003,-0.078217,-0.029708
732.000000,124.245003,-0.089460,-0.041927
733.000000,124.245003,-0.100566,-0.048295
734.000000,124.245003,-0.111520,-0.061655
735.000000,124.245003,-0.122302,-0.070136
736.000000,124.245003,-0.132897,-0.074511
737.000000,124.245003,-0.143291,-0.092283
738.000000,124.245003,-0.153468,-0.102431
739.000000,124.245003,-0.163411,-0.106073
740.000000,124.245003,-0.173104,-0.125472
741.000000,124.245003,-0.182532,-0.130186
742.000000,124.245003,-0.191683,-0.133755
743.000000,124.245003,-0.200542,-0.144527
744.000000,124.245003,-0.209097,-0.153635
745.000000,124.245003,-0.217334,-0.160764
746.000000,124.245003,-0.225236,-0.175475
747.000000,124.245003,-0.232796,-0.184437
748.000000,124.245003,-0.240002,-0.194438
749.000000,124.245003,-0.246844,-0.196757
750.000000,124.245003,-0.253311,-0.204765
751.000000,124.245003,-0.259390,-0.217598
752.000000,124.245003,-0.265071,-0.222812
753.000000,124.245003,-0.270350,-0.223247
754.000000,124.245003,-0.275219,-0.235292
755.000000,124.245003,-0.279670,-0.245221
756.000000,124.245003,-0.283695,-0.241935
757.000000,124.245003,-0.287283,-0.252033
758.000000,124.245003,-0.290434,-0.257641
759.000000,124.245003,-0.293145,-0.259350
760.000000,124.245003,-0.295410,-0.271601
761.000000,124.245003,-0.297226,-0.265462
762.000000,124.245003,-0.298588,-0.266117
763.000000,124.245003,-0.299491,-0.273168
764.000000,124.245003,-0.299941,-0.272829
765.000000,124.245003,-0.299934,-0.274730
766.000000,124.245003,-0.299473,-0.280535
767.000000,124.245003,-0.298556,-0.277823
768.000000,124.245003,-0.297178,-0.283843
769.000000,124.245003,-0.295349,-0.280095
770.000000,124.245003,-0.293071,-0.278217
771.000000,124.245003,-0.290349,-0.277562
772.000000,124.245003,-0.287185,-0.278396
773.000000,124.245003,-0.283582,-0.268930
774.000000,124.245003,-0.279544,-0.278968
775.000000,124.245003,-0.275082,-0.275202
776.000000,124.245003,-0.270202,-0.266937
777.000000,124.245003,-0.264911,-0.269741
778.000000,124.245003,-0.259219,-0.262255
779.000000,124.245003,-0.253126,-0.250049
780.000000,124.245003,-0.246648,-0.254640
781.000000,124.245003,-0.239796,-0.248721
782.000000,124.245003,-0.232580,-0.236135
783.000000,124.245003,-0.225011,-0.239466
784.000000,124.245003,-0.217097,-0.231906
785.000000,124.245003,-0.208850,-0.222280
786.000000,124.245003,-0.200286,-0.217071
787.000000,124.245003,-0.191419,-0.206172
788.000000,124.245003,-0.182260,-0.234633
789.000000,124.245003,-0.172825,-0.197064
790.000000,124.245003,-0.163123,-0.179938
791.000000,124.245003,-0.153173,-0.173688
792.000000,124.245003,-0.142990,-0.161955
793.000000,124.245003,-0.132590,-0.152576
794.000000,124.245003,-0.121989,-0.149580
795.000000,124.245003,-0.111202,-0.143134
796.000000,124.245003,-0.100243,-0.121921
797.000000,124.245003,-0.089133,-0.127932
798.000000,124.245003,-0.077887,-0.118366
799.000000,124.245003,-0.066523,-0.104887
800.000000,124.245003,-0.055057,-0.097130
801.000000,124.245003,-0.043507,-0.083917
802.000000,124.245003,-0.031891,-0.073178
803.000000,124.245003,-0.020227,-0.064542
0.000000,129.757996,0.004087,-0.045734
1.000000,129.757996,0.016309,-0.029135
2.000000,129.757996,0.028503,-0.025699
3.000000,129.757996,0.040650,-0.008985
4.000000,129.757996,0.052729,0.003147
5.000000,129.757996,0.064721,0.009497
6.000000,129.757996,0.076606,-0.029314
7.000000,129.757996,0.088361,0.037376
8.000000,129.757996,0.099971,0.055926
9.000000,129.757996,0.111417,0.070106
10.000000,129.757996,0.122674,0.074079
11.000000,129.757996,0.133729,0.081295
12.000000,129.757996,0.144564,0.093528
13.000000,129.757996,0.155155,0.096735
14.000000,129.757996,0.165489,0.107923
15.000000,129.757996,0.175551,0.124682
16.000000,129.757996,0.185318,0.126978
17.000000,129.757996,0.194777,0.144145
18.000000,129.757996,0.203916,0.154197
19.000000,129.757996,0.212713,0.159640
20.000000,129.757996,0.221156,0.170333
21.000000,129.757996,0.229235,0.179785
22.000000,129.757996,0.236930,0.188215
23.000000,129.757996,0.244231,0.194061
24.000000,129.757996,0.251130,0.209327
25.000000,129.757996,0.257609,0.209643
26.000000,129.757996,0.263658,0.216602
27.000000,129.757996,0.269273,0.224515
28.000000,129.757996,0.274440,0.228537
29.000000,129.757996,0.279147,0.240257
30.000000,129.757996,0.283395,0.237797
31.000000,129.757996,0.287172,0.250259
32.000000,129.757996,0.290467,0.263005
33.000000,129.757996,0.293283,0.260906
34.000000,129.757996,0.295614,0.266766
35.000000,129.757996,0.297447,0.274518
36.000000,129.757996,0.298791,0.263440
37.000000,129.757996,0.299641,0.273753
38.000000,129.757996,0.299985,0.281125
39.000000,129.757996,0.299835,0.275787
40.000000,129.757996,0.299192,0.279553
41.000000,129.757996,0.298042,0.283952
42.000000,129.757996,0.296401,0.281368
43.000000,129.757996,0.294272,0.282527
44.000000,129.757996,0.291647,0.283058
45.000000,129.757996,0.288540,0.276681
46.000000,129.757996,0.284957,0.278060
47.000000,129.757996,0.280896,0.276525
48.000000,129.757996,0.276368,0.275787
49.000000,129.757996,0.271386,0.273066
50.000000,129.757996,0.265949,0.260718
51.000000,129.757996,0.260069,0.262313
52.000000,129.757996,0.253761,0.262405
53.000000,129.757996,0.247029,0.249819
54.000000,129.757996,0.239885,0.244664
55.000000,129.757996,0.232346,0.246383
56.000000,129.757996,0.224420,0.235905
57.000000,129.757996,0.216118,0.232157
58.000000,129.757996,0.207460,0.226361
59.000000,129.757996,0.198458,0.208456
60.000000,129.757996,0.189122,0.206115
61.000000,129.757996,0.179476,0.209400
62.000000,129.757996,0.169532,0.194015
63.000000,129.757996,0.159302,0.185874
64.000000,129.757996,0.148810,0.172445
65.000000,129.757996,0.138073,0.167300
66.000000,129.757996,0.127102,0.157958
67.000000,129.757996,0.115922,0.143251
68.000000,129.757996,0.104552,0.139911
69.000000,129.757996,0.093004,0.135756
70.000000,129.757996,0.081303,0.118277
71.000000,129.757996,0.069468,0.108949
72.000000,129.757996,0.057516,0.107914
73.000000,129.757996,0.045469,0.079361
74.000000,129.757996,0.033348,0.078807
75.000000,129.757996,0.021169,0.073832
76.000000,129.757996,0.008957,0.050419
77.000000,129.757996,-0.003271,0.046145
78.000000,129.757996,-0.015494,0.043483
79.000000,129.757996,-0.027690,0.022738
80.000000,129.757996,-0.039841,0.044257
81.000000,129.757996,-0.051925,-0.002305
82.000000,129.757996,-0.063923,-0.023619
83.000000,129.757996,-0.075816,-0.026720
84.000000,129.757996,-0.087582,-0.039160
85.000000,129.757996,-0.099201,-0.046027
86.000000,129.757996,-0.110658,-0.053243
87.000000,129.757996,-0.121930,-0.068482
88.000000,129.757996,-0.132998,-0.078103
89.000000,129.757996,-0.143847,-0.084045
90.000000,129.757996,-0.154457,-0.101817
91.000000,129.757996,-0.164808,-0.110252
92.000000,129.757996,-0.174887,-0.111507
93.000000,129.757996,-0.184677,-0.129719
94.000000,129.757996,-0.194156,-0.138900
95.000000,129.757996,-0.203315,-0.143936
96.000000,129.757996,-0.212139,-0.157474
97.000000,129.757996,-0.220604,-0.168003
98.000000,129.757996,-0.228706,-0.184056
99.000000,129.757996,-0.236431,-0.184790
100.000000,129.757996,-0.243757,-0.194072
101.000000,129.757996,-0.250681,-0.202997
102.000000,129.757996,-0.257192,-0.210758
103.000000,129.757996,-0.263269,-0.212393
104.000000,129.757996,-0.268911,-0.222945
105.000000,129.757996,-0.274110,-0.230413
106.000000,129.757996,-0.278849,-0.231448
107.000000,129.757996,-0.283125,-0.244300
108.000000,129.757996,-0.286934,-0.246041
109.000000,129.757996,-0.290264,-0.251910
110.000000,129.757996,-0.293109,-0.261934
111.000000,129.757996,-0.295472,-0.262635
112.000000,129.757996,-0.297343,-0.266997
113.000000,129.757996,-0.298716,-0.267734
114.000000,129.757996,-0.299597,-0.274923
115.000000,129.757996,-0.299980,-0.283243
116.000000,129.757996,-0.299860,-0.282702
117.000000,129.757996,-0.299247,-0.276137
118.000000,129.757996,-0.298137,-0.283655
119.000000,129.757996,-0.296525,-0.279143
120.000000,129.757996,-0.294426,-0.273777
121.000000,129.757996,-0.291840,-0.280609
122.000000,129.757996,-0.288762,-0.275276
123.000000,129.757996,-0.285208,-0.273337
124.000000,129.757996,-0.281184,-0.278822
125.000000,129.757996,-0.276684,-0.273722
126.000000,129.757996,-0.271729,-0.266044
127.000000,129.757996,-0.266327,-0.267588
128.000000,129.757996,-0.260474,-0.264422
129.000000,129.757996,-0.254192,-0.259542
130.000000,129.757996,-0.247492,-0.246980
131.000000,129.757996,-0.240374,-0.247475
132.000000,129.757996,-0.232858,-0.244680
133.000000,129.757996,-0.224959,-0.241560
134.000000,129.757996,-0.216682,-0.224141
135.000000,129.757996,-0.208046,-0.225098
136.000000,129.757996,-0.199067,-0.215972
137.000000,129.757996,-0.189754,-0.205553
138.000000,129.757996,-0.180126,-0.201517
139.000000,129.757996,-0.170201,-0.195071
140.000000,129.757996,-0.159992,-0.182938
141.000000,129.757996,-0.149515,-0.175475
142.000000,129.757996,-0.138793,-0.168809
143.000000,129.757996,-0.127839,-0.155403
144.000000,129.757996,-0.116672,-0.151294
145.000000,129.757996,-0.105312,-0.141581
146.000000,129.757996,-0.093777,-0.129274
147.000000,129.757996,-0.082085,-0.125179
148.000000,129.757996,-0.070258,-0.108479
149.000000,129.757996,-0.058314,-0.104832
150.000000,129.757996,-0.046272,-0.091330
151.000000,129.757996,-0.034154,-0.075537
152.000000,129.757996,-0.021980,-0.072129
153.000000,129.757996,-0.009768,-0.056895
154.000000,129.757996,0.002459,-0.040589
155.000000,129.757996,0.014683,-0.037826
156.000000,129.757996,0.026881,-0.027733
157.000000,129.757996,0.039036,-0.008087
158.000000,129.757996,0.051126,-0.003744
159.000000,129.757996,0.063130,0.010583
160.000000,129.757996,0.075029,0.024428
161.000000,129.757996,0.086805,0.034278
162.000000,129.757996,0.098435,0.046818
163.000000,129.757996,0.109902,0.061631
164.000000,129.757996,0.121187,0.063880
165.000000,129.757996,0.132270,0.074267
166.000000,129.757996,0.143133,0.088286
167.000000,129.757996,0.153760,0.093715
168.000000,129.757996,0.164130,0.107662
169.000000,129.757996,0.174226,0.113650
170.000000,129.757996,0.184035,0.128751
171.000000,129.757996,0.193538,0.132782
172.000000,129.757996,0.202716,0.147146
173.000000,129.757996,0.211561,0.162526
174.000000,129.757996,0.220055,0.173765
175.000000,129.757996,0.228179,0.172367
176.000000,129.757996,0.235928,0.187367
177.000000,129.757996,0.243285,0.197639
178.000000,129.757996,0.250233,0.201382
179.000000,129.757996,0.256770,0.209015
180.000000,129.757996,0.262882,0.221674
181.000000,129.757996,0.268550,0.221770
182.000000,129.757996,0.273776,0.231410
183.000000,129.757996,0.278552,0.237756
184.000000,129.757996,0.282856,0.244092
185.000000,129.757996,0.286694,0.253205
186.000000,129.757996,0.290060,0.251331
187.000000,129.757996,0.292936,0.257626
188.000000,129.757996,0.295329,0.266505
189.000000,129.757996,0.297235,0.266033
190.000000,129.757996,0.298641,0.269520
191.000000,129.757996,0.299552,0.274811
192.000000,129.757996,0.299970,0.273780
193.000000,129.757996,0.299885,0.279260
194.000000,129.757996,0.299301,0.284919
195.000000,129.757996,0.298225,0.277501
196.000000,129.757996,0.296650,0.278733
197.000000,129.757996,0.294580,0.279191
198.000000,129.757996,0.292025,0.276314
199.000000,129.757996,0.288983,0.276067
200.000000,129.757996,0.285458,0.284919
201.000000,129.757996,0.281464,0.279727
202.000000,129.757996,0.277001,0.276200
203.000000,129.757996,0.272073,0.275251
204.000000,129.757996,0.266698,0.264846
205.000000,129.757996,0.260880,0.265552
206.000000,129.757996,0.254624,0.253718
207.000000,129.757996,0.247948,0.251225
208.000000,129.757996,0.240863,0.253484
209.000000,129.757996,0.233371,0.236798
210.000000,129.757996,0.225495,0.234777
211.000000,129.757996,0.217248,0.235002
212.000000,129.757996,0.208632,0.227277
213.000000,129.757996,0.199674,0.219063
214.000000,129.757996,0.190387,0.213120
215.000000,129.757996,0.180777,0.199669
216.000000,129.757996,0.170870,0.195921
217.000000,129.757996,0.160682,0.189086
218.000000,129.757996,0.150222,0.173554
219.000000,129.757996,0.139514,0.164519
220.000000,129.757996,0.128577,0.159411
221.000000,129.757996,0.117423,0.152946
222.000000,129.757996,0.106075,0.140031
223.000000,129.757996,0.094551,0.131930
224.000000,129.757996,0.082870,0.119157
225.000000,129.757996,0.071050,0.113448
226.000000,129.757996,0.059114,0.096102
227.000000,129.757996,0.047079,0.089381
228.000000,129.757996,0.034965,0.085372
229.000000,129.757996,0.022793,0.065520
230.000000,129.757996,0.010584,0.054332
231.000000,129.757996,-0.001643,0.052404
232.000000,129.757996,-0.013867,0.033678
233.000000,129.757996,-0.026069,0.024570
234.000000,129.757996,-0.038226,0.022041
235.000000,129.757996,-0.050321,0.002203
236.000000,129.757996,-0.062332,-0.011446
237.000000,129.757996,-0.074238,-0.020567
238.000000,129.757996,-0.086023,-0.039980
239.000000,129.757996,-0.097665,-0.043301
240.000000,129.757996,-0.109142,-0.056395
241.000000,129.757996,-0.120439,-0.066108
242.000000,129.757996,-0.131538,-0.071890
243.000000,129.757996,-0.142415,-0.088870
244.000000,129.757996,-0.153057,-0.097891
245.000000,129.757996,-0.163447,-0.100933
246.000000,129.757996,-0.173561,-0.120492
247.000000,129.757996,-0.183388,-0.127960
248.000000,129.757996,-0.192914,-0.133828
249.000000,129.757996,-0.202115,-0.147193
250.000000,129.757996,-0.210981,-0.158542
251.000000,129.757996,-0.219499,-0.164410
252.000000,129.757996,-0.227650,-0.174275
253.000000,129.757996,-0.235421,-0.185697
254.000000,129.757996,-0.242806,-0.192386
255.000000,129.757996,-0.249784,-0.201297
256.000000,129.757996,-0.256346,-0.209439
257.000000,129.757996,-0.262486,-0.219000
258.000000,129.757996,-0.268188,-0.221685
259.000000,129.757996,-0.273441,-0.228273
260.000000,129.757996,-0.278244,-0.253467
261.000000,129.757996,-0.282586,-0.246320
262.000000,129.757996,-0.286452,-0.242508
263.000000,129.757996,-0.289847,-0.249573
264.000000,129.757996,-0.292762,-0.251314
265.000000,129.757996,-0.295184,-0.256963
266.000000,129.757996,-0.297120,-0.270942
267.000000,129.757996,-0.298566,-0.272082
268.000000,129.757996,-0.299507,-0.267684
269.000000,129.757996,-0.299955,-0.276288
270.000000,129.757996,-0.299910,-0.277809
271.000000,129.757996,-0.299356,-0.284718
272.000000,129.757996,-0.298310,-0.282469
273.000000,129.757996,-0.296773,-0.281529
274.000000,129.757996,-0.294734,-0.281131
275.000000,129.757996,-0.292209,-0.279349
276.000000,129.757996,-0.289202,-0.276636
277.000000,129.757996,-0.285709,-0.280783
278.000000,129.757996,-0.281743,-0.278089
279.000000,129.757996,-0.277312,-0.273310
280.000000,129.757996,-0.272417,-0.277108
281.000000,129.757996,-0.267068,-0.266869
282.000000,129.757996,-0.261280,-0.255923
283.000000,129.757996,-0.255055,-0.259327
284.000000,129.757996,-0.248405,-0.255561
285.000000,129.757996,-0.241345,-0.245436
286.000000,129.757996,-0.233883,-0.249280
287.000000,129.757996,-0.226030,-0.238454
288.000000,129.757996,-0.217805,-0.227948
289.000000,129.757996,-0.209218,-0.225772
290.000000,129.757996,-0.200280,-0.217025
291.000000,129.757996,-0.191012,-0.209479
292.000000,129.757996,-0.181428,-0.206204
293.000000,129.757996,-0.171538,-0.194938
294.000000,129.757996,-0.161366,-0.186224
295.000000,129.757996,-0.150927,-0.178536
296.000000,129.757996,-0.140234,-0.164456
297.000000,129.757996,-0.129309,-0.159701
298.000000,129.757996,-0.118172,-0.155481
299.000000,129.757996,-0.106835,-0.135982
300.000000,129.757996,-0.095321,-0.133513
301.000000,129.757996,-0.083651,-0.121413
302.000000,129.757996,-0.071840,-0.108607
303.000000,129.757996,-0.059910,-0.116845
304.000000,129.757996,-0.047881,-0.091577
305.000000,129.757996,-0.035772,-0.077278
306.000000,129.757996,-0.023603,-0.069448
307.000000,129.757996,-0.011396,-0.055942
308.000000,129.757996,0.000831,-0.046009
309.000000,129.757996,0.013056,-0.037753
310.000000,129.757996,0.025259,-0.025594
311.000000,129.757996,0.037421,-0.015093
312.000000,129.757996,0.049520,-0.007478
313.000000,129.757996,0.061537,0.011362
314.000000,129.757996,0.073452,0.015004
315.000000,129.757996,0.085244,0.030531
316.000000,129.757996,0.096896,0.046310
317.000000,129.757996,0.108386,0.051606
318.000000,129.757996,0.119695,0.060733
319.000000,129.757996,0.130807,0.075472
320.000000,129.757996,0.141701,0.085688
321.000000,129.757996,0.152358,0.098155
322.000000,129.757996,0.162764,0.108207
323.000000,129.757996,0.172900,0.114630
324.000000,129.757996,0.182745,0.127097
325.000000,129.757996,0.192289,0.139389
326.000000,129.757996,0.201517,0.147439
327.000000,129.757996,0.210403,0.157152
328.000000,129.757996,0.218943,0.163452
329.000000,129.757996,0.227122,0.176527
330.000000,129.757996,0.234918,0.184586
331.000000,129.757996,0.242326,0.189108
332.000000,129.757996,0.249335,0.198542
333.000000,129.757996,0.255924,0.209561
334.000000,129.757996,0.262089,0.211503
335.000000,129.757996,0.267824,0.221596
336.000000,129.757996,0.273107,0.231649
337.000000,129.757996,0.277938,0.237471
338.000000,129.757996,0.282311,0.245031
339.000000,129.757996,0.286211,0.250616
340.000000,129.757996,0.289635,0.251532
341.000000,129.757996,0.292582,0.257452
342.000000,129.757996,0.295040,0.265277
343.000000,129.757996,0.297006,0.267380
344.000000,129.757996,0.298483,0.273446
345.000000,129.757996,0.299462,0.270578
346.000000,129.757996,0.299940,0.274513
347.000000,129.757996,0.299925,0.276113
348.000000,129.757996,0.299411,0.272433
349.000000,129.757996,0.298395,0.278674
350.000000,129.757996,0.296887,0.284566
351.000000,129.757996,0.294888,0.279287
352.000000,129.757996,0.292392,0.281867
353.000000,129.757996,0.289415,0.285665
354.000000,129.757996,0.285960,0.274674
355.000000,129.757996,0.282022,0.270179
356.000000,129.757996,0.277619,0.276805
357.000000,129.757996,0.272760,0.266487
358.000000,129.757996,0.267439,0.264892
359.000000,129.757996,0.261677,0.269144
360.000000,129.757996,0.255485,0.258226
361.000000,129.757996,0.248861,0.252018
362.000000,129.757996,0.241826,0.251523
363.000000,129.757996,0.234394,0.243872
364.000000,129.757996,0.226566,0.238617
365.000000,129.757996,0.218364,0.226563
366.000000,129.757996,0.209801,0.222357
367.000000,129.757996,0.200887,0.218142
368.000000,129.757996,0.191639,0.203902
369.000000,129.757996,0.182075,0.204635
370.000000,129.757996,0.172207,0.198547
371.000000,129.757996,0.162052,0.187321
372.000000,129.757996,0.151630,0.180674
373.000000,129.757996,0.140955,0.175025
374.000000,129.757996,0.130044,0.155773
375.000000,129.757996,0.118920,0.149272
376.000000,129.757996,0.107597,0.146303
377.000000,129.757996,0.096094,0.130478
378.000000,129.757996,0.084433,0.115570
379.000000,129.757996,0.072632,0.114461
380.000000,129.757996,0.060709,0.099823
381.000000,129.757996,0.048686,0.091974
382.000000,129.757996,0.036582,0.084273
383.000000,129.757996,0.024417,0.069607
384.000000,129.757996,0.012211,0.062052
385.000000,129.757996,-0.000015,0.044372
386.000000,129.757996,-0.012240,0.031951
387.000000,129.757996,-0.024446,0.029436
388.000000,129.757996,-0.036611,0.014037
389.000000,129.757996,-0.048715,0.004269
390.000000,129.757996,-0.060738,-0.006594
391.000000,129.757996,-0.072661,-0.023019
392.000000,129.757996,-0.084461,-0.031380
393.000000,129.757996,-0.096122,-0.036282
394.000000,129.757996,-0.107625,-0.056428
395.000000,129.757996,-0.118947,-0.065829
396.000000,129.757996,-0.130071,-0.069618
397.000000,129.757996,-0.140981,-0.084623
398.000000,129.757996,-0.151655,-0.097011
399.000000,129.757996,-0.162077,-0.103100
400.000000,129.757996,-0.172231,-0.118485
401.000000,129.757996,-0.182099,-0.124019
402.000000,129.757996,-0.191662,-0.138035
403.000000,129.757996,-0.200909,-0.148994
404.000000,129.757996,-0.209822,-0.153355
405.000000,129.757996,-0.218384,-0.168942
406.000000,129.757996,-0.226586,-0.176309
407.000000,129.757996,-0.234412,-0.178604
408.000000,129.757996,-0.241844,-0.193550
409.000000,129.757996,-0.248878,-0.199904
410.000000,129.757996,-0.255500,-0.205773
411.000000,129.757996,-0.261692,-0.215504
412.000000,129.757996,-0.267452,-0.213159
413.000000,129.757996,-0.272772,-0.227655
414.000000,129.757996,-0.277630,-0.237446
415.000000,129.757996,-0.282032,-0.244181
416.000000,129.757996,-0.285969,-0.247736
417.000000,129.757996,-0.289422,-0.257994
418.000000,129.757996,-0.292399,-0.257435
419.000000,129.757996,-0.294894,-0.266062
420.000000,129.757996,-0.296891,-0.270722
421.000000,129.757996,-0.298398,-0.269063
422.000000,129.757996,-0.299413,-0.276142
423.000000,129.757996,-0.299925,-0.278616
424.000000,129.757996,-0.299940,-0.269530
425.000000,129.757996,-0.299461,-0.279935
426.000000,129.757996,-0.298480,-0.279743
427.000000,129.757996,-0.297002,-0.276238
428.000000,129.757996,-0.295035,-0.284402
429.000000,129.757996,-0.292575,-0.275202
430.000000,129.757996,-0.289627,-0.276091
431.000000,129.757996,-0.286202,-0.283509
432.000000,129.757996,-0.282301,-0.277589
433.000000,129.757996,-0.277926,-0.270584
434.000000,129.757996,-0.273095,-0.274955
435.000000,129.757996,-0.267809,-0.268889
436.000000,129.757996,-0.262074,-0.262589
437.000000,129.757996,-0.255908,-0.260821
438.000000,129.757996,-0.249318,-0.257962
439.000000,129.757996,-0.242307,-0.256074
440.000000,129.757996,-0.234898,-0.246174
441.000000,129.757996,-0.227102,-0.233588
442.000000,129.757996,-0.218921,-0.236259
443.000000,129.757996,-0.210380,-0.223046
444.000000,129.757996,-0.201493,-0.214254
445.000000,129.757996,-0.192265,-0.213571
446.000000,129.757996,-0.182720,-0.205338
447.000000,129.757996,-0.172874,-0.189486
448.000000,129.757996,-0.162736,-0.190356
449.000000,129.757996,-0.152330,-0.180570
450.000000,129.757996,-0.141673,-0.165744
451.000000,129.757996,-0.130777,-0.162161
452.000000,129.757996,-0.119665,-0.150588
453.000000,129.757996,-0.108356,-0.148054
454.000000,129.757996,-0.096865,-0.137833
455.000000,129.757996,-0.085213,-0.121967
456.000000,129.757996,-0.073420,-0.116098
457.000000,129.757996,-0.061505,-0.101684
458.000000,129.757996,-0.049487,-0.087692
459.000000,129.757996,-0.037388,-0.081576
460.000000,129.757996,-0.025226,-0.070589
461.000000,129.757996,-0.013023,-0.051983
462.000000,129.757996,-0.000798,-0.051741
463.000000,129.757996,0.011429,-0.038220
464.000000,129.757996,0.023636,-0.023115
465.000000,129.757996,0.035804,-0.020119
466.000000,129.757996,0.047914,-0.006685
467.000000,129.757996,0.059942,0.010968
468.000000,129.757996,0.071872,0.011870
469.000000,129.757996,0.083683,0.027237
470.000000,129.757996,0.095352,0.033417
471.000000,129.757996,0.106865,0.050259
472.000000,129.757996,0.118202,0.065905
473.000000,129.757996,0.129339,0.070807
474.000000,129.757996,0.140262,0.084328
475.000000,129.757996,0.150955,0.101220
476.000000,129.757996,0.161393,0.102576
477.000000,129.757996,0.171564,0.114456
478.000000,129.757996,0.181453,0.126368
479.000000,129.757996,0.191037,0.132705
480.000000,129.757996,0.200304,0.140938
481.000000,129.757996,0.209241,0.158650
482.000000,129.757996,0.217827,0.160533
483.000000,129.757996,0.226051,0.176427
484.000000,129.757996,0.233903,0.187532
485.000000,129.757996,0.241364,0.191262
486.000000,129.757996,0.248422,0.200375
487.000000,129.757996,0.255072,0.206321
488.000000,129.757996,0.261295,0.210376
489.000000,129.757996,0.267082,0.223869
490.000000,129.757996,0.272430,0.225711
491.000000,129.757996,0.277324,0.232991
492.000000,129.757996,0.281753,0.247803
493.000000,129.757996,0.285719,0.248559
494.000000,129.757996,0.289210,0.261406
495.000000,129.757996,0.292216,0.258877
496.000000,129.757996,0.294740,0.259193
497.000000,129.757996,0.296777,0.251945
498.000000,129.757996,0.298313,0.272938
499.000000,129.757996,0.299358,0.273780
500.000000,129.757996,0.299910,0.278807
501.000000,129.757996,0.299955,0.279265
502.000000,129.757996,0.299506,0.280474
503.000000,129.757996,0.298563,0.280140
504.000000,129.757996,0.297116,0.278106
505.000000,129.757996,0.295179,0.281587
506.000000,129.757996,0.292756,0.280873
507.000000,129.757996,0.289839,0.277107
508.000000,129.757996,0.286443,0.276667
509.000000,129.757996,0.282576,0.279879
510.000000,129.757996,0.278233,0.270060
511.000000,129.757996,0.273429,0.270853
512.000000,129.757996,0.268175,0.268631
513.000000,129.757996,0.262471,0.259939
514.000000,129.757996,0.256330,0.260279
515.000000,129.757996,0.249768,0.259844
516.000000,129.757996,0.242788,0.250346
517.000000,129.757996,0.235403,0.245998
518.000000,129.757996,0.227631,0.242062
519.000000,129.757996,0.219479,0.232784
520.000000,129.757996,0.210960,0.222183
521.000000,129.757996,0.202093,0.221381
522.000000,129.757996,0.192891,0.211723
523.000000,129.757996,0.183365,0.196961
524.000000,129.757996,0.173537,0.189347
525.000000,129.757996,0.163422,0.186868
526.000000,129.757996,0.153032,0.149831
527.000000,129.757996,0.142390,0.167447
528.000000,129.757996,0.131512,0.170567
529.000000,129.757996,0.120412,0.169385
530.000000,129.757996,0.109115,0.147819
531.000000,129.757996,0.097637,0.134024
532.000000,129.757996,0.085995,0.128448
533.000000,129.757996,0.074210,0.112990
534.000000,129.757996,0.062304,0.103662
535.000000,129.757996,0.050292,0.103374
536.000000,129.757996,0.038197,0.076461
537.000000,129.757996,0.026040,0.077620
538.000000,129.757996,0.013838,0.067138
539.000000,129.757996,0.001614,0.047139
540.000000,129.757996,-0.010613,0.037958
541.000000,129.757996,-0.022823,0.024602
542.000000,129.757996,-0.034994,0.011943
543.000000,129.757996,-0.047107,0.003568
544.000000,129.757996,-0.059143,-0.011505
545.000000,129.757996,-0.071079,-0.018419
546.000000,129.757996,-0.082898,-0.021607
547.000000,129.757996,-0.094579,-0.042587
548.000000,129.757996,-0.106102,-0.051021
549.000000,129.757996,-0.117450,-0.060537
550.000000,129.757996,-0.128603,-0.074955
551.000000,129.757996,-0.139540,-0.090611
552.000000,129.757996,-0.150248,-0.090006
553.000000,129.757996,-0.160706,-0.106871
554.000000,129.757996,-0.170894,-0.112185
555.000000,129.757996,-0.180801,-0.118201
556.000000,129.757996,-0.190409,-0.135446
557.000000,129.757996,-0.199696,-0.145081
558.000000,129.757996,-0.208653,-0.161162
559.000000,129.757996,-0.217268,-0.164915
560.000000,129.757996,-0.225514,-0.170770
561.000000,129.757996,-0.233389,-0.183369
562.000000,129.757996,-0.240880,-0.189110
563.000000,129.757996,-0.247965,-0.194979
564.000000,129.757996,-0.254639,-0.210364
565.000000,129.757996,-0.260895,-0.217465
566.000000,129.757996,-0.266711,-0.217754
567.000000,129.757996,-0.272086,-0.226592
568.000000,129.757996,-0.277012,-0.232126
569.000000,129.757996,-0.281474,-0.237028
570.000000,129.757996,-0.285468,-0.247873
571.000000,129.757996,-0.288992,-0.251328
572.000000,129.757996,-0.292032,-0.255836
573.000000,129.757996,-0.294586,-0.264468
574.000000,129.757996,-0.296654,-0.266442
575.000000,129.757996,-0.298228,-0.273035
576.000000,129.757996,-0.299303,-0.272435
577.000000,129.757996,-0.299886,-0.276884
578.000000,129.757996,-0.299970,-0.281122
579.000000,129.757996,-0.299550,-0.280402
580.000000,129.757996,-0.298638,-0.275637
581.000000,129.757996,-0.297231,-0.282395
582.000000,129.757996,-0.295323,-0.279523
583.000000,129.757996,-0.292929,-0.273191
584.000000,129.757996,-0.290052,-0.281649
585.000000,129.757996,-0.286684,-0.277663
586.000000,129.757996,-0.282845,-0.274377
587.000000,129.757996,-0.278540,-0.274955
588.000000,129.757996,-0.273764,-0.272902
589.000000,129.757996,-0.268536,-0.264990
590.000000,129.757996,-0.262867,-0.263501
591.000000,129.757996,-0.256753,-0.259969
592.000000,129.757996,-0.250216,-0.263368
593.000000,129.757996,-0.243267,-0.247507
594.000000,129.757996,-0.235908,-0.237001
595.000000,129.757996,-0.228158,-0.241766
596.000000,129.757996,-0.220033,-0.234573
597.000000,129.757996,-0.211539,-0.222514
598.000000,129.757996,-0.202693,-0.221012
599.000000,129.757996,-0.193513,-0.212778
600.000000,129.757996,-0.184010,-0.198039
601.000000,129.757996,-0.174200,-0.197050
602.000000,129.757996,-0.164103,-0.188304
603.000000,129.757996,-0.153732,-0.178398
604.000000,129.757996,-0.143104,-0.173615
605.000000,129.757996,-0.132241,-0.164195
606.000000,129.757996,-0.121158,-0.152343
607.000000,129.757996,-0.109871,-0.142140
608.000000,129.757996,-0.098404,-0.131840
609.000000,129.757996,-0.086774,-0.129614
610.000000,129.757996,-0.074997,-0.117225
611.000000,129.757996,-0.063098,-0.107452
612.000000,129.757996,-0.051093,-0.099957
613.000000,129.757996,-0.039003,-0.083010
614.000000,129.757996,-0.026849,-0.073104
615.000000,129.757996,-0.014650,-0.060748
616.000000,129.757996,-0.002426,-0.048868
617.000000,129.757996,0.009802,-0.034349
618.000000,129.757996,0.022013,-0.027706
619.000000,129.757996,0.034187,-0.017026
620.000000,129.757996,0.046305,-0.002653
621.000000,129.757996,0.058346,0.000123
622.000000,129.757996,0.070290,0.017350
623.000000,129.757996,0.082117,0.027649
624.000000,129.757996,0.093808,0.037018
625.000000,129.757996,0.105342,0.052752
626.000000,129.757996,0.116702,0.054859
627.000000,129.757996,0.127869,0.072727
628.000000,129.757996,0.138822,0.089633
629.000000,129.757996,0.149543,0.093129
630.000000,129.757996,0.160019,0.104335
631.000000,129.757996,0.170227,0.119821
632.000000,129.757996,0.180152,0.124077
633.000000,129.757996,0.189779,0.134317
634.000000,129.757996,0.199091,0.147270
635.000000,129.757996,0.208069,0.153913
636.000000,129.757996,0.216704,0.160726
637.000000,129.757996,0.224980,0.173311
638.000000,129.757996,0.232878,0.180994
639.000000,129.757996,0.240393,0.190194
640.000000,129.757996,0.247509,0.198853
641.000000,129.757996,0.254209,0.204356
642.000000,129.757996,0.260490,0.214582
643.000000,129.757996,0.266341,0.220029
644.000000,129.757996,0.271743,0.229050
645.000000,129.757996,0.276697,0.237696
646.000000,129.757996,0.281195,0.240372
647.000000,129.757996,0.285217,0.245778
648.000000,129.757996,0.288770,0.251963
649.000000,129.757996,0.291847,0.255179
650.000000,129.757996,0.294432,0.261919
651.000000,129.757996,0.296530,0.271898
652.000000,129.757996,0.298140,0.270954
653.000000,129.757996,0.299249,0.270326
654.000000,129.757996,0.299861,0.277185
655.000000,129.757996,0.299980,0.275040
656.000000,129.757996,0.299595,0.279173
657.000000,129.757996,0.298713,0.279892
658.000000,129.757996,0.297339,0.281881
659.000000,129.757996,0.295467,0.283099
660.000000,129.757996,0.293103,0.276154
661.000000,129.757996,0.290256,0.278747
662.000000,129.757996,0.286925,0.279498
663.000000,129.757996,0.283115,0.272594
664.000000,129.757996,0.278838,0.272713
665.000000,129.757996,0.274098,0.276291
666.000000,129.757996,0.268898,0.267526
667.000000,129.757996,0.263255,0.268319
668.000000,129.757996,0.257176,0.271898
669.000000,129.757996,0.250664,0.253319
670.000000,129.757996,0.243740,0.245324
671.000000,129.757996,0.236413,0.249576
672.000000,129.757996,0.228687,0.237018
673.000000,129.757996,0.220584,0.232817
674.000000,129.757996,0.212118,0.223429
675.000000,129.757996,0.203293,0.219383
676.000000,129.757996,0.194134,0.215168
677.000000,129.757996,0.184654,0.201822
678.000000,129.757996,0.174863,0.190354
679.000000,129.757996,0.164783,0.192073
680.000000,129.757996,0.154432,0.184275
681.000000,129.757996,0.143821,0.170406
682.000000,129.757996,0.132972,0.171158
683.000000,129.757996,0.121903,0.151159
684.000000,129.757996,0.110630,0.143018
685.000000,129.757996,0.099174,0.136182
686.000000,129.757996,0.087554,0.125484
687.000000,129.757996,0.075787,0.116083
688.000000,129.757996,0.063895,0.105994
689.000000,129.757996,0.051897,0.095649
690.000000,129.757996,0.039812,0.083407
691.000000,129.757996,0.027661,0.067660
692.000000,129.757996,0.015464,0.058066
693.000000,129.757996,0.003242,0.056298
694.000000,129.757996,-0.008986,0.041719
695.000000,129.757996,-0.021199,0.023544
696.000000,129.757996,-0.033377,0.020342
697.000000,129.757996,-0.045498,0.005996
698.000000,129.757996,-0.057545,-0.002292
699.000000,129.757996,-0.069497,-0.010841
700.000000,129.757996,-0.081331,-0.030313
701.000000,129.757996,-0.093032,-0.036667
702.000000,129.757996,-0.104579,-0.048190
703.000000,129.757996,-0.115949,-0.063795
704.000000,129.757996,-0.127129,-0.070896
705.000000,129.757996,-0.138099,-0.085672
706.000000,129.757996,-0.148836,-0.097204
707.000000,129.757996,-0.159327,-0.097245
708.000000,129.757996,-0.169556,-0.114192
709.000000,129.757996,-0.179499,-0.121692
710.000000,129.757996,-0.189145,-0.126141
711.000000,129.757996,-0.198480,-0.145040
712.000000,129.757996,-0.207481,-0.152801
713.000000,129.757996,-0.216138,-0.162023
714.000000,129.757996,-0.224439,-0.176369
715.000000,129.757996,-0.232364,-0.178183
716.000000,129.757996,-0.239902,-0.184872
717.000000,129.757996,-0.247046,-0.196903
718.000000,129.757996,-0.253777,-0.206831
719.000000,129.757996,-0.260084,-0.219980
720.000000,129.757996,-0.265962,-0.223092
721.000000,129.757996,-0.271398,-0.222606
722.000000,129.757996,-0.276380,-0.230834
723.000000,129.757996,-0.280906,-0.242440
724.000000,129.757996,-0.284966,-0.244121
725.000000,129.757996,-0.288548,-0.255648
726.000000,129.757996,-0.291654,-0.251520
727.000000,129.757996,-0.294278,-0.257829
728.000000,129.757996,-0.296406,-0.269301
729.000000,129.757996,-0.298045,-0.268948
730.000000,129.757996,-0.299194,-0.270350
731.000000,129.757996,-0.299836,-0.277709
732.000000,129.757996,-0.299985,-0.276989
733.000000,129.757996,-0.299640,-0.273484
734.000000,129.757996,-0.298788,-0.283875
735.000000,129.757996,-0.297443,-0.281456
736.000000,129.757996,-0.295609,-0.276018
737.000000,129.757996,-0.293276,-0.281722
738.000000,129.757996,-0.290459,-0.280490
739.000000,129.757996,-0.287163,-0.274597
740.000000,129.757996,-0.283384,-0.279715
741.000000,129.757996,-0.279136,-0.273576
742.000000,129.757996,-0.274428,-0.274350
743.000000,129.757996,-0.269259,-0.269008
744.000000,129.757996,-0.263643,-0.261389
745.000000,129.757996,-0.257593,-0.260674
746.000000,129.757996,-0.251112,-0.257408
747.000000,129.757996,-0.244213,-0.248615
748.000000,129.757996,-0.236911,-0.252180
749.000000,129.757996,-0.229214,-0.242013
750.000000,129.757996,-0.221134,-0.228914
751.000000,129.757996,-0.212690,-0.229639
752.000000,129.757996,-0.203893,-0.220072
753.000000,129.757996,-0.194753,-0.208160
754.000000,129.757996,-0.185292,-0.207097
755.000000,129.757996,-0.175525,-0.198498
756.000000,129.757996,-0.165462,-0.183158
757.000000,129.757996,-0.155127,-0.182696
758.000000,129.757996,-0.144536,-0.176103
759.000000,129.757996,-0.133700,-0.164983
760.000000,129.757996,-0.122645,-0.154574
761.000000,129.757996,-0.111387,-0.143308
762.000000,129.757996,-0.099941,-0.135460
763.000000,129.757996,-0.088330,-0.128093
764.000000,129.757996,-0.076574,-0.113940
765.000000,129.757996,-0.064689,-0.109244
766.000000,129.757996,-0.052696,-0.097144
767.000000,129.757996,-0.040617,-0.076385
768.000000,129.757996,-0.028470,-0.073989
769.000000,129.757996,-0.016276,-0.063822
0.000000,135.514999,0.000982,-0.044808
1.000000,135.514999,0.013749,-0.043333
2.000000,135.514999,0.026491,-0.028246
3.000000,135.514999,0.039185,-0.008820
4.000000,135.514999,0.051808,-0.002484
5.000000,135.514999,0.064337,0.000622
6.000000,135.514999,0.076751,0.025175
7.000000,135.514999,0.089023,0.035318
8.000000,135.514999,0.101137,0.045925
9.000000,135.514999,0.113064,0.053970
10.000000,135.514999,0.124790,0.064407
11.000000,135.514999,0.136286,0.078734
12.000000,135.514999,0.147539,0.095260
13.000000,135.514999,0.158520,0.100042
14.000000,135.514999,0.169218,0.112289
15.000000,135.514999,0.179606,0.122575
16.000000,135.514999,0.189671,0.129878
17.000000,135.514999,0.199391,0.144498
18.000000,135.514999,0.208750,0.157738
19.000000,135.514999,0.217732,0.159786
20.000000,135.514999,0.226316,0.167552
21.000000,135.514999,0.234495,0.175707
22.000000,135.514999,0.242243,0.190354
23.000000,135.514999,0.249559,0.206060
24.000000,135.514999,0.256415,0.209863
25.000000,135.514999,0.262815,0.213409
26.000000,135.514999,0.268729,0.229935
27.000000,135.514999,0.274165,0.228244
28.000000,135.514999,0.279096,0.242351
29.000000,135.514999,0.283528,0.246749
30.000000,135.514999,0.287441,0.248925
31.000000,135.514999,0.290837,0.253732
32.000000,135.514999,0.293703,0.262904
33.000000,135.514999,0.296039,0.262913
34.000000,135.514999,0.297838,0.265332
35.000000,135.514999,0.299096,0.272686
36.000000,135.514999,0.299815,0.274147
37.000000,135.514999,0.299986,0.277373
38.000000,135.514999,0.299619,0.270867
39.000000,135.514999,0.298703,0.279040
40.000000,135.514999,0.297253,0.283892
41.000000,135.514999,0.295255,0.279507
42.000000,135.514999,0.292732,0.282014
43.000000,135.514999,0.289669,0.280832
44.000000,135.514999,0.286089,0.278467
45.000000,135.514999,0.281983,0.278660
46.000000,135.514999,0.277373,0.275765
47.000000,135.514999,0.272255,0.269020
48.000000,135.514999,0.266647,0.269066
49.000000,135.514999,0.260554,0.267137
50.000000,135.514999,0.253990,0.263220
51.000000,135.514999,0.246966,0.253658
52.000000,135.514999,0.239492,0.255830
53.000000,135.514999,0.231588,0.241558
54.000000,135.514999,0.223260,0.236390
55.000000,135.514999,0.214532,0.228395
56.000000,135.514999,0.205410,0.220277
57.000000,135.514999,0.195921,0.219196
58.000000,135.514999,0.186071,0.203962
59.000000,135.514999,0.175890,0.196535
60.000000,135.514999,0.165385,0.194093
61.000000,135.514999,0.154584,0.178694
62.000000,135.514999,0.143500,0.175987
63.000000,135.514999,0.132159,0.166544
64.000000,135.514999,0.120576,0.154059
65.000000,135.514999,0.108776,0.142871
66.000000,135.514999,0.096778,0.137149
67.000000,135.514999,0.084605,0.126538
68.000000,135.514999,0.072279,0.113036
69.000000,135.514999,0.059821,0.107020
70.000000,135.514999,0.047256,0.089848
71.000000,135.514999,0.034604,0.081927
72.000000,135.514999,0.021890,0.066579
73.000000,135.514999,0.009136,0.054726
74.000000,135.514999,-0.003634,0.049251
75.000000,135.514999,-0.016398,0.030838
76.000000,135.514999,-0.029132,0.028304
77.000000,135.514999,-0.041813,0.018042
78.000000,135.514999,-0.054419,-0.001591
79.000000,135.514999,-0.066925,-0.013819
80.000000,135.514999,-0.079311,-0.017974
81.000000,135.514999,-0.091553,-0.037607
82.000000,135.514999,-0.103629,-0.049761
83.000000,135.514999,-0.115517,-0.051763
84.000000,135.514999,-0.127196,-0.071235
85.000000,135.514999,-0.138645,-0.082277
86.000000,135.514999,-0.149841,-0.090372
87.000000,135.514999,-0.160768,-0.103604
88.000000,135.514999,-0.171400,-0.106692
89.000000,135.514999,-0.181727,-0.126700
90.000000,135.514999,-0.191718,-0.135753
91.000000,135.514999,-0.201368,-0.143321
92.000000,135.514999,-0.210646,-0.158134
93.000000,135.514999,-0.219549,-0.164035
94.000000,135.514999,-0.228049,-0.165890
95.000000,135.514999,-0.236139,-0.188789
96.000000,135.514999,-0.243799,-0.192464
97.000000,135.514999,-0.251019,-0.189925
98.000000,135.514999,-0.257783,-0.210744
99.000000,135.514999,-0.264080,-0.217172
100.000000,135.514999,-0.269899,-0.218427
101.000000,135.514999,-0.275227,-0.232992
102.000000,135.514999,-0.280060,-0.235627
103.000000,135.514999,-0.284381,-0.244528
104.000000,135.514999,-0.288192,-0.254274
105.000000,135.514999,-0.291474,-0.258182
106.000000,135.514999,-0.294237,-0.269168
107.000000,135.514999,-0.296455,-0.265068
108.000000,135.514999,-0.298146,-0.262969
109.000000,135.514999,-0.299289,-0.271675
110.000000,135.514999,-0.299896,-0.269242
111.000000,135.514999,-0.299954,-0.271624
112.000000,135.514999,-0.299473,-0.281429
113.000000,135.514999,-0.298446,-0.286363
114.000000,135.514999,-0.296880,-0.274158
115.000000,135.514999,-0.294776,-0.279642
116.000000,135.514999,-0.292136,-0.280343
117.000000,135.514999,-0.288970,-0.271551
118.000000,135.514999,-0.285276,-0.281576
119.000000,135.514999,-0.281070,-0.276843
120.000000,135.514999,-0.276349,-0.272797
121.000000,135.514999,-0.271134,-0.271015
122.000000,135.514999,-0.265419,-0.265402
123.000000,135.514999,-0.259233,-0.263822
124.000000,135.514999,-0.252567,-0.253980
125.000000,135.514999,-0.245452,-0.249202
126.000000,135.514999,-0.237885,-0.250246
127.000000,135.514999,-0.229892,-0.241720
128.000000,135.514999,-0.221479,-0.228988
129.000000,135.514999,-0.212668,-0.234106
130.000000,135.514999,-0.203469,-0.220072
131.000000,135.514999,-0.193902,-0.210093
132.000000,135.514999,-0.183985,-0.206204
133.000000,135.514999,-0.173732,-0.201251
134.000000,135.514999,-0.163167,-0.188959
135.000000,135.514999,-0.152303,-0.180016
136.000000,135.514999,-0.141167,-0.171416
137.000000,135.514999,-0.129771,-0.160736
138.000000,135.514999,-0.118144,-0.147573
139.000000,135.514999,-0.106299,-0.141521
140.000000,135.514999,-0.094264,-0.135240
141.000000,135.514999,-0.082056,-0.121399
142.000000,135.514999,-0.069702,-0.105239
143.000000,135.514999,-0.057219,-0.101437
144.000000,135.514999,-0.044634,-0.092911
145.000000,135.514999,-0.031968,-0.074525
146.000000,135.514999,-0.019244,-0.072129
147.000000,135.514999,-0.006484,-0.054155
148.000000,135.514999,0.006287,-0.040676
149.000000,135.514999,0.019046,-0.035219
150.000000,135.514999,0.031771,-0.022679
151.000000,135.514999,0.044439,-0.004660
152.000000,135.514999,0.057025,0.000123
153.000000,135.514999,0.069509,0.017643
154.000000,135.514999,0.081866,0.025129
155.000000,135.514999,0.094077,0.037092
156.000000,135.514999,0.106114,0.046351
157.000000,135.514999,0.117962,0.056206
158.000000,135.514999,0.129593,0.068333
159.000000,135.514999,0.140992,0.088286
160.000000,135.514999,0.152133,0.094022
161.000000,135.514999,0.163000,0.107236
162.000000,135.514999,0.173571,0.096826
163.000000,135.514999,0.183828,0.120650
164.000000,135.514999,0.193751,0.140044
165.000000,135.514999,0.203323,0.162677
166.000000,135.514999,0.212528,0.161426
167.000000,135.514999,0.221345,0.170246
168.000000,135.514999,0.229766,0.178012
169.000000,135.514999,0.237764,0.182854
170.000000,135.514999,0.245338,0.192261
171.000000,135.514999,0.252460,0.197341
172.000000,135.514999,0.259133,0.207769
173.000000,135.514999,0.265327,0.222375
174.000000,135.514999,0.271048,0.225197
175.000000,135.514999,0.276272,0.234397
176.000000,135.514999,0.281000,0.242736
177.000000,135.514999,0.285215,0.245205
178.000000,135.514999,0.288916,0.250611
179.000000,135.514999,0.292091,0.262670
180.000000,135.514999,0.294738,0.263733
181.000000,135.514999,0.296852,0.266679
182.000000,135.514999,0.298425,0.272864
183.000000,135.514999,0.299462,0.271247
184.000000,135.514999,0.299950,0.277913
185.000000,135.514999,0.299902,0.278165
186.000000,135.514999,0.299302,0.272214
187.000000,135.514999,0.298169,0.279833
188.000000,135.514999,0.296485,0.274280
189.000000,135.514999,0.294274,0.282101
190.000000,135.514999,0.291521,0.288666
191.000000,135.514999,0.288246,0.280181
192.000000,135.514999,0.284444,0.277327
193.000000,135.514999,0.280131,0.278225
194.000000,135.514999,0.275306,0.272960
195.000000,135.514999,0.269985,0.269359
196.000000,135.514999,0.264174,0.266391
197.000000,135.514999,0.257884,0.259793
198.000000,135.514999,0.251128,0.256412
199.000000,135.514999,0.243914,0.252403
200.000000,135.514999,0.236262,0.242452
201.000000,135.514999,0.228177,0.238851
202.000000,135.514999,0.219685,0.236569
203.000000,135.514999,0.210787,0.226824
204.000000,135.514999,0.201515,0.222916
205.000000,135.514999,0.191870,0.207242
206.000000,135.514999,0.181884,0.199289
207.000000,135.514999,0.171563,0.185833
208.000000,135.514999,0.160935,0.187848
209.000000,135.514999,0.150012,0.186488
210.000000,135.514999,0.138820,0.173838
211.000000,135.514999,0.127375,0.152653
212.000000,135.514999,0.115700,0.152992
213.000000,135.514999,0.103815,0.149130
214.000000,135.514999,0.091742,0.130024
215.000000,135.514999,0.079503,0.124490
216.000000,135.514999,0.067118,0.112074
217.000000,135.514999,0.054614,0.097142
218.000000,135.514999,0.042009,0.084461
219.000000,135.514999,0.029330,0.074592
220.000000,135.514999,0.016596,0.059046
221.000000,135.514999,0.003832,0.056252
222.000000,135.514999,-0.008938,0.044211
223.000000,135.514999,-0.021693,0.030764
224.000000,135.514999,-0.034407,0.016942
225.000000,135.514999,-0.047060,0.003916
226.000000,135.514999,-0.059627,-0.003025
227.000000,135.514999,-0.072086,-0.009494
228.000000,135.514999,-0.084415,-0.030313
229.000000,135.514999,-0.096590,-0.115026
230.000000,135.514999,-0.108591,-0.046183
231.000000,135.514999,-0.120394,-0.044740
232.000000,135.514999,-0.131981,-0.055488
233.000000,135.514999,-0.143326,-0.067011
234.000000,135.514999,-0.154415,-0.089016
235.000000,135.514999,-0.165220,-0.104452
236.000000,135.514999,-0.175730,-0.116400
237.000000,135.514999,-0.185916,-0.132766
238.000000,135.514999,-0.195771,-0.138021
239.000000,135.514999,-0.205265,-0.152961
240.000000,135.514999,-0.214393,-0.158074
241.000000,135.514999,-0.223127,-0.163490
242.000000,135.514999,-0.231461,-0.180236
243.000000,135.514999,-0.239373,-0.189037
244.000000,135.514999,-0.246853,-0.189105
245.000000,135.514999,-0.253885,-0.204197
246.000000,135.514999,-0.260455,-0.209878
247.000000,135.514999,-0.266557,-0.213814
248.000000,135.514999,-0.272171,-0.229492
249.000000,135.514999,-0.277298,-0.235773
250.000000,135.514999,-0.281915,-0.239182
251.000000,135.514999,-0.286030,-0.248093
252.000000,135.514999,-0.289617,-0.253261
253.000000,135.514999,-0.292688,-0.257682
254.000000,135.514999,-0.295220,-0.259927
255.000000,135.514999,-0.297225,-0.265329
256.000000,135.514999,-0.298684,-0.273562
257.000000,135.514999,-0.299608,-0.277942
258.000000,135.514999,-0.299985,-0.272050
259.000000,135.514999,-0.299821,-0.282762
260.000000,135.514999,-0.299112,-0.279143
261.000000,135.514999,-0.297861,-0.274524
262.000000,135.514999,-0.296071,-0.278749
263.000000,135.514999,-0.293743,-0.289263
264.000000,135.514999,-0.290886,-0.280705
265.000000,135.514999,-0.287497,-0.278749
266.000000,135.514999,-0.283593,-0.274689
267.000000,135.514999,-0.279168,-0.268944
268.000000,135.514999,-0.274246,-0.271455
269.000000,135.514999,-0.268817,-0.267102
270.000000,135.514999,-0.262909,-0.265123
271.000000,135.514999,-0.256518,-0.262681
272.000000,135.514999,-0.249668,-0.255062
273.000000,135.514999,-0.242360,-0.256821
274.000000,135.514999,-0.234617,-0.245353
275.000000,135.514999,-0.226447,-0.233881
276.000000,135.514999,-0.217867,-0.240053
277.000000,135.514999,-0.208893,-0.225199
278.000000,135.514999,-0.199539,-0.209713
279.000000,135.514999,-0.189825,-0.211638
280.000000,135.514999,-0.179765,-0.198644
281.000000,135.514999,-0.169382,-0.194172
282.000000,135.514999,-0.158688,-0.183809
283.000000,135.514999,-0.147711,-0.176103
284.000000,135.514999,-0.136462,-0.164630
285.000000,135.514999,-0.124970,-0.162161
286.000000,135.514999,-0.113247,-0.149548
287.000000,135.514999,-0.101323,-0.140247
288.000000,135.514999,-0.089212,-0.133073
289.000000,135.514999,-0.076942,-0.118540
290.000000,135.514999,-0.064531,-0.111338
291.000000,135.514999,-0.052003,-0.096997
292.000000,135.514999,-0.039381,-0.078465
293.000000,135.514999,-0.026688,-0.075469
294.000000,135.514999,-0.013947,-0.063149
295.000000,135.514999,-0.001180,-0.044469
296.000000,135.514999,0.011589,-0.041620
297.000000,135.514999,0.024337,-0.030193
298.000000,135.514999,0.037041,-0.011734
299.000000,135.514999,0.049678,-0.008811
300.000000,135.514999,0.062225,0.006189
301.000000,135.514999,0.074658,0.022055
302.000000,135.514999,0.086958,0.029505
303.000000,135.514999,0.099098,0.042118
304.000000,135.514999,0.111060,0.049498
305.000000,135.514999,0.122819,0.060453
306.000000,135.514999,0.134358,0.077433
307.000000,135.514999,0.145651,0.087622
308.000000,135.514999,0.156682,0.098389
309.000000,135.514999,0.167428,0.114241
310.000000,135.514999,0.177871,0.119771
311.000000,135.514999,0.187992,0.128590
312.000000,135.514999,0.197770,0.143623
313.000000,135.514999,0.207194,0.144832
314.000000,135.514999,0.216237,0.160652
315.000000,135.514999,0.224895,0.176065
316.000000,135.514999,0.233138,0.176307
317.000000,135.514999,0.240966,0.186621
318.000000,135.514999,0.248349,0.197800
319.000000,135.514999,0.255290,0.204429
320.000000,135.514999,0.261761,0.215329
321.000000,135.514999,0.267764,0.217056
322.000000,135.514999,0.273276,0.229270
323.000000,135.514999,0.278298,0.239483
324.000000,135.514999,0.282812,0.239038
325.000000,135.514999,0.286815,0.248985
326.000000,135.514999,0.290299,0.258364
327.000000,135.514999,0.293255,0.255926
328.000000,135.514999,0.295682,0.260806
329.000000,135.514999,0.297570,0.261704
330.000000,135.514999,0.298924,0.268493
331.000000,135.514999,0.299729,0.275760
332.000000,135.514999,0.299999,0.283205
333.000000,135.514999,0.299716,0.278907
334.000000,135.514999,0.298900,0.279920
335.000000,135.514999,0.297532,0.280465
336.000000,135.514999,0.295634,0.280694
337.000000,135.514999,0.293193,0.281546
338.000000,135.514999,0.290226,0.273900
339.000000,135.514999,0.286729,0.275407
340.000000,135.514999,0.282715,0.279366
341.000000,135.514999,0.278187,0.273034
342.000000,135.514999,0.273156,0.267806
343.000000,135.514999,0.267631,0.269598
344.000000,135.514999,0.261618,0.267980
345.000000,135.514999,0.255135,0.257979
346.000000,135.514999,0.248185,0.257017
347.000000,135.514999,0.240790,0.245205
348.000000,135.514999,0.232953,0.248898
349.000000,135.514999,0.224701,0.243102
350.000000,135.514999,0.216034,0.227497
351.000000,135.514999,0.206983,0.222183
352.000000,135.514999,0.197550,0.219154
353.000000,135.514999,0.187764,0.207109
354.000000,135.514999,0.177634,0.200448
355.000000,135.514999,0.167185,0.184907
356.000000,135.514999,0.156432,0.179721
357.000000,135.514999,0.145396,0.176839
358.000000,135.514999,0.134096,0.161206
359.000000,135.514999,0.122552,0.158733
360.000000,135.514999,0.110788,0.150403
361.000000,135.514999,0.098821,0.132411
362.000000,135.514999,0.086677,0.125017
363.000000,135.514999,0.074374,0.120261
364.000000,135.514999,0.061939,0.103616
365.000000,135.514999,0.049389,0.097408
366.000000,135.514999,0.036751,0.084992
367.000000,135.514999,0.024045,0.071994
368.000000,135.514999,0.011297,0.058272
369.000000,135.514999,-0.001473,0.048624
370.000000,135.514999,-0.014239,0.035158
371.000000,135.514999,-0.026980,0.022843
372.000000,135.514999,-0.039672,0.008810
373.000000,135.514999,-0.052292,0.002262
374.000000,135.514999,-0.064817,-0.008880
375.000000,135.514999,-0.077225,-0.023312
376.000000,135.514999,-0.089492,-0.030926
377.000000,135.514999,-0.101598,-0.035609
378.000000,135.514999,-0.113519,-0.054934
379.000000,135.514999,-0.125236,-0.068582
380.000000,135.514999,-0.136723,-0.076311
381.000000,135.514999,-0.147966,-0.094450
382.000000,135.514999,-0.158937,-0.103412
383.000000,135.514999,-0.169624,-0.108387
384.000000,135.514999,-0.179999,-0.126219
385.000000,135.514999,-0.190052,-0.135034
386.000000,135.514999,-0.199757,-0.144009
387.000000,135.514999,-0.209103,-0.158734
388.000000,135.514999,-0.218068,-0.160416
389.000000,135.514999,-0.226639,-0.186224
390.000000,135.514999,-0.234799,-0.180103
391.000000,135.514999,-0.242533,-0.179631
392.000000,135.514999,-0.249829,-0.200097
393.000000,135.514999,-0.256670,-0.207638
394.000000,135.514999,-0.263049,-0.208746
395.000000,135.514999,-0.268947,-0.222945
396.000000,135.514999,-0.274363,-0.230266
397.000000,135.514999,-0.279275,-0.231375
398.000000,135.514999,-0.283690,-0.252033
399.000000,135.514999,-0.287580,-0.253554
400.000000,135.514999,-0.290959,-0.251983
401.000000,135.514999,-0.293802,-0.259107
402.000000,135.514999,-0.296120,-0.262562
403.000000,135.514999,-0.297895,-0.269077
404.000000,135.514999,-0.299135,-0.275555
405.000000,135.514999,-0.299830,-0.275743
406.000000,135.514999,-0.299983,-0.281369
407.000000,135.514999,-0.299592,-0.282776
408.000000,135.514999,-0.298657,-0.271230
409.000000,135.514999,-0.297184,-0.281049
410.000000,135.514999,-0.295168,-0.279069
411.000000,135.514999,-0.292623,-0.275418
412.000000,135.514999,-0.289540,-0.281502
413.000000,135.514999,-0.285941,-0.279596
414.000000,135.514999,-0.281815,-0.268650
415.000000,135.514999,-0.277187,-0.275322
416.000000,135.514999,-0.272048,-0.275949
417.000000,135.514999,-0.266424,-0.265297
418.000000,135.514999,-0.260310,-0.265655
419.000000,135.514999,-0.253729,-0.257802
420.000000,135.514999,-0.246685,-0.251589
421.000000,135.514999,-0.239197,-0.244973
422.000000,135.514999,-0.231274,-0.247621
423.000000,135.514999,-0.222932,-0.238967
424.000000,135.514999,-0.214187,-0.230546
425.000000,135.514999,-0.205052,-0.221827
426.000000,135.514999,-0.195548,-0.217731
427.000000,135.514999,-0.185686,-0.206524
428.000000,135.514999,-0.175492,-0.192752
429.000000,135.514999,-0.164975,-0.190356
430.000000,135.514999,-0.154164,-0.179970
431.000000,135.514999,-0.143069,-0.166271
432.000000,135.514999,-0.131719,-0.161708
433.000000,135.514999,-0.120126,-0.156682
434.000000,135.514999,-0.108319,-0.148109
435.000000,135.514999,-0.096313,-0.139913
436.000000,135.514999,-0.084134,-0.126406
437.000000,135.514999,-0.071802,-0.114073
438.000000,135.514999,-0.059340,-0.103384
439.000000,135.514999,-0.046771,-0.089891
440.000000,135.514999,-0.034116,-0.085003
441.000000,135.514999,-0.021400,-0.071249
442.000000,135.514999,-0.008645,-0.051823
443.000000,135.514999,0.004125,-0.049280
444.000000,135.514999,0.016888,-0.038000
445.000000,135.514999,0.029621,-0.024155
446.000000,135.514999,0.042299,-0.014465
447.000000,135.514999,0.054902,0.000315
448.000000,135.514999,0.067404,0.016094
449.000000,135.514999,0.079785,0.024378
450.000000,135.514999,0.092020,0.035131
451.000000,135.514999,0.104090,0.046457
452.000000,135.514999,0.115970,0.054433
453.000000,135.514999,0.127641,0.070020
454.000000,135.514999,0.139079,0.076273
455.000000,135.514999,0.150266,0.091328
456.000000,135.514999,0.161181,0.108688
457.000000,135.514999,0.171803,0.035525
458.000000,135.514999,0.182115,0.123317
459.000000,135.514999,0.192095,0.158444
460.000000,135.514999,0.201730,0.163960
461.000000,135.514999,0.210995,0.168546
462.000000,135.514999,0.219884,0.164831
463.000000,135.514999,0.228367,0.178914
464.000000,135.514999,0.236444,0.192728
465.000000,135.514999,0.244084,0.199280
466.000000,135.514999,0.251289,0.199596
467.000000,135.514999,0.258033,0.208122
468.000000,135.514999,0.264314,0.218628
469.000000,135.514999,0.270112,0.223850
470.000000,135.514999,0.275423,0.231923
471.000000,135.514999,0.280234,0.235190
472.000000,135.514999,0.284538,0.241705
473.000000,135.514999,0.288326,0.254304
474.000000,135.514999,0.291590,0.256952
475.000000,135.514999,0.294329,0.261039
476.000000,135.514999,0.296530,0.265364
477.000000,135.514999,0.298200,0.263513
478.000000,135.514999,0.299322,0.272860
479.000000,135.514999,0.299910,0.280232
480.000000,135.514999,0.299945,0.275860
481.000000,135.514999,0.299446,0.277986
482.000000,135.514999,0.298395,0.283058
483.000000,135.514999,0.296811,0.282554
484.000000,135.514999,0.294683,0.279920
485.000000,135.514999,0.292026,0.280099
486.000000,135.514999,0.288836,0.275934
487.000000,135.514999,0.285125,0.279540
488.000000,135.514999,0.280896,0.268993
489.000000,135.514999,0.276158,0.273767
490.000000,135.514999,0.270921,0.276612
491.000000,135.514999,0.265191,0.261653
492.000000,135.514999,0.258984,0.261406
493.000000,135.514999,0.252302,0.262377
494.000000,135.514999,0.245170,0.246025
495.000000,135.514999,0.237585,0.245031
496.000000,135.514999,0.229579,0.248683
497.000000,135.514999,0.221148,0.235611
498.000000,135.514999,0.212323,0.229403
499.000000,135.514999,0.203107,0.222641
500.000000,135.514999,0.193529,0.209863
501.000000,135.514999,0.183596,0.206408
502.000000,135.514999,0.173333,0.197506
503.000000,135.514999,0.162754,0.188435
504.000000,135.514999,0.151881,0.181847
505.000000,135.514999,0.140733,0.159466
506.000000,135.514999,0.129329,0.158366
507.000000,135.514999,0.117692,0.162105
508.000000,135.514999,0.105840,0.143352
509.000000,135.514999,0.093798,0.128150
510.000000,135.514999,0.081584,0.123615
511.000000,135.514999,0.069225,0.110310
512.000000,135.514999,0.056737,0.099048
513.000000,135.514999,0.044149,0.094293
514.000000,135.514999,0.031480,0.076608
515.000000,135.514999,0.018754,0.065713
516.000000,135.514999,0.005994,0.058877
517.000000,135.514999,-0.006777,0.041339
518.000000,135.514999,-0.019536,0.034091
519.000000,135.514999,-0.032259,0.021469
520.000000,135.514999,-0.044924,0.007857
521.000000,135.514999,-0.057507,0.006849
522.000000,135.514999,-0.069986,-0.016646
523.000000,135.514999,-0.082338,-0.032260
524.000000,135.514999,-0.094542,-0.042655
525.000000,135.514999,-0.106573,-0.052034
526.000000,135.514999,-0.118413,-0.057642
527.000000,135.514999,-0.130035,-0.066117
528.000000,135.514999,-0.141426,-0.082616
529.000000,135.514999,-0.152556,-0.096411
530.000000,135.514999,-0.163413,-0.104813
531.000000,135.514999,-0.173971,-0.119892
532.000000,135.514999,-0.184217,-0.128780
533.000000,135.514999,-0.194125,-0.137769
534.000000,135.514999,-0.203685,-0.150180
535.000000,135.514999,-0.212874,-0.158542
536.000000,135.514999,-0.221677,-0.162010
537.000000,135.514999,-0.230079,-0.179049
538.000000,135.514999,-0.238064,-0.185637
539.000000,135.514999,-0.245619,-0.194704
540.000000,135.514999,-0.252725,-0.204431
541.000000,135.514999,-0.259378,-0.208059
542.000000,135.514999,-0.265556,-0.225245
543.000000,135.514999,-0.271259,-0.226019
544.000000,135.514999,-0.276462,-0.225268
545.000000,135.514999,-0.281174,-0.234999
546.000000,135.514999,-0.285366,-0.241354
547.000000,135.514999,-0.289049,-0.248116
548.000000,135.514999,-0.292202,-0.265948
549.000000,135.514999,-0.294831,-0.264642
550.000000,135.514999,-0.296921,-0.267304
551.000000,135.514999,-0.298476,-0.266401
552.000000,135.514999,-0.299489,-0.267029
553.000000,135.514999,-0.299959,-0.276329
554.000000,135.514999,-0.299887,-0.275409
555.000000,135.514999,-0.299269,-0.275390
556.000000,135.514999,-0.298112,-0.286409
557.000000,135.514999,-0.296410,-0.284049
558.000000,135.514999,-0.294178,-0.277644
559.000000,135.514999,-0.291404,-0.285442
560.000000,135.514999,-0.288112,-0.279743
561.000000,135.514999,-0.284287,-0.270584
562.000000,135.514999,-0.279957,-0.275248
563.000000,135.514999,-0.275110,-0.271409
564.000000,135.514999,-0.269773,-0.265750
565.000000,135.514999,-0.263940,-0.268628
566.000000,135.514999,-0.257634,-0.264642
567.000000,135.514999,-0.250858,-0.250269
568.000000,135.514999,-0.243629,-0.254347
569.000000,135.514999,-0.235958,-0.246494
570.000000,135.514999,-0.227859,-0.242934
571.000000,135.514999,-0.219348,-0.235379
572.000000,135.514999,-0.210438,-0.222853
573.000000,135.514999,-0.201149,-0.221012
574.000000,135.514999,-0.191492,-0.212471
575.000000,135.514999,-0.181493,-0.198699
576.000000,135.514999,-0.171160,-0.203817
577.000000,135.514999,-0.160522,-0.189563
578.000000,135.514999,-0.149587,-0.184872
579.000000,135.514999,-0.138386,-0.169895
580.000000,135.514999,-0.126930,-0.153328
581.000000,135.514999,-0.115247,-0.141196
582.000000,135.514999,-0.103354,-0.136193
583.000000,135.514999,-0.091274,-0.129527
584.000000,135.514999,-0.079029,-0.118640
585.000000,135.514999,-0.066640,-0.110151
586.000000,135.514999,-0.054131,-0.096205
587.000000,135.514999,-0.041523,-0.090450
588.000000,135.514999,-0.028841,-0.078089
589.000000,135.514999,-0.016105,-0.059030
590.000000,135.514999,-0.003341,-0.054787
591.000000,135.514999,0.009429,-0.048781
592.000000,135.514999,0.022182,-0.028095
593.000000,135.514999,0.034895,-0.023912
594.000000,135.514999,0.047545,-0.006232
595.000000,135.514999,0.060108,0.014014
596.000000,135.514999,0.072563,0.015150
597.000000,135.514999,0.084886,0.026724
598.000000,135.514999,0.097056,0.039309
599.000000,135.514999,0.109048,0.050713
600.000000,135.514999,0.120845,0.064073
601.000000,135.514999,0.132421,0.076599
602.000000,135.514999,0.143758,0.084341
603.000000,135.514999,0.154835,0.098141
604.000000,135.514999,0.165629,0.103295
605.000000,135.514999,0.176126,0.117223
606.000000,135.514999,0.186301,0.133089
607.000000,135.514999,0.196142,0.137025
608.000000,135.514999,0.205623,0.152552
609.000000,135.514999,0.214737,0.163644
610.000000,135.514999,0.223455,0.166714
611.000000,135.514999,0.231775,0.177100
612.000000,135.514999,0.239668,0.194813
613.000000,135.514999,0.247133,0.193869
614.000000,135.514999,0.254145,0.202395
615.000000,135.514999,0.260700,0.214161
616.000000,135.514999,0.266780,0.218197
617.000000,135.514999,0.272379,0.226943
618.000000,135.514999,0.277483,0.233669
619.000000,135.514999,0.282084,0.239845
620.000000,135.514999,0.286175,0.249851
621.000000,135.514999,0.289745,0.251285
622.000000,135.514999,0.292794,0.257026
623.000000,135.514999,0.295307,0.267458
624.000000,135.514999,0.297292,0.265080
625.000000,135.514999,0.298729,0.270779
626.000000,135.514999,0.299635,0.276511
627.000000,135.514999,0.299988,0.272140
628.000000,135.514999,0.299806,0.276946
629.000000,135.514999,0.299072,0.293326
630.000000,135.514999,0.297804,0.280401
631.000000,135.514999,0.295990,0.275086
632.000000,135.514999,0.293644,0.275251
633.000000,135.514999,0.290764,0.280621
634.000000,135.514999,0.287358,0.281033
635.000000,135.514999,0.283431,0.274692
636.000000,135.514999,0.278989,0.276300
637.000000,135.514999,0.274044,0.273125
638.000000,135.514999,0.268599,0.266560
639.000000,135.514999,0.262672,0.265579
640.000000,135.514999,0.256263,0.265584
641.000000,135.514999,0.249397,0.251459
642.000000,135.514999,0.242070,0.247858
643.000000,135.514999,0.234313,0.248609
644.000000,135.514999,0.226124,0.235611
645.000000,135.514999,0.217531,0.229037
646.000000,135.514999,0.208539,0.228221
647.000000,135.514999,0.199173,0.218944
648.000000,135.514999,0.189444,0.210875
649.000000,135.514999,0.179372,0.205973
650.000000,135.514999,0.168975,0.190368
651.000000,135.514999,0.158272,0.185054
652.000000,135.514999,0.147283,0.176312
653.000000,135.514999,0.136025,0.163433
654.000000,135.514999,0.124523,0.165252
655.000000,135.514999,0.112793,0.141904
656.000000,135.514999,0.100861,0.135004
657.000000,135.514999,0.088743,0.132489
658.000000,135.514999,0.076468,0.115597
659.000000,135.514999,0.064051,0.106122
660.000000,135.514999,0.051520,0.102860
661.000000,135.514999,0.038895,0.086128
662.000000,135.514999,0.026199,0.075687
663.000000,135.514999,0.013456,0.063711
664.000000,135.514999,0.000689,0.045952
665.000000,135.514999,-0.012080,0.042878
666.000000,135.514999,-0.024826,0.030756
667.000000,135.514999,-0.037528,0.011430
668.000000,135.514999,-0.050162,0.037490
669.000000,135.514999,-0.062705,-0.006067
670.000000,135.514999,-0.075133,-0.032466
671.000000,135.514999,-0.087427,-0.039421
672.000000,135.514999,-0.099561,-0.053335
673.000000,135.514999,-0.111517,-0.057848
674.000000,135.514999,-0.123267,-0.063263
675.000000,135.514999,-0.134798,-0.061687
676.000000,135.514999,-0.146080,-0.089703
677.000000,135.514999,-0.157101,-0.100420
678.000000,135.514999,-0.167834,-0.114692
679.000000,135.514999,-0.178267,-0.123346
680.000000,135.514999,-0.188373,-0.127355
681.000000,135.514999,-0.198140,-0.143853
682.000000,135.514999,-0.207547,-0.151321
683.000000,135.514999,-0.216578,-0.158904
684.000000,135.514999,-0.225218,-0.170115
685.000000,135.514999,-0.233447,-0.179896
686.000000,135.514999,-0.241256,-0.186058
687.000000,135.514999,-0.248624,-0.201370
688.000000,135.514999,-0.255547,-0.202818
689.000000,135.514999,-0.262000,-0.210872
690.000000,135.514999,-0.267987,-0.224365
691.000000,135.514999,-0.273478,-0.228727
692.000000,135.514999,-0.278483,-0.240886
693.000000,135.514999,-0.282975,-0.243273
694.000000,135.514999,-0.286961,-0.244382
695.000000,135.514999,-0.290421,-0.257687
696.000000,135.514999,-0.293360,-0.259648
697.000000,135.514999,-0.295763,-0.262470
698.000000,135.514999,-0.297633,-0.269375
699.000000,135.514999,-0.298963,-0.270295
700.000000,135.514999,-0.299750,-0.271404
701.000000,135.514999,-0.299996,-0.277709
702.000000,135.514999,-0.299695,-0.276696
703.000000,135.514999,-0.298856,-0.280251
704.000000,135.514999,-0.297469,-0.282395
705.000000,135.514999,-0.295551,-0.278863
706.000000,135.514999,-0.293088,-0.282510
707.000000,135.514999,-0.290104,-0.282849
708.000000,135.514999,-0.286583,-0.273896
709.000000,135.514999,-0.282553,-0.279642
710.000000,135.514999,-0.278002,-0.279582
711.000000,135.514999,-0.272954,-0.264770
712.000000,135.514999,-0.267407,-0.266988
713.000000,135.514999,-0.261379,-0.260395
714.000000,135.514999,-0.254875,-0.255850
715.000000,135.514999,-0.247910,-0.258214
716.000000,135.514999,-0.240496,-0.248648
717.000000,135.514999,-0.232644,-0.238815
718.000000,135.514999,-0.224374,-0.238573
719.000000,135.514999,-0.215693,-0.231980
720.000000,135.514999,-0.206627,-0.221094
721.000000,135.514999,-0.197180,-0.220938
722.000000,135.514999,-0.187382,-0.208852
723.000000,135.514999,-0.177238,-0.207345
724.000000,135.514999,-0.166779,-0.193270
725.000000,135.514999,-0.156012,-0.178517
726.000000,135.514999,-0.144967,-0.175842
727.000000,135.514999,-0.133656,-0.165968
728.000000,135.514999,-0.122105,-0.151976
729.000000,135.514999,-0.110331,-0.145640
730.000000,135.514999,-0.098358,-0.135327
731.000000,135.514999,-0.086206,-0.119548
732.000000,135.514999,-0.073899,-0.115951
733.000000,135.514999,-0.061457,-0.106385
734.000000,135.514999,-0.048904,-0.090152
735.000000,135.514999,-0.036263,-0.083436
736.000000,135.514999,-0.023556,-0.077810
0.000000,141.529007,0.005730,-0.056689
1.000000,141.529007,0.019056,-0.039489
2.000000,141.529007,0.032345,-0.032993
3.000000,141.529007,0.045569,-0.012412
4.000000,141.529007,0.058704,0.000567
5.000000,141.529007,0.071722,0.006143
6.000000,141.529007,0.084598,0.027677
7.000000,141.529007,0.097309,0.032684
8.000000,141.529007,0.109824,0.046759
9.000000,141.529007,0.122125,0.068498
10.000000,141.529007,0.134184,0.073634
11.000000,141.529007,0.145976,0.087521
12.000000,141.529007,0.157484,0.099507
13.000000,141.529007,0.168675,0.104583
14.000000,141.529007,0.179535,0.122863
15.000000,141.529007,0.190042,0.134175
16.000000,141.529007,0.200169,0.144539
17.000000,141.529007,0.209905,0.151425
18.000000,141.529007,0.219224,0.169225
19.000000,141.529007,0.228108,0.169687
20.000000,141.529007,0.236547,0.179767
21.000000,141.529007,0.244511,0.184353
22.000000,141.529007,0.251995,0.197882
23.000000,141.529007,0.258983,0.208401
24.000000,141.529007,0.265454,0.213789
25.000000,141.529007,0.271406,0.221830
26.000000,141.529007,0.276818,0.236949
27.000000,141.529007,0.281682,0.236431
28.000000,141.529007,0.285996,0.242878
29.000000,141.529007,0.289735,0.261264
30.000000,141.529007,0.292907,0.256439
31.000000,141.529007,0.295501,0.263999
32.000000,141.529007,0.297506,0.269364
33.000000,141.529007,0.298929,0.268493
34.000000,141.529007,0.299756,0.271513
35.000000,141.529007,0.299992,0.276598
36.000000,141.529007,0.299640,0.280021
37.000000,141.529007,0.298687,0.282513
38.000000,141.529007,0.297149,0.276067
39.000000,141.529007,0.295024,0.278380
40.000000,141.529007,0.292311,0.283159
41.000000,141.529007,0.289027,0.276314
42.000000,141.529007,0.285167,0.263339
43.000000,141.529007,0.280744,0.280978
44.000000,141.529007,0.275771,0.270880
45.000000,141.529007,0.270244,0.273826
46.000000,141.529007,0.264189,0.270038
47.000000,141.529007,0.257611,0.263513
48.000000,141.529007,0.250521,0.260205
49.000000,141.529007,0.242941,0.254483
50.000000,141.529007,0.234876,0.244385
51.000000,141.529007,0.226348,0.238924
52.000000,141.529007,0.217376,0.233742
53.000000,141.529007,0.207969,0.220950
54.000000,141.529007,0.198154,0.219942
55.000000,141.529007,0.187947,0.216002
56.000000,141.529007,0.177367,0.203155
57.000000,141.529007,0.166440,0.197300
58.000000,141.529007,0.155180,0.179441
59.000000,141.529007,0.143615,0.176587
60.000000,141.529007,0.131768,0.166398
61.000000,141.529007,0.119657,0.151013
62.000000,141.529007,0.107312,0.147118
63.000000,141.529007,0.094754,0.137969
64.000000,141.529007,0.082008,0.119390
65.000000,141.529007,0.069102,0.112289
66.000000,141.529007,0.056057,0.105380
67.000000,141.529007,0.042903,0.088062
68.000000,141.529007,0.029663,0.077840
69.000000,141.529007,0.016365,0.067298
70.000000,141.529007,0.003035,0.055473
71.000000,141.529007,-0.010302,0.045984
72.000000,141.529007,-0.023618,0.026050
73.000000,141.529007,-0.036888,0.016557
74.000000,141.529007,-0.050084,0.013602
75.000000,141.529007,-0.063181,-0.007918
76.000000,141.529007,-0.076155,-0.020659
77.000000,141.529007,-0.088976,-0.025268
78.000000,141.529007,-0.101623,-0.045120
79.000000,141.529007,-0.114068,-0.051768
80.000000,141.529007,-0.126287,-0.069691
81.000000,141.529007,-0.138260,-0.083509
82.000000,141.529007,-0.149955,-0.088604
83.000000,141.529007,-0.161355,-0.093726
84.000000,141.529007,-0.172439,-0.113051
85.000000,141.529007,-0.183177,-0.116139
86.000000,141.529007,-0.193558,-0.130008
87.000000,141.529007,-0.203553,-0.150327
88.000000,141.529007,-0.213146,-0.159449
89.000000,141.529007,-0.222322,-0.170509
90.000000,141.529007,-0.231052,-0.175489
91.000000,141.529007,-0.239329,-0.181651
92.000000,141.529007,-0.247134,-0.195263
93.000000,141.529007,-0.254446,-0.201838
94.000000,141.529007,-0.261261,-0.203913
95.000000,141.529007,-0.267555,-0.221085
96.000000,141.529007,-0.273321,-0.230559
97.000000,141.529007,-0.278552,-0.229588
98.000000,141.529007,-0.283223,-0.243773
99.000000,141.529007,-0.287340,-0.244927
100.000000,141.529007,-0.290890,-0.250196
101.000000,141.529007,-0.293860,-0.259107
102.000000,141.529007,-0.296256,-0.261448
103.000000,141.529007,-0.298060,-0.272550
104.000000,141.529007,-0.299277,-0.270942
105.000000,141.529007,-0.299908,-0.271363
106.000000,141.529007,-0.299936,-0.281062
107.000000,141.529007,-0.299378,-0.280402
108.000000,141.529007,-0.298228,-0.275111
109.000000,141.529007,-0.296484,-0.279188
110.000000,141.529007,-0.294161,-0.262094
111.000000,141.529007,-0.291250,-0.276311
112.000000,141.529007,-0.287765,-0.285149
113.000000,141.529007,-0.283717,-0.280856
114.000000,141.529007,-0.279099,-0.276091
115.000000,141.529007,-0.273935,-0.275775
116.000000,141.529007,-0.268229,-0.269036
117.000000,141.529007,-0.261990,-0.256743
118.000000,141.529007,-0.255238,-0.260894
119.000000,141.529007,-0.247977,-0.254975
120.000000,141.529007,-0.240227,-0.251355
121.000000,141.529007,-0.232006,-0.249440
122.000000,141.529007,-0.223319,-0.239214
123.000000,141.529007,-0.214197,-0.234413
124.000000,141.529007,-0.204649,-0.221992
125.000000,141.529007,-0.194696,-0.211193
126.000000,141.529007,-0.184361,-0.207317
127.000000,141.529007,-0.173658,-0.197004
128.000000,141.529007,-0.162613,-0.189925
129.000000,141.529007,-0.151249,-0.180909
130.000000,141.529007,-0.139582,-0.176469
131.000000,141.529007,-0.127642,-0.156003
132.000000,141.529007,-0.115448,-0.151220
133.000000,141.529007,-0.103026,-0.141654
134.000000,141.529007,-0.090403,-0.125934
135.000000,141.529007,-0.077598,-0.124959
136.000000,141.529007,-0.064641,-0.106545
137.000000,141.529007,-0.051556,-0.101024
138.000000,141.529007,-0.038369,-0.085456
139.000000,141.529007,-0.025107,-0.068770
140.000000,141.529007,-0.011794,-0.066988
141.000000,141.529007,0.001541,-0.050494
142.000000,141.529007,0.014874,-0.033748
143.000000,141.529007,0.028177,-0.027559
144.000000,141.529007,0.041424,-0.015459
145.000000,141.529007,0.054590,0.002180
146.000000,141.529007,0.067647,0.007637
147.000000,141.529007,0.080571,0.022857
148.000000,141.529007,0.093336,0.037376
149.000000,141.529007,0.105915,0.043052
150.000000,141.529007,0.118288,0.060206
151.000000,141.529007,0.130423,0.072058
152.000000,141.529007,0.142303,0.073854
153.000000,141.529007,0.153902,0.097995
154.000000,141.529007,0.165194,0.106255
155.000000,141.529007,0.176163,0.118263
156.000000,141.529007,0.186781,0.130936
157.000000,141.529007,0.197030,0.134125
158.000000,141.529007,0.206894,0.148758
159.000000,141.529007,0.216342,0.161564
160.000000,141.529007,0.225366,0.167007
161.000000,141.529007,0.233946,0.180000
162.000000,141.529007,0.242059,0.190052
163.000000,141.529007,0.249699,0.195655
164.000000,141.529007,0.256842,0.207155
165.000000,141.529007,0.263477,0.220414
166.000000,141.529007,0.269597,0.219910
167.000000,141.529007,0.275175,0.230517
168.000000,141.529007,0.280215,0.236496
169.000000,141.529007,0.284701,0.241632
170.000000,141.529007,0.288620,0.250598
171.000000,141.529007,0.291975,0.254758
172.000000,141.529007,0.294748,0.262313
173.000000,141.529007,0.296939,0.268585
174.000000,141.529007,0.298549,0.264846
175.000000,141.529007,0.299558,0.270413
176.000000,141.529007,0.299983,0.280465
177.000000,141.529007,0.299813,0.273707
178.000000,141.529007,0.299048,0.282687
179.000000,141.529007,0.297698,0.283659
180.000000,141.529007,0.295753,0.279287
181.000000,141.529007,0.293225,0.280300
182.000000,141.529007,0.290123,0.281125
183.000000,141.529007,0.286439,0.271174
184.000000,141.529007,0.282194,0.276873
185.000000,141.529007,0.277391,0.274798
186.000000,141.529007,0.272036,0.273180
187.000000,141.529007,0.266150,0.269579
188.000000,141.529007,0.259731,0.262904
189.000000,141.529007,0.252802,0.256659
190.000000,141.529007,0.245376,0.256325
191.000000,141.529007,0.237458,0.244578
192.000000,141.529007,0.229077,0.242818
193.000000,141.529007,0.220241,0.234956
194.000000,141.529007,0.210967,0.222664
195.000000,141.529007,0.201282,0.215576
196.000000,141.529007,0.191193,0.215801
197.000000,141.529007,0.180729,0.206816
198.000000,141.529007,0.169910,0.198528
199.000000,141.529007,0.158750,0.198240
200.000000,141.529007,0.147280,0.173554
201.000000,141.529007,0.135518,0.167873
202.000000,141.529007,0.123487,0.163044
203.000000,141.529007,0.111214,0.145799
204.000000,141.529007,0.098719,0.136617
205.000000,141.529007,0.086030,0.128755
206.000000,141.529007,0.073172,0.116710
207.000000,141.529007,0.060167,0.104615
208.000000,141.529007,0.047045,0.087287
209.000000,141.529007,0.033829,0.080914
210.000000,141.529007,0.020546,0.076173
211.000000,141.529007,0.007223,0.057186
212.000000,141.529007,-0.006114,0.049205
213.000000,141.529007,-0.019439,0.038869
214.000000,141.529007,-0.032727,0.020731
215.000000,141.529007,-0.045948,0.010436
216.000000,141.529007,-0.059080,0.003820
217.000000,141.529007,-0.072095,-0.016472
218.000000,141.529007,-0.084966,-0.025286
219.000000,141.529007,-0.097672,-0.036062
220.000000,141.529007,-0.110182,-0.054641
221.000000,141.529007,-0.122475,-0.059882
222.000000,141.529007,-0.134528,-0.073178
223.000000,141.529007,-0.146311,-0.089763
224.000000,141.529007,-0.157809,-0.096498
225.000000,141.529007,-0.168993,-0.112126
226.000000,141.529007,-0.179842,-0.123025
227.000000,141.529007,-0.190340,-0.127914
228.000000,141.529007,-0.200455,-0.147280
229.000000,141.529007,-0.210178,-0.156595
230.000000,141.529007,-0.219486,-0.158963
231.000000,141.529007,-0.228357,-0.171608
232.000000,141.529007,-0.236781,-0.179076
233.000000,141.529007,-0.244734,-0.177285
234.000000,141.529007,-0.252203,-0.197797
235.000000,141.529007,-0.259178,-0.213305
236.000000,141.529007,-0.265633,-0.212847
237.000000,141.529007,-0.271568,-0.230459
238.000000,141.529007,-0.276967,-0.237780
239.000000,141.529007,-0.281814,-0.241175
240.000000,141.529007,-0.286110,-0.245266
241.000000,141.529007,-0.289835,-0.248061
242.000000,141.529007,-0.292989,-0.258021
243.000000,141.529007,-0.295569,-0.261641
244.000000,141.529007,-0.297555,-0.262443
245.000000,141.529007,-0.298960,-0.271235
246.000000,141.529007,-0.299773,-0.271702
247.000000,141.529007,-0.299989,-0.300126
248.000000,141.529007,-0.299620,-0.280315
249.000000,141.529007,-0.298651,-0.273342
250.000000,141.529007,-0.297095,-0.269837
251.000000,141.529007,-0.294956,-0.276215
252.000000,141.529007,-0.292225,-0.278483
253.000000,141.529007,-0.288923,-0.262777
254.000000,141.529007,-0.285048,-0.278822
255.000000,141.529007,-0.280607,-0.272449
256.000000,141.529007,-0.275618,-0.277030
257.000000,141.529007,-0.270077,-0.273988
258.000000,141.529007,-0.264006,-0.272770
259.000000,141.529007,-0.257415,-0.266795
260.000000,141.529007,-0.250309,-0.259268
261.000000,141.529007,-0.242714,-0.246902
262.000000,141.529007,-0.234637,-0.245633
263.000000,141.529007,-0.226095,-0.237326
264.000000,141.529007,-0.217110,-0.227348
265.000000,141.529007,-0.207691,-0.231425
266.000000,141.529007,-0.197864,-0.219179
267.000000,141.529007,-0.187648,-0.203326
268.000000,141.529007,-0.177056,-0.205237
269.000000,141.529007,-0.166118,-0.192917
270.000000,141.529007,-0.154851,-0.174971
271.000000,141.529007,-0.143276,-0.174582
272.000000,141.529007,-0.131422,-0.165616
273.000000,141.529007,-0.119303,-0.156869
274.000000,141.529007,-0.106951,-0.146460
275.000000,141.529007,-0.094388,-0.133407
276.000000,141.529007,-0.081637,-0.130786
277.000000,141.529007,-0.068726,-0.114325
278.000000,141.529007,-0.055678,-0.094592
279.000000,141.529007,-0.042520,-0.093777
280.000000,141.529007,-0.029279,-0.080110
281.000000,141.529007,-0.015979,-0.061870
282.000000,141.529007,-0.002648,-0.056281
283.000000,141.529007,0.010688,-0.050054
284.000000,141.529007,0.024003,-0.023862
285.000000,141.529007,0.037271,-0.020045
286.000000,141.529007,0.050465,-0.009659
287.000000,141.529007,0.063559,0.008581
288.000000,141.529007,0.076529,0.016117
289.000000,141.529007,0.089345,0.032304
290.000000,141.529007,0.101986,0.045650
291.000000,141.529007,0.114426,0.054286
292.000000,141.529007,0.126638,0.068013
293.000000,141.529007,0.138602,0.073140
294.000000,141.529007,0.150290,0.089248
295.000000,141.529007,0.161681,0.103928
296.000000,141.529007,0.172756,0.110163
297.000000,141.529007,0.183484,0.123244
298.000000,141.529007,0.193852,0.140590
299.000000,141.529007,0.203838,0.143645
300.000000,141.529007,0.213418,0.152772
301.000000,141.529007,0.222580,0.170338
302.000000,141.529007,0.231299,0.176234
303.000000,141.529007,0.239561,0.185581
304.000000,141.529007,0.247355,0.196673
305.000000,141.529007,0.254651,0.196475
306.000000,141.529007,0.261449,0.212736
307.000000,141.529007,0.267731,0.231575
308.000000,141.529007,0.273480,0.227497
309.000000,141.529007,0.278693,0.231557
310.000000,141.529007,0.283351,0.238443
311.000000,141.529007,0.287450,0.244385
312.000000,141.529007,0.290986,0.254831
313.000000,141.529007,0.293938,0.257759
314.000000,141.529007,0.296315,0.267293
315.000000,141.529007,0.298105,0.270431
316.000000,141.529007,0.299303,0.267233
317.000000,141.529007,0.299916,0.271966
318.000000,141.529007,0.299929,0.281125
319.000000,141.529007,0.299352,0.275860
320.000000,141.529007,0.298188,0.278660
321.000000,141.529007,0.296425,0.284845
322.000000,141.529007,0.294083,0.278467
323.000000,141.529007,0.291158,0.281780
324.000000,141.529007,0.287656,0.280832
325.000000,141.529007,0.283590,0.275860
326.000000,141.529007,0.278958,0.276420
327.000000,141.529007,0.273776,0.267105
328.000000,141.529007,0.268058,0.266033
329.000000,141.529007,0.261802,0.263752
330.000000,141.529007,0.255034,0.256586
331.000000,141.529007,0.247760,0.252779
332.000000,141.529007,0.239995,0.251597
333.000000,141.529007,0.231761,0.241118
334.000000,141.529007,0.223062,0.238484
335.000000,141.529007,0.213926,0.264443
336.000000,141.529007,0.204368,0.221097
337.000000,141.529007,0.194402,0.208649
338.000000,141.529007,0.184056,0.200920
339.000000,141.529007,0.173344,0.194835
340.000000,141.529007,0.162289,0.186767
341.000000,141.529007,0.150916,0.176825
342.000000,141.529007,0.139241,0.165586
343.000000,141.529007,0.127293,0.168899
344.000000,141.529007,0.115094,0.143412
345.000000,141.529007,0.102665,0.136118
346.000000,141.529007,0.090035,0.135463
347.000000,141.529007,0.077227,0.117310
348.000000,141.529007,0.064265,0.103076
349.000000,141.529007,0.051178,0.099580
350.000000,141.529007,0.037988,0.082115
351.000000,141.529007,0.024724,0.073827
352.000000,141.529007,0.011411,0.068031
353.000000,141.529007,-0.001925,0.066033
354.000000,141.529007,-0.015257,0.037958
355.000000,141.529007,-0.028559,0.026215
356.000000,141.529007,-0.041804,0.006817
357.000000,141.529007,-0.054968,0.004109
358.000000,141.529007,-0.068021,-0.010973
359.000000,141.529007,-0.080941,-0.028526
360.000000,141.529007,-0.093701,-0.039581
361.000000,141.529007,-0.106274,-0.053935
362.000000,141.529007,-0.118640,-0.057701
363.000000,141.529007,-0.130769,-0.063483
364.000000,141.529007,-0.142640,-0.086189
365.000000,141.529007,-0.154232,-0.097671
366.000000,141.529007,-0.165514,-0.103540
367.000000,141.529007,-0.176472,-0.116025
368.000000,141.529007,-0.187082,-0.126993
369.000000,141.529007,-0.197319,-0.128922
370.000000,141.529007,-0.207170,-0.148540
371.000000,141.529007,-0.216608,-0.165015
372.000000,141.529007,-0.225618,-0.171031
373.000000,141.529007,-0.234188,-0.181876
374.000000,141.529007,-0.242286,-0.190984
375.000000,141.529007,-0.249911,-0.196152
376.000000,141.529007,-0.257041,-0.207844
377.000000,141.529007,-0.263660,-0.211312
378.000000,141.529007,-0.269764,-0.225566
379.000000,141.529007,-0.275329,-0.232333
380.000000,141.529007,-0.280351,-0.236708
381.000000,141.529007,-0.284824,-0.247566
382.000000,141.529007,-0.288725,-0.251094
383.000000,141.529007,-0.292062,-0.247516
384.000000,141.529007,-0.294820,-0.219619
385.000000,141.529007,-0.296993,-0.260922
386.000000,141.529007,-0.298585,-0.275637
387.000000,141.529007,-0.299580,-0.291316
388.000000,141.529007,-0.299985,-0.283316
389.000000,141.529007,-0.299802,-0.275711
390.000000,141.529007,-0.299017,-0.283362
391.000000,141.529007,-0.297648,-0.277296
392.000000,141.529007,-0.295689,-0.286230
393.000000,141.529007,-0.293143,-0.281882
394.000000,141.529007,-0.290024,-0.279404
395.000000,141.529007,-0.286325,-0.286116
396.000000,141.529007,-0.282062,-0.279362
397.000000,141.529007,-0.277246,-0.268417
398.000000,141.529007,-0.271874,-0.270708
399.000000,141.529007,-0.265971,-0.267015
400.000000,141.529007,-0.259540,-0.258750
401.000000,141.529007,-0.252594,-0.259327
402.000000,141.529007,-0.245154,-0.258461
403.000000,141.529007,-0.237223,-0.239709
404.000000,141.529007,-0.228827,-0.244373
405.000000,141.529007,-0.219980,-0.235627
406.000000,141.529007,-0.210693,-0.222294
407.000000,141.529007,-0.200995,-0.224732
408.000000,141.529007,-0.190897,-0.214872
409.000000,141.529007,-0.180421,-0.207372
410.000000,141.529007,-0.169592,-0.194677
411.000000,141.529007,-0.158423,-0.183937
412.000000,141.529007,-0.146943,-0.181509
413.000000,141.529007,-0.135174,-0.170655
414.000000,141.529007,-0.123135,-0.153163
415.000000,141.529007,-0.110855,-0.144673
416.000000,141.529007,-0.098355,-0.137480
417.000000,141.529007,-0.085660,-0.121028
418.000000,141.529007,-0.072797,-0.118925
419.000000,141.529007,-0.059789,-0.109358
420.000000,141.529007,-0.046663,-0.090006
421.000000,141.529007,-0.033445,-0.082323
422.000000,141.529007,-0.020161,-0.072830
423.000000,141.529007,-0.006837,-0.058003
424.000000,141.529007,0.006501,-0.048914
425.000000,141.529007,0.019825,-0.032287
426.000000,141.529007,0.033111,-0.024847
427.000000,141.529007,0.046331,-0.011418
428.000000,141.529007,0.059459,0.004301
429.000000,141.529007,0.072470,0.006070
430.000000,141.529007,0.085337,0.019750
431.000000,141.529007,0.098037,0.042370
432.000000,141.529007,0.110542,0.048706
433.000000,141.529007,0.122828,0.063559
434.000000,141.529007,0.134874,0.081125
435.000000,141.529007,0.146649,0.084195
436.000000,141.529007,0.158137,0.099342
437.000000,141.529007,0.169313,0.115881
438.000000,141.529007,0.180151,0.119464
439.000000,141.529007,0.190638,0.130144
440.000000,141.529007,0.200744,0.142670
441.000000,141.529007,0.210453,0.143865
442.000000,141.529007,0.219752,0.162499
443.000000,141.529007,0.228608,0.170846
444.000000,141.529007,0.237017,0.185974
445.000000,141.529007,0.244958,0.193653
446.000000,141.529007,0.252412,0.195729
447.000000,141.529007,0.259371,0.207682
448.000000,141.529007,0.265813,0.223168
449.000000,141.529007,0.271732,0.226531
450.000000,141.529007,0.277117,0.231043
451.000000,141.529007,0.281947,0.241169
452.000000,141.529007,0.286225,0.240372
453.000000,141.529007,0.289936,0.247404
454.000000,141.529007,0.293071,0.267884
455.000000,141.529007,0.295634,0.262020
456.000000,141.529007,0.297605,0.264292
457.000000,141.529007,0.298990,0.266345
458.000000,141.529007,0.299789,0.273180
459.000000,141.529007,0.299987,0.276933
460.000000,141.529007,0.299598,0.271820
461.000000,141.529007,0.298616,0.278454
462.000000,141.529007,0.297040,0.283452
463.000000,141.529007,0.294884,0.271100
464.000000,141.529007,0.292138,0.280900
465.000000,141.529007,0.288817,0.281652
466.000000,141.529007,0.284929,0.274000
467.000000,141.529007,0.280471,0.276873
468.000000,141.529007,0.275464,0.277405
469.000000,141.529007,0.269910,0.270060
470.000000,141.529007,0.263822,0.265566
471.000000,141.529007,0.257217,0.264531
472.000000,141.529007,0.250097,0.254286
473.000000,141.529007,0.242486,0.250978
474.000000,141.529007,0.234398,0.246383
475.000000,141.529007,0.225841,0.237765
476.000000,141.529007,0.216843,0.231703
477.000000,141.529007,0.207414,0.219796
478.000000,141.529007,0.197574,0.216923
479.000000,141.529007,0.187348,0.213895
480.000000,141.529007,0.176746,0.201162
481.000000,141.529007,0.165797,0.195041
482.000000,141.529007,0.154522,0.186639
483.000000,141.529007,0.142938,0.170360
484.000000,141.529007,0.131075,0.161179
485.000000,141.529007,0.118951,0.160217
486.000000,141.529007,0.106591,0.141859
487.000000,141.529007,0.094023,0.128517
488.000000,141.529007,0.081267,0.125915
489.000000,141.529007,0.068351,0.112243
490.000000,141.529007,0.055301,0.101275
491.000000,141.529007,0.042140,0.091173
492.000000,141.529007,0.028896,0.075861
493.000000,141.529007,0.015596,0.065186
494.000000,141.529007,0.002264,0.052005
495.000000,141.529007,-0.011072,0.039992
496.000000,141.529007,-0.024386,0.033917
497.000000,141.529007,-0.037652,0.016484
498.000000,141.529007,-0.050844,0.007989
499.000000,141.529007,-0.063934,0.002414
500.000000,141.529007,-0.076900,-0.015051
501.000000,141.529007,-0.089712,-0.034280
502.000000,141.529007,-0.102347,-0.040076
503.000000,141.529007,-0.114782,-0.058068
504.000000,141.529007,-0.126986,-0.070076
505.000000,141.529007,-0.138941,-0.078845
506.000000,141.529007,-0.150623,-0.091623
507.000000,141.529007,-0.162004,-0.103485
508.000000,141.529007,-0.173068,-0.114920
509.000000,141.529007,-0.183788,-0.125999
510.000000,141.529007,-0.194144,-0.132807
511.000000,141.529007,-0.204121,-0.155642
512.000000,141.529007,-0.213688,-0.160154
513.000000,141.529007,-0.222836,-0.155816
514.000000,141.529007,-0.231544,-0.178375
515.000000,141.529007,-0.239792,-0.185317
516.000000,141.529007,-0.247571,-0.190965
517.000000,141.529007,-0.254855,-0.205164
518.000000,141.529007,-0.261637,-0.216425
519.000000,141.529007,-0.267906,-0.214560
520.000000,141.529007,-0.273637,-0.227705
521.000000,141.529007,-0.278834,-0.230486
522.000000,141.529007,-0.283478,-0.240002
523.000000,141.529007,-0.287559,-0.252634
524.000000,141.529007,-0.291078,-0.258915
525.000000,141.529007,-0.294015,-0.258516
526.000000,141.529007,-0.296373,-0.264834
527.000000,141.529007,-0.298150,-0.265695
528.000000,141.529007,-0.299329,-0.275436
529.000000,141.529007,-0.299923,-0.276449
530.000000,141.529007,-0.299922,-0.275610
531.000000,141.529007,-0.299326,-0.279715
532.000000,141.529007,-0.298145,-0.279143
533.000000,141.529007,-0.296366,-0.274671
534.000000,141.529007,-0.294006,-0.281502
535.000000,141.529007,-0.291067,-0.280783
536.000000,141.529007,-0.287546,-0.277131
537.000000,141.529007,-0.283463,-0.276815
538.000000,141.529007,-0.278817,-0.277516
539.000000,141.529007,-0.273618,-0.267977
540.000000,141.529007,-0.267885,-0.271235
541.000000,141.529007,-0.261614,-0.261742
542.000000,141.529007,-0.254830,-0.259542
543.000000,141.529007,-0.247544,-0.256134
544.000000,141.529007,-0.239764,-0.246581
545.000000,141.529007,-0.231515,-0.244387
546.000000,141.529007,-0.222806,-0.241487
547.000000,141.529007,-0.213655,-0.227861
548.000000,141.529007,-0.204087,-0.224352
549.000000,141.529007,-0.194109,-0.216719
550.000000,141.529007,-0.183751,-0.201906
551.000000,141.529007,-0.173030,-0.198690
552.000000,141.529007,-0.161965,-0.188450
553.000000,141.529007,-0.150582,-0.174678
554.000000,141.529007,-0.138900,-0.173762
555.000000,141.529007,-0.126943,-0.164049
556.000000,141.529007,-0.114738,-0.147816
557.000000,141.529007,-0.102302,-0.141100
558.000000,141.529007,-0.089667,-0.125806
559.000000,141.529007,-0.076854,-0.117660
560.000000,141.529007,-0.063888,-0.110298
561.000000,141.529007,-0.050797,-0.096205
562.000000,141.529007,-0.037605,-0.091577
563.000000,141.529007,-0.024339,-0.077943
564.000000,141.529007,-0.011025,-0.056643
565.000000,141.529007,0.002312,-0.054641
566.000000,141.529007,0.015643,-0.039114
567.000000,141.529007,0.028944,-0.061957
568.000000,141.529007,0.042187,-0.018258
569.000000,141.529007,0.055348,0.011110
570.000000,141.529007,0.068398,0.024208
571.000000,141.529007,0.081313,0.026164
572.000000,141.529007,0.094069,0.038411
573.000000,141.529007,0.106636,0.055010
574.000000,141.529007,0.118994,0.060247
575.000000,141.529007,0.131118,0.068393
576.000000,141.529007,0.142980,0.082912
577.000000,141.529007,0.154563,0.090962
578.000000,141.529007,0.165837,0.105142
579.000000,141.529007,0.176784,0.113755
580.000000,141.529007,0.187385,0.126231
581.000000,141.529007,0.197610,0.144484
582.000000,141.529007,0.207448,0.141932
583.000000,141.529007,0.216876,0.159626
584.000000,141.529007,0.225873,0.174292
585.000000,141.529007,0.234428,0.178621
586.000000,141.529007,0.242514,0.187147
587.000000,141.529007,0.250123,0.201140
588.000000,141.529007,0.257242,0.207036
589.000000,141.529007,0.263845,0.215342
590.000000,141.529007,0.269931,0.227401
591.000000,141.529007,0.275483,0.231818
592.000000,141.529007,0.280488,0.236917
593.000000,141.529007,0.284944,0.247276
594.000000,141.529007,0.288830,0.245132
595.000000,141.529007,0.292149,0.256632
596.000000,141.529007,0.294893,0.258231
597.000000,141.529007,0.297047,0.262166
598.000000,141.529007,0.298620,0.272539
599.000000,141.529007,0.299601,0.268173
600.000000,141.529007,0.299987,0.276593
601.000000,141.529007,0.299787,0.281519
602.000000,141.529007,0.298987,0.277501
603.000000,141.529007,0.297599,0.279187
604.000000,141.529007,0.295626,0.281798
605.000000,141.529007,0.293061,0.279727
606.000000,141.529007,0.289924,0.279553
607.000000,141.529007,0.286210,0.279485
608.000000,141.529007,0.281930,0.272887
609.000000,141.529007,0.277098,0.277840
610.000000,141.529007,0.271711,0.274358
611.000000,141.529007,0.265791,0.263806
612.000000,141.529007,0.259347,0.262578
613.000000,141.529007,0.252386,0.258918
614.000000,141.529007,0.244930,0.254872
615.000000,141.529007,0.236988,0.247757
616.000000,141.529007,0.228577,0.249805
617.000000,141.529007,0.219719,0.235818
618.000000,141.529007,0.210419,0.230095
619.000000,141.529007,0.200708,0.216043
620.000000,141.529007,0.190601,0.208502
621.000000,141.529007,0.180113,0.208214
622.000000,141.529007,0.169273,0.189402
623.000000,141.529007,0.158096,0.182900
624.000000,141.529007,0.146607,0.180898
625.000000,141.529007,0.134831,0.168940
626.000000,141.529007,0.122784,0.157972
627.000000,141.529007,0.110497,0.148924
628.000000,141.529007,0.097992,0.134638
629.000000,141.529007,0.085291,0.126336
630.000000,141.529007,0.072424,0.111409
631.000000,141.529007,0.059412,0.103382
632.000000,141.529007,0.046283,0.094467
633.000000,141.529007,0.033064,0.078101
634.000000,141.529007,0.019778,0.074500
635.000000,141.529007,0.006453,0.066025
636.000000,141.529007,-0.006885,0.042832
637.000000,141.529007,-0.020208,0.033724
638.000000,141.529007,-0.033492,0.027035
639.000000,141.529007,-0.046710,0.004063
640.000000,141.529007,-0.059835,-0.004752
641.000000,141.529007,-0.072843,-0.009127
642.000000,141.529007,-0.085705,-0.027559
643.000000,141.529007,-0.098399,-0.041208
644.000000,141.529007,-0.110899,-0.047883
645.000000,141.529007,-0.123178,-0.063648
646.000000,141.529007,-0.135216,-0.075963
647.000000,141.529007,-0.146984,-0.089424
648.000000,141.529007,-0.158463,-0.098844
649.000000,141.529007,-0.169631,-0.107232
650.000000,141.529007,-0.180458,-0.124139
651.000000,141.529007,-0.190933,-0.128546
652.000000,141.529007,-0.201029,-0.137915
653.000000,141.529007,-0.210726,-0.155981
654.000000,141.529007,-0.220011,-0.166275
655.000000,141.529007,-0.228857,-0.171924
656.000000,141.529007,-0.237252,-0.183736
657.000000,141.529007,-0.245181,-0.192771
658.000000,141.529007,-0.252619,-0.198186
659.000000,141.529007,-0.259563,-0.209851
660.000000,141.529007,-0.265992,-0.209732
661.000000,141.529007,-0.271894,-0.226500
662.000000,141.529007,-0.277263,-0.238573
663.000000,141.529007,-0.282078,-0.238847
664.000000,141.529007,-0.286338,-0.248400
665.000000,141.529007,-0.290036,-0.242146
666.000000,141.529007,-0.293153,-0.252862
667.000000,141.529007,-0.295697,-0.267734
668.000000,141.529007,-0.297654,-0.269475
669.000000,141.529007,-0.299021,-0.266937
670.000000,141.529007,-0.299803,-0.274882
671.000000,141.529007,-0.299985,-0.277883
672.000000,141.529007,-0.299577,-0.275344
673.000000,141.529007,-0.298580,-0.277928
674.000000,141.529007,-0.296986,-0.280343
675.000000,141.529007,-0.294812,-0.280925
676.000000,141.529007,-0.292051,-0.284182
677.000000,141.529007,-0.288713,-0.278190
678.000000,141.529007,-0.284809,-0.278290
679.000000,141.529007,-0.280335,-0.281355
680.000000,141.529007,-0.275310,-0.269943
681.000000,141.529007,-0.269744,-0.270428
682.000000,141.529007,-0.263638,-0.264701
683.000000,141.529007,-0.257017,-0.256729
684.000000,141.529007,-0.249885,-0.257614
685.000000,141.529007,-0.242259,-0.251167
686.000000,141.529007,-0.234158,-0.240969
687.000000,141.529007,-0.225588,-0.241693
688.000000,141.529007,-0.216576,-0.234206
689.000000,141.529007,-0.207136,-0.222147
690.000000,141.529007,-0.197284,-0.214904
691.000000,141.529007,-0.187045,-0.209658
692.000000,141.529007,-0.176435,-0.198933
693.000000,141.529007,-0.165475,-0.195863
694.000000,141.529007,-0.154192,-0.184217
695.000000,141.529007,-0.142599,-0.172644
696.000000,141.529007,-0.130727,-0.166028
697.000000,141.529007,-0.118597,-0.152902
698.000000,141.529007,-0.106230,-0.148714
699.000000,141.529007,-0.093656,-0.133966
700.000000,141.529007,-0.080895,-0.116913
701.000000,141.529007,-0.067975,-0.114238
702.000000,141.529007,-0.054921,-0.099751
703.000000,141.529007,-0.041757,-0.076898
704.000000,141.529007,-0.028512,-0.086409
705.000000,141.529007,-0.015210,-0.068436
0.000000,147.809006,0.006248,-0.051095
1.000000,147.809006,0.020164,-0.032562
2.000000,147.809006,0.034036,-0.028819
3.000000,147.809006,0.047835,-0.017686
4.000000,147.809006,0.061531,0.005974
5.000000,147.809006,0.075093,0.014404
6.000000,147.809006,0.088494,0.028657
7.000000,147.809006,0.101705,0.046310
8.000000,147.809006,0.114698,0.051679
9.000000,147.809006,0.127440,0.064146
10.000000,147.809006,0.139908,0.070533
11.000000,147.809006,0.152076,0.087462
12.000000,147.809006,0.163917,0.102888
13.000000,147.809006,0.175404,0.110530
14.000000,147.809006,0.186510,0.126364
15.000000,147.809006,0.197216,0.139096
16.000000,147.809006,0.207497,0.144099
17.000000,147.809006,0.217334,0.159246
18.000000,147.809006,0.226696,0.172945
19.000000,147.809006,0.235571,0.173554
20.000000,147.809006,0.243940,0.182754
21.000000,147.809006,0.251784,0.199426
22.000000,147.809006,0.259085,0.205323
23.000000,147.809006,0.265823,0.218463
24.000000,147.809006,0.271990,0.223768
25.000000,147.809006,0.277573,0.228757
26.000000,147.809006,0.282559,0.243377
27.000000,147.809006,0.286932,0.243405
28.000000,147.809006,0.290685,0.248618
29.000000,147.809006,0.293814,0.265745
30.000000,147.809006,0.296311,0.262400
31.000000,147.809006,0.298171,0.262899
32.000000,147.809006,0.299381,0.270638
33.000000,147.809006,0.299948,0.295382
34.000000,147.809006,0.299870,0.279553
35.000000,147.809006,0.299148,0.280525
36.000000,147.809006,0.297779,0.270867
37.000000,147.809006,0.295764,0.279320
38.000000,147.809006,0.293114,0.278665
39.000000,147.809006,0.289834,0.272214
40.000000,147.809006,0.285931,0.274413
41.000000,147.809006,0.281407,0.277492
42.000000,147.809006,0.276276,0.270500
43.000000,147.809006,0.270551,0.273212
44.000000,147.809006,0.264245,0.256499
45.000000,147.809006,0.257370,0.258886
46.000000,147.809006,0.249934,0.261804
47.000000,147.809006,0.241962,0.252206
48.000000,147.809006,0.233469,0.245485
49.000000,147.809006,0.224475,0.241989
50.000000,147.809006,0.214995,0.232184
51.000000,147.809006,0.205049,0.225536
52.000000,147.809006,0.194663,0.220854
53.000000,147.809006,0.183858,0.206069
54.000000,147.809006,0.172658,0.197035
55.000000,147.809006,0.161083,0.193626
56.000000,147.809006,0.149160,0.180174
57.000000,147.809006,0.136918,0.173820
58.000000,147.809006,0.124380,0.162838
59.000000,147.809006,0.111575,0.150192
60.000000,147.809006,0.098527,0.139137
61.000000,147.809006,0.085268,0.115570
62.000000,147.809006,0.071825,0.120944
63.000000,147.809006,0.058228,0.106521
64.000000,147.809006,0.044504,0.091415
65.000000,147.809006,0.030684,0.082981
66.000000,147.809006,0.016799,0.070638
67.000000,147.809006,0.002877,0.056146
68.000000,147.809006,-0.011051,0.042205
69.000000,147.809006,-0.024955,0.037523
70.000000,147.809006,-0.038805,0.019837
71.000000,147.809006,-0.052571,0.006189
72.000000,147.809006,-0.066225,-0.004587
73.000000,147.809006,-0.079736,-0.021085
74.000000,147.809006,-0.093074,-0.028933
75.000000,147.809006,-0.106211,-0.044295
76.000000,147.809006,-0.119121,-0.066328
77.000000,147.809006,-0.131774,-0.070910
78.000000,147.809006,-0.144141,-0.084783
79.000000,147.809006,-0.156198,-0.091637
80.000000,147.809006,-0.167918,-0.099659
81.000000,147.809006,-0.179278,-0.118105
82.000000,147.809006,-0.190252,-0.129293
83.000000,147.809006,-0.200811,-0.137769
84.000000,147.809006,-0.210939,-0.150254
85.000000,147.809006,-0.220614,-0.158615
86.000000,147.809006,-0.229815,-0.165524
87.000000,147.809006,-0.238518,-0.183956
88.000000,147.809006,-0.246705,-0.192844
89.000000,147.809006,-0.254361,-0.198039
90.000000,147.809006,-0.261471,-0.211784
91.000000,147.809006,-0.268019,-0.215312
92.000000,147.809006,-0.273984,-0.226280
93.000000,147.809006,-0.279359,-0.233519
94.000000,147.809006,-0.284133,-0.239888
95.000000,147.809006,-0.288297,-0.250554
96.000000,147.809006,-0.291840,-0.255474
97.000000,147.809006,-0.294747,-0.258516
98.000000,147.809006,-0.297022,-0.267134
99.000000,147.809006,-0.298658,-0.268875
100.000000,147.809006,-0.299652,-0.268944
101.000000,147.809006,-0.299997,-0.276742
102.000000,147.809006,-0.299693,-0.277809
103.000000,147.809006,-0.298745,-0.272371
104.000000,147.809006,-0.297156,-0.285662
105.000000,147.809006,-0.294927,-0.278483
106.000000,147.809006,-0.292056,-0.270804
107.000000,147.809006,-0.288557,-0.255401
108.000000,147.809006,-0.284437,-0.279156
109.000000,147.809006,-0.279707,-0.283197
110.000000,147.809006,-0.274372,-0.276888
111.000000,147.809006,-0.268442,-0.274556
112.000000,147.809006,-0.261935,-0.270268
113.000000,147.809006,-0.254865,-0.263661
114.000000,147.809006,-0.247248,-0.250782
115.000000,147.809006,-0.239093,-0.250993
116.000000,147.809006,-0.230423,-0.242614
117.000000,147.809006,-0.221257,-0.231741
118.000000,147.809006,-0.211616,-0.230459
119.000000,147.809006,-0.201520,-0.215605
120.000000,147.809006,-0.190984,-0.209053
121.000000,147.809006,-0.180038,-0.210744
122.000000,147.809006,-0.168706,-0.198498
123.000000,147.809006,-0.157011,-0.184272
124.000000,147.809006,-0.144976,-0.177262
125.000000,147.809006,-0.132626,-0.213846
126.000000,147.809006,-0.119993,-0.158569
127.000000,147.809006,-0.107101,-0.135373
128.000000,147.809006,-0.093979,-0.123067
129.000000,147.809006,-0.080652,-0.120799
130.000000,147.809006,-0.067152,-0.111498
131.000000,147.809006,-0.053508,-0.093112
132.000000,147.809006,-0.039748,-0.086483
133.000000,147.809006,-0.025903,-0.076990
134.000000,147.809006,-0.012001,-0.055030
135.000000,147.809006,0.001926,-0.055314
136.000000,147.809006,0.015849,-0.044034
137.000000,147.809006,0.029738,-0.023935
138.000000,147.809006,0.043563,-0.017218
139.000000,147.809006,0.057293,0.005662
140.000000,147.809006,0.070901,0.011641
141.000000,147.809006,0.084356,0.019911
142.000000,147.809006,0.097629,0.036537
143.000000,147.809006,0.110690,0.043552
144.000000,147.809006,0.123513,0.060600
145.000000,147.809006,0.136071,0.078546
146.000000,147.809006,0.148336,0.081821
147.000000,147.809006,0.160281,0.103749
148.000000,147.809006,0.171877,0.113348
149.000000,147.809006,0.183105,0.115304
150.000000,147.809006,0.193939,0.131417
151.000000,147.809006,0.204356,0.150917
152.000000,147.809006,0.214330,0.155846
153.000000,147.809006,0.223841,0.169133
154.000000,147.809006,0.232870,0.177105
155.000000,147.809006,0.241400,0.182854
156.000000,147.809006,0.249410,0.193241
157.000000,147.809006,0.256877,0.206954
158.000000,147.809006,0.263791,0.213583
159.000000,147.809006,0.270139,0.221876
160.000000,147.809006,0.275907,0.227090
161.000000,147.809006,0.281077,0.235378
162.000000,147.809006,0.285639,0.253324
163.000000,147.809006,0.289586,0.242232
164.000000,147.809006,0.292912,0.250845
165.000000,147.809006,0.295608,0.261190
166.000000,147.809006,0.297661,0.265520
167.000000,147.809006,0.299072,0.270033
168.000000,147.809006,0.299841,0.278518
169.000000,147.809006,0.299966,0.273927
170.000000,147.809006,0.299444,0.277986
171.000000,147.809006,0.298270,0.282092
172.000000,147.809006,0.296456,0.278760
173.000000,147.809006,0.294005,0.282820
174.000000,147.809006,0.290922,0.276685
175.000000,147.809006,0.287209,0.278687
176.000000,147.809006,0.282874,0.278046
177.000000,147.809006,0.277931,0.271907
178.000000,147.809006,0.272392,0.272126
179.000000,147.809006,0.266267,0.270578
180.000000,147.809006,0.259561,0.261580
181.000000,147.809006,0.252298,0.256939
182.000000,147.809006,0.244492,0.262084
183.000000,147.809006,0.236161,0.245058
184.000000,147.809006,0.227320,0.240564
185.000000,147.809006,0.217985,0.241389
186.000000,147.809006,0.208182,0.224671
187.000000,147.809006,0.197932,0.217349
188.000000,147.809006,0.187256,0.216094
189.000000,147.809006,0.176174,0.202422
190.000000,147.809006,0.164711,0.190561
191.000000,147.809006,0.152895,0.180999
192.000000,147.809006,0.140750,0.171694
193.000000,147.809006,0.128302,0.164359
194.000000,147.809006,0.115575,0.149418
195.000000,147.809006,0.102599,0.141771
196.000000,147.809006,0.089403,0.136210
197.000000,147.809006,0.076015,0.116490
198.000000,147.809006,0.062462,0.108876
199.000000,147.809006,0.048774,0.102260
200.000000,147.809006,0.034981,0.084121
201.000000,147.809006,0.021113,0.072787
202.000000,147.809006,0.007199,0.066464
203.000000,147.809006,-0.006730,0.046772
204.000000,147.809006,-0.020645,0.035131
205.000000,147.809006,-0.034515,0.027035
206.000000,147.809006,-0.048311,0.009790
207.000000,147.809006,-0.062003,-0.002745
208.000000,147.809006,-0.075560,-0.017333
209.000000,147.809006,-0.088955,-0.026973
210.000000,147.809006,-0.102158,-0.039301
211.000000,147.809006,-0.115142,-0.056428
212.000000,147.809006,-0.127877,-0.067382
213.000000,147.809006,-0.140335,-0.073178
214.000000,147.809006,-0.152491,-0.086936
215.000000,147.809006,-0.164320,-0.101991
216.000000,147.809006,-0.175795,-0.113660
217.000000,147.809006,-0.186888,-0.129046
218.000000,147.809006,-0.197578,-0.136220
219.000000,147.809006,-0.207844,-0.142016
220.000000,147.809006,-0.217664,-0.160594
221.000000,147.809006,-0.227013,-0.167769
222.000000,147.809006,-0.235870,-0.177051
223.000000,147.809006,-0.244219,-0.187529
224.000000,147.809006,-0.252044,-0.196051
225.000000,147.809006,-0.259327,-0.210859
226.000000,147.809006,-0.266048,-0.216925
227.000000,147.809006,-0.272194,-0.225827
228.000000,147.809006,-0.277754,-0.236639
229.000000,147.809006,-0.282719,-0.236580
230.000000,147.809006,-0.287075,-0.237542
231.000000,147.809006,-0.290805,-0.252927
232.000000,147.809006,-0.293911,-0.258388
233.000000,147.809006,-0.296385,-0.255703
234.000000,147.809006,-0.298221,-0.267661
235.000000,147.809006,-0.299414,-0.274762
236.000000,147.809006,-0.299957,-0.269617
237.000000,147.809006,-0.299855,-0.276068
238.000000,147.809006,-0.299110,-0.283243
239.000000,147.809006,-0.297721,-0.278084
240.000000,147.809006,-0.295685,-0.278822
241.000000,147.809006,-0.293012,-0.279683
242.000000,147.809006,-0.289709,-0.285850
243.000000,147.809006,-0.285783,-0.278089
244.000000,147.809006,-0.281242,-0.274350
245.000000,147.809006,-0.276089,-0.276962
246.000000,147.809006,-0.270343,-0.267908
247.000000,147.809006,-0.264016,-0.259863
248.000000,147.809006,-0.257121,-0.263047
249.000000,147.809006,-0.249669,-0.257494
250.000000,147.809006,-0.241677,-0.246256
251.000000,147.809006,-0.233166,-0.245266
252.000000,147.809006,-0.224154,-0.241354
253.000000,147.809006,-0.214660,-0.230775
254.000000,147.809006,-0.204699,-0.226592
255.000000,147.809006,-0.194297,-0.223573
256.000000,147.809006,-0.183477,-0.209246
257.000000,147.809006,-0.172264,-0.195643
258.000000,147.809006,-0.160678,-0.185271
259.000000,147.809006,-0.148743,-0.185170
260.000000,147.809006,-0.136489,-0.171842
261.000000,147.809006,-0.123942,-0.154863
262.000000,147.809006,-0.111128,-0.152480
263.000000,147.809006,-0.098073,-0.140454
264.000000,147.809006,-0.084806,-0.120427
265.000000,147.809006,-0.071358,-0.115805
266.000000,147.809006,-0.057755,-0.113225
267.000000,147.809006,-0.044029,-0.087999
268.000000,147.809006,-0.030206,-0.082176
269.000000,147.809006,-0.016319,-0.068889
270.000000,147.809006,-0.002397,-0.053463
271.000000,147.809006,0.011531,-0.043113
272.000000,147.809006,0.025434,-0.033854
273.000000,147.809006,0.039282,-0.023046
274.000000,147.809006,0.053045,-0.010158
275.000000,147.809006,0.066694,0.015155
276.000000,147.809006,0.080200,0.017537
277.000000,147.809006,0.093531,0.034925
278.000000,147.809006,0.106661,0.048243
279.000000,147.809006,0.119561,0.052573
280.000000,147.809006,0.132205,0.065420
281.000000,147.809006,0.144564,0.086032
282.000000,147.809006,0.156609,0.093422
283.000000,147.809006,0.168316,0.107529
284.000000,147.809006,0.179662,0.123088
285.000000,147.809006,0.190622,0.131518
286.000000,147.809006,0.201170,0.141084
287.000000,147.809006,0.211282,0.151530
288.000000,147.809006,0.220939,0.157486
289.000000,147.809006,0.230122,0.173586
290.000000,147.809006,0.238811,0.181714
291.000000,147.809006,0.246979,0.189988
292.000000,147.809006,0.254616,0.205254
293.000000,147.809006,0.261706,0.205029
294.000000,147.809006,0.268233,0.217729
295.000000,147.809006,0.274182,0.231575
296.000000,147.809006,0.279535,0.233004
297.000000,147.809006,0.284287,0.244064
298.000000,147.809006,0.288428,0.252476
299.000000,147.809006,0.291950,0.256073
300.000000,147.809006,0.294838,0.260132
301.000000,147.809006,0.297090,0.267137
302.000000,147.809006,0.298702,0.265740
303.000000,147.809006,0.299673,0.270692
304.000000,147.809006,0.300000,0.274005
305.000000,147.809006,0.299673,0.275187
306.000000,147.809006,0.298701,0.281620
307.000000,147.809006,0.297088,0.273753
308.000000,147.809006,0.294836,0.278234
309.000000,147.809006,0.291947,0.280479
310.000000,147.809006,0.288425,0.277647
311.000000,147.809006,0.284283,0.279187
312.000000,147.809006,0.279531,0.286119
313.000000,147.809006,0.274177,0.271247
314.000000,147.809006,0.268228,0.268466
315.000000,147.809006,0.261700,0.268251
316.000000,147.809006,0.254610,0.255399
317.000000,147.809006,0.246973,0.254478
318.000000,147.809006,0.238804,0.252403
319.000000,147.809006,0.230115,0.240298
320.000000,147.809006,0.220931,0.237957
321.000000,147.809006,0.211273,0.229275
322.000000,147.809006,0.201161,0.219017
323.000000,147.809006,0.190613,0.213175
324.000000,147.809006,0.179653,0.203641
325.000000,147.809006,0.168307,0.191482
326.000000,147.809006,0.156599,0.186593
327.000000,147.809006,0.144554,0.175267
328.000000,147.809006,0.132195,0.164386
329.000000,147.809006,0.119551,0.158444
330.000000,147.809006,0.106650,0.141639
331.000000,147.809006,0.093520,0.137598
332.000000,147.809006,0.080188,0.131349
333.000000,147.809006,0.066682,0.106223
334.000000,147.809006,0.053033,0.097262
335.000000,147.809006,0.039270,0.094439
336.000000,147.809006,0.025422,0.074001
337.000000,147.809006,0.011520,0.066679
338.000000,147.809006,-0.002408,0.060517
339.000000,147.809006,-0.016330,0.037545
340.000000,147.809006,-0.030217,0.029857
341.000000,147.809006,-0.044040,0.017675
342.000000,147.809006,-0.057767,-0.000184
343.000000,147.809006,-0.071369,-0.011459
344.000000,147.809006,-0.084818,-0.028567
345.000000,147.809006,-0.098084,-0.038133
346.000000,147.809006,-0.111139,-0.048455
347.000000,147.809006,-0.123953,-0.071602
348.000000,147.809006,-0.136500,-0.075643
349.000000,147.809006,-0.148753,-0.081292
350.000000,147.809006,-0.160688,-0.099957
351.000000,147.809006,-0.172273,-0.107718
352.000000,147.809006,-0.183486,-0.116941
353.000000,147.809006,-0.194305,-0.133952
354.000000,147.809006,-0.204707,-0.148641
355.000000,147.809006,-0.214668,-0.150570
356.000000,147.809006,-0.224162,-0.167361
357.000000,147.809006,-0.233174,-0.180116
358.000000,147.809006,-0.241684,-0.179511
359.000000,147.809006,-0.249676,-0.194897
360.000000,147.809006,-0.257127,-0.203711
361.000000,147.809006,-0.264021,-0.215426
362.000000,147.809006,-0.270348,-0.223545
363.000000,147.809006,-0.276094,-0.228053
364.000000,147.809006,-0.281246,-0.243113
365.000000,147.809006,-0.285787,-0.242600
366.000000,147.809006,-0.289712,-0.244822
367.000000,147.809006,-0.293014,-0.255754
368.000000,147.809006,-0.295687,-0.256294
369.000000,147.809006,-0.297722,-0.261503
370.000000,147.809006,-0.299110,-0.273168
371.000000,147.809006,-0.299856,-0.275276
372.000000,147.809006,-0.299957,-0.271404
373.000000,147.809006,-0.299413,-0.280535
374.000000,147.809006,-0.298220,-0.278483
375.000000,147.809006,-0.296383,-0.276091
376.000000,147.809006,-0.293908,-0.282395
377.000000,147.809006,-0.290802,-0.282203
378.000000,147.809006,-0.287071,-0.279051
379.000000,147.809006,-0.282715,-0.277635
380.000000,147.809006,-0.277750,-0.274776
381.000000,147.809006,-0.272189,-0.276242
382.000000,147.809006,-0.266043,-0.272508
383.000000,147.809006,-0.259322,-0.260436
384.000000,147.809006,-0.252038,-0.262447
385.000000,147.809006,-0.244213,-0.252354
386.000000,147.809006,-0.235863,-0.240075
387.000000,147.809006,-0.227006,-0.242440
388.000000,147.809006,-0.217656,-0.235100
389.000000,147.809006,-0.207836,-0.224974
390.000000,147.809006,-0.197570,-0.221978
391.000000,147.809006,-0.186879,-0.210552
392.000000,147.809006,-0.175786,-0.197073
393.000000,147.809006,-0.164310,-0.193930
394.000000,147.809006,-0.152481,-0.185403
395.000000,147.809006,-0.140325,-0.174064
396.000000,147.809006,-0.127866,-0.174215
397.000000,147.809006,-0.115131,-0.151115
398.000000,147.809006,-0.102147,-0.143427
399.000000,147.809006,-0.088944,-0.131066
400.000000,147.809006,-0.075549,-0.115053
401.000000,147.809006,-0.061992,-0.109698
402.000000,147.809006,-0.048299,-0.095737
403.000000,147.809006,-0.034503,-0.080178
404.000000,147.809006,-0.020633,-0.077929
405.000000,147.809006,-0.006718,-0.063749
406.000000,147.809006,0.007211,-0.043283
407.000000,147.809006,0.021124,-0.036113
408.000000,147.809006,0.034992,-0.020819
409.000000,147.809006,0.048785,-0.011061
410.000000,147.809006,0.062473,0.023044
411.000000,147.809006,0.076026,0.017350
412.000000,147.809006,0.089414,0.024969
413.000000,147.809006,0.102610,0.030618
414.000000,147.809006,0.115585,0.050071
415.000000,147.809006,0.128313,0.056046
416.000000,147.809006,0.140760,0.075554
417.000000,147.809006,0.152905,0.099681
418.000000,147.809006,0.164721,0.101536
419.000000,147.809006,0.176183,0.118103
420.000000,147.809006,0.187265,0.128448
421.000000,147.809006,0.197941,0.135385
422.000000,147.809006,0.208191,0.145771
423.000000,147.809006,0.217993,0.161257
424.000000,147.809006,0.227327,0.163887
425.000000,147.809006,0.236168,0.177320
426.000000,147.809006,0.244499,0.195413
427.000000,147.809006,0.252304,0.196695
428.000000,147.809006,0.259567,0.205588
429.000000,147.809006,0.266272,0.213001
430.000000,147.809006,0.272397,0.221390
431.000000,147.809006,0.277936,0.235263
432.000000,147.809006,0.282878,0.233284
433.000000,147.809006,0.287212,0.244151
434.000000,147.809006,0.290925,0.258524
435.000000,147.809006,0.294007,0.257933
436.000000,147.809006,0.296458,0.263559
437.000000,147.809006,0.298272,0.266991
438.000000,147.809006,0.299444,0.270207
439.000000,147.809006,0.299966,0.275086
440.000000,147.809006,0.299841,0.278445
441.000000,147.809006,0.299071,0.274967
442.000000,147.809006,0.297659,0.279773
443.000000,147.809006,0.295606,0.280319
444.000000,147.809006,0.292909,0.277047
445.000000,147.809006,0.289583,0.282366
446.000000,147.809006,0.285635,0.279773
447.000000,147.809006,0.281073,0.274660
448.000000,147.809006,0.275902,0.270885
449.000000,147.809006,0.270134,0.264260
450.000000,147.809006,0.263786,0.266766
451.000000,147.809006,0.256871,0.263871
452.000000,147.809006,0.249403,0.255472
453.000000,147.809006,0.241393,0.251798
454.000000,147.809006,0.232863,0.249796
455.000000,147.809006,0.223833,0.237618
456.000000,147.809006,0.214321,0.234910
457.000000,147.809006,0.204347,0.228148
458.000000,147.809006,0.193930,0.210829
459.000000,147.809006,0.183095,0.205515
460.000000,147.809006,0.171868,0.195133
461.000000,147.809006,0.160271,0.182854
462.000000,147.809006,0.148325,0.178346
463.000000,147.809006,0.136060,0.165646
464.000000,147.809006,0.123503,0.160226
465.000000,147.809006,0.110680,0.153024
466.000000,147.809006,0.097618,0.139705
467.000000,147.809006,0.084344,0.130157
468.000000,147.809006,0.070889,0.118181
469.000000,147.809006,0.057282,0.098036
470.000000,147.809006,0.043552,0.091534
471.000000,147.809006,0.029727,0.086032
472.000000,147.809006,0.015838,0.066340
473.000000,147.809006,0.001914,0.056485
474.000000,147.809006,-0.012013,0.047570
475.000000,147.809006,-0.025914,0.026531
476.000000,147.809006,-0.039760,0.021143
477.000000,147.809006,-0.053519,0.009355
478.000000,147.809006,-0.067163,-0.010891
479.000000,147.809006,-0.080663,-0.020467
480.000000,147.809006,-0.093990,-0.038733
481.000000,147.809006,-0.107112,-0.047814
482.000000,147.809006,-0.120003,-0.052043
483.000000,147.809006,-0.132637,-0.071528
484.000000,147.809006,-0.144986,-0.084577
485.000000,147.809006,-0.157020,-0.092086
486.000000,147.809006,-0.168715,-0.109331
487.000000,147.809006,-0.180048,-0.118659
488.000000,147.809006,-0.190993,-0.126315
489.000000,147.809006,-0.201528,-0.139606
490.000000,147.809006,-0.211624,-0.151028
491.000000,147.809006,-0.221265,-0.155623
492.000000,147.809006,-0.230430,-0.174435
493.000000,147.809006,-0.239100,-0.185330
494.000000,147.809006,-0.247254,-0.199565
495.000000,147.809006,-0.254871,-0.203977
496.000000,147.809006,-0.261941,-0.210126
497.000000,147.809006,-0.268447,-0.221992
498.000000,147.809006,-0.274377,-0.231219
499.000000,147.809006,-0.279711,-0.227788
500.000000,147.809006,-0.284441,-0.243773
501.000000,147.809006,-0.288560,-0.245514
502.000000,147.809006,-0.292058,-0.252949
503.000000,147.809006,-0.294929,-0.260074
504.000000,147.809006,-0.297157,-0.265755
505.000000,147.809006,-0.298746,-0.263070
506.000000,147.809006,-0.299694,-0.274135
507.000000,147.809006,-0.299997,-0.276549
508.000000,147.809006,-0.299652,-0.275564
509.000000,147.809006,-0.298657,-0.279642
510.000000,147.809006,-0.297020,-0.277970
511.000000,147.809006,-0.294745,-0.284004
512.000000,147.809006,-0.291837,-0.284783
513.000000,147.809006,-0.288294,-0.277910
514.000000,147.809006,-0.284130,-0.279422
515.000000,147.809006,-0.279355,-0.273182
516.000000,147.809006,-0.273980,-0.269530
517.000000,147.809006,-0.268014,-0.266021
518.000000,147.809006,-0.261466,-0.264935
519.000000,147.809006,-0.254355,-0.262250
520.000000,147.809006,-0.246698,-0.258214
521.000000,147.809006,-0.238511,-0.250508
522.000000,147.809006,-0.229807,-0.239855
523.000000,147.809006,-0.220606,-0.238719
524.000000,147.809006,-0.210931,-0.227366
525.000000,147.809006,-0.200803,-0.217300
526.000000,147.809006,-0.190243,-0.214538
527.000000,147.809006,-0.179269,-0.205278
528.000000,147.809006,-0.167909,-0.198204
529.000000,147.809006,-0.156188,-0.188656
530.000000,147.809006,-0.144131,-0.181564
531.000000,147.809006,-0.131764,-0.167361
532.000000,147.809006,-0.119110,-0.154661
533.000000,147.809006,-0.106200,-0.138735
534.000000,147.809006,-0.093063,-0.136486
535.000000,147.809006,-0.079725,-0.123493
536.000000,147.809006,-0.066214,-0.106820
537.000000,147.809006,-0.052560,-0.106944
538.000000,147.809006,-0.038793,-0.087857
539.000000,147.809006,-0.024943,-0.067831
540.000000,147.809006,-0.011039,-0.068262
541.000000,147.809006,0.002889,-0.053262
542.000000,147.809006,0.016810,-0.037162
543.000000,147.809006,0.030696,-0.026153
544.000000,147.809006,0.044515,-0.014359
545.000000,147.809006,0.058239,-0.011505
546.000000,147.809006,0.071836,0.007550
547.000000,147.809006,0.085279,0.028249
548.000000,147.809006,0.098538,0.036359
549.000000,147.809006,0.111586,0.053746
550.000000,147.809006,0.124391,0.067811
551.000000,147.809006,0.136928,0.071847
552.000000,147.809006,0.149170,0.086027
553.000000,147.809006,0.161093,0.101733
554.000000,147.809006,0.172668,0.110090
555.000000,147.809006,0.183868,0.122630
556.000000,147.809006,0.194672,0.134249
557.000000,147.809006,0.205057,0.140892
558.000000,147.809006,0.215003,0.161092
559.000000,147.809006,0.224483,0.165371
560.000000,147.809006,0.233477,0.173481
561.000000,147.809006,0.241969,0.187500
562.000000,147.809006,0.249941,0.184174
563.000000,147.809006,0.257376,0.203009
564.000000,147.809006,0.264251,0.218202
565.000000,147.809006,0.270556,0.221550
566.000000,147.809006,0.276281,0.229037
567.000000,147.809006,0.281411,0.240949
568.000000,147.809006,0.285935,0.245058
569.000000,147.809006,0.289837,0.249718
570.000000,147.809006,0.293117,0.257910
571.000000,147.809006,0.295766,0.256966
572.000000,147.809006,0.297781,0.266606
573.000000,147.809006,0.299149,0.274724
574.000000,147.809006,0.299871,0.270353
575.000000,147.809006,0.299948,0.277166
576.000000,147.809006,0.299381,0.278765
577.000000,147.809006,0.298170,0.276154
578.000000,147.809006,0.296309,0.281693
579.000000,147.809006,0.293811,0.277620
580.000000,147.809006,0.290682,0.276447
581.000000,147.809006,0.286929,0.279512
582.000000,147.809006,0.282555,0.275494
583.000000,147.809006,0.277568,0.272786
584.000000,147.809006,0.271985,0.274431
585.000000,147.809006,0.265818,0.267380
586.000000,147.809006,0.259079,0.263706
587.000000,147.809006,0.251777,0.264604
588.000000,147.809006,0.243933,0.248705
589.000000,147.809006,0.235564,0.208589
590.000000,147.809006,0.226689,0.243923
591.000000,147.809006,0.217325,0.240211
592.000000,147.809006,0.207489,0.240330
593.000000,147.809006,0.197207,0.226183
594.000000,147.809006,0.186501,0.215883
595.000000,147.809006,0.175394,0.204228
596.000000,147.809006,0.163908,0.188655
597.000000,147.809006,0.152066,0.181127
598.000000,147.809006,0.139898,0.178305
599.000000,147.809006,0.127429,0.161133
600.000000,147.809006,0.114687,0.153665
601.000000,147.809006,0.101694,0.147123
602.000000,147.809006,0.088483,0.125191
603.000000,147.809006,0.075082,0.114530
604.000000,147.809006,0.061519,0.112001
605.000000,147.809006,0.047824,0.095282
606.000000,147.809006,0.034024,0.084387
607.000000,147.809006,0.020152,0.077259
608.000000,147.809006,0.006237,0.057260
609.000000,147.809006,-0.007693,0.046658
610.000000,147.809006,-0.021605,0.033843
611.000000,147.809006,-0.035471,0.021097
612.000000,147.809006,-0.049260,0.013162
613.000000,147.809006,-0.062944,-0.007405
614.000000,147.809006,-0.076492,-0.016339
615.000000,147.809006,-0.089874,-0.024068
616.000000,147.809006,-0.103063,-0.042587
617.000000,147.809006,-0.116029,-0.054742
618.000000,147.809006,-0.128747,-0.061577
619.000000,147.809006,-0.141187,-0.079569
620.000000,147.809006,-0.153320,-0.090757
621.000000,147.809006,-0.165123,-0.098486
622.000000,147.809006,-0.176572,-0.122718
623.000000,147.809006,-0.187642,-0.129527
624.000000,147.809006,-0.198304,-0.134795
625.000000,147.809006,-0.208537,-0.147353
626.000000,147.809006,-0.218323,-0.157208
627.000000,147.809006,-0.227640,-0.169423
628.000000,147.809006,-0.236467,-0.179722
629.000000,147.809006,-0.244779,-0.189444
630.000000,147.809006,-0.252564,-0.205164
631.000000,147.809006,-0.259807,-0.208751
632.000000,147.809006,-0.266492,-0.213653
633.000000,147.809006,-0.272600,-0.237753
634.000000,147.809006,-0.278118,-0.234133
635.000000,147.809006,-0.283037,-0.230848
636.000000,147.809006,-0.287349,-0.240579
637.000000,147.809006,-0.291043,-0.248794
638.000000,147.809006,-0.294104,-0.254736
639.000000,147.809006,-0.296532,-0.263868
640.000000,147.809006,-0.298322,-0.271116
641.000000,147.809006,-0.299471,-0.269530
642.000000,147.809006,-0.299975,-0.276742
643.000000,147.809006,-0.299826,-0.277003
644.000000,147.809006,-0.299033,-0.280943
645.000000,147.809006,-0.297597,-0.279202
646.000000,147.809006,-0.295522,-0.273896
647.000000,147.809006,-0.292807,-0.285442
648.000000,147.809006,-0.289458,-0.280256
649.000000,147.809006,-0.285487,-0.272064
650.000000,147.809006,-0.280903,-0.275848
651.000000,147.809006,-0.275715,-0.272976
652.000000,147.809006,-0.269926,-0.267684
653.000000,147.809006,-0.263556,-0.267881
654.000000,147.809006,-0.256621,-0.265609
655.000000,147.809006,-0.249134,-0.250943
656.000000,147.809006,-0.241109,-0.255680
657.000000,147.809006,-0.232560,-0.246787
658.000000,147.809006,-0.223512,-0.236195
659.000000,147.809006,-0.213983,-0.233812
660.000000,147.809006,-0.203995,-0.222840
661.000000,147.809006,-0.193564,-0.218359
662.000000,147.809006,-0.182715,-0.210011
663.000000,147.809006,-0.171473,-0.202479
664.000000,147.809006,-0.159863,-0.195263
665.000000,147.809006,-0.147909,-0.179809
666.000000,147.809006,-0.135632,-0.163064
667.000000,147.809006,-0.123064,-0.155161
668.000000,147.809006,-0.110232,-0.146707
669.000000,147.809006,-0.097163,-0.131002
670.000000,147.809006,-0.083883,-0.128152
671.000000,147.809006,-0.070422,-0.116652
672.000000,147.809006,-0.056810,-0.097446
673.000000,147.809006,-0.043075,-0.090730
674.000000,147.809006,-0.029248,-0.085324
675.000000,147.809006,-0.015357,-0.067744
0.000000,154.367004,0.002821,-0.057688
1.000000,154.367004,0.017360,-0.043654
2.000000,154.367004,0.031858,-0.025268
3.000000,154.367004,0.046281,-0.017365
4.000000,154.367004,0.060596,0.001209
5.000000,154.367004,0.074767,0.021748
6.000000,154.367004,0.088763,0.023264
7.000000,154.367004,0.102551,0.041311
8.000000,154.367004,0.116097,0.089665
9.000000,154.367004,0.129370,0.060233
10.000000,154.367004,0.142339,0.066753
11.000000,154.367004,0.154974,0.077446
12.000000,154.367004,0.167244,0.094535
13.000000,154.367004,0.179121,0.109595
14.000000,154.367004,0.190577,0.122130
15.000000,154.367004,0.201585,0.137084
16.000000,154.367004,0.212119,0.153610
17.000000,154.367004,0.222153,0.161133
18.000000,154.367004,0.231665,0.169513
19.000000,154.367004,0.240632,0.178672
20.000000,154.367004,0.249033,0.190295
21.000000,154.367004,0.256849,0.205895
22.000000,154.367004,0.264060,0.220781
23.000000,154.367004,0.270651,0.219017
24.000000,154.367004,0.276606,0.223896
25.000000,154.367004,0.281910,0.236335
26.000000,154.367004,0.286551,0.242525
27.000000,154.367004,0.290519,0.250671
28.000000,154.367004,0.293804,0.250378
29.000000,154.367004,0.296398,0.263279
30.000000,154.367004,0.298295,0.270592
31.000000,154.367004,0.299491,0.267307
32.000000,154.367004,0.299982,0.270413
33.000000,154.367004,0.299769,0.279645
34.000000,154.367004,0.298851,0.275567
35.000000,154.367004,0.297230,0.276653
36.000000,154.367004,0.294910,0.283732
37.000000,154.367004,0.291896,0.277574
38.000000,154.367004,0.288195,0.282380
39.000000,154.367004,0.283816,0.281345
40.000000,154.367004,0.278769,0.276681
41.000000,154.367004,0.273068,0.271439
42.000000,154.367004,0.266724,0.267137
43.000000,154.367004,0.259753,0.262766
44.000000,154.367004,0.252172,0.262285
45.000000,154.367004,0.243998,0.252430
46.000000,154.367004,0.235250,0.245425
47.000000,154.367004,0.225949,0.242557
48.000000,154.367004,0.216117,0.228070
49.000000,154.367004,0.205777,0.223617
50.000000,154.367004,0.194953,0.224969
51.000000,154.367004,0.183670,0.206669
52.000000,154.367004,0.171956,0.201882
53.000000,154.367004,0.159838,0.196160
54.000000,154.367004,0.147343,0.177201
55.000000,154.367004,0.134502,0.170026
56.000000,154.367004,0.121345,0.164157
57.000000,154.367004,0.107902,0.144612
58.000000,154.367004,0.094206,0.139298
59.000000,154.367004,0.080287,0.126295
60.000000,154.367004,0.066180,0.112390
61.000000,154.367004,0.051917,0.105435
62.000000,154.367004,0.037533,0.086701
63.000000,154.367004,0.023060,0.071760
64.000000,154.367004,0.008533,0.067165
65.000000,154.367004,-0.006014,0.047519
66.000000,154.367004,-0.020547,0.040432
67.000000,154.367004,-0.035031,0.026889
68.000000,154.367004,-0.049433,0.009497
69.000000,154.367004,-0.063719,-0.002512
70.000000,154.367004,-0.077856,-0.005334
71.000000,154.367004,-0.091809,-0.031206
72.000000,154.367004,-0.105546,-0.044928
73.000000,154.367004,-0.119035,-0.051910
74.000000,154.367004,-0.132244,-0.070195
75.000000,154.367004,-0.145143,-0.084137
76.000000,154.367004,-0.157700,-0.091925
77.000000,154.367004,-0.169887,-0.108965
78.000000,154.367004,-0.181674,-0.115773
79.000000,154.367004,-0.193033,-0.125046
80.000000,154.367004,-0.203938,-0.144087
81.000000,154.367004,-0.214364,-0.149282
82.000000,154.367004,-0.224285,-0.166688
83.000000,154.367004,-0.233679,-0.175869
84.000000,154.367004,-0.242524,-0.179511
85.000000,154.367004,-0.250798,-0.193110
86.000000,154.367004,-0.258483,-0.204371
87.000000,154.367004,-0.265560,-0.210913
88.000000,154.367004,-0.272013,-0.224805
89.000000,154.367004,-0.277826,-0.232053
90.000000,154.367004,-0.282986,-0.236355
91.000000,154.367004,-0.287481,-0.243406
92.000000,154.367004,-0.291299,-0.251621
93.000000,154.367004,-0.294433,-0.257169
94.000000,154.367004,-0.296875,-0.265434
95.000000,154.367004,-0.298619,-0.264436
96.000000,154.367004,-0.299661,-0.275349
97.000000,154.367004,-0.299998,-0.271542
98.000000,154.367004,-0.299630,-0.273090
99.000000,154.367004,-0.298557,-0.279935
100.000000,154.367004,-0.296781,-0.278249
101.000000,154.367004,-0.294306,-0.275637
102.000000,154.367004,-0.291140,-0.282469
103.000000,154.367004,-0.287289,-0.271555
104.000000,154.367004,-0.282763,-0.272371
105.000000,154.367004,-0.277572,-0.275922
106.000000,154.367004,-0.271729,-0.275583
107.000000,154.367004,-0.265247,-0.267977
108.000000,154.367004,-0.258141,-0.266694
109.000000,154.367004,-0.250428,-0.257875
110.000000,154.367004,-0.242127,-0.257169
111.000000,154.367004,-0.233256,-0.246907
112.000000,154.367004,-0.223837,-0.235787
113.000000,154.367004,-0.213891,-0.236066
114.000000,154.367004,-0.203443,-0.226972
115.000000,154.367004,-0.192517,-0.212820
116.000000,154.367004,-0.181137,-0.209104
117.000000,154.367004,-0.169332,-0.209865
118.000000,154.367004,-0.157129,-0.185752
119.000000,154.367004,-0.144556,-0.174435
120.000000,154.367004,-0.131643,-0.165382
121.000000,154.367004,-0.118419,-0.148563
122.000000,154.367004,-0.104918,-0.146753
123.000000,154.367004,-0.091170,-0.133613
124.000000,154.367004,-0.077207,-0.117834
125.000000,154.367004,-0.063064,-0.113418
126.000000,154.367004,-0.048771,-0.099985
127.000000,154.367004,-0.034365,-0.078918
128.000000,154.367004,-0.019877,-0.076069
129.000000,154.367004,-0.005343,-0.066502
130.000000,154.367004,0.009204,-0.047356
131.000000,154.367004,0.023729,-0.035820
132.000000,154.367004,0.038198,-0.018226
133.000000,154.367004,0.052578,-0.011152
134.000000,154.367004,0.066834,0.007476
135.000000,154.367004,0.080933,0.022229
136.000000,154.367004,0.094841,0.027131
137.000000,154.367004,0.108527,0.042805
138.000000,154.367004,0.121958,0.063124
139.000000,154.367004,0.135102,0.070354
140.000000,154.367004,0.147928,0.083201
141.000000,154.367004,0.160406,0.098980
142.000000,154.367004,0.172507,0.104290
143.000000,154.367004,0.184201,0.117943
144.000000,154.367004,0.195463,0.136782
145.000000,154.367004,0.206265,0.142752
146.000000,154.367004,0.216582,0.157225
147.000000,154.367004,0.226390,0.163378
148.000000,154.367004,0.235666,0.177641
149.000000,154.367004,0.244387,0.189947
150.000000,154.367004,0.252534,0.191921
151.000000,154.367004,0.260087,0.207022
152.000000,154.367004,0.267029,0.221468
153.000000,154.367004,0.273343,0.224231
154.000000,154.367004,0.279014,0.231864
155.000000,154.367004,0.284030,0.242883
156.000000,154.367004,0.288377,0.244165
157.000000,154.367004,0.292047,0.250611
158.000000,154.367004,0.295030,0.261777
159.000000,154.367004,0.297319,0.265447
160.000000,154.367004,0.298910,0.266606
161.000000,154.367004,0.299797,0.273538
162.000000,154.367004,0.299978,0.273180
163.000000,154.367004,0.299454,0.277240
164.000000,154.367004,0.298225,0.276539
165.000000,154.367004,0.296295,0.280621
166.000000,154.367004,0.293669,0.288167
167.000000,154.367004,0.290352,0.276360
168.000000,154.367004,0.286353,0.282247
169.000000,154.367004,0.281680,0.279805
170.000000,154.367004,0.276345,0.269020
171.000000,154.367004,0.270361,0.268919
172.000000,154.367004,0.263741,0.271458
173.000000,154.367004,0.256501,0.262020
174.000000,154.367004,0.248657,0.259312
175.000000,154.367004,0.240229,0.256123
176.000000,154.367004,0.231237,0.241192
177.000000,154.367004,0.221700,0.235804
178.000000,154.367004,0.211643,0.234622
179.000000,154.367004,0.201087,0.218870
180.000000,154.367004,0.190059,0.216529
181.000000,154.367004,0.178584,0.209107
182.000000,154.367004,0.166689,0.194088
183.000000,154.367004,0.154401,0.189667
184.000000,154.367004,0.141750,0.175300
185.000000,154.367004,0.128766,0.167227
186.000000,154.367004,0.115479,0.157051
187.000000,154.367004,0.101921,0.137172
188.000000,154.367004,0.088123,0.131651
189.000000,154.367004,0.074118,0.124215
190.000000,154.367004,0.059939,0.103689
191.000000,154.367004,0.045618,0.021377
192.000000,154.367004,0.031191,0.087453
193.000000,154.367004,0.016690,0.087915
194.000000,154.367004,0.002151,0.076654
195.000000,154.367004,-0.012395,0.061777
196.000000,154.367004,-0.026910,0.035832
197.000000,154.367004,-0.041363,0.021890
198.000000,154.367004,-0.055718,-0.078992
199.000000,154.367004,-0.069943,-0.006204
200.000000,154.367004,-0.084003,0.007376
201.000000,154.367004,-0.097866,-0.010066
202.000000,154.367004,-0.111499,-0.039027
203.000000,154.367004,-0.124869,-0.051342
204.000000,154.367004,-0.137945,-0.074749
205.000000,154.367004,-0.150697,-0.083670
206.000000,154.367004,-0.163094,-0.092292
207.000000,154.367004,-0.175108,-0.111558
208.000000,154.367004,-0.186710,-0.120812
209.000000,154.367004,-0.197873,-0.121408
210.000000,154.367004,-0.208571,-0.147647
211.000000,154.367004,-0.218779,-0.150721
212.000000,154.367004,-0.228472,-0.163664
213.000000,154.367004,-0.237628,-0.175695
214.000000,154.367004,-0.246225,-0.191877
215.000000,154.367004,-0.254244,-0.200119
216.000000,154.367004,-0.261664,-0.211564
217.000000,154.367004,-0.268470,-0.214725
218.000000,154.367004,-0.274644,-0.229240
219.000000,154.367004,-0.280173,-0.237313
220.000000,154.367004,-0.285043,-0.233941
221.000000,154.367004,-0.289243,-0.250700
222.000000,154.367004,-0.292763,-0.255327
223.000000,154.367004,-0.295594,-0.253536
224.000000,154.367004,-0.297730,-0.267281
225.000000,154.367004,-0.299164,-0.266942
226.000000,154.367004,-0.299895,-0.266044
227.000000,154.367004,-0.299921,-0.277709
228.000000,154.367004,-0.299242,-0.278483
229.000000,154.367004,-0.297860,-0.275051
230.000000,154.367004,-0.295777,-0.281502
231.000000,154.367004,-0.292999,-0.281310
232.000000,154.367004,-0.289532,-0.275931
233.000000,154.367004,-0.285384,-0.279569
234.000000,154.367004,-0.280566,-0.276109
235.000000,154.367004,-0.275087,-0.274469
236.000000,154.367004,-0.268962,-0.269828
237.000000,154.367004,-0.262205,-0.261623
238.000000,154.367004,-0.254831,-0.264908
239.000000,154.367004,-0.246858,-0.262768
240.000000,154.367004,-0.238305,-0.250489
241.000000,154.367004,-0.229191,-0.241326
242.000000,154.367004,-0.219539,-0.232273
243.000000,154.367004,-0.209370,-0.221254
244.000000,154.367004,-0.198709,-0.223985
245.000000,154.367004,-0.187579,-0.212558
246.000000,154.367004,-0.176009,-0.197966
247.000000,154.367004,-0.164024,-0.192216
248.000000,154.367004,-0.151655,-0.185403
249.000000,154.367004,-0.138928,-0.173244
250.000000,154.367004,-0.125875,-0.170935
251.000000,154.367004,-0.112526,-0.147468
252.000000,154.367004,-0.098913,-0.140761
253.000000,154.367004,-0.085067,-0.130919
254.000000,154.367004,-0.071021,-0.114160
255.000000,154.367004,-0.056808,-0.110444
256.000000,154.367004,-0.042462,-0.094917
257.000000,154.367004,-0.028016,-0.075638
258.000000,154.367004,-0.013504,-0.071309
259.000000,154.367004,0.001040,-0.056455
260.000000,154.367004,0.015582,-0.036956
261.000000,154.367004,0.030087,-0.030532
262.000000,154.367004,0.044521,-0.018959
263.000000,154.367004,0.058851,-0.000647
264.000000,154.367004,0.073042,0.008530
265.000000,154.367004,0.087062,0.022930
266.000000,154.367004,0.100877,0.036583
267.000000,154.367004,0.114454,0.047286
268.000000,154.367004,0.127762,0.064952
269.000000,154.367004,0.140770,0.072787
270.000000,154.367004,0.153446,0.091328
271.000000,154.367004,0.165762,0.104514
272.000000,154.367004,0.177688,0.111950
273.000000,154.367004,0.189196,0.124870
274.000000,154.367004,0.200260,0.140283
275.000000,154.367004,0.210852,0.148332
276.000000,154.367004,0.220949,0.163786
277.000000,154.367004,0.230527,0.175171
278.000000,154.367004,0.239562,0.179954
279.000000,154.367004,0.248034,0.189521
280.000000,154.367004,0.255924,0.202927
281.000000,154.367004,0.263211,0.210903
282.000000,154.367004,0.269880,0.222256
283.000000,154.367004,0.275914,0.224909
284.000000,154.367004,0.281300,0.233444
285.000000,154.367004,0.286024,0.246644
286.000000,154.367004,0.290075,0.244005
287.000000,154.367004,0.293443,0.251739
288.000000,154.367004,0.296120,0.266184
289.000000,154.367004,0.298102,0.262400
290.000000,154.367004,0.299383,0.268993
291.000000,154.367004,0.299960,0.273538
292.000000,154.367004,0.299832,0.277794
293.000000,154.367004,0.298998,0.281267
294.000000,154.367004,0.297462,0.281345
295.000000,154.367004,0.295227,0.275934
296.000000,154.367004,0.292297,0.304569
297.000000,154.367004,0.288680,0.280905
298.000000,154.367004,0.284385,0.270793
299.000000,154.367004,0.279421,0.269565
300.000000,154.367004,0.273799,0.267705
301.000000,154.367004,0.267535,0.265140
302.000000,154.367004,0.260641,0.263752
303.000000,154.367004,0.253134,0.254726
304.000000,154.367004,0.245032,0.259179
305.000000,154.367004,0.236354,0.252563
306.000000,154.367004,0.227121,0.237838
307.000000,154.367004,0.217352,0.238704
308.000000,154.367004,0.207072,0.232015
309.000000,154.367004,0.196305,0.219017
310.000000,154.367004,0.185076,0.207082
311.000000,154.367004,0.173413,0.207614
312.000000,154.367004,0.161342,0.190148
313.000000,154.367004,0.148891,0.176427
314.000000,154.367004,0.136091,0.170351
315.000000,154.367004,0.122970,0.154953
316.000000,154.367004,0.109561,0.153125
317.000000,154.367004,0.095893,0.138184
318.000000,154.367004,0.082001,0.128531
319.000000,154.367004,0.067916,0.117315
320.000000,154.367004,0.053671,0.099823
321.000000,154.367004,0.039299,0.091168
322.000000,154.367004,0.024836,0.079792
323.000000,154.367004,0.010313,0.065667
324.000000,154.367004,-0.004233,0.051652
325.000000,154.367004,-0.018770,0.044890
326.000000,154.367004,-0.033262,0.022591
327.000000,154.367004,-0.047677,0.011916
328.000000,154.367004,-0.061979,0.000027
329.000000,154.367004,-0.076135,-0.018185
330.000000,154.367004,-0.090112,-0.023573
331.000000,154.367004,-0.103877,-0.043475
332.000000,154.367004,-0.117398,-0.052561
333.000000,154.367004,-0.130643,-0.063396
334.000000,154.367004,-0.143581,-0.080930
335.000000,154.367004,-0.156181,-0.092677
336.000000,154.367004,-0.168414,-0.099733
337.000000,154.367004,-0.180250,-0.118178
338.000000,154.367004,-0.191664,-0.125499
339.000000,154.367004,-0.202626,-0.135982
340.000000,154.367004,-0.213112,-0.159994
341.000000,154.367004,-0.223097,-0.160402
342.000000,154.367004,-0.232558,-0.217548
343.000000,154.367004,-0.241472,-0.185669
344.000000,154.367004,-0.249818,-0.180116
345.000000,154.367004,-0.257577,-0.186352
346.000000,154.367004,-0.264730,-0.204490
347.000000,154.367004,-0.271261,-0.214872
348.000000,154.367004,-0.277154,-0.231700
349.000000,154.367004,-0.282394,-0.236053
350.000000,154.367004,-0.286970,-0.243388
351.000000,154.367004,-0.290871,-0.252634
352.000000,154.367004,-0.294088,-0.256368
353.000000,154.367004,-0.296614,-0.256583
354.000000,154.367004,-0.298442,-0.269068
355.000000,154.367004,-0.299569,-0.272449
356.000000,154.367004,-0.299991,-0.268197
357.000000,154.367004,-0.299708,-0.276742
358.000000,154.367004,-0.298721,-0.280270
359.000000,154.367004,-0.297031,-0.277878
360.000000,154.367004,-0.294643,-0.278822
361.000000,154.367004,-0.291562,-0.276549
362.000000,154.367004,-0.287796,-0.276971
363.000000,154.367004,-0.283353,-0.302944
364.000000,154.367004,-0.278244,-0.277603
365.000000,154.367004,-0.272481,-0.273855
366.000000,154.367004,-0.266077,-0.262314
367.000000,154.367004,-0.259047,-0.251882
368.000000,154.367004,-0.251409,-0.257980
369.000000,154.367004,-0.243178,-0.253614
370.000000,154.367004,-0.234375,-0.239328
371.000000,154.367004,-0.225021,-0.237973
372.000000,154.367004,-0.215138,-0.233093
373.000000,154.367004,-0.204749,-0.218427
374.000000,154.367004,-0.193879,-0.222945
375.000000,154.367004,-0.182553,-0.210625
376.000000,154.367004,-0.170798,-0.197893
377.000000,154.367004,-0.158641,-0.189389
378.000000,154.367004,-0.146112,-0.180790
379.000000,154.367004,-0.133238,-0.168864
380.000000,154.367004,-0.120052,-0.164388
381.000000,154.367004,-0.106584,-0.145901
382.000000,154.367004,-0.092864,-0.131620
383.000000,154.367004,-0.078927,-0.123846
384.000000,154.367004,-0.064804,-0.112139
385.000000,154.367004,-0.050528,-0.107324
386.000000,154.367004,-0.036134,-0.087770
387.000000,154.367004,-0.021654,-0.071244
388.000000,154.367004,-0.007124,-0.063575
389.000000,154.367004,0.007423,-0.050655
390.000000,154.367004,0.021953,-0.033162
391.000000,154.367004,0.036431,-0.027706
392.000000,154.367004,0.050824,-0.015459
393.000000,154.367004,0.065097,0.009547
394.000000,154.367004,0.079216,0.016337
395.000000,154.367004,0.093150,-0.035787
396.000000,154.367004,0.106864,0.041783
397.000000,154.367004,0.120327,0.070954
398.000000,154.367004,0.133507,0.086980
399.000000,154.367004,0.146374,0.078001
400.000000,154.367004,0.158896,0.099809
401.000000,154.367004,0.171044,0.116715
402.000000,154.367004,0.182791,0.116050
403.000000,154.367004,0.194107,0.135664
404.000000,154.367004,0.204968,0.147796
405.000000,154.367004,0.215346,0.152946
406.000000,154.367004,0.225219,0.165866
407.000000,154.367004,0.234561,0.181645
408.000000,154.367004,0.243353,0.187321
409.000000,154.367004,0.251572,0.196888
410.000000,154.367004,0.259200,0.207614
411.000000,154.367004,0.266217,0.213510
412.000000,154.367004,0.272607,0.225756
413.000000,154.367004,0.278357,0.228909
414.000000,154.367004,0.283453,0.236051
415.000000,154.367004,0.287881,0.245237
416.000000,154.367004,0.291633,0.246364
417.000000,154.367004,0.294700,0.257772
418.000000,154.367004,0.297073,0.268058
419.000000,154.367004,0.298749,0.264626
420.000000,154.367004,0.299721,0.271673
421.000000,154.367004,0.299989,0.277858
422.000000,154.367004,0.299552,0.275934
423.000000,154.367004,0.298411,0.274046
424.000000,154.367004,0.296568,0.282238
425.000000,154.367004,0.294027,0.271774
426.000000,154.367004,0.290796,0.277766
427.000000,154.367004,0.286880,0.286779
428.000000,154.367004,0.282291,0.276681
429.000000,154.367004,0.277037,0.278206
430.000000,154.367004,0.271132,0.275485
431.000000,154.367004,0.264590,0.264773
432.000000,154.367004,0.257423,0.263619
433.000000,154.367004,0.249652,0.249484
434.000000,154.367004,0.241294,0.249072
435.000000,154.367004,0.232368,0.249384
436.000000,154.367004,0.222896,0.239405
437.000000,154.367004,0.212900,0.227630
438.000000,154.367004,0.202404,0.225482
439.000000,154.367004,0.191432,0.210536
440.000000,154.367004,0.180009,0.205822
441.000000,154.367004,0.168164,0.201960
442.000000,154.367004,0.155923,0.187321
443.000000,154.367004,0.143316,0.174273
444.000000,154.367004,0.130371,0.169664
445.000000,154.367004,0.117120,0.153913
446.000000,154.367004,0.103594,0.143984
447.000000,154.367004,0.089824,0.138789
448.000000,154.367004,0.075843,0.132865
449.000000,154.367004,0.061683,0.109022
450.000000,154.367004,0.047379,0.100180
451.000000,154.367004,0.032963,0.079728
452.000000,154.367004,0.018469,0.067559
453.000000,154.367004,0.003932,0.052738
454.000000,154.367004,-0.010615,0.045352
455.000000,154.367004,-0.025136,0.035557
456.000000,154.367004,-0.039598,0.015664
457.000000,154.367004,-0.053967,0.006876
458.000000,154.367004,-0.068209,0.001007
459.000000,154.367004,-0.082291,-0.023092
460.000000,154.367004,-0.096179,-0.032493
461.000000,154.367004,-0.109841,-0.042829
462.000000,154.367004,-0.123245,-0.013672
463.000000,154.367004,-0.136359,-0.073269
464.000000,154.367004,-0.149153,-0.091925
465.000000,154.367004,-0.161595,-0.112964
466.000000,154.367004,-0.173658,-0.126759
467.000000,154.367004,-0.185313,-0.120954
468.000000,154.367004,-0.196532,-0.134553
469.000000,154.367004,-0.207289,-0.146414
470.000000,154.367004,-0.217559,-0.148563
471.000000,154.367004,-0.227317,-0.169002
472.000000,154.367004,-0.236541,-0.176923
473.000000,154.367004,-0.245208,-0.188345
474.000000,154.367004,-0.253297,-0.199657
475.000000,154.367004,-0.260791,-0.206992
476.000000,154.367004,-0.267672,-0.221039
477.000000,154.367004,-0.273923,-0.222652
478.000000,154.367004,-0.279531,-0.231567
479.000000,154.367004,-0.284481,-0.244373
480.000000,154.367004,-0.288762,-0.248560
481.000000,154.367004,-0.292365,-0.250636
482.000000,154.367004,-0.295280,-0.261261
483.000000,154.367004,-0.297501,-0.264188
484.000000,154.367004,-0.299022,-0.263290
485.000000,154.367004,-0.299841,-0.275175
486.000000,154.367004,-0.299954,-0.277062
487.000000,154.367004,-0.299363,-0.274377
488.000000,154.367004,-0.298067,-0.278895
489.000000,154.367004,-0.296071,-0.281163
490.000000,154.367004,-0.293379,-0.271477
491.000000,154.367004,-0.289997,-0.283362
492.000000,154.367004,-0.285933,-0.285030
493.000000,154.367004,-0.281196,-0.273617
494.000000,154.367004,-0.275797,-0.275995
495.000000,154.367004,-0.269750,-0.270382
496.000000,154.367004,-0.263068,-0.273049
497.000000,154.367004,-0.255768,-0.262534
498.000000,154.367004,-0.247866,-0.249202
499.000000,154.367004,-0.239382,-0.249880
500.000000,154.367004,-0.230335,-0.244694
501.000000,154.367004,-0.220746,-0.234715
502.000000,154.367004,-0.210639,-0.233959
503.000000,154.367004,-0.200036,-0.220966
504.000000,154.367004,-0.188963,-0.210167
505.000000,154.367004,-0.177446,-0.207097
506.000000,154.367004,-0.165511,-0.193591
507.000000,154.367004,-0.153188,-0.179731
508.000000,154.367004,-0.140504,-0.170788
509.000000,154.367004,-0.127490,-0.163902
510.000000,154.367004,-0.114176,-0.156856
511.000000,154.367004,-0.100594,-0.145127
512.000000,154.367004,-0.086775,-0.129847
513.000000,154.367004,-0.072752,-0.131799
514.000000,154.367004,-0.058557,-0.109271
515.000000,154.367004,-0.044225,-0.091705
516.000000,154.367004,-0.029789,-0.084696
517.000000,154.367004,-0.015283,-0.066869
518.000000,154.367004,-0.000741,-0.052950
519.000000,154.367004,0.013803,-0.047054
520.000000,154.367004,0.028314,-0.033094
521.000000,154.367004,0.042759,-0.013667
522.000000,154.367004,0.057103,-0.010291
523.000000,154.367004,0.071312,0.007976
524.000000,154.367004,0.085355,0.029862
525.000000,154.367004,0.099196,0.031218
526.000000,154.367004,0.112804,0.046365
527.000000,154.367004,0.126147,0.061878
528.000000,154.367004,0.139194,0.077721
529.000000,154.367004,0.151913,0.089807
530.000000,154.367004,0.164275,0.092355
531.000000,154.367004,0.176251,0.110970
532.000000,154.367004,0.187813,0.126982
533.000000,154.367004,0.198933,0.134271
534.000000,154.367004,0.209585,0.146078
535.000000,154.367004,0.219744,0.156877
536.000000,154.367004,0.229386,0.168794
537.000000,154.367004,0.238488,0.177920
538.000000,154.367004,0.247030,0.193846
539.000000,154.367004,0.254990,0.198702
540.000000,154.367004,0.262351,0.209089
541.000000,154.367004,0.269096,0.221748
542.000000,154.367004,0.275207,0.224817
543.000000,154.367004,0.280672,0.234457
544.000000,154.367004,0.285477,0.241577
545.000000,154.367004,0.289610,0.247212
546.000000,154.367004,0.293063,0.263385
547.000000,154.367004,0.295827,0.253599
548.000000,154.367004,0.297895,0.268860
549.000000,154.367004,0.299263,0.270505
550.000000,154.367004,0.299927,0.270207
551.000000,154.367004,0.299886,0.271893
552.000000,154.367004,0.299140,0.279265
553.000000,154.367004,0.297691,0.278321
554.000000,154.367004,0.295542,0.280447
555.000000,154.367004,0.292698,0.283132
556.000000,154.367004,0.289164,0.276534
557.000000,154.367004,0.284950,0.274793
558.000000,154.367004,0.280066,0.276658
559.000000,154.367004,0.274524,0.271920
560.000000,154.367004,0.268336,0.271293
561.000000,154.367004,0.261517,0.270564
562.000000,154.367004,0.254084,0.259193
563.000000,154.367004,0.246053,0.254025
564.000000,154.367004,0.237444,0.246351
565.000000,154.367004,0.228277,0.240285
566.000000,154.367004,0.218572,0.238823
567.000000,154.367004,0.208354,0.225564
568.000000,154.367004,0.197646,0.220043
569.000000,154.367004,0.186474,0.212607
570.000000,154.367004,0.174863,0.198336
571.000000,154.367004,0.162841,0.194588
572.000000,154.367004,0.150435,0.183065
573.000000,154.367004,0.137677,0.170727
574.000000,154.367004,0.124594,0.159759
575.000000,154.367004,0.111218,0.153817
576.000000,154.367004,0.097581,0.141785
577.000000,154.367004,0.083714,0.129997
578.000000,154.367004,0.069650,0.118181
579.000000,154.367004,0.055422,0.103016
580.000000,154.367004,0.041064,0.091448
581.000000,154.367004,0.026610,0.073140
582.000000,154.367004,0.012093,0.068714
583.000000,154.367004,-0.002452,0.057205
584.000000,154.367004,-0.016992,0.039552
585.000000,154.367004,-0.031491,0.024804
586.000000,154.367004,-0.045916,0.020869
587.000000,154.367004,-0.060234,0.000123
588.000000,154.367004,-0.074410,-0.009879
589.000000,154.367004,-0.088411,-0.021328
590.000000,154.367004,-0.102204,-0.044300
591.000000,154.367004,-0.115757,-0.053262
592.000000,154.367004,-0.129037,-0.060097
593.000000,154.367004,-0.142015,-0.080536
594.000000,154.367004,-0.154659,-0.092324
595.000000,154.367004,-0.166939,-0.099219
596.000000,154.367004,-0.178826,-0.114911
597.000000,154.367004,-0.190293,-0.126186
598.000000,154.367004,-0.201312,-0.145594
599.000000,154.367004,-0.211857,-0.153387
600.000000,154.367004,-0.221904,-0.163856
601.000000,154.367004,-0.231429,-0.172868
602.000000,154.367004,-0.240410,-0.179663
603.000000,154.367004,-0.248826,-0.186278
604.000000,154.367004,-0.256657,-0.203377
605.000000,154.367004,-0.263884,-0.215532
606.000000,154.367004,-0.270491,-0.214780
607.000000,154.367004,-0.276462,-0.226812
608.000000,154.367004,-0.281783,-0.233913
609.000000,154.367004,-0.286442,-0.240895
610.000000,154.367004,-0.290427,-0.250847
611.000000,154.367004,-0.293730,-0.255341
612.000000,154.367004,-0.296341,-0.262383
613.000000,154.367004,-0.298256,-0.269448
614.000000,154.367004,-0.299470,-0.273356
615.000000,154.367004,-0.299980,-0.276403
616.000000,154.367004,-0.299785,-0.274368
617.000000,154.367004,-0.298885,-0.274350
618.000000,154.367004,-0.297281,-0.285149
619.000000,154.367004,-0.294977,-0.278249
620.000000,154.367004,-0.291979,-0.275931
621.000000,154.367004,-0.288295,-0.281576
622.000000,154.367004,-0.283934,-0.277956
623.000000,154.367004,-0.278904,-0.270437
624.000000,154.367004,-0.273220,-0.268775
625.000000,154.367004,-0.266892,-0.268435
626.000000,154.367004,-0.259938,-0.258456
627.000000,154.367004,-0.252372,-0.227352
628.000000,154.367004,-0.244213,-0.254228
629.000000,154.367004,-0.235480,-0.256803
630.000000,154.367004,-0.226193,-0.253073
631.000000,154.367004,-0.216374,-0.235847
632.000000,154.367004,-0.206047,-0.230587
633.000000,154.367004,-0.195235,-0.223398
634.000000,154.367004,-0.183964,-0.208866
635.000000,154.367004,-0.172260,-0.209177
636.000000,154.367004,-0.160152,-0.193050
637.000000,154.367004,-0.147667,-0.175704
638.000000,154.367004,-0.134834,-0.173762
639.000000,154.367004,-0.121684,-0.162995
640.000000,154.367004,-0.108248,-0.145136
641.000000,154.367004,-0.094557,-0.137159
642.000000,154.367004,-0.080644,-0.127213
643.000000,154.367004,-0.066542,-0.109647
644.000000,154.367004,-0.052283,-0.102037
645.000000,154.367004,-0.037901,-0.044135
646.000000,154.367004,-0.023430,-0.074158
0.000000,161.216995,0.010895,-0.041116
1.000000,161.216995,0.026058,-0.037533
2.000000,161.216995,0.041155,-0.021346
3.000000,161.216995,0.056146,-0.010199
4.000000,161.216995,0.070993,0.003683
5.000000,161.216995,0.085658,0.020896
6.000000,161.216995,0.100104,0.027571
7.000000,161.216995,0.114293,0.043405
8.000000,161.216995,0.128190,0.065585
9.000000,161.216995,0.141757,0.072594
10.000000,161.216995,0.154959,0.089234
11.000000,161.216995,0.167764,0.107987
12.000000,161.216995,0.180140,0.112023
13.000000,161.216995,0.192053,0.126277
14.000000,161.216995,0.203475,0.139756
15.000000,161.216995,0.214376,0.150866
16.000000,161.216995,0.224727,0.162512
17.000000,161.216995,0.234499,0.181132
18.000000,161.216995,0.243669,0.180101
19.000000,161.216995,0.252215,0.194428
20.000000,161.216995,0.260114,0.198720
21.000000,161.216995,0.267348,0.210303
22.000000,161.216995,0.273896,0.224469
23.000000,161.216995,0.279742,0.225330
24.000000,161.216995,0.284872,0.239538
25.000000,161.216995,0.289266,0.247730
26.000000,161.216995,0.292919,0.250346
27.000000,161.216995,0.295822,0.257759
28.000000,161.216995,0.297967,0.268104
29.000000,161.216995,0.299348,0.265666
30.000000,161.216995,0.299962,0.272933
31.000000,161.216995,0.299808,0.282692
32.000000,161.216995,0.298884,0.274894
33.000000,161.216995,0.297190,0.279026
34.000000,161.216995,0.294735,0.279191
35.000000,161.216995,0.291524,0.275114
36.000000,161.216995,0.287567,0.277679
37.000000,161.216995,0.282872,0.274926
38.000000,161.216995,0.277453,0.273400
39.000000,161.216995,0.271323,0.271192
40.000000,161.216995,0.264496,0.264846
41.000000,161.216995,0.256988,0.262079
42.000000,161.216995,0.248821,0.263944
43.000000,161.216995,0.240017,0.248779
44.000000,161.216995,0.230598,0.245998
45.000000,161.216995,0.220589,0.271898
46.000000,161.216995,0.210014,0.228317
47.000000,161.216995,0.198900,0.209909
48.000000,161.216995,0.187275,0.208727
49.000000,161.216995,0.175169,0.195949
50.000000,161.216995,0.162614,0.194208
51.000000,161.216995,0.149642,0.184046
52.000000,161.216995,0.136287,0.168940
53.000000,161.216995,0.122583,0.161679
54.000000,161.216995,0.108565,0.147718
55.000000,161.216995,0.094268,0.137231
56.000000,161.216995,0.079728,0.126016
57.000000,161.216995,0.064984,0.112550
58.000000,161.216995,0.050074,0.104862
59.000000,161.216995,0.035035,0.094966
60.000000,161.216995,0.019906,0.075788
61.000000,161.216995,0.004727,0.060806
62.000000,161.216995,-0.010465,0.052404
63.000000,161.216995,-0.025630,0.036432
64.000000,161.216995,-0.040730,0.022930
65.000000,161.216995,-0.055724,0.011481
66.000000,161.216995,-0.070576,-0.009778
67.000000,161.216995,-0.085246,-0.018813
68.000000,161.216995,-0.099699,-0.031728
69.000000,161.216995,-0.113895,-0.054641
70.000000,161.216995,-0.127801,-0.065696
71.000000,161.216995,-0.141378,-0.074910
72.000000,161.216995,-0.154592,-0.086423
73.000000,161.216995,-0.167408,-0.097272
74.000000,161.216995,-0.179796,-0.118778
75.000000,161.216995,-0.191723,-0.126466
76.000000,161.216995,-0.203158,-0.133375
77.000000,161.216995,-0.214074,-0.157021
78.000000,161.216995,-0.224440,-0.163522
79.000000,161.216995,-0.234232,-0.168204
80.000000,161.216995,-0.243419,-0.180909
81.000000,161.216995,-0.251983,-0.192771
82.000000,161.216995,-0.259900,-0.198186
83.000000,161.216995,-0.267152,-0.218111
84.000000,161.216995,-0.273719,-0.221419
85.000000,161.216995,-0.279585,-0.234967
86.000000,161.216995,-0.284735,-0.239100
87.000000,161.216995,-0.289154,-0.241308
88.000000,161.216995,-0.292828,-0.252780
89.000000,161.216995,-0.295751,-0.259048
90.000000,161.216995,-0.297917,-0.258076
91.000000,161.216995,-0.299319,-0.270488
92.000000,161.216995,-0.299954,-0.272376
93.000000,161.216995,-0.299821,-0.274524
94.000000,161.216995,-0.298920,-0.253761
95.000000,161.216995,-0.297251,-0.281676
96.000000,161.216995,-0.294816,-0.289552
97.000000,161.216995,-0.291626,-0.286409
98.000000,161.216995,-0.287689,-0.287037
99.000000,161.216995,-0.283015,-0.274744
100.000000,161.216995,-0.277615,-0.273768
101.000000,161.216995,-0.271504,-0.269489
102.000000,161.216995,-0.264698,-0.272682
103.000000,161.216995,-0.257211,-0.266108
104.000000,161.216995,-0.249062,-0.254035
105.000000,161.216995,-0.240275,-0.252473
106.000000,161.216995,-0.230873,-0.245133
107.000000,161.216995,-0.220879,-0.232781
108.000000,161.216995,-0.210319,-0.231645
109.000000,161.216995,-0.199221,-0.222079
110.000000,161.216995,-0.187611,-0.204806
111.000000,161.216995,-0.175519,-0.207024
112.000000,161.216995,-0.162976,-0.195071
113.000000,161.216995,-0.150015,-0.180185
114.000000,161.216995,-0.136670,-0.175182
115.000000,161.216995,-0.122975,-0.165689
116.000000,161.216995,-0.108965,-0.150409
117.000000,161.216995,-0.094675,-0.140660
118.000000,161.216995,-0.080143,-0.127753
119.000000,161.216995,-0.065404,-0.122072
120.000000,161.216995,-0.050497,-0.103911
121.000000,161.216995,-0.035462,-0.086038
122.000000,161.216995,-0.020335,-0.080902
123.000000,161.216995,-0.005156,-0.069916
124.000000,161.216995,0.010036,-0.042009
125.000000,161.216995,0.025202,-0.041913
126.000000,161.216995,0.040304,-0.019253
127.000000,161.216995,0.055302,0.000247
128.000000,161.216995,0.070158,0.006890
129.000000,161.216995,0.084834,0.018243
130.000000,161.216995,0.099293,0.036409
131.000000,161.216995,0.113497,0.045059
132.000000,161.216995,0.127411,0.059239
133.000000,161.216995,0.140998,0.073992
134.000000,161.216995,0.154224,0.088062
135.000000,161.216995,0.167053,0.102681
136.000000,161.216995,0.179452,0.109316
137.000000,161.216995,0.191392,0.127637
138.000000,161.216995,0.202842,0.137850
139.000000,161.216995,0.213772,0.144245
140.000000,161.216995,0.224154,0.159553
141.000000,161.216995,0.233962,0.178452
142.000000,161.216995,0.243170,0.183601
143.000000,161.216995,0.251751,0.194881
144.000000,161.216995,0.259686,0.206720
145.000000,161.216995,0.266956,0.214550
146.000000,161.216995,0.273543,0.223970
147.000000,161.216995,0.279428,0.235515
148.000000,161.216995,0.284597,0.238805
149.000000,161.216995,0.289038,0.245471
150.000000,161.216995,0.292736,0.251977
151.000000,161.216995,0.295680,0.258446
152.000000,161.216995,0.297867,0.267705
153.000000,161.216995,0.299290,0.262006
154.000000,161.216995,0.299946,0.268040
155.000000,161.216995,0.299834,0.283452
156.000000,161.216995,0.298954,0.275421
157.000000,161.216995,0.297307,0.282614
158.000000,161.216995,0.294897,0.287452
159.000000,161.216995,0.291728,0.281368
160.000000,161.216995,0.287811,0.275833
161.000000,161.216995,0.283157,0.281198
162.000000,161.216995,0.277777,0.270207
163.000000,161.216995,0.271686,0.269579
164.000000,161.216995,0.264898,0.269217
165.000000,161.216995,0.257432,0.265520
166.000000,161.216995,0.249303,0.255665
167.000000,161.216995,0.240533,0.252563
168.000000,161.216995,0.231148,0.243638
169.000000,161.216995,0.221170,0.240550
170.000000,161.216995,0.210625,0.227777
171.000000,161.216995,0.199541,0.218783
172.000000,161.216995,0.187945,0.216121
173.000000,161.216995,0.175868,0.202949
174.000000,161.216995,0.163337,0.195188
175.000000,161.216995,0.150388,0.188719
176.000000,161.216995,0.137053,0.176307
177.000000,161.216995,0.123367,0.167873
178.000000,161.216995,0.109365,0.155677
179.000000,161.216995,0.095082,0.140745
180.000000,161.216995,0.080556,0.126277
181.000000,161.216995,0.065824,0.116614
182.000000,161.216995,0.050921,0.102796
183.000000,161.216995,0.035888,0.089001
184.000000,161.216995,0.020764,0.070652
185.000000,161.216995,0.005586,0.055473
186.000000,161.216995,-0.009606,0.052752
187.000000,161.216995,-0.024774,0.034764
188.000000,161.216995,-0.039878,0.025404
189.000000,161.216995,-0.054880,0.013222
190.000000,161.216995,-0.069741,-0.005751
191.000000,161.216995,-0.084422,-0.018579
192.000000,161.216995,-0.098888,-0.027055
193.000000,161.216995,-0.113099,-0.078955
194.000000,161.216995,-0.127021,-0.060029
195.000000,161.216995,-0.140618,-0.061591
196.000000,161.216995,-0.153855,-0.083216
197.000000,161.216995,-0.166697,-0.096191
198.000000,161.216995,-0.179109,-0.107640
199.000000,161.216995,-0.191062,-0.125852
200.000000,161.216995,-0.202525,-0.136074
201.000000,161.216995,-0.213470,-0.150762
202.000000,161.216995,-0.223867,-0.155687
203.000000,161.216995,-0.233691,-0.169276
204.000000,161.216995,-0.242916,-0.193710
205.000000,161.216995,-0.251518,-0.194837
206.000000,161.216995,-0.259472,-0.198172
207.000000,161.216995,-0.266761,-0.214158
208.000000,161.216995,-0.273366,-0.221405
209.000000,161.216995,-0.279271,-0.225048
210.000000,161.216995,-0.284460,-0.238719
211.000000,161.216995,-0.288921,-0.241793
212.000000,161.216995,-0.292641,-0.247222
213.000000,161.216995,-0.295609,-0.260074
214.000000,161.216995,-0.297817,-0.265462
215.000000,161.216995,-0.299261,-0.264037
216.000000,161.216995,-0.299938,-0.277709
217.000000,161.216995,-0.299847,-0.273122
218.000000,161.216995,-0.298988,-0.276737
219.000000,161.216995,-0.297363,-0.274955
220.000000,161.216995,-0.294975,-0.277530
221.000000,161.216995,-0.291830,-0.285396
222.000000,161.216995,-0.287933,-0.282556
223.000000,161.216995,-0.283299,-0.273017
224.000000,161.216995,-0.277939,-0.275102
225.000000,161.216995,-0.271867,-0.269842
226.000000,161.216995,-0.265098,-0.264477
227.000000,161.216995,-0.257650,-0.265874
228.000000,161.216995,-0.249542,-0.259355
229.000000,161.216995,-0.240792,-0.246329
230.000000,161.216995,-0.231422,-0.251813
231.000000,161.216995,-0.221460,-0.241207
232.000000,161.216995,-0.210931,-0.219834
233.000000,161.216995,-0.199861,-0.220865
234.000000,161.216995,-0.188279,-0.211152
235.000000,161.216995,-0.176214,-0.209379
236.000000,161.216995,-0.163698,-0.196317
237.000000,161.216995,-0.150760,-0.179924
238.000000,161.216995,-0.137435,-0.178302
239.000000,161.216995,-0.123759,-0.173775
240.000000,161.216995,-0.109765,-0.147436
241.000000,161.216995,-0.095490,-0.141100
242.000000,161.216995,-0.080970,-0.122526
243.000000,161.216995,-0.066242,-0.109720
244.000000,161.216995,-0.051345,-0.108511
245.000000,161.216995,-0.036315,-0.094771
246.000000,161.216995,-0.021193,-0.058911
247.000000,161.216995,-0.006016,-0.062901
248.000000,161.216995,0.009177,-0.055342
249.000000,161.216995,0.024345,-0.032562
250.000000,161.216995,0.039452,-0.028599
251.000000,161.216995,0.054457,-0.009146
252.000000,161.216995,0.069323,0.000508
253.000000,161.216995,0.084010,0.014477
254.000000,161.216995,0.098482,0.032510
255.000000,161.216995,0.112701,0.043112
256.000000,161.216995,0.126632,0.063046
257.000000,161.216995,0.140238,0.076526
258.000000,161.216995,0.153485,0.090302
259.000000,161.216995,0.166338,0.100615
260.000000,161.216995,0.178765,0.115281
261.000000,161.216995,0.190731,0.120504
262.000000,161.216995,0.202209,0.141831
263.000000,161.216995,0.213168,0.150917
264.000000,161.216995,0.223581,0.161426
265.000000,161.216995,0.233421,0.171960
266.000000,161.216995,0.242663,0.179799
267.000000,161.216995,0.251283,0.191482
268.000000,161.216995,0.259258,0.204388
269.000000,161.216995,0.266565,0.209249
270.000000,161.216995,0.273190,0.222577
271.000000,161.216995,0.279114,0.233829
272.000000,161.216995,0.284323,0.234498
273.000000,161.216995,0.288803,0.233504
274.000000,161.216995,0.292544,0.257470
275.000000,161.216995,0.295535,0.262693
276.000000,161.216995,0.297767,0.268173
277.000000,161.216995,0.299232,0.271898
278.000000,161.216995,0.299930,0.269387
279.000000,161.216995,0.299861,0.276126
280.000000,161.216995,0.299022,0.281198
281.000000,161.216995,0.297418,0.278687
282.000000,161.216995,0.295051,0.278953
283.000000,161.216995,0.291929,0.279059
284.000000,161.216995,0.288055,0.276900
285.000000,161.216995,0.283441,0.278720
286.000000,161.216995,0.278101,0.271453
287.000000,161.216995,0.272048,0.271086
288.000000,161.216995,0.265299,0.274898
289.000000,161.216995,0.257869,0.261800
290.000000,161.216995,0.249779,0.257979
291.000000,161.216995,0.241048,0.255830
292.000000,161.216995,0.231697,0.245058
293.000000,161.216995,0.221751,0.238557
294.000000,161.216995,0.211236,0.234842
295.000000,161.216995,0.200181,0.220730
296.000000,161.216995,0.188613,0.216456
297.000000,161.216995,0.176561,0.207614
298.000000,161.216995,0.164057,0.192082
299.000000,161.216995,0.151132,0.180073
300.000000,161.216995,0.137818,0.175712
301.000000,161.216995,0.124150,0.166113
302.000000,161.216995,0.110165,0.153345
303.000000,161.216995,0.095897,0.137891
304.000000,161.216995,0.081383,0.126744
305.000000,161.216995,0.066661,0.119542
306.000000,161.216995,0.051768,0.100423
307.000000,161.216995,0.036742,0.088414
308.000000,161.216995,0.021621,0.081872
309.000000,161.216995,0.006445,0.062913
310.000000,161.216995,-0.008747,0.051579
311.000000,161.216995,-0.023917,0.042136
312.000000,161.216995,-0.039026,0.018871
313.000000,161.216995,-0.054034,0.010729
314.000000,161.216995,-0.068905,-0.007120
315.000000,161.216995,-0.083598,-0.024659
316.000000,161.216995,-0.098077,-0.031834
317.000000,161.216995,-0.112303,-0.043475
318.000000,161.216995,-0.126242,-0.057921
319.000000,161.216995,-0.139858,-0.070910
320.000000,161.216995,-0.153115,-0.088883
321.000000,161.216995,-0.165979,-0.098331
322.000000,161.216995,-0.178419,-0.109926
323.000000,161.216995,-0.190401,-0.126439
324.000000,161.216995,-0.201892,-0.137773
325.000000,161.216995,-0.212866,-0.141489
326.000000,161.216995,-0.223294,-0.162381
327.000000,161.216995,-0.233150,-0.166729
328.000000,161.216995,-0.242409,-0.177431
329.000000,161.216995,-0.251046,-0.192290
330.000000,161.216995,-0.259041,-0.204005
331.000000,161.216995,-0.266370,-0.212760
332.000000,161.216995,-0.273013,-0.224585
333.000000,161.216995,-0.278957,-0.231393
334.000000,161.216995,-0.284186,-0.245074
335.000000,161.216995,-0.288686,-0.246467
336.000000,161.216995,-0.292447,-0.252922
337.000000,161.216995,-0.295459,-0.220805
338.000000,161.216995,-0.297714,-0.261875
339.000000,161.216995,-0.299203,-0.270717
340.000000,161.216995,-0.299923,-0.283202
341.000000,161.216995,-0.299874,-0.283009
342.000000,161.216995,-0.299057,-0.275418
343.000000,161.216995,-0.297473,-0.282395
344.000000,161.216995,-0.295128,-0.279523
345.000000,161.216995,-0.292026,-0.276018
346.000000,161.216995,-0.288176,-0.280535
347.000000,161.216995,-0.283584,-0.277516
348.000000,161.216995,-0.278263,-0.276151
349.000000,161.216995,-0.272230,-0.274735
350.000000,161.216995,-0.265499,-0.268303
351.000000,161.216995,-0.258088,-0.269095
352.000000,161.216995,-0.250015,-0.263135
353.000000,161.216995,-0.241302,-0.251809
354.000000,161.216995,-0.231971,-0.249280
355.000000,161.216995,-0.222041,-0.241267
356.000000,161.216995,-0.211542,-0.226308
357.000000,161.216995,-0.200501,-0.220191
358.000000,161.216995,-0.188947,-0.212705
359.000000,161.216995,-0.176908,-0.199006
360.000000,161.216995,-0.164416,-0.196010
361.000000,161.216995,-0.151502,-0.185330
362.000000,161.216995,-0.138200,-0.169097
363.000000,161.216995,-0.124542,-0.167961
364.000000,161.216995,-0.110565,-0.155568
365.000000,161.216995,-0.096304,-0.136935
366.000000,161.216995,-0.081797,-0.129572
367.000000,161.216995,-0.067080,-0.118526
368.000000,161.216995,-0.052191,-0.109285
369.000000,161.216995,-0.037168,-0.092003
370.000000,161.216995,-0.022050,-0.075317
371.000000,161.216995,-0.006875,-0.067808
372.000000,161.216995,0.008318,-0.051988
373.000000,161.216995,0.023489,-0.031815
374.000000,161.216995,0.038599,-0.026739
375.000000,161.216995,0.053611,-0.011812
376.000000,161.216995,0.068486,0.005827
377.000000,161.216995,0.083185,0.015150
378.000000,161.216995,0.097671,0.031264
379.000000,161.216995,0.111905,0.052257
380.000000,161.216995,0.125853,0.059867
381.000000,161.216995,0.139477,0.076873
382.000000,161.216995,0.152745,0.086646
383.000000,161.216995,0.165621,0.094535
384.000000,161.216995,0.178072,0.108262
385.000000,161.216995,0.190068,0.119569
386.000000,161.216995,0.201575,0.134784
387.000000,161.216995,0.212564,0.153258
388.000000,161.216995,0.223007,0.154953
389.000000,161.216995,0.232879,0.171900
390.000000,161.216995,0.242155,0.187313
391.000000,161.216995,0.250810,0.190002
392.000000,161.216995,0.258822,0.202849
393.000000,161.216995,0.266171,0.214087
394.000000,161.216995,0.272837,0.219617
395.000000,161.216995,0.278800,0.227323
396.000000,161.216995,0.284048,0.241242
397.000000,161.216995,0.288569,0.242978
398.000000,161.216995,0.292351,0.252765
399.000000,161.216995,0.295383,0.262670
400.000000,161.216995,0.297659,0.260233
401.000000,161.216995,0.299172,0.268759
402.000000,161.216995,0.299915,0.273551
403.000000,161.216995,0.299887,0.270353
404.000000,161.216995,0.299091,0.280653
405.000000,161.216995,0.297528,0.270413
406.000000,161.216995,0.295204,0.280314
407.000000,161.216995,0.292122,0.285459
408.000000,161.216995,0.288293,0.280254
409.000000,161.216995,0.283724,0.278440
410.000000,161.216995,0.278425,0.277331
411.000000,161.216995,0.272411,0.271027
412.000000,161.216995,0.265699,0.269139
413.000000,161.216995,0.258306,0.266391
414.000000,161.216995,0.250252,0.260233
415.000000,161.216995,0.241556,0.249045
416.000000,161.216995,0.232241,0.247643
417.000000,161.216995,0.222331,0.235831
418.000000,161.216995,0.211848,0.231337
419.000000,161.216995,0.200821,0.219768
420.000000,161.216995,0.189280,0.213730
421.000000,161.216995,0.177254,0.204388
422.000000,161.216995,0.164774,0.194661
423.000000,161.216995,0.151872,0.185374
424.000000,161.216995,0.138581,0.180032
425.000000,161.216995,0.124934,0.160313
426.000000,161.216995,0.110964,0.152479
427.000000,161.216995,0.096711,0.144750
428.000000,161.216995,0.082210,0.126157
429.000000,161.216995,0.067498,0.118690
430.000000,161.216995,0.052614,0.112747
431.000000,161.216995,0.037594,0.091635
432.000000,161.216995,0.022478,0.077767
433.000000,161.216995,0.007304,0.064311
434.000000,161.216995,-0.007888,0.045732
435.000000,161.216995,-0.023060,0.037958
436.000000,161.216995,-0.038173,0.025336
437.000000,161.216995,-0.053188,0.006070
438.000000,161.216995,-0.068067,-0.001485
439.000000,161.216995,-0.082772,-0.018300
440.000000,161.216995,-0.097264,-0.034853
441.000000,161.216995,-0.111507,-0.044882
442.000000,161.216995,-0.125463,-0.063868
443.000000,161.216995,-0.139097,-0.167389
444.000000,161.216995,-0.152375,-0.080091
445.000000,161.216995,-0.165262,-0.075249
446.000000,161.216995,-0.177726,-0.089190
447.000000,161.216995,-0.189734,-0.105033
448.000000,161.216995,-0.201256,-0.131579
449.000000,161.216995,-0.212262,-0.143807
450.000000,161.216995,-0.222721,-0.153396
451.000000,161.216995,-0.232609,-0.172795
452.000000,161.216995,-0.241901,-0.178183
453.000000,161.216995,-0.250573,-0.184125
454.000000,161.216995,-0.258603,-0.203304
455.000000,161.216995,-0.265971,-0.216132
456.000000,161.216995,-0.272657,-0.222794
457.000000,161.216995,-0.278642,-0.229199
458.000000,161.216995,-0.283911,-0.234747
459.000000,161.216995,-0.288452,-0.246554
460.000000,161.216995,-0.292254,-0.254727
461.000000,161.216995,-0.295307,-0.255382
462.000000,161.216995,-0.297603,-0.264088
463.000000,161.216995,-0.299137,-0.266869
464.000000,161.216995,-0.299905,-0.273851
465.000000,161.216995,-0.299900,-0.274208
466.000000,161.216995,-0.299125,-0.275949
467.000000,161.216995,-0.297584,-0.273191
468.000000,161.216995,-0.295280,-0.272948
469.000000,161.216995,-0.292219,-0.279523
470.000000,161.216995,-0.288410,-0.278318
471.000000,161.216995,-0.283862,-0.279715
472.000000,161.216995,-0.278586,-0.278409
473.000000,161.216995,-0.272592,-0.278070
474.000000,161.216995,-0.265899,-0.269901
475.000000,161.216995,-0.258525,-0.264509
476.000000,161.216995,-0.250488,-0.266342
477.000000,161.216995,-0.241810,-0.255621
478.000000,161.216995,-0.232512,-0.240281
479.000000,161.216995,-0.222618,-0.238119
480.000000,161.216995,-0.212153,-0.232566
481.000000,161.216995,-0.201142,-0.217754
482.000000,161.216995,-0.189614,-0.215651
483.000000,161.216995,-0.177601,-0.207198
484.000000,161.216995,-0.165133,-0.192312
485.000000,161.216995,-0.152242,-0.192290
486.000000,161.216995,-0.138961,-0.179003
487.000000,161.216995,-0.125323,-0.162170
488.000000,161.216995,-0.111365,-0.153827
489.000000,161.216995,-0.097118,-0.139574
490.000000,161.216995,-0.082624,-0.129847
491.000000,161.216995,-0.067917,-0.121019
492.000000,161.216995,-0.053037,-0.103879
493.000000,161.216995,-0.038021,-0.095124
494.000000,161.216995,-0.022907,-0.081370
495.000000,161.216995,-0.007734,-0.063130
496.000000,161.216995,0.007458,-0.056047
497.000000,161.216995,0.022632,-0.040827
498.000000,161.216995,0.037747,-0.020361
499.000000,161.216995,0.052765,-0.013571
500.000000,161.216995,0.067648,0.005076
501.000000,161.216995,0.082358,0.021895
502.000000,161.216995,0.096857,0.026238
503.000000,161.216995,0.111108,0.045105
504.000000,161.216995,0.125074,0.056724
505.000000,161.216995,0.138717,0.071101
506.000000,161.216995,0.152005,0.084314
507.000000,161.216995,0.164903,0.097967
508.000000,161.216995,0.177379,0.113137
509.000000,161.216995,0.189400,0.125516
510.000000,161.216995,0.200936,0.130904
511.000000,161.216995,0.211958,0.147352
512.000000,161.216995,0.222434,0.163585
513.000000,161.216995,0.232338,0.170654
514.000000,161.216995,0.241647,0.179780
515.000000,161.216995,0.250337,0.196453
516.000000,161.216995,0.258385,0.200416
517.000000,161.216995,0.265771,0.208429
518.000000,161.216995,0.272476,0.222641
519.000000,161.216995,0.278483,0.234718
520.000000,161.216995,0.283774,0.237884
521.000000,161.216995,0.288335,0.248390
522.000000,161.216995,0.292157,0.251826
523.000000,161.216995,0.295231,0.256925
524.000000,161.216995,0.297548,0.259665
525.000000,161.216995,0.299103,0.265213
526.000000,161.216995,0.299892,0.271192
527.000000,161.216995,0.299912,0.269826
528.000000,161.216995,0.299159,0.277033
529.000000,161.216995,0.297639,0.284112
530.000000,161.216995,0.295356,0.274307
531.000000,161.216995,0.292316,0.278367
532.000000,161.216995,0.288527,0.283132
533.000000,161.216995,0.283999,0.275860
534.000000,161.216995,0.278743,0.276800
535.000000,161.216995,0.272773,0.271971
536.000000,161.216995,0.266100,0.267600
537.000000,161.216995,0.258744,0.263999
538.000000,161.216995,0.250725,0.263724
539.000000,161.216995,0.242064,0.250932
540.000000,161.216995,0.232782,0.247097
541.000000,161.216995,0.222904,0.234544
542.000000,161.216995,0.212455,0.229124
543.000000,161.216995,0.201462,0.228176
544.000000,161.216995,0.189948,0.208530
545.000000,161.216995,0.177948,0.220790
546.000000,161.216995,0.165492,0.201740
547.000000,161.216995,0.152612,0.185535
548.000000,161.216995,0.139341,0.174493
549.000000,161.216995,0.125713,0.163191
550.000000,161.216995,0.111763,0.147439
551.000000,161.216995,0.097525,0.138331
552.000000,161.216995,0.083037,0.131275
553.000000,161.216995,0.068336,0.114777
554.000000,161.216995,0.053460,0.103062
555.000000,161.216995,0.038447,0.096240
556.000000,161.216995,0.023335,0.078761
557.000000,161.216995,0.008164,0.068306
558.000000,161.216995,-0.007029,0.040931
559.000000,161.216995,-0.022204,0.036345
560.000000,161.216995,-0.037321,0.026770
561.000000,161.216995,-0.052342,0.008383
562.000000,161.216995,-0.067230,-0.003845
563.000000,161.216995,-0.081945,-0.008454
564.000000,161.216995,-0.096450,-0.028452
565.000000,161.216995,-0.110708,-0.047081
566.000000,161.216995,-0.124683,-0.053550
567.000000,161.216995,-0.138337,-0.077929
568.000000,161.216995,-0.151635,-0.085924
569.000000,161.216995,-0.164544,-0.095659
570.000000,161.216995,-0.177032,-0.121005
571.000000,161.216995,-0.189066,-0.133027
572.000000,161.216995,-0.200616,-0.134401
573.000000,161.216995,-0.211652,-0.146387
574.000000,161.216995,-0.222145,-0.154689
575.000000,161.216995,-0.232068,-0.173042
576.000000,161.216995,-0.241393,-0.180996
577.000000,161.216995,-0.250100,-0.187231
578.000000,161.216995,-0.258166,-0.204857
579.000000,161.216995,-0.265571,-0.215078
580.000000,161.216995,-0.272295,-0.200486
581.000000,161.216995,-0.278321,-0.229492
582.000000,161.216995,-0.283635,-0.239640
583.000000,161.216995,-0.288218,-0.242462
584.000000,161.216995,-0.292060,-0.258361
585.000000,161.216995,-0.295155,-0.259955
586.000000,161.216995,-0.297493,-0.253696
587.000000,161.216995,-0.299069,-0.330919
588.000000,161.216995,-0.299878,-0.278483
589.000000,161.216995,-0.299920,-0.260949
590.000000,161.216995,-0.299193,-0.255534
591.000000,161.216995,-0.297694,-0.262795
592.000000,161.216995,-0.295432,-0.275189
593.000000,161.216995,-0.292413,-0.276682
594.000000,161.216995,-0.288644,-0.272577
595.000000,161.216995,-0.284136,-0.281049
596.000000,161.216995,-0.278900,-0.276242
597.000000,161.216995,-0.272950,-0.268870
598.000000,161.216995,-0.266300,-0.270341
599.000000,161.216995,-0.258962,-0.264788
600.000000,161.216995,-0.250961,-0.254663
601.000000,161.216995,-0.242318,-0.258361
602.000000,161.216995,-0.233053,-0.248721
603.000000,161.216995,-0.223191,-0.233675
604.000000,161.216995,-0.212757,-0.234032
605.000000,161.216995,-0.201778,-0.228186
606.000000,161.216995,-0.190282,-0.214373
607.000000,161.216995,-0.178295,-0.201370
608.000000,161.216995,-0.165851,-0.195098
609.000000,161.216995,-0.152982,-0.191850
610.000000,161.216995,-0.139721,-0.178023
611.000000,161.216995,-0.126103,-0.158743
612.000000,161.216995,-0.112161,-0.116639
613.000000,161.216995,-0.097931,-0.143134
614.000000,161.216995,-0.083450,-0.140215
615.000000,161.216995,-0.068755,-0.130305
616.000000,161.216995,-0.053883,-0.114339
617.000000,161.216995,-0.038873,-0.090972
618.000000,161.216995,-0.023764,-0.082469
619.000000,161.216995,-0.008593,-0.068143
0.000000,168.371002,0.001130,-0.059822
1.000000,168.371002,0.016989,-0.046408
2.000000,168.371002,0.032801,-0.034193
3.000000,168.371002,0.048520,-0.013713
4.000000,168.371002,0.064104,-0.008431
5.000000,168.371002,0.079510,0.010143
6.000000,168.371002,0.094692,0.030609
7.000000,168.371002,0.109609,0.038439
8.000000,168.371002,0.124221,0.051652
9.000000,168.371002,0.138485,0.072045
10.000000,168.371002,0.152360,0.080181
11.000000,168.371002,0.165810,0.095475
12.000000,168.371002,0.178799,0.112747
13.000000,168.371002,0.191282,0.122437
14.000000,168.371002,0.203233,0.136251
15.000000,168.371002,0.214619,0.146330
16.000000,168.371002,0.225398,0.157179
17.000000,168.371002,0.235549,0.165252
18.000000,168.371002,0.245044,0.178080
19.000000,168.371002,0.253851,0.197648
20.000000,168.371002,0.261946,0.213208
21.000000,168.371002,0.269313,0.213217
22.000000,168.371002,0.275925,0.222490
23.000000,168.371002,0.281761,0.237375
24.000000,168.371002,0.286814,0.241265
25.000000,168.371002,0.291065,0.246071
26.000000,168.371002,0.294496,0.254410
27.000000,168.371002,0.297107,0.256219
28.000000,168.371002,0.298892,0.266679
29.000000,168.371002,0.299831,0.275544
30.000000,168.371002,0.299936,0.270353
31.000000,168.371002,0.299206,0.275453
32.000000,168.371002,0.297632,0.275659
33.000000,168.371002,0.295227,0.276154
34.000000,168.371002,0.292001,0.281239
35.000000,168.371002,0.287954,0.272653
36.000000,168.371002,0.283101,0.276887
37.000000,168.371002,0.277459,0.279572
38.000000,168.371002,0.271041,0.278687
39.000000,168.371002,0.263860,0.268099
40.000000,168.371002,0.255945,0.265804
41.000000,168.371002,0.247317,0.253466
42.000000,168.371002,0.237990,0.248151
43.000000,168.371002,0.228000,0.247789
44.000000,168.371002,0.217377,0.235011
45.000000,168.371002,0.206139,0.224936
46.000000,168.371002,0.194327,0.220268
47.000000,168.371002,0.181973,0.208969
48.000000,168.371002,0.169108,0.204988
49.000000,168.371002,0.155770,0.184907
50.000000,168.371002,0.141998,0.176747
51.000000,168.371002,0.127828,0.170145
52.000000,168.371002,0.113299,0.152052
53.000000,168.371002,0.098455,0.143998
54.000000,168.371002,0.083336,0.133736
55.000000,168.371002,0.067981,0.118277
56.000000,168.371002,0.052438,0.105229
57.000000,168.371002,0.036749,0.096153
58.000000,168.371002,0.020955,0.078614
59.000000,168.371002,0.005104,0.062066
60.000000,168.371002,-0.010762,0.055977
61.000000,168.371002,-0.026597,0.034865
62.000000,168.371002,-0.042358,0.022037
63.000000,168.371002,-0.058002,0.012548
64.000000,168.371002,-0.073482,-0.006878
65.000000,168.371002,-0.088756,-0.018753
66.000000,168.371002,-0.103784,-0.043668
67.000000,168.371002,-0.118521,-0.050114
68.000000,168.371002,-0.132924,-0.056789
69.000000,168.371002,-0.146958,-0.080829
70.000000,168.371002,-0.160582,-0.096997
71.000000,168.371002,-0.173752,-0.101606
72.000000,168.371002,-0.186439,-0.121532
73.000000,168.371002,-0.198607,-0.132793
74.000000,168.371002,-0.210214,-0.138442
75.000000,168.371002,-0.221235,-0.156874
76.000000,168.371002,-0.231640,-0.166949
77.000000,168.371002,-0.241394,-0.172891
78.000000,168.371002,-0.250472,-0.190283
79.000000,168.371002,-0.258853,-0.201618
80.000000,168.371002,-0.266509,-0.209040
81.000000,168.371002,-0.273415,-0.223092
82.000000,168.371002,-0.279561,-0.231393
83.000000,168.371002,-0.284927,-0.241528
84.000000,168.371002,-0.289489,-0.248767
85.000000,168.371002,-0.293245,-0.248221
86.000000,168.371002,-0.296185,-0.259488
87.000000,168.371002,-0.298288,-0.264775
88.000000,168.371002,-0.299560,-0.265136
89.000000,168.371002,-0.299998,-0.271235
90.000000,168.371002,-0.299591,-0.273489
91.000000,168.371002,-0.298348,-0.272737
92.000000,168.371002,-0.296273,-0.282689
93.000000,168.371002,-0.293367,-0.282423
94.000000,168.371002,-0.289639,-0.277058
95.000000,168.371002,-0.285104,-0.280975
96.000000,168.371002,-0.279772,-0.277209
97.000000,168.371002,-0.273652,-0.267830
98.000000,168.371002,-0.266770,-0.264234
99.000000,168.371002,-0.259146,-0.262855
100.000000,168.371002,-0.250789,-0.258530
101.000000,168.371002,-0.241734,-0.257321
102.000000,168.371002,-0.232006,-0.251328
103.000000,168.371002,-0.221624,-0.240208
104.000000,168.371002,-0.210623,-0.233886
105.000000,168.371002,-0.199037,-0.221126
106.000000,168.371002,-0.186890,-0.217846
107.000000,168.371002,-0.174220,-0.205691
108.000000,168.371002,-0.161066,-0.191685
109.000000,168.371002,-0.147460,-0.183956
110.000000,168.371002,-0.133440,-0.175122
111.000000,168.371002,-0.119048,-0.152269
112.000000,168.371002,-0.104324,-0.151367
113.000000,168.371002,-0.089306,-0.134727
114.000000,168.371002,-0.074039,-0.120808
115.000000,168.371002,-0.058566,-0.111558
116.000000,168.371002,-0.042928,-0.099311
117.000000,168.371002,-0.027170,-0.078845
118.000000,168.371002,-0.011337,-0.074955
119.000000,168.371002,0.004529,-0.059882
120.000000,168.371002,0.020382,-0.037996
121.000000,168.371002,0.036178,-0.033139
122.000000,168.371002,0.051872,-0.012266
123.000000,168.371002,0.067421,0.000348
124.000000,168.371002,0.082783,0.002716
125.000000,168.371002,0.097912,0.029683
126.000000,168.371002,0.112767,0.038645
127.000000,168.371002,0.127307,0.057919
128.000000,168.371002,0.141493,0.075792
129.000000,168.371002,0.155279,0.085468
130.000000,168.371002,0.168632,0.099429
131.000000,168.371002,0.181517,0.119075
132.000000,168.371002,0.193889,0.126157
133.000000,168.371002,0.205720,0.148085
134.000000,168.371002,0.216979,0.155603
135.000000,168.371002,0.227628,0.158526
136.000000,168.371002,0.237639,0.171813
137.000000,168.371002,0.246989,0.185145
138.000000,168.371002,0.255647,0.195055
139.000000,168.371002,0.263586,0.206408
140.000000,168.371002,0.270792,0.209354
141.000000,168.371002,0.277242,0.226824
142.000000,168.371002,0.282910,0.236377
143.000000,168.371002,0.287791,0.240197
144.000000,168.371002,0.291871,0.251372
145.000000,168.371002,0.295126,0.263064
146.000000,168.371002,0.297558,0.261800
147.000000,168.371002,0.299163,0.268246
148.000000,168.371002,0.299925,0.275471
149.000000,168.371002,0.299849,0.268273
150.000000,168.371002,0.298938,0.280227
151.000000,168.371002,0.297188,0.283132
152.000000,168.371002,0.294605,0.272594
153.000000,168.371002,0.291201,0.277913
154.000000,168.371002,0.286984,0.287452
155.000000,168.371002,0.281958,0.274220
156.000000,168.371002,0.276148,0.275453
157.000000,168.371002,0.269568,0.266432
158.000000,168.371002,0.262226,0.265066
159.000000,168.371002,0.254155,0.264425
160.000000,168.371002,0.245376,0.253086
161.000000,168.371002,0.235905,0.248238
162.000000,168.371002,0.225776,0.245050
163.000000,168.371002,0.215019,0.226311
164.000000,168.371002,0.203657,0.228217
165.000000,168.371002,0.191724,0.223988
166.000000,168.371002,0.179258,0.210903
167.000000,168.371002,0.166290,0.199861
168.000000,168.371002,0.152855,0.195559
169.000000,168.371002,0.138994,0.175414
170.000000,168.371002,0.124745,0.168313
171.000000,168.371002,0.110144,0.152937
172.000000,168.371002,0.095237,0.135238
173.000000,168.371002,0.080065,0.132663
174.000000,168.371002,0.064666,0.112596
175.000000,168.371002,0.049088,0.102709
176.000000,168.371002,0.033372,0.094320
177.000000,168.371002,0.017563,0.076095
178.000000,168.371002,0.001705,0.066693
179.000000,168.371002,-0.014159,-0.004074
180.000000,168.371002,-0.029982,0.032185
181.000000,168.371002,-0.045721,0.034691
182.000000,168.371002,-0.061333,0.022495
183.000000,168.371002,-0.076774,-0.006278
184.000000,168.371002,-0.091998,-0.020819
185.000000,168.371002,-0.106966,-0.031375
186.000000,168.371002,-0.121637,0.079874
187.000000,168.371002,-0.135963,-0.063456
188.000000,168.371002,-0.149912,-0.114380
189.000000,168.371002,-0.163443,-0.133293
190.000000,168.371002,-0.176513,-0.129540
191.000000,168.371002,-0.189090,-0.134039
192.000000,168.371002,-0.201141,-0.135680
193.000000,168.371002,-0.212627,-0.144522
194.000000,168.371002,-0.223517,-0.163788
195.000000,168.371002,-0.233785,-0.172969
196.000000,168.371002,-0.243398,-0.181372
197.000000,168.371002,-0.252327,-0.195643
198.000000,168.371002,-0.260554,-0.203258
199.000000,168.371002,-0.268054,-0.205260
200.000000,168.371002,-0.274797,-0.223092
201.000000,168.371002,-0.280776,-0.233020
202.000000,168.371002,-0.285973,-0.239255
203.000000,168.371002,-0.290362,-0.249880
204.000000,168.371002,-0.293943,-0.256015
205.000000,168.371002,-0.296705,-0.259616
206.000000,168.371002,-0.298631,-0.265288
207.000000,168.371002,-0.299723,-0.266076
208.000000,168.371002,-0.299981,-0.273402
209.000000,168.371002,-0.299397,-0.275042
210.000000,168.371002,-0.297973,-0.271684
211.000000,168.371002,-0.295719,-0.283729
212.000000,168.371002,-0.292639,-0.279963
213.000000,168.371002,-0.288735,-0.275491
214.000000,168.371002,-0.284027,-0.282542
215.000000,168.371002,-0.278528,-0.274089
216.000000,168.371002,-0.272242,-0.260463
217.000000,168.371002,-0.265198,-0.267588
218.000000,168.371002,-0.257416,-0.264349
219.000000,168.371002,-0.248908,-0.259790
220.000000,168.371002,-0.239705,-0.251447
221.000000,168.371002,-0.229835,-0.245161
222.000000,168.371002,-0.219319,-0.242774
223.000000,168.371002,-0.208189,-0.233592
224.000000,168.371002,-0.196479,-0.217873
225.000000,168.371002,-0.184219,-0.215798
226.000000,168.371002,-0.171442,-0.209865
227.000000,168.371002,-0.158187,-0.188139
228.000000,168.371002,-0.144491,-0.179195
229.000000,168.371002,-0.130386,-0.168956
230.000000,168.371002,-0.115920,-0.157043
231.000000,168.371002,-0.101130,-0.151367
232.000000,168.371002,-0.086055,-0.134360
233.000000,168.371002,-0.070740,-0.116047
234.000000,168.371002,-0.055228,-0.104644
235.000000,168.371002,-0.039561,-0.095224
236.000000,168.371002,-0.023783,-0.079945
237.000000,168.371002,-0.007939,-0.069448
238.000000,168.371002,0.007928,-0.054389
239.000000,168.371002,0.023772,-0.043141
240.000000,168.371002,0.039550,-0.022506
241.000000,168.371002,0.055217,-0.006566
242.000000,168.371002,0.070729,-0.000551
243.000000,168.371002,0.086044,0.015050
244.000000,168.371002,0.101120,0.036116
245.000000,168.371002,0.115910,0.043199
246.000000,168.371002,0.130377,0.064379
247.000000,168.371002,0.144481,0.081345
248.000000,168.371002,0.158178,0.087695
249.000000,168.371002,0.171433,0.098302
250.000000,168.371002,0.184211,0.116394
251.000000,168.371002,0.196471,0.129804
252.000000,168.371002,0.208181,0.143765
253.000000,168.371002,0.219312,0.157418
254.000000,168.371002,0.229828,0.167153
255.000000,168.371002,0.239699,0.179533
256.000000,168.371002,0.248902,0.185361
257.000000,168.371002,0.257411,0.199508
258.000000,168.371002,0.265193,0.211948
259.000000,168.371002,0.272237,0.214037
260.000000,168.371002,0.278524,0.226210
261.000000,168.371002,0.284024,0.239089
262.000000,168.371002,0.288732,0.242305
263.000000,168.371002,0.292637,0.253292
264.000000,168.371002,0.295718,0.263417
265.000000,168.371002,0.297971,0.261873
266.000000,168.371002,0.299396,0.267792
267.000000,168.371002,0.299981,0.273611
268.000000,168.371002,0.299724,0.273254
269.000000,168.371002,0.298632,0.279393
270.000000,168.371002,0.296706,0.274032
271.000000,168.371002,0.293945,0.276374
272.000000,168.371002,0.290365,0.281606
273.000000,168.371002,0.285976,0.273927
274.000000,168.371002,0.280779,0.273167
275.000000,168.371002,0.274801,0.278825
276.000000,168.371002,0.268058,0.271774
277.000000,168.371002,0.260559,0.267133
278.000000,168.371002,0.252332,0.266244
279.000000,168.371002,0.243404,0.252646
280.000000,168.371002,0.233791,0.250978
281.000000,168.371002,0.223523,0.250250
282.000000,168.371002,0.212633,0.233151
283.000000,168.371002,0.201148,0.221289
284.000000,168.371002,0.189097,0.213501
285.000000,168.371002,0.176520,0.204283
286.000000,168.371002,0.163451,0.197768
287.000000,168.371002,0.149920,0.183047
288.000000,168.371002,0.135972,0.173174
289.000000,168.371002,0.121646,0.174452
290.000000,168.371002,0.106975,0.146999
291.000000,168.371002,0.092007,0.129644
292.000000,168.371002,0.076783,0.129942
293.000000,168.371002,0.061343,0.111203
294.000000,168.371002,0.045731,0.101875
295.000000,168.371002,0.029992,0.091539
296.000000,168.371002,0.014168,0.069987
297.000000,168.371002,-0.001695,0.060132
298.000000,168.371002,-0.017553,0.050543
299.000000,168.371002,-0.033363,0.028098
300.000000,168.371002,-0.049078,0.017350
301.000000,168.371002,-0.064657,0.004727
302.000000,168.371002,-0.080056,-0.018039
303.000000,168.371002,-0.095228,-0.026413
304.000000,168.371002,-0.110135,-0.041574
305.000000,168.371002,-0.124736,-0.055548
306.000000,168.371002,-0.138985,-0.069517
307.000000,168.371002,-0.152846,-0.085589
308.000000,168.371002,-0.166282,-0.097598
309.000000,168.371002,-0.179251,-0.107113
310.000000,168.371002,-0.191717,-0.126966
311.000000,168.371002,-0.203649,-0.140014
312.000000,168.371002,-0.215012,-0.144022
313.000000,168.371002,-0.225770,-0.163714
314.000000,168.371002,-0.235899,-0.172456
315.000000,168.371002,-0.245371,-0.179658
316.000000,168.371002,-0.254150,-0.192070
317.000000,168.371002,-0.262221,-0.204005
318.000000,168.371002,-0.269563,-0.217726
319.000000,168.371002,-0.276144,-0.225332
320.000000,168.371002,-0.281955,-0.232740
321.000000,168.371002,-0.286981,-0.245133
322.000000,168.371002,-0.291199,-0.247960
323.000000,168.371002,-0.294603,-0.247869
324.000000,168.371002,-0.297187,-0.262374
325.000000,168.371002,-0.298937,-0.264935
326.000000,168.371002,-0.299848,-0.265150
327.000000,168.371002,-0.299925,-0.273315
328.000000,168.371002,-0.299164,-0.276549
329.000000,168.371002,-0.297560,-0.276911
330.000000,168.371002,-0.295127,-0.237253
331.000000,168.371002,-0.291873,-0.282276
332.000000,168.371002,-0.287794,-0.295792
333.000000,168.371002,-0.282914,-0.289456
334.000000,168.371002,-0.277246,-0.282203
335.000000,168.371002,-0.270797,-0.275083
336.000000,168.371002,-0.263591,-0.269081
337.000000,168.371002,-0.255652,-0.260349
338.000000,168.371002,-0.246995,-0.260528
339.000000,168.371002,-0.237645,-0.251607
340.000000,168.371002,-0.227635,-0.238875
341.000000,168.371002,-0.216986,-0.239159
342.000000,168.371002,-0.205728,-0.228846
343.000000,168.371002,-0.193897,-0.216860
344.000000,168.371002,-0.181525,-0.211564
345.000000,168.371002,-0.168641,-0.197531
346.000000,168.371002,-0.155288,-0.183085
347.000000,168.371002,-0.141502,-0.178155
348.000000,168.371002,-0.127317,-0.178183
349.000000,168.371002,-0.112777,-0.157250
350.000000,168.371002,-0.097923,-0.143487
351.000000,168.371002,-0.082793,-0.127753
352.000000,168.371002,-0.067432,-0.123186
353.000000,168.371002,-0.051883,-0.106738
354.000000,168.371002,-0.036189,-0.087678
355.000000,168.371002,-0.020393,-0.080156
356.000000,168.371002,-0.004540,-0.073709
357.000000,168.371002,0.011326,-0.046696
358.000000,168.371002,0.027159,-0.037826
359.000000,168.371002,0.042917,-0.021186
360.000000,168.371002,0.058556,-0.002580
361.000000,168.371002,0.074029,0.003170
362.000000,168.371002,0.089295,0.023824
363.000000,168.371002,0.104314,0.036483
364.000000,168.371002,0.119038,0.047886
365.000000,168.371002,0.133430,0.064893
366.000000,168.371002,0.147450,0.081959
367.000000,168.371002,0.161057,0.088808
368.000000,168.371002,0.174212,0.101862
369.000000,168.371002,0.186882,0.112816
370.000000,168.371002,0.199029,0.131358
371.000000,168.371002,0.210616,0.150124
372.000000,168.371002,0.221617,0.155480
373.000000,168.371002,0.232000,0.166466
374.000000,168.371002,0.241728,0.185966
375.000000,168.371002,0.250783,0.192228
376.000000,168.371002,0.259140,0.203435
377.000000,168.371002,0.266766,0.212447
378.000000,168.371002,0.273647,0.212323
379.000000,168.371002,0.279768,0.227543
380.000000,168.371002,0.285101,0.243776
381.000000,168.371002,0.289636,0.245132
382.000000,168.371002,0.293365,0.249938
383.000000,168.371002,0.296272,0.254891
384.000000,168.371002,0.298346,0.266033
385.000000,168.371002,0.299591,0.271865
386.000000,168.371002,0.299998,0.268333
387.000000,168.371002,0.299560,0.274953
388.000000,168.371002,0.298289,0.281212
389.000000,168.371002,0.296187,0.274527
390.000000,168.371002,0.293247,0.276360
391.000000,168.371002,0.289491,0.281872
392.000000,168.371002,0.284930,0.275787
393.000000,168.371002,0.279565,0.274940
394.000000,168.371002,0.273419,0.274651
395.000000,168.371002,0.266513,0.270207
396.000000,168.371002,0.258858,0.264072
397.000000,168.371002,0.250477,0.272351
398.000000,168.371002,0.241400,0.252646
399.000000,168.371002,0.231646,0.244724
400.000000,168.371002,0.221242,0.233683
401.000000,168.371002,0.210221,0.231511
402.000000,168.371002,0.198614,0.224249
403.000000,168.371002,0.186446,0.208882
404.000000,168.371002,0.173760,0.203375
405.000000,168.371002,0.160590,0.198253
406.000000,168.371002,0.146966,0.181448
407.000000,168.371002,0.132933,0.170480
408.000000,168.371002,0.118530,0.168258
409.000000,168.371002,0.103793,0.144685
410.000000,168.371002,0.088766,0.131564
411.000000,168.371002,0.073492,0.123161
412.000000,168.371002,0.058011,0.111950
413.000000,168.371002,0.042368,0.098521
414.000000,168.371002,0.026607,0.087379
415.000000,168.371002,0.010772,0.063060
416.000000,168.371002,-0.005094,0.058712
417.000000,168.371002,-0.020946,0.038471
418.000000,168.371002,-0.036739,0.027791
419.000000,168.371002,-0.052429,0.018289
420.000000,168.371002,-0.067972,-0.006278
421.000000,168.371002,-0.083326,-0.018052
422.000000,168.371002,-0.098446,-0.009187
423.000000,168.371002,-0.113290,-0.042733
424.000000,168.371002,-0.127819,-0.063822
425.000000,168.371002,-0.141990,-0.065311
426.000000,168.371002,-0.155762,-0.089910
427.000000,168.371002,-0.169100,-0.098711
428.000000,168.371002,-0.181966,-0.110467
429.000000,168.371002,-0.194319,-0.130906
430.000000,168.371002,-0.206132,-0.142694
431.000000,168.371002,-0.217370,-0.149823
432.000000,168.371002,-0.227994,-0.165955
433.000000,168.371002,-0.237984,-0.175883
434.000000,168.371002,-0.247311,-0.186471
435.000000,168.371002,-0.255940,-0.200257
436.000000,168.371002,-0.263856,-0.208412
437.000000,168.371002,-0.271037,-0.221319
438.000000,168.371002,-0.277455,-0.223559
439.000000,168.371002,-0.283097,-0.228754
440.000000,168.371002,-0.287952,-0.246526
441.000000,168.371002,-0.291999,-0.251021
442.000000,168.371002,-0.295226,-0.253096
443.000000,168.371002,-0.297631,-0.264014
444.000000,168.371002,-0.299205,-0.272229
445.000000,168.371002,-0.299936,-0.267684
446.000000,168.371002,-0.299832,-0.273915
447.000000,168.371002,-0.298893,-0.279449
448.000000,168.371002,-0.297109,-0.276897
449.000000,168.371002,-0.294498,-0.277562
450.000000,168.371002,-0.291068,-0.280576
451.000000,168.371002,-0.286817,-0.283756
452.000000,168.371002,-0.281765,-0.279056
453.000000,168.371002,-0.275928,-0.267803
454.000000,168.371002,-0.269317,-0.275322
455.000000,168.371002,-0.261951,-0.261361
456.000000,168.371002,-0.253856,-0.255249
457.000000,168.371002,-0.245051,-0.259401
458.000000,168.371002,-0.235556,-0.252061
459.000000,168.371002,-0.225405,-0.242902
460.000000,168.371002,-0.214626,-0.238646
461.000000,168.371002,-0.203241,-0.225506
462.000000,168.371002,-0.191290,-0.210987
463.000000,168.371002,-0.178807,-0.207917
464.000000,168.371002,-0.165819,-0.192244
465.000000,168.371002,-0.152369,-0.188652
466.000000,168.371002,-0.138495,-0.181583
467.000000,168.371002,-0.124231,-0.168603
468.000000,168.371002,-0.109619,-0.159948
469.000000,168.371002,-0.094703,-0.141407
470.000000,168.371002,-0.079521,-0.133874
471.000000,168.371002,-0.064115,-0.119892
472.000000,168.371002,-0.048531,-0.103544
473.000000,168.371002,-0.032812,-0.081965
474.000000,168.371002,-0.017000,-0.075029
475.000000,168.371002,-0.001141,-0.062035
476.000000,168.371002,0.014722,-0.041643
477.000000,168.371002,0.030543,-0.035966
478.000000,168.371002,0.046279,-0.019926
479.000000,168.371002,0.061886,-0.001613
480.000000,168.371002,0.077318,0.006963
481.000000,168.371002,0.092535,0.022110
482.000000,168.371002,0.107494,0.038136
483.000000,168.371002,0.122151,0.048999
484.000000,168.371002,0.136466,0.066666
485.000000,168.371002,0.150401,0.073460
486.000000,168.371002,0.163915,0.094155
487.000000,168.371002,0.176968,0.111735
488.000000,168.371002,0.189528,0.118277
489.000000,168.371002,0.201560,0.139238
490.000000,168.371002,0.213023,0.150623
491.000000,168.371002,0.223893,0.157926
492.000000,168.371002,0.234140,0.182827
493.000000,168.371002,0.243726,0.185365
494.000000,168.371002,0.252632,0.187321
495.000000,168.371002,0.260835,0.197928
496.000000,168.371002,0.268304,0.215274
497.000000,168.371002,0.275023,0.220057
498.000000,168.371002,0.280976,0.233197
499.000000,168.371002,0.286141,0.232643
500.000000,168.371002,0.290503,0.244458
501.000000,168.371002,0.294056,0.257878
502.000000,168.371002,0.296788,0.257685
503.000000,168.371002,0.298683,0.266546
504.000000,168.371002,0.299747,0.272438
505.000000,168.371002,0.299977,0.265973
506.000000,168.371002,0.299359,0.274573
507.000000,168.371002,0.297907,0.280085
508.000000,168.371002,0.295626,0.277647
509.000000,168.371002,0.292512,0.280373
510.000000,168.371002,0.288581,0.284025
511.000000,168.371002,0.283846,0.276314
512.000000,168.371002,0.278315,0.274266
513.000000,168.371002,0.272003,0.260984
514.000000,168.371002,0.264934,0.268273
515.000000,168.371002,0.257124,0.266665
516.000000,168.371002,0.248591,0.260370
517.000000,168.371002,0.239365,0.249072
518.000000,168.371002,0.229473,0.245838
519.000000,168.371002,0.218932,0.233110
520.000000,168.371002,0.207782,0.233444
521.000000,168.371002,0.196054,0.228703
522.000000,168.371002,0.183772,0.204209
523.000000,168.371002,0.170977,0.200769
524.000000,168.371002,0.157707,0.195720
525.000000,168.371002,0.143994,0.176981
526.000000,168.371002,0.129877,0.168473
527.000000,168.371002,0.115399,0.161037
528.000000,168.371002,0.100597,0.149372
529.000000,168.371002,0.085513,0.134464
530.000000,168.371002,0.070191,0.123981
531.000000,168.371002,0.054673,0.097976
532.000000,168.371002,0.039000,0.094508
533.000000,168.371002,0.023219,0.081272
534.000000,168.371002,0.007374,0.064993
535.000000,168.371002,-0.008493,0.056339
536.000000,168.371002,-0.024335,0.040143
537.000000,168.371002,-0.040110,0.020951
538.000000,168.371002,-0.055773,0.011609
539.000000,168.371002,-0.071279,-0.007139
540.000000,168.371002,-0.086586,-0.022286
541.000000,168.371002,-0.101651,-0.030528
542.000000,168.371002,-0.116431,-0.049354
543.000000,168.371002,-0.130886,-0.061582
544.000000,168.371002,-0.144976,-0.070951
545.000000,168.371002,-0.158657,-0.090730
546.000000,168.371002,-0.171897,-0.102811
547.000000,168.371002,-0.184658,-0.113147
548.000000,168.371002,-0.196897,-0.130759
549.000000,168.371002,-0.208588,-0.141727
550.000000,168.371002,-0.219699,-0.154510
551.000000,168.371002,-0.230189,-0.166995
552.000000,168.371002,-0.240038,-0.175063
553.000000,168.371002,-0.249218,-0.191231
554.000000,168.371002,-0.257698,-0.201150
555.000000,168.371002,-0.265456,-0.208192
556.000000,168.371002,-0.272476,-0.220645
557.000000,168.371002,-0.278731,-0.227499
558.000000,168.371002,-0.284204,-0.231361
559.000000,168.371002,-0.288886,-0.245633
560.000000,168.371002,-0.292761,-0.252061
561.000000,168.371002,-0.295811,-0.253023
562.000000,168.371002,-0.298037,-0.266768
563.000000,168.371002,-0.299434,-0.267835
564.000000,168.371002,-0.299984,-0.266717
565.000000,168.371002,-0.299699,-0.275028
566.000000,168.371002,-0.298581,-0.290317
567.000000,168.371002,-0.296620,-0.273484
568.000000,168.371002,-0.293831,-0.277855
569.000000,168.371002,-0.290224,-0.274469
570.000000,168.371002,-0.285803,-0.279624
571.000000,168.371002,-0.280579,-0.280535
572.000000,168.371002,-0.274576,-0.270689
573.000000,168.371002,-0.267803,-0.274295
574.000000,168.371002,-0.260278,-0.270428
575.000000,168.371002,-0.252028,-0.258663
576.000000,168.371002,-0.243075,-0.254640
577.000000,168.371002,-0.233436,-0.248194
578.000000,168.371002,-0.223147,-0.233455
579.000000,168.371002,-0.212237,-0.234106
580.000000,168.371002,-0.200728,-0.227366
581.000000,168.371002,-0.188659,-0.210987
582.000000,168.371002,-0.176065,-0.209851
583.000000,168.371002,-0.162976,-0.191130
584.000000,168.371002,-0.149431,-0.182105
585.000000,168.371002,-0.135470,-0.183882
586.000000,168.371002,-0.121129,-0.167109
587.000000,168.371002,-0.106448,-0.147761
588.000000,168.371002,-0.091471,-0.142227
589.000000,168.371002,-0.076238,-0.122114
590.000000,168.371002,-0.060790,-0.115058
591.000000,168.371002,-0.045173,-0.103178
592.000000,168.371002,-0.029431,-0.080252
0.000000,175.841995,0.005066,-0.058608
1.000000,175.841995,0.021620,-0.039182
2.000000,175.841995,0.038107,-0.029566
3.000000,175.841995,0.054480,-0.012486
4.000000,175.841995,0.070685,0.001214
5.000000,175.841995,0.086675,-0.013425
6.000000,175.841995,0.102400,0.032231
7.000000,175.841995,0.117814,0.056651
8.000000,175.841995,0.132866,0.064480
9.000000,175.841995,0.147516,0.075907
10.000000,175.841995,0.161712,0.086513
11.000000,175.841995,0.175419,0.102342
12.000000,175.841995,0.188586,0.119936
13.000000,175.841995,0.201183,0.129498
14.000000,175.841995,0.213161,0.145712
15.000000,175.841995,0.224493,0.157331
16.000000,175.841995,0.235136,0.166494
17.000000,175.841995,0.245067,0.179560
18.000000,175.841995,0.254244,0.190579
19.000000,175.841995,0.262651,0.199229
20.000000,175.841995,0.270251,0.218916
21.000000,175.841995,0.277033,0.228441
22.000000,175.841995,0.282963,0.227644
23.000000,175.841995,0.288037,0.238851
24.000000,175.841995,0.292224,0.248463
25.000000,175.841995,0.295528,0.252719
26.000000,175.841995,0.297922,0.265332
27.000000,175.841995,0.299415,0.264058
28.000000,175.841995,0.299987,0.270647
29.000000,175.841995,0.299651,0.276699
30.000000,175.841995,0.298394,0.274440
31.000000,175.841995,0.296233,0.279787
32.000000,175.841995,0.293161,0.281432
33.000000,175.841995,0.289203,0.274527
34.000000,175.841995,0.284354,0.275540
35.000000,175.841995,0.278646,0.280012
36.000000,175.841995,0.272080,0.271320
37.000000,175.841995,0.264691,0.268466
38.000000,175.841995,0.256487,0.270931
39.000000,175.841995,0.247508,0.257333
40.000000,175.841995,0.237767,0.254845
41.000000,175.841995,0.227307,0.244156
42.000000,175.841995,0.216148,0.232331
43.000000,175.841995,0.204334,0.227603
44.000000,175.841995,0.191892,0.216689
45.000000,175.841995,0.178870,0.207842
46.000000,175.841995,0.165297,0.201387
47.000000,175.841995,0.151224,0.182341
48.000000,175.841995,0.136686,0.178300
49.000000,175.841995,0.121734,0.168184
50.000000,175.841995,0.106408,0.143719
51.000000,175.841995,0.090760,0.139898
52.000000,175.841995,0.074832,0.132242
53.000000,175.841995,0.058679,0.112917
54.000000,175.841995,0.042344,0.100162
55.000000,175.841995,0.025882,0.090573
56.000000,175.841995,0.009340,0.070281
57.000000,175.841995,-0.007230,0.054625
58.000000,175.841995,-0.023779,0.041183
59.000000,175.841995,-0.040255,0.022884
60.000000,175.841995,-0.056607,0.014436
61.000000,175.841995,-0.072788,-0.006979
62.000000,175.841995,-0.088745,-0.020499
63.000000,175.841995,-0.104434,-0.029634
64.000000,175.841995,-0.119801,-0.051961
65.000000,175.841995,-0.134806,-0.069315
66.000000,175.841995,-0.149396,-0.071698
67.000000,175.841995,-0.163534,-0.093630
68.000000,175.841995,-0.177169,-0.104818
69.000000,175.841995,-0.190269,-0.115154
70.000000,175.841995,-0.202781,-0.135446
71.000000,175.841995,-0.214683,-0.148201
72.000000,175.841995,-0.225921,-0.158083
73.000000,175.841995,-0.236479,-0.173615
74.000000,175.841995,-0.246306,-0.174696
75.000000,175.841995,-0.255391,-0.188711
76.000000,175.841995,-0.263687,-0.209997
77.000000,175.841995,-0.271189,-0.215252
78.000000,175.841995,-0.277853,-0.229826
79.000000,175.841995,-0.283680,-0.231659
80.000000,175.841995,-0.288631,-0.240048
81.000000,175.841995,-0.292712,-0.252854
82.000000,175.841995,-0.295888,-0.257788
83.000000,175.841995,-0.298174,-0.255176
84.000000,175.841995,-0.299538,-0.266548
85.000000,175.841995,-0.300000,-0.272156
86.000000,175.841995,-0.299535,-0.272371
87.000000,175.841995,-0.298168,-0.285516
88.000000,175.841995,-0.295880,-0.280343
89.000000,175.841995,-0.292700,-0.316794
90.000000,175.841995,-0.288616,-0.278529
91.000000,175.841995,-0.283662,-0.265315
92.000000,175.841995,-0.277833,-0.264216
93.000000,175.841995,-0.271166,-0.263501
94.000000,175.841995,-0.263662,-0.261242
95.000000,175.841995,-0.255363,-0.263428
96.000000,175.841995,-0.246276,-0.256294
97.000000,175.841995,-0.236446,-0.249069
98.000000,175.841995,-0.225886,-0.247420
99.000000,175.841995,-0.214645,-0.237107
100.000000,175.841995,-0.202742,-0.224301
101.000000,175.841995,-0.190227,-0.219225
102.000000,175.841995,-0.177126,-0.213745
103.000000,175.841995,-0.163490,-0.193206
104.000000,175.841995,-0.149350,-0.188423
105.000000,175.841995,-0.134759,-0.176923
106.000000,175.841995,-0.119752,-0.157337
107.000000,175.841995,-0.104384,-0.149214
108.000000,175.841995,-0.088695,-0.138534
109.000000,175.841995,-0.072737,-0.127680
110.000000,175.841995,-0.056555,-0.113651
111.000000,175.841995,-0.040203,-0.097332
112.000000,175.841995,-0.023726,-0.088577
113.000000,175.841995,-0.007178,-0.061421
114.000000,175.841995,0.009392,-0.046989
115.000000,175.841995,0.025934,-0.048387
116.000000,175.841995,0.042396,-0.029373
117.000000,175.841995,0.058730,-0.002653
118.000000,175.841995,0.074883,0.000343
119.000000,175.841995,0.090809,0.017350
120.000000,175.841995,0.106457,0.038416
121.000000,175.841995,0.121782,0.083801
122.000000,175.841995,0.136732,0.061993
123.000000,175.841995,0.151269,0.067825
124.000000,175.841995,0.165340,0.084795
125.000000,175.841995,0.178912,0.100528
126.000000,175.841995,0.191932,0.112889
127.000000,175.841995,0.204372,0.135971
128.000000,175.841995,0.216184,0.157198
129.000000,175.841995,0.227341,0.158380
130.000000,175.841995,0.237799,0.173013
131.000000,175.841995,0.247537,0.183212
132.000000,175.841995,0.256514,0.194689
133.000000,175.841995,0.264715,0.204035
134.000000,175.841995,0.272102,0.219814
135.000000,175.841995,0.278665,0.226384
136.000000,175.841995,0.284371,0.234164
137.000000,175.841995,0.289216,0.245036
138.000000,175.841995,0.293172,0.245132
139.000000,175.841995,0.296241,0.248224
140.000000,175.841995,0.298399,0.261644
141.000000,175.841995,0.299653,0.268420
142.000000,175.841995,0.299987,0.277679
143.000000,175.841995,0.299412,0.272699
144.000000,175.841995,0.297916,0.276300
145.000000,175.841995,0.295518,0.282719
146.000000,175.841995,0.292213,0.278614
147.000000,175.841995,0.288022,0.277180
148.000000,175.841995,0.282946,0.281505
149.000000,175.841995,0.277013,0.273927
150.000000,175.841995,0.270229,0.272039
151.000000,175.841995,0.262626,0.271751
152.000000,175.841995,0.254216,0.261946
153.000000,175.841995,0.245036,0.257525
154.000000,175.841995,0.235104,0.252403
155.000000,175.841995,0.224459,0.241265
156.000000,175.841995,0.213124,0.243098
157.000000,175.841995,0.201144,0.227122
158.000000,175.841995,0.188546,0.212763
159.000000,175.841995,0.175376,0.205955
160.000000,175.841995,0.161668,0.188687
161.000000,175.841995,0.147470,0.180468
162.000000,175.841995,0.132819,0.178333
163.000000,175.841995,0.117766,0.158746
164.000000,175.841995,0.102351,0.148465
165.000000,175.841995,0.086625,0.142596
166.000000,175.841995,0.070634,0.120211
167.000000,175.841995,0.054428,0.112596
168.000000,175.841995,0.038056,0.101513
169.000000,175.841995,0.021568,0.076314
170.000000,175.841995,0.005013,0.068173
171.000000,175.841995,-0.011556,0.061484
172.000000,175.841995,-0.028090,0.035612
173.000000,175.841995,-0.044539,0.021143
174.000000,175.841995,-0.060851,0.001887
175.000000,175.841995,-0.076978,-0.008958
176.000000,175.841995,-0.092870,-0.019633
177.000000,175.841995,-0.108479,-0.033822
178.000000,175.841995,-0.123756,-0.051521
179.000000,175.841995,-0.138657,-0.064803
180.000000,175.841995,-0.153133,-0.085484
181.000000,175.841995,-0.167144,-0.100704
182.000000,175.841995,-0.180643,-0.107159
183.000000,175.841995,-0.193593,-0.130979
184.000000,175.841995,-0.205950,-0.128839
185.000000,175.841995,-0.217681,-0.139775
186.000000,175.841995,-0.228745,-0.162308
187.000000,175.841995,-0.239115,-0.173642
188.000000,175.841995,-0.248751,-0.178545
189.000000,175.841995,-0.257632,-0.197870
190.000000,175.841995,-0.265724,-0.210478
191.000000,175.841995,-0.273008,-0.215967
192.000000,175.841995,-0.279456,-0.232319
193.000000,175.841995,-0.285055,-0.235627
194.000000,175.841995,-0.289781,-0.242742
195.000000,175.841995,-0.293626,-0.258961
196.000000,175.841995,-0.296572,-0.254388
197.000000,175.841995,-0.298616,-0.263002
198.000000,175.841995,-0.299746,-0.267748
199.000000,175.841995,-0.299965,-0.261476
200.000000,175.841995,-0.299266,-0.277328
201.000000,175.841995,-0.297656,-0.282043
202.000000,175.841995,-0.295135,-0.274524
203.000000,175.841995,-0.291717,-0.278675
204.000000,175.841995,-0.287406,-0.278703
205.000000,175.841995,-0.282221,-0.275271
206.000000,175.841995,-0.276172,-0.272275
207.000000,175.841995,-0.269284,-0.267322
208.000000,175.841995,-0.261571,-0.260390
209.000000,175.841995,-0.253062,-0.265801
210.000000,175.841995,-0.243780,-0.259575
211.000000,175.841995,-0.233755,-0.249362
212.000000,175.841995,-0.223016,-0.242146
213.000000,175.841995,-0.211597,-0.230133
214.000000,175.841995,-0.199532,-0.228786
215.000000,175.841995,-0.186859,-0.219605
216.000000,175.841995,-0.173615,-0.204632
217.000000,175.841995,-0.159843,-0.196977
218.000000,175.841995,-0.145582,-0.179736
219.000000,175.841995,-0.130877,-0.170944
220.000000,175.841995,-0.115772,-0.160668
221.000000,175.841995,-0.100315,-0.157721
222.000000,175.841995,-0.084551,-0.129962
223.000000,175.841995,-0.068530,-0.121445
224.000000,175.841995,-0.052300,-0.108612
225.000000,175.841995,-0.035910,-0.085245
226.000000,175.841995,-0.019410,-0.082616
227.000000,175.841995,-0.002851,-0.064642
228.000000,175.841995,0.013716,-0.048263
229.000000,175.841995,0.030242,-0.037826
230.000000,175.841995,0.046676,-0.021039
231.000000,175.841995,0.062967,-0.003840
232.000000,175.841995,0.079066,0.007930
233.000000,175.841995,0.094924,0.022403
234.000000,175.841995,0.110492,0.036744
235.000000,175.841995,0.125723,0.054579
236.000000,175.841995,0.140570,0.072539
237.000000,175.841995,0.154989,0.078161
238.000000,175.841995,0.168935,0.098169
239.000000,175.841995,0.182365,0.115515
240.000000,175.841995,0.195239,0.123184
241.000000,175.841995,0.207517,0.141611
242.000000,175.841995,0.219162,0.156424
243.000000,175.841995,0.230139,0.161426
244.000000,175.841995,0.240413,0.171813
245.000000,175.841995,0.249954,0.189159
246.000000,175.841995,0.258733,0.197589
247.000000,175.841995,0.266722,0.210875
248.000000,175.841995,0.273897,0.221088
249.000000,175.841995,0.280236,0.233444
250.000000,175.841995,0.285721,0.237504
251.000000,175.841995,0.290334,0.238837
252.000000,175.841995,0.294061,0.248925
253.000000,175.841995,0.296891,0.258771
254.000000,175.841995,0.298815,0.261713
255.000000,175.841995,0.299827,0.268480
256.000000,175.841995,0.299925,0.277418
257.000000,175.841995,0.299107,0.274894
258.000000,175.841995,0.297378,0.279113
259.000000,175.841995,0.294740,0.282838
260.000000,175.841995,0.291204,0.277501
261.000000,175.841995,0.286779,0.275833
262.000000,175.841995,0.281480,0.274798
263.000000,175.841995,0.275321,0.270807
264.000000,175.841995,0.268323,0.268993
265.000000,175.841995,0.260505,0.270931
266.000000,175.841995,0.251893,0.260979
267.000000,175.841995,0.242512,0.258345
268.000000,175.841995,0.232392,0.252110
269.000000,175.841995,0.221562,0.241411
270.000000,175.841995,0.210058,0.234603
271.000000,175.841995,0.197911,0.220749
272.000000,175.841995,0.185161,0.209189
273.000000,175.841995,0.171846,0.210921
274.000000,175.841995,0.158007,0.188128
275.000000,175.841995,0.143685,0.183734
276.000000,175.841995,0.128926,0.173999
277.000000,175.841995,0.113772,0.159346
278.000000,175.841995,0.098273,0.145331
279.000000,175.841995,0.082472,0.136929
280.000000,175.841995,0.066421,0.117604
281.000000,175.841995,0.050166,0.107675
282.000000,175.841995,0.033759,0.096080
283.000000,175.841995,0.017249,0.079435
284.000000,175.841995,0.000686,0.064966
285.000000,175.841995,-0.015879,0.049224
286.000000,175.841995,-0.032396,0.029431
287.000000,175.841995,-0.048813,0.022023
288.000000,175.841995,-0.065082,0.021771
289.000000,175.841995,-0.081152,-0.014699
290.000000,175.841995,-0.096975,-0.038715
291.000000,175.841995,-0.112502,-0.047054
292.000000,175.841995,-0.127686,-0.056602
293.000000,175.841995,-0.142479,-0.065004
294.000000,175.841995,-0.156839,-0.084110
295.000000,175.841995,-0.170719,-0.100131
296.000000,175.841995,-0.184080,-0.107787
297.000000,175.841995,-0.196877,-0.129119
298.000000,175.841995,-0.209076,-0.141874
299.000000,175.841995,-0.220635,-0.147669
300.000000,175.841995,-0.231523,-0.167068
301.000000,175.841995,-0.241702,-0.178930
302.000000,175.841995,-0.251146,-0.188652
303.000000,175.841995,-0.259821,-0.205090
304.000000,175.841995,-0.267707,-0.208105
305.000000,175.841995,-0.274772,-0.234440
306.000000,175.841995,-0.281003,-0.228759
307.000000,175.841995,-0.286372,-0.085245
308.000000,175.841995,-0.290873,-0.247273
309.000000,175.841995,-0.294481,-0.291930
310.000000,175.841995,-0.297195,-0.289465
311.000000,175.841995,-0.298998,-0.290422
312.000000,175.841995,-0.299893,-0.281896
313.000000,175.841995,-0.299869,-0.275198
314.000000,175.841995,-0.298935,-0.266594
315.000000,175.841995,-0.297084,-0.283096
316.000000,175.841995,-0.294331,-0.283092
317.000000,175.841995,-0.290675,-0.286496
318.000000,175.841995,-0.286138,-0.280270
319.000000,175.841995,-0.280723,-0.278817
320.000000,175.841995,-0.274456,-0.277635
321.000000,175.841995,-0.267347,-0.267043
322.000000,175.841995,-0.259427,-0.265522
323.000000,175.841995,-0.250710,-0.261948
324.000000,175.841995,-0.241234,-0.250475
325.000000,175.841995,-0.231017,-0.250246
326.000000,175.841995,-0.220100,-0.239933
327.000000,175.841995,-0.208506,-0.227128
328.000000,175.841995,-0.196281,-0.223985
329.000000,175.841995,-0.183453,-0.214492
330.000000,175.841995,-0.170069,-0.198786
331.000000,175.841995,-0.156163,-0.196083
332.000000,175.841995,-0.141784,-0.179003
333.000000,175.841995,-0.126969,-0.157410
334.000000,175.841995,-0.111769,-0.158661
335.000000,175.841995,-0.096226,-0.145154
336.000000,175.841995,-0.080391,-0.133581
337.000000,175.841995,-0.064310,-0.116405
338.000000,175.841995,-0.048033,-0.102459
339.000000,175.841995,-0.031609,-0.172309
340.000000,175.841995,-0.015090,-0.077869
341.000000,175.841995,0.001477,-0.038715
342.000000,175.841995,0.018038,-0.030972
343.000000,175.841995,0.034545,-0.020659
344.000000,175.841995,0.050946,-0.009567
345.000000,175.841995,0.067191,-0.001517
346.000000,175.841995,0.083233,-0.004532
347.000000,175.841995,0.099019,0.033802
348.000000,175.841995,0.114505,0.049526
349.000000,175.841995,0.129638,0.063633
350.000000,175.841995,0.144380,0.081359
351.000000,175.841995,0.158677,0.085981
352.000000,175.841995,0.172495,0.102462
353.000000,175.841995,0.185781,0.118515
354.000000,175.841995,0.198506,0.126377
355.000000,175.841995,0.210620,0.139577
356.000000,175.841995,0.222097,0.149212
357.000000,175.841995,0.232890,0.171387
358.000000,175.841995,0.242979,0.184339
359.000000,175.841995,0.252320,0.185461
360.000000,175.841995,0.260898,0.207462
361.000000,175.841995,0.268674,0.215801
362.000000,175.841995,0.275636,0.217303
363.000000,175.841995,0.281751,0.229550
364.000000,175.841995,0.287013,0.242282
365.000000,175.841995,0.291392,0.244312
366.000000,175.841995,0.294890,0.250011
367.000000,175.841995,0.297480,0.262011
368.000000,175.841995,0.299170,0.265666
369.000000,175.841995,0.299940,0.271879
370.000000,175.841995,0.299803,0.269346
371.000000,175.841995,0.298742,0.274367
372.000000,175.841995,0.296779,0.282426
373.000000,175.841995,0.293902,0.278907
374.000000,175.841995,0.290137,0.278674
375.000000,175.841995,0.285478,0.280538
376.000000,175.841995,0.279956,0.274820
377.000000,175.841995,0.273572,0.270179
378.000000,175.841995,0.266362,0.269217
379.000000,175.841995,0.258331,0.262766
380.000000,175.841995,0.249519,0.263032
381.000000,175.841995,0.239939,0.264604
382.000000,175.841995,0.229634,0.245205
383.000000,175.841995,0.218621,0.237884
384.000000,175.841995,0.206948,0.231736
385.000000,175.841995,0.194637,0.220057
386.000000,175.841995,0.181739,0.213615
387.000000,175.841995,0.168280,0.197635
388.000000,175.841995,0.154314,0.188948
389.000000,175.841995,0.139871,0.179666
390.000000,175.841995,0.125006,0.161206
391.000000,175.841995,0.109756,0.157385
392.000000,175.841995,0.094175,0.145790
393.000000,175.841995,0.078303,0.126831
394.000000,175.841995,0.062195,0.116756
395.000000,175.841995,0.045894,0.108354
396.000000,175.841995,0.029456,0.085835
397.000000,175.841995,0.012927,0.076800
398.000000,175.841995,-0.003642,0.061631
399.000000,175.841995,-0.020199,0.043052
400.000000,175.841995,-0.036695,0.030370
401.000000,175.841995,-0.053078,0.014395
402.000000,175.841995,-0.069301,-0.002484
403.000000,175.841995,-0.085310,-0.014873
404.000000,175.841995,-0.101062,-0.030968
405.000000,175.841995,-0.116501,-0.047800
406.000000,175.841995,-0.131590,-0.058562
407.000000,175.841995,-0.146272,-0.082249
408.000000,175.841995,-0.160514,-0.090817
409.000000,175.841995,-0.174260,-0.095792
410.000000,175.841995,-0.187480,-0.116098
411.000000,175.841995,-0.200122,-0.134346
412.000000,175.841995,-0.212160,-0.138589
413.000000,175.841995,-0.223544,-0.157094
414.000000,175.841995,-0.234253,-0.168062
415.000000,175.841995,-0.244239,-0.178398
416.000000,175.841995,-0.253489,-0.191543
417.000000,175.841995,-0.261957,-0.201398
418.000000,175.841995,-0.269634,-0.206226
419.000000,175.841995,-0.276480,-0.222052
420.000000,175.841995,-0.282491,-0.234880
421.000000,175.841995,-0.287631,-0.236355
422.000000,175.841995,-0.291904,-0.247873
423.000000,175.841995,-0.295276,-0.211253
424.000000,175.841995,-0.297756,-0.261769
425.000000,175.841995,-0.299319,-0.284622
426.000000,175.841995,-0.299978,-0.288984
427.000000,175.841995,-0.299712,-0.288356
428.000000,175.841995,-0.298542,-0.280989
429.000000,175.841995,-0.296451,-0.271157
430.000000,175.841995,-0.293465,-0.281649
431.000000,175.841995,-0.289575,-0.275422
432.000000,175.841995,-0.284810,-0.271844
433.000000,175.841995,-0.279167,-0.277035
434.000000,175.841995,-0.272681,-0.275129
435.000000,175.841995,-0.265355,-0.266937
436.000000,175.841995,-0.257228,-0.265274
437.000000,175.841995,-0.248308,-0.256528
438.000000,175.841995,-0.238637,-0.247296
439.000000,175.841995,-0.228232,-0.249133
440.000000,175.841995,-0.217137,-0.243141
441.000000,175.841995,-0.205373,-0.231668
442.000000,175.841995,-0.192989,-0.221085
443.000000,175.841995,-0.180010,-0.212412
444.000000,175.841995,-0.166487,-0.199432
445.000000,175.841995,-0.152452,-0.189096
446.000000,175.841995,-0.137956,-0.176263
447.000000,175.841995,-0.123035,-0.169996
448.000000,175.841995,-0.107742,-0.160008
449.000000,175.841995,-0.092117,-0.138268
450.000000,175.841995,-0.076214,-0.127112
451.000000,175.841995,-0.060076,-0.113445
452.000000,175.841995,-0.043757,-0.097813
453.000000,175.841995,-0.027303,-0.089690
454.000000,175.841995,-0.010766,-0.074016
455.000000,175.841995,0.005804,-0.053697
456.000000,175.841995,0.022356,-0.044300
457.000000,175.841995,0.038840,-0.029300
458.000000,175.841995,0.055206,-0.010167
459.000000,175.841995,0.071402,0.002130
460.000000,175.841995,0.087382,0.016823
461.000000,175.841995,0.103093,0.030036
462.000000,175.841995,0.118493,0.037325
463.000000,175.841995,0.133528,0.060939
464.000000,175.841995,0.148158,0.072933
465.000000,175.841995,0.162334,0.100102
466.000000,175.841995,0.176017,0.116422
467.000000,175.841995,0.189160,0.116417
468.000000,175.841995,0.201730,0.128004
469.000000,175.841995,0.213680,0.140663
470.000000,175.841995,0.224982,0.154659
471.000000,175.841995,0.235594,0.170700
472.000000,175.841995,0.245492,0.184545
473.000000,175.841995,0.254635,0.190895
474.000000,175.841995,0.263007,0.203068
475.000000,175.841995,0.270571,0.218027
476.000000,175.841995,0.277315,0.226531
477.000000,175.841995,0.283207,0.232377
478.000000,175.841995,0.288242,0.238049
479.000000,175.841995,0.292391,0.246025
480.000000,175.841995,0.295653,0.254772
481.000000,175.841995,0.298008,0.262391
482.000000,175.841995,0.299459,0.267673
483.000000,175.841995,0.299991,0.274779
484.000000,175.841995,0.299614,0.270839
485.000000,175.841995,0.298317,0.274513
486.000000,175.841995,0.296115,0.279219
487.000000,175.841995,0.293004,0.278541
488.000000,175.841995,0.289005,0.276213
489.000000,175.841995,0.284118,0.280685
490.000000,175.841995,0.278370,0.272067
491.000000,175.841995,0.271768,0.274266
492.000000,175.841995,0.264342,0.272938
493.000000,175.841995,0.256104,0.265300
494.000000,175.841995,0.247089,0.258345
495.000000,175.841995,0.237316,0.252256
496.000000,175.841995,0.226824,0.242305
497.000000,175.841995,0.215635,0.236990
498.000000,175.841995,0.203792,0.222669
499.000000,175.841995,0.191324,0.214916
500.000000,175.841995,0.178276,0.209295
501.000000,175.841995,0.164680,0.196008
502.000000,175.841995,0.150585,0.188201
503.000000,175.841995,0.136028,0.179579
504.000000,175.841995,0.121058,0.160166
505.000000,175.841995,0.105717,0.151732
506.000000,175.841995,0.090055,0.143256
507.000000,175.841995,0.074117,0.126084
508.000000,175.841995,0.057954,0.103515
509.000000,175.841995,0.041613,0.100767
510.000000,175.841995,0.025146,0.082261
511.000000,175.841995,0.008602,0.070400
512.000000,175.841995,-0.007968,0.060151
513.000000,175.841995,-0.024514,0.041485
514.000000,175.841995,-0.040986,0.031777
515.000000,175.841995,-0.057332,0.011536
516.000000,175.841995,-0.073503,-0.005691
517.000000,175.841995,-0.089450,-0.017947
518.000000,175.841995,-0.105125,-0.038207
519.000000,175.841995,-0.120477,-0.051534
520.000000,175.841995,-0.135464,-0.058297
521.000000,175.841995,-0.150036,-0.080009
522.000000,175.841995,-0.164151,-0.091944
523.000000,175.841995,-0.177764,-0.107113
524.000000,175.841995,-0.190837,-0.122425
525.000000,175.841995,-0.203325,-0.134653
526.000000,175.841995,-0.215195,-0.142162
527.000000,175.841995,-0.226407,-0.163494
528.000000,175.841995,-0.236930,-0.172383
529.000000,175.841995,-0.246727,-0.176011
530.000000,175.841995,-0.255775,-0.194897
531.000000,175.841995,-0.264039,-0.201178
532.000000,175.841995,-0.271501,-0.220846
533.000000,175.841995,-0.278131,-0.229799
534.000000,175.841995,-0.283916,-0.232374
535.000000,175.841995,-0.288832,-0.250787
536.000000,175.841995,-0.292869,-0.254581
537.000000,175.841995,-0.296010,-0.250402
538.000000,175.841995,-0.298251,-0.260514
539.000000,175.841995,-0.299579,-0.266942
540.000000,175.841995,-0.299995,-0.268724
541.000000,175.841995,-0.299495,-0.279642
542.000000,175.841995,-0.298082,-0.274982
543.000000,175.841995,-0.295758,-0.274304
544.000000,175.841995,-0.292533,-0.282615
545.000000,175.841995,-0.288415,-0.278556
546.000000,175.841995,-0.283418,-0.272957
547.000000,175.841995,-0.277555,-0.276668
548.000000,175.841995,-0.270846,-0.271423
549.000000,175.841995,-0.263310,-0.269562
550.000000,175.841995,-0.254972,-0.265141
551.000000,175.841995,-0.245854,-0.255149
552.000000,175.841995,-0.235988,-0.254640
553.000000,175.841995,-0.225400,-0.244093
554.000000,175.841995,-0.214126,-0.232035
555.000000,175.841995,-0.202198,-0.230752
556.000000,175.841995,-0.189654,-0.217465
557.000000,175.841995,-0.176530,-0.205480
558.000000,175.841995,-0.162869,-0.198617
559.000000,175.841995,-0.148710,-0.188304
560.000000,175.841995,-0.134097,-0.169024
561.000000,175.841995,-0.119076,-0.165061
562.000000,175.841995,-0.103691,-0.149915
563.000000,175.841995,-0.087989,-0.136568
564.000000,175.841995,-0.072020,-0.127859
565.000000,175.841995,-0.055830,-0.110119
566.000000,175.841995,-0.039470,-0.102504
567.000000,175.841995,-0.022990,-0.083450
0.000000,183.643997,0.008106,-0.058581
1.000000,183.643997,0.025384,-0.045001
2.000000,183.643997,0.042578,0.002721
3.000000,183.643997,0.059630,-0.012678
4.000000,183.643997,0.076485,-0.004385
5.000000,183.643997,0.093083,0.008755
6.000000,183.643997,0.109372,0.030544
7.000000,183.643997,0.125299,0.050071
8.000000,183.643997,0.140808,0.059619
9.000000,183.643997,0.155847,0.077121
10.000000,183.643997,0.170369,0.098260
11.000000,183.643997,0.184325,0.110837
12.000000,183.643997,0.197664,0.122790
13.000000,183.643997,0.210348,0.136562
14.000000,183.643997,0.222335,0.150339
15.000000,183.643997,0.233575,0.166159
16.000000,183.643997,0.244041,0.184325
17.000000,183.643997,0.253698,0.187395
18.000000,183.643997,0.262507,0.200608
19.000000,183.643997,0.270442,0.216094
20.000000,183.643997,0.277480,0.220730
21.000000,183.643997,0.283596,0.227836
22.000000,183.643997,0.288762,0.237756
23.000000,183.643997,0.292971,0.246845
24.000000,183.643997,0.296209,0.252985
25.000000,183.643997,0.298454,0.260118
26.000000,183.643997,0.299708,0.267073
27.000000,183.643997,0.299968,0.276172
28.000000,183.643997,0.299227,0.273854
29.000000,183.643997,0.297489,0.275100
30.000000,183.643997,0.294764,0.279278
31.000000,183.643997,0.291060,0.272887
32.000000,183.643997,0.286381,0.276653
33.000000,183.643997,0.280753,0.278371
34.000000,183.643997,0.274194,0.266487
35.000000,183.643997,0.266716,0.268246
36.000000,183.643997,0.258352,0.267284
37.000000,183.643997,0.249132,0.261873
38.000000,183.643997,0.239081,0.253805
39.000000,183.643997,0.228232,0.253663
40.000000,183.643997,0.216626,0.236871
41.000000,183.643997,0.204302,0.228657
42.000000,183.643997,0.191292,0.216428
43.000000,183.643997,0.177648,0.209116
44.000000,183.643997,0.163416,0.202074
45.000000,183.643997,0.148636,0.182694
46.000000,183.643997,0.133362,0.172500
47.000000,183.643997,0.117646,0.163804
48.000000,183.643997,0.101538,0.148566
49.000000,183.643997,0.085091,0.136998
50.000000,183.643997,0.068362,0.126662
51.000000,183.643997,0.051406,0.103836
52.000000,183.643997,0.034277,0.092501
53.000000,183.643997,0.017035,0.085959
54.000000,183.643997,-0.000263,0.066194
55.000000,183.643997,-0.017561,0.054332
56.000000,183.643997,-0.034800,0.039309
57.000000,183.643997,-0.051924,0.014404
58.000000,183.643997,-0.068875,0.003509
59.000000,183.643997,-0.085596,-0.014827
60.000000,183.643997,-0.102033,-0.032700
61.000000,183.643997,-0.118132,-0.046728
62.000000,183.643997,-0.133834,-0.065669
63.000000,183.643997,-0.149092,-0.075936
64.000000,183.643997,-0.163857,-0.085598
65.000000,183.643997,-0.178073,-0.107764
66.000000,183.643997,-0.191697,-0.119026
67.000000,183.643997,-0.204685,-0.128321
68.000000,183.643997,-0.216992,-0.148467
69.000000,183.643997,-0.228573,-0.167389
70.000000,183.643997,-0.239397,-0.170211
71.000000,183.643997,-0.249427,-0.184703
72.000000,183.643997,-0.258620,-0.192991
73.000000,183.643997,-0.266955,-0.202873
74.000000,183.643997,-0.274406,-0.218111
75.000000,183.643997,-0.280939,-0.225959
76.000000,183.643997,-0.286537,-0.240488
77.000000,183.643997,-0.291185,-0.248767
78.000000,183.643997,-0.294864,-0.251341
79.000000,183.643997,-0.297556,-0.263061
80.000000,183.643997,-0.299263,-0.265961
81.000000,183.643997,-0.299978,-0.262383
82.000000,183.643997,-0.299685,-0.275995
83.000000,183.643997,-0.298399,-0.276169
84.000000,183.643997,-0.296124,-0.272517
85.000000,183.643997,-0.292859,-0.279642
86.000000,183.643997,-0.288618,-0.276696
87.000000,183.643997,-0.283421,-0.273337
88.000000,183.643997,-0.277281,-0.278675
89.000000,183.643997,-0.270214,-0.272009
90.000000,183.643997,-0.262250,-0.266483
91.000000,183.643997,-0.253418,-0.263648
92.000000,183.643997,-0.243735,-0.254681
93.000000,183.643997,-0.233244,-0.245761
94.000000,183.643997,-0.221979,-0.247653
95.000000,183.643997,-0.209973,-0.227907
96.000000,183.643997,-0.197267,-0.231352
97.000000,183.643997,-0.183908,-0.218125
98.000000,183.643997,-0.169937,-0.203239
99.000000,183.643997,-0.155397,-0.195937
100.000000,183.643997,-0.140342,-0.181010
101.000000,183.643997,-0.124821,-0.165231
102.000000,183.643997,-0.108882,-0.156947
103.000000,183.643997,-0.092582,-0.139940
104.000000,183.643997,-0.075975,-0.127428
105.000000,183.643997,-0.059114,-0.120565
106.000000,183.643997,-0.042056,-0.101698
107.000000,183.643997,-0.024859,-0.085305
108.000000,183.643997,-0.007579,-0.078749
109.000000,183.643997,0.009726,-0.055502
110.000000,183.643997,0.026999,-0.041661
111.000000,183.643997,0.044183,-0.028086
112.000000,183.643997,0.061218,-0.006859
113.000000,183.643997,0.078050,0.000489
114.000000,183.643997,0.094624,0.020410
115.000000,183.643997,0.110882,0.041476
116.000000,183.643997,0.126769,0.052573
117.000000,183.643997,0.142237,0.067353
118.000000,183.643997,0.157232,0.091319
119.000000,183.643997,0.171700,0.095209
120.000000,183.643997,0.185599,0.109536
121.000000,183.643997,0.198883,0.127555
122.000000,183.643997,0.211501,0.137098
123.000000,183.643997,0.223416,0.147558
124.000000,183.643997,0.234590,0.164038
125.000000,183.643997,0.244983,0.176307
126.000000,183.643997,0.254557,0.190694
127.000000,183.643997,0.263287,0.196902
128.000000,183.643997,0.271144,0.211709
129.000000,183.643997,0.278091,0.229802
130.000000,183.643997,0.284117,0.232784
131.000000,183.643997,0.289201,0.244064
132.000000,183.643997,0.293316,0.262011
133.000000,183.643997,0.296457,0.251606
134.000000,183.643997,0.298615,0.259165
135.000000,183.643997,0.299777,0.266537
136.000000,183.643997,0.299938,0.275421
137.000000,183.643997,0.299105,0.275086
138.000000,183.643997,0.297280,0.279338
139.000000,183.643997,0.294458,0.276900
140.000000,183.643997,0.290659,0.274339
141.000000,183.643997,0.285897,0.273272
142.000000,183.643997,0.280178,0.274440
143.000000,183.643997,0.273528,0.276552
144.000000,183.643997,0.265970,0.264393
145.000000,183.643997,0.257527,0.263793
146.000000,183.643997,0.248223,0.268118
147.000000,183.643997,0.238096,0.249452
148.000000,183.643997,0.227180,0.244811
149.000000,183.643997,0.215501,0.239162
150.000000,183.643997,0.203108,0.227497
151.000000,183.643997,0.190042,0.221816
152.000000,183.643997,0.176340,0.212447
153.000000,183.643997,0.162051,0.201456
154.000000,183.643997,0.147226,0.184980
155.000000,183.643997,0.131909,0.173545
156.000000,183.643997,0.116152,0.158966
157.000000,183.643997,0.100010,0.151118
158.000000,183.643997,0.083536,0.131857
159.000000,183.643997,0.066782,0.124810
160.000000,183.643997,0.049807,0.109801
161.000000,183.643997,0.032666,0.092235
162.000000,183.643997,0.015416,0.082468
163.000000,183.643997,-0.001885,0.066845
164.000000,183.643997,-0.019179,0.043726
165.000000,183.643997,-0.036411,0.032831
166.000000,183.643997,-0.053520,0.020635
167.000000,183.643997,-0.070452,-0.001371
168.000000,183.643997,-0.087150,-0.007125
169.000000,183.643997,-0.103556,-0.025722
170.000000,183.643997,-0.119618,-0.049661
171.000000,183.643997,-0.135284,-0.062636
172.000000,183.643997,-0.150498,-0.074818
173.000000,183.643997,-0.165211,-0.095270
174.000000,183.643997,-0.179375,-0.105652
175.000000,183.643997,-0.192944,-0.124093
176.000000,183.643997,-0.205866,-0.138653
177.000000,183.643997,-0.218106,-0.145255
178.000000,183.643997,-0.229624,-0.163788
179.000000,183.643997,-0.240371,-0.172516
180.000000,183.643997,-0.250320,-0.180625
181.000000,183.643997,-0.259440,-0.198837
182.000000,183.643997,-0.267693,-0.207198
183.000000,183.643997,-0.275054,-0.216640
184.000000,183.643997,-0.281503,-0.226592
185.000000,183.643997,-0.287017,-0.237560
186.000000,183.643997,-0.291569,-0.240749
187.000000,183.643997,-0.295155,-0.255387
188.000000,183.643997,-0.297763,-0.259882
189.000000,183.643997,-0.299372,-0.263950
190.000000,183.643997,-0.299988,-0.270122
191.000000,183.643997,-0.299609,-0.269269
192.000000,183.643997,-0.298230,-0.281369
193.000000,183.643997,-0.295856,-0.280095
194.000000,183.643997,-0.292502,-0.276884
195.000000,183.643997,-0.288176,-0.280755
196.000000,183.643997,-0.282884,-0.285236
197.000000,183.643997,-0.276655,-0.269237
198.000000,183.643997,-0.269509,-0.269521
199.000000,183.643997,-0.261460,-0.266795
200.000000,183.643997,-0.252542,-0.255556
201.000000,183.643997,-0.242787,-0.252707
202.000000,183.643997,-0.232223,-0.248794
203.000000,183.643997,-0.220883,-0.239855
204.000000,183.643997,-0.208811,-0.234779
205.000000,183.643997,-0.196046,-0.223646
206.000000,183.643997,-0.182623,-0.197292
207.000000,183.643997,-0.168596,-0.203157
208.000000,183.643997,-0.154009,-0.196124
209.000000,183.643997,-0.138907,-0.186150
210.000000,183.643997,-0.123343,-0.175109
211.000000,183.643997,-0.107370,-0.157529
212.000000,183.643997,-0.091040,-0.146460
213.000000,183.643997,-0.074405,-0.122146
214.000000,183.643997,-0.057523,-0.112094
215.000000,183.643997,-0.040451,-0.099430
216.000000,183.643997,-0.023243,-0.081750
217.000000,183.643997,-0.005958,-0.072444
218.000000,183.643997,0.011347,-0.060001
219.000000,183.643997,0.028614,-0.040167
220.000000,183.643997,0.045785,-0.017388
221.000000,183.643997,0.062805,-0.013498
222.000000,183.643997,0.079616,0.006409
223.000000,183.643997,0.096160,0.025042
224.000000,183.643997,0.112386,0.035978
225.000000,183.643997,0.128239,0.054612
226.000000,183.643997,0.143662,0.074207
227.000000,183.643997,0.158608,0.083961
228.000000,183.643997,0.173029,0.100794
229.000000,183.643997,0.186871,0.109650
230.000000,183.643997,0.200091,0.124357
231.000000,183.643997,0.212648,0.142289
232.000000,183.643997,0.224497,0.153093
233.000000,183.643997,0.235596,0.168766
234.000000,183.643997,0.245913,0.186259
235.000000,183.643997,0.255416,0.192082
236.000000,183.643997,0.264060,0.204548
237.000000,183.643997,0.271830,0.215947
238.000000,183.643997,0.278698,0.224671
239.000000,183.643997,0.284635,0.231557
240.000000,183.643997,0.289624,0.243716
241.000000,183.643997,0.293652,0.253246
242.000000,183.643997,0.296704,0.256471
243.000000,183.643997,0.298764,0.256265
244.000000,183.643997,0.299832,0.264466
245.000000,183.643997,0.299908,0.276685
246.000000,183.643997,0.298976,0.272594
247.000000,183.643997,0.297053,0.280153
248.000000,183.643997,0.294146,0.286412
249.000000,183.643997,0.290255,0.274967
250.000000,183.643997,0.285398,0.274120
251.000000,183.643997,0.279595,0.279411
252.000000,183.643997,0.272861,0.268273
253.000000,183.643997,0.265215,0.270546
254.000000,183.643997,0.256689,0.264384
255.000000,183.643997,0.247313,0.257259
256.000000,183.643997,0.237107,0.254845
257.000000,183.643997,0.226114,0.246777
258.000000,183.643997,0.214372,0.231511
259.000000,183.643997,0.201914,0.228863
260.000000,183.643997,0.188782,0.217436
261.000000,183.643997,0.175026,0.209703
262.000000,183.643997,0.160687,0.203540
263.000000,183.643997,0.145810,0.182415
264.000000,183.643997,0.130450,0.172267
265.000000,183.643997,0.114657,0.161857
266.000000,183.643997,0.098480,0.148259
267.000000,183.643997,0.081977,0.135357
268.000000,183.643997,0.065201,0.122195
269.000000,183.643997,0.048208,0.106590
270.000000,183.643997,0.031054,0.093615
271.000000,183.643997,0.013797,0.082839
272.000000,183.643997,-0.003506,0.058973
273.000000,183.643997,-0.020797,0.044725
274.000000,183.643997,-0.038019,0.028937
275.000000,183.643997,-0.055115,0.013877
276.000000,183.643997,-0.072027,0.003115
277.000000,183.643997,-0.088699,-0.018039
278.000000,183.643997,-0.105077,-0.032933
279.000000,183.643997,-0.121104,-0.043342
280.000000,183.643997,-0.136728,-0.057761
281.000000,183.643997,-0.151898,-0.076169
282.000000,183.643997,-0.166564,-0.086579
283.000000,183.643997,-0.180672,-0.111118
284.000000,183.643997,-0.194180,-0.121193
285.000000,183.643997,-0.207045,-0.133755
286.000000,183.643997,-0.219217,-0.149214
287.000000,183.643997,-0.230660,-0.159069
288.000000,183.643997,-0.241338,-0.174957
289.000000,183.643997,-0.251213,-0.188349
290.000000,183.643997,-0.260248,-0.198438
291.000000,183.643997,-0.268420,-0.212765
292.000000,183.643997,-0.275702,-0.219385
293.000000,183.643997,-0.282059,-0.227554
294.000000,183.643997,-0.287481,-0.241093
295.000000,183.643997,-0.291950,-0.242087
296.000000,183.643997,-0.295442,-0.247662
297.000000,183.643997,-0.297951,-0.260147
298.000000,183.643997,-0.299473,-0.266575
299.000000,183.643997,-0.299997,-0.263890
300.000000,183.643997,-0.299519,-0.274208
301.000000,183.643997,-0.298048,-0.275803
302.000000,183.643997,-0.295589,-0.275198
303.000000,183.643997,-0.292137,-0.281576
304.000000,183.643997,-0.287717,-0.275656
305.000000,183.643997,-0.282344,-0.275111
306.000000,183.643997,-0.276026,-0.281576
307.000000,183.643997,-0.268789,-0.269562
308.000000,183.643997,-0.260662,-0.269636
309.000000,183.643997,-0.251666,-0.264321
310.000000,183.643997,-0.241830,-0.249788
311.000000,183.643997,-0.231191,-0.250773
312.000000,183.643997,-0.219787,-0.241120
313.000000,183.643997,-0.207644,-0.229134
314.000000,183.643997,-0.194813,-0.223692
315.000000,183.643997,-0.181336,-0.213672
316.000000,183.643997,-0.167253,-0.196252
317.000000,183.643997,-0.152614,-0.192290
318.000000,183.643997,-0.137468,-0.175283
319.000000,183.643997,-0.121865,-0.160017
320.000000,183.643997,-0.105854,-0.158661
321.000000,183.643997,-0.089493,-0.147308
322.000000,183.643997,-0.072834,-0.126374
323.000000,183.643997,-0.055931,-0.111118
324.000000,183.643997,-0.038843,-0.096351
325.000000,183.643997,-0.021626,-0.087564
326.000000,183.643997,-0.004337,-0.070722
327.000000,183.643997,0.012966,-0.052029
328.000000,183.643997,0.030227,-0.043553
329.000000,183.643997,0.047387,-0.023339
330.000000,183.643997,0.064389,-0.001086
331.000000,183.643997,0.081177,0.006963
332.000000,183.643997,0.097696,0.020997
333.000000,183.643997,0.113887,0.043923
334.000000,183.643997,0.129701,0.048706
335.000000,183.643997,0.145084,0.070400
336.000000,183.643997,0.159983,0.088419
337.000000,183.643997,0.174349,0.101829
338.000000,183.643997,0.188137,0.115263
339.000000,183.643997,0.201299,0.126630
340.000000,183.643997,0.213788,0.143265
341.000000,183.643997,0.225567,0.160551
342.000000,183.643997,0.236599,0.165220
343.000000,183.643997,0.246838,0.182694
344.000000,183.643997,0.256258,0.199367
345.000000,183.643997,0.264827,0.203843
346.000000,183.643997,0.272514,0.214229
347.000000,183.643997,0.279291,0.229935
348.000000,183.643997,0.285142,0.233004
349.000000,183.643997,0.290046,0.235950
350.000000,183.643997,0.293979,0.252403
351.000000,183.643997,0.296936,0.258899
352.000000,183.643997,0.298910,0.265786
353.000000,183.643997,0.299882,0.277785
354.000000,183.643997,0.299858,0.269607
355.000000,183.643997,0.298840,0.276786
356.000000,183.643997,0.296825,0.272773
357.000000,183.643997,0.293820,0.276374
358.000000,183.643997,0.289840,0.278999
359.000000,183.643997,0.284899,0.274894
360.000000,183.643997,0.279002,0.272493
361.000000,183.643997,0.272180,0.272351
362.000000,183.643997,0.264457,0.265153
363.000000,183.643997,0.255847,0.265273
364.000000,183.643997,0.246387,0.260517
365.000000,183.643997,0.236111,0.251826
366.000000,183.643997,0.225048,0.247111
367.000000,183.643997,0.213232,0.243176
368.000000,183.643997,0.200711,0.224817
369.000000,183.643997,0.187523,0.214742
370.000000,183.643997,0.173706,0.206134
371.000000,183.643997,0.159313,0.194982
372.000000,183.643997,0.144393,0.182447
373.000000,183.643997,0.128989,0.173073
374.000000,183.643997,0.113156,0.161720
375.000000,183.643997,0.096948,0.147677
376.000000,183.643997,0.080417,0.132031
377.000000,183.643997,0.063617,0.117063
378.000000,183.643997,0.046607,0.108441
379.000000,183.643997,0.029441,0.089702
380.000000,183.643997,0.012177,0.075760
381.000000,183.643997,-0.005127,0.066464
382.000000,183.643997,-0.022414,0.040299
383.000000,183.643997,-0.039627,0.031264
384.000000,183.643997,-0.056707,0.020635
385.000000,183.643997,-0.073600,0.000489
386.000000,183.643997,-0.090247,-0.026693
387.000000,183.643997,-0.106593,-0.030908
388.000000,183.643997,-0.122585,-0.047580
389.000000,183.643997,-0.138171,-0.062356
390.000000,183.643997,-0.153294,-0.083450
391.000000,183.643997,-0.167908,-0.095504
392.000000,183.643997,-0.181965,-0.102706
393.000000,183.643997,-0.195414,-0.124945
394.000000,183.643997,-0.208213,-0.134200
395.000000,183.643997,-0.220321,-0.145209
396.000000,183.643997,-0.231696,-0.163494
397.000000,183.643997,-0.242296,-0.179150
398.000000,183.643997,-0.252093,-0.179145
399.000000,183.643997,-0.261055,-0.200623
400.000000,183.643997,-0.269140,-0.214345
401.000000,183.643997,-0.276332,-0.217534
402.000000,183.643997,-0.282609,-0.231352
403.000000,183.643997,-0.287942,-0.239494
404.000000,183.643997,-0.292315,-0.244382
405.000000,183.643997,-0.295719,-0.265434
406.000000,183.643997,-0.298140,-0.256542
407.000000,183.643997,-0.299563,-0.265315
408.000000,183.643997,-0.299993,-0.270722
409.000000,183.643997,-0.299428,-0.273677
410.000000,183.643997,-0.297859,-0.281502
411.000000,183.643997,-0.295302,-0.274602
412.000000,183.643997,-0.291766,-0.271170
413.000000,183.643997,-0.287256,-0.276815
414.000000,183.643997,-0.281788,-0.278923
415.000000,183.643997,-0.275386,-0.272371
416.000000,183.643997,-0.268069,-0.277182
417.000000,183.643997,-0.259854,-0.262855
418.000000,183.643997,-0.250778,-0.255850
419.000000,183.643997,-0.240870,-0.254860
420.000000,183.643997,-0.230155,-0.245967
421.000000,183.643997,-0.218676,-0.238435
422.000000,183.643997,-0.206472,-0.232172
423.000000,183.643997,-0.193579,-0.221419
424.000000,183.643997,-0.180040,-0.212366
425.000000,183.643997,-0.165905,-0.202117
426.000000,183.643997,-0.151218,-0.188771
427.000000,183.643997,-0.136024,-0.194603
428.000000,183.643997,-0.120380,-0.167082
429.000000,183.643997,-0.104337,-0.152709
430.000000,183.643997,-0.087944,-0.138493
431.000000,183.643997,-0.071259,-0.120959
432.000000,183.643997,-0.054338,-0.106000
433.000000,183.643997,-0.037236,-0.099137
434.000000,183.643997,-0.020009,-0.085250
435.000000,183.643997,-0.002716,-0.030088
436.000000,183.643997,0.014586,-0.054787
437.000000,183.643997,0.031840,-0.046348
438.000000,183.643997,0.048987,-0.027215
439.000000,183.643997,0.065972,-0.014465
440.000000,183.643997,0.082737,0.006409
441.000000,183.643997,0.099226,0.024442
442.000000,183.643997,0.115386,0.051973
443.000000,183.643997,0.131162,0.058932
444.000000,183.643997,0.146500,0.069053
445.000000,183.643997,0.161352,0.084561
446.000000,183.643997,0.175669,0.101994
447.000000,183.643997,0.189396,0.110017
448.000000,183.643997,0.202496,0.128297
449.000000,183.643997,0.214924,0.145643
450.000000,183.643997,0.226634,0.154953
451.000000,183.643997,0.237589,0.167873
452.000000,183.643997,0.247757,0.185439
453.000000,183.643997,0.257100,0.196475
454.000000,183.643997,0.265583,0.206188
455.000000,183.643997,0.273186,0.216987
456.000000,183.643997,0.279884,0.222884
457.000000,183.643997,0.285641,0.234237
458.000000,183.643997,0.290452,0.243350
459.000000,183.643997,0.294300,0.252792
460.000000,183.643997,0.297164,0.260265
461.000000,183.643997,0.299039,0.260879
462.000000,183.643997,0.299923,0.265433
463.000000,183.643997,0.299808,0.272965
464.000000,183.643997,0.298691,0.269914
465.000000,183.643997,0.296584,0.277400
466.000000,183.643997,0.293493,0.279045
467.000000,183.643997,0.289418,0.276754
468.000000,183.643997,0.284382,0.277766
469.000000,183.643997,0.278405,0.279485
470.000000,183.643997,0.271496,0.271247
471.000000,183.643997,0.263684,0.268539
472.000000,183.643997,0.254997,0.266844
473.000000,183.643997,0.245462,0.258973
474.000000,183.643997,0.235106,0.251271
475.000000,183.643997,0.223970,0.240010
476.000000,183.643997,0.212093,0.233444
477.000000,183.643997,0.199503,0.228789
478.000000,183.643997,0.186251,0.210816
479.000000,183.643997,0.172383,0.203302
480.000000,183.643997,0.157938,0.199147
481.000000,183.643997,0.142967,0.182488
482.000000,183.643997,0.127523,0.172193
483.000000,183.643997,0.111654,0.170704
484.000000,183.643997,0.095411,0.142752
485.000000,183.643997,0.078853,0.128590
486.000000,183.643997,0.062033,0.118328
487.000000,183.643997,0.045004,0.100789
488.000000,183.643997,0.027827,0.089968
489.000000,183.643997,0.010557,0.078152
490.000000,183.643997,-0.006748,0.058300
491.000000,183.643997,-0.024030,0.043831
492.000000,183.643997,-0.041233,0.028570
493.000000,183.643997,-0.058299,0.011943
494.000000,183.643997,-0.075170,-0.002319
495.000000,183.643997,-0.091791,-0.039686
496.000000,183.643997,-0.108108,-0.035467
497.000000,183.643997,-0.124063,-0.039476
498.000000,183.643997,-0.139606,-0.064161
499.000000,183.643997,-0.154686,-0.078030
500.000000,183.643997,-0.169250,-0.085539
501.000000,183.643997,-0.183249,-0.112378
502.000000,183.643997,-0.196641,-0.123199
503.000000,183.643997,-0.209380,-0.133682
504.000000,183.643997,-0.221417,-0.154941
505.000000,183.643997,-0.232720,-0.167696
506.000000,183.643997,-0.243252,-0.173477
507.000000,183.643997,-0.252969,-0.191323
508.000000,183.643997,-0.261845,-0.198131
509.000000,183.643997,-0.269854,-0.208705
510.000000,183.643997,-0.276962,-0.223692
511.000000,183.643997,-0.283146,-0.232374
512.000000,183.643997,-0.288392,-0.220998
513.000000,183.643997,-0.292680,-0.254361
514.000000,183.643997,-0.295986,-0.256216
515.000000,183.643997,-0.298312,-0.266328
516.000000,183.643997,-0.299649,-0.272376
517.000000,183.643997,-0.299983,-0.267757
518.000000,183.643997,-0.299319,-0.278675
519.000000,183.643997,-0.297663,-0.277663
520.000000,183.643997,-0.295015,-0.274377
521.000000,183.643997,-0.291382,-0.280009
522.000000,183.643997,-0.286783,-0.279816
523.000000,183.643997,-0.281232,-0.273484
524.000000,183.643997,-0.274738,-0.275175
525.000000,183.643997,-0.267334,-0.269255
526.000000,183.643997,-0.259043,-0.262543
527.000000,183.643997,-0.249885,-0.262681
528.000000,183.643997,-0.239896,-0.262195
529.000000,183.643997,-0.229112,-0.251341
530.000000,183.643997,-0.217565,-0.243860
531.000000,183.643997,-0.205291,-0.226720
532.000000,183.643997,-0.192336,-0.221085
533.000000,183.643997,-0.178744,-0.208751
534.000000,183.643997,-0.164551,-0.194085
535.000000,183.643997,-0.149813,-0.188789
536.000000,183.643997,-0.134579,-0.175649
537.000000,183.643997,-0.118894,-0.161950
538.000000,183.643997,-0.102814,-0.153154
539.000000,183.643997,-0.086393,-0.140234
540.000000,183.643997,-0.069684,-0.118801
541.000000,183.643997,-0.052742,-0.112231
542.000000,183.643997,-0.035626,-0.097904
543.000000,183.643997,-0.018391,-0.080105
0.000000,191.792999,0.010931,-0.059108
1.000000,191.792999,0.028964,-0.037927
2.000000,191.792999,0.046891,-0.023188
3.000000,191.792999,0.064649,-0.012605
4.000000,191.792999,0.082172,0.006336
5.000000,191.792999,0.099397,0.022582
6.000000,191.792999,0.116261,0.036872
7.000000,191.792999,0.132703,0.059225
8.000000,191.792999,0.148664,0.066533
9.000000,191.792999,0.164085,0.086568
10.000000,191.792999,0.178912,0.106975
11.000000,191.792999,0.193089,0.113663
12.000000,191.792999,0.206563,0.128971
13.000000,191.792999,0.219288,0.147577
14.000000,191.792999,0.231217,0.152873
15.000000,191.792999,0.242307,0.174200
16.000000,191.792999,0.252518,0.185219
17.000000,191.792999,0.261812,0.197589
18.000000,191.792999,0.270157,0.210949
19.000000,191.792999,0.277522,0.222421
20.000000,191.792999,0.283879,0.227571
21.000000,191.792999,0.289207,0.237137
22.000000,191.792999,0.293485,0.247130
23.000000,191.792999,0.296695,0.252792
24.000000,191.792999,0.298829,0.263765
25.000000,191.792999,0.299878,0.262139
26.000000,191.792999,0.299839,0.271687
27.000000,191.792999,0.298712,0.284272
28.000000,191.792999,0.296502,0.271027
29.000000,191.792999,0.293215,0.264979
30.000000,191.792999,0.288865,0.277858
31.000000,191.792999,0.283467,0.275347
32.000000,191.792999,0.277040,0.275540
33.000000,191.792999,0.269608,0.272644
34.000000,191.792999,0.261194,0.266707
35.000000,191.792999,0.251833,0.264072
36.000000,191.792999,0.241558,0.259023
37.000000,191.792999,0.230407,0.248032
38.000000,191.792999,0.218420,0.241824
39.000000,191.792999,0.205640,0.231882
40.000000,191.792999,0.192114,0.221990
41.000000,191.792999,0.177891,0.213395
42.000000,191.792999,0.163023,0.191088
43.000000,191.792999,0.147563,0.185301
44.000000,191.792999,0.131567,0.179739
45.000000,191.792999,0.115093,0.160313
46.000000,191.792999,0.098201,0.149798
47.000000,191.792999,0.080953,0.142890
48.000000,191.792999,0.063411,0.118497
49.000000,191.792999,0.045639,0.105595
50.000000,191.792999,0.027702,0.093546
51.000000,191.792999,0.009664,0.073854
52.000000,191.792999,-0.008409,0.060132
53.000000,191.792999,-0.026452,0.046750
54.000000,191.792999,-0.044399,0.025418
55.000000,191.792999,-0.062185,0.004475
56.000000,191.792999,-0.079744,-0.000926
57.000000,191.792999,-0.097014,-0.025772
58.000000,191.792999,-0.113932,-0.036007
59.000000,191.792999,-0.130436,-0.057509
60.000000,191.792999,-0.146467,-0.067895
61.000000,191.792999,-0.161967,-0.081864
62.000000,191.792999,-0.176879,-0.106724
63.000000,191.792999,-0.191149,-0.118205
64.000000,191.792999,-0.204726,-0.127868
65.000000,191.792999,-0.217560,-0.145787
66.000000,191.792999,-0.229605,-0.156902
67.000000,191.792999,-0.240814,-0.167237
68.000000,191.792999,-0.251149,-0.178815
69.000000,191.792999,-0.260573,-0.196711
70.000000,191.792999,-0.269051,-0.204513
71.000000,191.792999,-0.276553,-0.222052
72.000000,191.792999,-0.283052,-0.226399
73.000000,191.792999,-0.288523,-0.238948
74.000000,191.792999,-0.292948,-0.251667
75.000000,191.792999,-0.296310,-0.257362
76.000000,191.792999,-0.298597,-0.264436
77.000000,191.792999,-0.299800,-0.267148
78.000000,191.792999,-0.299914,-0.266529
79.000000,191.792999,-0.298937,-0.276962
80.000000,191.792999,-0.296876,-0.277796
81.000000,191.792999,-0.293738,-0.263583
82.000000,191.792999,-0.289534,-0.275248
83.000000,191.792999,-0.284280,-0.279436
84.000000,191.792999,-0.277995,-0.275564
85.000000,191.792999,-0.270700,-0.275322
86.000000,191.792999,-0.262424,-0.269622
87.000000,191.792999,-0.253195,-0.259350
88.000000,191.792999,-0.243048,-0.258361
89.000000,191.792999,-0.232017,-0.251548
90.000000,191.792999,-0.220142,-0.240822
91.000000,191.792999,-0.207470,-0.235892
92.000000,191.792999,-0.194044,-0.225359
93.000000,191.792999,-0.179915,-0.216480
94.000000,191.792999,-0.165133,-0.205017
95.000000,191.792999,-0.149751,-0.186604
96.000000,191.792999,-0.133827,-0.179676
97.000000,191.792999,-0.117416,-0.166555
98.000000,191.792999,-0.100580,-0.144582
99.000000,191.792999,-0.083379,-0.139313
100.000000,191.792999,-0.065874,-0.122819
101.000000,191.792999,-0.048130,-0.107186
102.000000,191.792999,-0.030211,-0.099137
103.000000,191.792999,-0.012183,-0.080783
104.000000,191.792999,0.005889,-0.058384
105.000000,191.792999,0.023939,-0.048987
106.000000,191.792999,0.041903,-0.032947
107.000000,191.792999,0.059715,-0.009347
108.000000,191.792999,0.077310,0.000269
109.000000,191.792999,0.094625,0.022710
110.000000,191.792999,0.111596,0.034636
111.000000,191.792999,0.128163,0.045059
112.000000,191.792999,0.144263,0.066446
113.000000,191.792999,0.159840,0.079540
114.000000,191.792999,0.174836,0.097582
115.000000,191.792999,0.189198,0.118062
116.000000,191.792999,0.202874,0.125117
117.000000,191.792999,0.215814,0.140425
118.000000,191.792999,0.227970,0.159631
119.000000,191.792999,0.239300,0.165967
120.000000,191.792999,0.249761,0.180454
121.000000,191.792999,0.259316,0.196599
122.000000,191.792999,0.267930,0.200049
123.000000,191.792999,0.275569,0.215269
124.000000,191.792999,0.282208,0.251143
125.000000,191.792999,0.287823,0.236505
126.000000,191.792999,0.292394,0.238851
127.000000,191.792999,0.295903,0.254190
128.000000,191.792999,0.298340,0.253539
129.000000,191.792999,0.299693,0.263252
130.000000,191.792999,0.299960,0.269538
131.000000,191.792999,0.299138,0.262313
132.000000,191.792999,0.297231,0.277153
133.000000,191.792999,0.294245,0.272053
134.000000,191.792999,0.290188,0.281354
135.000000,191.792999,0.285078,0.284566
136.000000,191.792999,0.278934,0.275347
137.000000,191.792999,0.271777,0.271746
138.000000,191.792999,0.263635,0.271751
139.000000,191.792999,0.254537,0.262766
140.000000,191.792999,0.244514,0.257158
141.000000,191.792999,0.233605,0.254337
142.000000,191.792999,0.221848,0.244165
143.000000,191.792999,0.209286,0.233197
144.000000,191.792999,0.195964,0.230228
145.000000,191.792999,0.181929,0.213510
146.000000,191.792999,0.167234,0.204035
147.000000,191.792999,0.151932,0.190300
148.000000,191.792999,0.136079,0.176527
149.000000,191.792999,0.119733,0.169866
150.000000,191.792999,0.102952,0.149565
151.000000,191.792999,0.085797,0.136118
152.000000,191.792999,0.068332,0.128622
153.000000,191.792999,0.050618,0.110910
154.000000,191.792999,0.032720,0.096748
155.000000,191.792999,0.014703,0.083586
156.000000,191.792999,-0.003367,0.062840
157.000000,191.792999,-0.021424,0.052018
158.000000,191.792999,-0.039404,0.033289
159.000000,191.792999,-0.057241,0.014037
160.000000,191.792999,-0.074870,-0.002292
161.000000,191.792999,-0.092227,-0.010094
162.000000,191.792999,-0.109250,-0.034033
163.000000,191.792999,-0.125876,-0.047535
164.000000,191.792999,-0.142046,-0.065050
165.000000,191.792999,-0.157701,-0.081209
166.000000,191.792999,-0.172783,-0.096951
167.000000,191.792999,-0.187237,-0.113885
168.000000,191.792999,-0.201011,-0.128913
169.000000,191.792999,-0.214055,-0.139688
170.000000,191.792999,-0.226323,-0.156054
171.000000,191.792999,-0.237769,-0.168282
172.000000,191.792999,-0.248353,-0.182631
173.000000,191.792999,-0.258036,-0.192290
174.000000,191.792999,-0.266782,-0.204224
175.000000,191.792999,-0.274561,-0.210987
176.000000,191.792999,-0.281344,-0.228305
177.000000,191.792999,-0.287106,-0.234807
178.000000,191.792999,-0.291823,-0.240222
179.000000,191.792999,-0.295481,-0.253454
180.000000,191.792999,-0.298066,-0.257508
181.000000,191.792999,-0.299570,-0.267922
182.000000,191.792999,-0.299987,-0.268788
183.000000,191.792999,-0.299316,-0.268170
184.000000,191.792999,-0.297558,-0.280228
185.000000,191.792999,-0.294722,-0.279436
186.000000,191.792999,-0.290815,-0.269164
187.000000,191.792999,-0.285854,-0.282689
188.000000,191.792999,-0.279855,-0.273269
189.000000,191.792999,-0.272839,-0.267010
190.000000,191.792999,-0.264831,-0.269301
191.000000,191.792999,-0.255863,-0.264642
192.000000,191.792999,-0.245967,-0.253770
193.000000,191.792999,-0.235178,-0.251594
194.000000,191.792999,-0.223535,-0.242100
195.000000,191.792999,-0.211082,-0.237235
196.000000,191.792999,-0.197863,-0.228232
197.000000,191.792999,-0.183926,-0.216146
198.000000,191.792999,-0.169322,-0.211431
199.000000,191.792999,-0.154103,-0.196170
200.000000,191.792999,-0.138323,-0.179264
201.000000,191.792999,-0.122041,-0.172195
202.000000,191.792999,-0.105317,-0.156741
203.000000,191.792999,-0.088210,-0.137915
204.000000,191.792999,-0.070784,-0.127039
205.000000,191.792999,-0.053101,-0.113079
206.000000,191.792999,-0.035225,-0.092686
207.000000,191.792999,-0.017221,-0.082469
208.000000,191.792999,0.000845,-0.067249
209.000000,191.792999,0.018909,-0.047150
210.000000,191.792999,0.036904,-0.036786
211.000000,191.792999,0.054764,-0.020819
212.000000,191.792999,0.072426,-0.002713
213.000000,191.792999,0.089825,0.012470
214.000000,191.792999,0.106898,0.032144
215.000000,191.792999,0.123583,0.043171
216.000000,191.792999,0.139819,0.063500
217.000000,191.792999,0.155548,0.081973
218.000000,191.792999,0.170713,0.089262
219.000000,191.792999,0.185258,0.109916
220.000000,191.792999,0.199132,0.128302
221.000000,191.792999,0.212283,0.137025
222.000000,191.792999,0.224663,0.152025
223.000000,191.792999,0.236226,0.169664
224.000000,191.792999,0.246931,0.177054
225.000000,191.792999,0.256741,0.192348
226.000000,191.792999,0.265619,0.206720
227.000000,191.792999,0.273533,0.209643
228.000000,191.792999,0.280455,0.222109
229.000000,191.792999,0.286360,0.237316
230.000000,191.792999,0.291225,0.247065
231.000000,191.792999,0.295034,0.250891
232.000000,191.792999,0.297773,0.252618
233.000000,191.792999,0.299430,0.260673
234.000000,191.792999,0.299997,0.270065
235.000000,191.792999,0.299477,0.268127
236.000000,191.792999,0.297869,0.279187
237.000000,191.792999,0.295181,0.283585
238.000000,191.792999,0.291423,0.274894
239.000000,191.792999,0.286606,0.274940
240.000000,191.792999,0.280750,0.280305
241.000000,191.792999,0.273875,0.269914
242.000000,191.792999,0.266007,0.273299
243.000000,191.792999,0.257173,0.274651
244.000000,191.792999,0.247406,0.265666
245.000000,191.792999,0.236738,0.253058
246.000000,191.792999,0.225211,0.239043
247.000000,191.792999,0.212868,0.231438
248.000000,191.792999,0.199752,0.227823
249.000000,191.792999,0.185911,0.213043
250.000000,191.792999,0.171396,0.206876
251.000000,191.792999,0.156259,0.199894
252.000000,191.792999,0.140555,0.181668
253.000000,191.792999,0.124341,0.172340
254.000000,191.792999,0.107676,0.161931
255.000000,191.792999,0.090620,0.144245
256.000000,191.792999,0.073234,0.129704
257.000000,191.792999,0.055582,0.119514
258.000000,191.792999,0.037729,0.097216
259.000000,191.792999,0.019739,0.083347
260.000000,191.792999,0.001677,0.073538
261.000000,191.792999,-0.016390,0.051753
262.000000,191.792999,-0.034398,0.037284
263.000000,191.792999,-0.052282,0.019343
264.000000,191.792999,-0.069976,0.001823
265.000000,191.792999,-0.087416,-0.006933
266.000000,191.792999,-0.104539,-0.032099
267.000000,191.792999,-0.121281,-0.044987
268.000000,191.792999,-0.137584,-0.051530
269.000000,191.792999,-0.153386,-0.075542
270.000000,191.792999,-0.168633,-0.095737
271.000000,191.792999,-0.183267,-0.101533
272.000000,191.792999,-0.197237,-0.120492
273.000000,191.792999,-0.210490,-0.137260
274.000000,191.792999,-0.222981,-0.146703
275.000000,191.792999,-0.234662,-0.163201
276.000000,191.792999,-0.245492,-0.179750
277.000000,191.792999,-0.255431,-0.189178
278.000000,191.792999,-0.264441,-0.201297
279.000000,191.792999,-0.272490,-0.211972
280.000000,191.792999,-0.279551,-0.226619
281.000000,191.792999,-0.285598,-0.234486
282.000000,191.792999,-0.290608,-0.237148
283.000000,191.792999,-0.294564,-0.251140
284.000000,191.792999,-0.297452,-0.257261
285.000000,191.792999,-0.299260,-0.258076
286.000000,191.792999,-0.299982,-0.271528
287.000000,191.792999,-0.299616,-0.270295
288.000000,191.792999,-0.298163,-0.267684
289.000000,191.792999,-0.295625,-0.280462
290.000000,191.792999,-0.292013,-0.279376
291.000000,191.792999,-0.287342,-0.273411
292.000000,191.792999,-0.281629,-0.279642
293.000000,191.792999,-0.274894,-0.257362
294.000000,191.792999,-0.267161,-0.269530
295.000000,191.792999,-0.258459,-0.269301
296.000000,191.792999,-0.248819,-0.264129
297.000000,191.792999,-0.238277,-0.256528
298.000000,191.792999,-0.226870,-0.249440
299.000000,191.792999,-0.214640,-0.235434
300.000000,191.792999,-0.201629,-0.232392
301.000000,191.792999,-0.187885,-0.222519
302.000000,191.792999,-0.173460,-0.205846
303.000000,191.792999,-0.158406,-0.197723
304.000000,191.792999,-0.142777,-0.183016
305.000000,191.792999,-0.126630,-0.168131
306.000000,191.792999,-0.110024,-0.157841
307.000000,191.792999,-0.093019,-0.144407
308.000000,191.792999,-0.075675,-0.128248
309.000000,191.792999,-0.058058,-0.120492
310.000000,191.792999,-0.040229,-0.101112
311.000000,191.792999,-0.022254,-0.089158
312.000000,191.792999,-0.004198,-0.073915
313.000000,191.792999,0.013872,-0.052309
314.000000,191.792999,0.031893,-0.047887
315.000000,191.792999,0.049797,-0.023106
316.000000,191.792999,0.067521,-0.002860
317.000000,191.792999,0.085000,0.007417
318.000000,191.792999,0.102170,0.019457
319.000000,191.792999,0.118970,0.045636
320.000000,191.792999,0.135338,0.058373
321.000000,191.792999,0.151216,0.075980
322.000000,191.792999,0.166544,0.093399
323.000000,191.792999,0.181266,0.098929
324.000000,191.792999,0.195331,0.120770
325.000000,191.792999,0.208687,0.141996
326.000000,191.792999,0.221285,0.148552
327.000000,191.792999,0.233081,0.161985
328.000000,191.792999,0.244031,0.171712
329.000000,191.792999,0.254096,0.188728
330.000000,191.792999,0.263238,0.201108
331.000000,191.792999,0.271426,0.207403
332.000000,191.792999,0.278629,0.222870
333.000000,191.792999,0.284820,0.233889
334.000000,191.792999,0.289975,0.237471
335.000000,191.792999,0.294078,0.250538
336.000000,191.792999,0.297114,0.259623
337.000000,191.792999,0.299072,0.257259
338.000000,191.792999,0.299945,0.268173
339.000000,191.792999,0.299729,0.271751
340.000000,191.792999,0.298426,0.278541
341.000000,191.792999,0.296041,0.278953
342.000000,191.792999,0.292581,0.280085
343.000000,191.792999,0.288060,0.275114
344.000000,191.792999,0.282492,0.279466
345.000000,191.792999,0.275897,0.272773
346.000000,191.792999,0.268301,0.270647
347.000000,191.792999,0.259731,0.271485
348.000000,191.792999,0.250219,0.257186
349.000000,191.792999,0.239800,0.253672
350.000000,191.792999,0.228510,0.250923
351.000000,191.792999,0.216391,0.239258
352.000000,191.792999,0.203487,0.230150
353.000000,191.792999,0.189845,0.228002
354.000000,191.792999,0.175514,0.209863
355.000000,191.792999,0.160545,0.196214
356.000000,191.792999,0.144992,0.189159
357.000000,191.792999,0.128913,0.169760
358.000000,191.792999,0.112367,0.160799
359.000000,191.792999,0.095413,0.145643
360.000000,191.792999,0.078113,0.129131
361.000000,191.792999,0.060530,0.124036
362.000000,191.792999,0.042727,0.102622
363.000000,191.792999,0.024768,0.087608
364.000000,191.792999,0.006720,0.079219
365.000000,191.792999,-0.011352,0.053026
366.000000,191.792999,-0.029384,0.039685
367.000000,191.792999,-0.047309,0.030536
368.000000,191.792999,-0.065062,0.006743
369.000000,191.792999,-0.082578,-0.007052
370.000000,191.792999,-0.099795,-0.016494
371.000000,191.792999,-0.116650,-0.041693
372.000000,191.792999,-0.133081,-0.053408
373.000000,191.792999,-0.149030,-0.069471
374.000000,191.792999,-0.164438,-0.090583
375.000000,191.792999,-0.179250,-0.104525
376.000000,191.792999,-0.193411,-0.117000
377.000000,191.792999,-0.206871,-0.134406
378.000000,191.792999,-0.219577,-0.145754
379.000000,191.792999,-0.231487,-0.168662
380.000000,191.792999,-0.242556,-0.174816
381.000000,191.792999,-0.252746,-0.179177
382.000000,191.792999,-0.262018,-0.198837
383.000000,191.792999,-0.270340,-0.212471
384.000000,191.792999,-0.277681,-0.216040
385.000000,191.792999,-0.284014,-0.231059
386.000000,191.792999,-0.289318,-0.237707
387.000000,191.792999,-0.293571,-0.240749
388.000000,191.792999,-0.296759,-0.257467
389.000000,191.792999,-0.298867,-0.261668
390.000000,191.792999,-0.299891,-0.262177
391.000000,191.792999,-0.299826,-0.273988
392.000000,191.792999,-0.298673,-0.273796
393.000000,191.792999,-0.296437,-0.277704
394.000000,191.792999,-0.293125,-0.281355
395.000000,191.792999,-0.288750,-0.277603
396.000000,191.792999,-0.283327,-0.279056
397.000000,191.792999,-0.276876,-0.274969
398.000000,191.792999,-0.269421,-0.262676
399.000000,191.792999,-0.260987,-0.270781
400.000000,191.792999,-0.251605,-0.261655
401.000000,191.792999,-0.241308,-0.250343
402.000000,191.792999,-0.230136,-0.252780
403.000000,191.792999,-0.218130,-0.245367
404.000000,191.792999,-0.205332,-0.228548
405.000000,191.792999,-0.191789,-0.221978
406.000000,191.792999,-0.177550,-0.210625
407.000000,191.792999,-0.162667,-0.194246
408.000000,191.792999,-0.147194,-0.186416
409.000000,191.792999,-0.131186,-0.178710
410.000000,191.792999,-0.114702,-0.164837
411.000000,191.792999,-0.097802,-0.155761
412.000000,191.792999,-0.080545,-0.142034
413.000000,191.792999,-0.062997,-0.122219
414.000000,191.792999,-0.045221,-0.105624
415.000000,191.792999,-0.027280,-0.084325
416.000000,191.792999,-0.009241,-0.076215
417.000000,191.792999,0.008832,-0.062548
418.000000,191.792999,0.026873,-0.041936
419.000000,191.792999,0.044817,-0.029273
420.000000,191.792999,0.062598,-0.012032
421.000000,191.792999,0.080152,0.009474
422.000000,191.792999,0.097415,0.017157
423.000000,191.792999,0.114324,0.036918
424.000000,191.792999,0.130817,0.056944
425.000000,191.792999,0.146837,0.066487
426.000000,191.792999,0.162323,0.082674
427.000000,191.792999,0.177220,0.097367
428.000000,191.792999,0.191474,0.116183
429.000000,191.792999,0.205034,0.131023
430.000000,191.792999,0.217850,0.134624
431.000000,191.792999,0.229875,0.160299
432.000000,191.792999,0.241067,0.179959
433.000000,191.792999,0.251382,0.180481
434.000000,191.792999,0.260783,0.194515
435.000000,191.792999,0.269239,0.212974
436.000000,191.792999,0.276717,0.219163
437.000000,191.792999,0.283191,0.232157
438.000000,191.792999,0.288638,0.244142
439.000000,191.792999,0.293038,0.246845
440.000000,191.792999,0.296374,0.252765
441.000000,191.792999,0.298636,0.262450
442.000000,191.792999,0.299813,0.262766
443.000000,191.792999,0.299903,0.264145
444.000000,191.792999,0.298904,0.285693
445.000000,191.792999,0.296817,0.279581
446.000000,191.792999,0.293653,0.277153
447.000000,191.792999,0.289424,0.271073
448.000000,191.792999,0.284145,0.278747
449.000000,191.792999,0.277835,0.276012
450.000000,191.792999,0.270517,0.267160
451.000000,191.792999,0.262218,0.264306
452.000000,191.792999,0.252967,0.266844
453.000000,191.792999,0.242798,0.254506
454.000000,191.792999,0.231749,0.249865
455.000000,191.792999,0.219857,0.246823
456.000000,191.792999,0.207166,0.228918
457.000000,191.792999,0.193723,0.224790
458.000000,191.792999,0.179577,0.212301
459.000000,191.792999,0.164780,0.199669
460.000000,191.792999,0.149385,0.190781
461.000000,191.792999,0.133448,0.177206
462.000000,191.792999,0.117027,0.163287
463.000000,191.792999,0.100182,0.151338
464.000000,191.792999,0.082972,0.131564
465.000000,191.792999,0.065462,0.123844
466.000000,191.792999,0.047713,0.115602
467.000000,191.792999,0.029791,0.088515
468.000000,191.792999,0.011762,0.077254
469.000000,191.792999,-0.006311,0.070198
470.000000,191.792999,-0.024360,0.047139
471.000000,191.792999,-0.042321,0.030297
472.000000,191.792999,-0.060128,0.015274
473.000000,191.792999,-0.077718,0.001309
474.000000,191.792999,-0.095025,-0.016206
475.000000,191.792999,-0.111988,-0.033162
476.000000,191.792999,-0.128544,-0.058434
477.000000,191.792999,-0.144634,-0.071936
478.000000,191.792999,-0.160198,-0.080018
479.000000,191.792999,-0.175180,-0.100997
480.000000,191.792999,-0.189527,-0.113312
481.000000,191.792999,-0.203185,-0.133261
482.000000,191.792999,-0.216107,-0.144380
483.000000,191.792999,-0.228244,-0.157676
484.000000,191.792999,-0.239553,-0.173542
485.000000,191.792999,-0.249994,-0.181889
486.000000,191.792999,-0.259527,-0.194452
487.000000,191.792999,-0.268119,-0.207317
488.000000,191.792999,-0.275738,-0.213892
489.000000,191.792999,-0.282353,-0.222294
490.000000,191.792999,-0.287943,-0.238046
491.000000,191.792999,-0.292489,-0.246260
492.000000,191.792999,-0.295973,-0.249156
493.000000,191.792999,-0.298384,-0.259401
494.000000,191.792999,-0.299712,-0.265462
495.000000,191.792999,-0.299952,-0.262997
496.000000,191.792999,-0.299105,-0.275922
497.000000,191.792999,-0.297172,-0.291870
498.000000,191.792999,-0.294160,-0.278904
499.000000,191.792999,-0.290082,-0.276668
500.000000,191.792999,-0.284948,-0.274849
501.000000,191.792999,-0.278779,-0.277736
502.000000,191.792999,-0.271599,-0.274295
503.000000,191.792999,-0.263433,-0.257902
504.000000,191.792999,-0.254312,-0.266914
505.000000,191.792999,-0.244268,-0.254961
506.000000,191.792999,-0.233338,-0.246622
507.000000,191.792999,-0.221562,-0.244300
508.000000,191.792999,-0.208981,-0.240007
509.000000,191.792999,-0.195642,-0.221401
510.000000,191.792999,-0.181593,-0.219151
511.000000,191.792999,-0.166883,-0.205791
512.000000,191.792999,-0.151568,-0.187625
513.000000,191.792999,-0.135702,-0.180909
514.000000,191.792999,-0.119345,-0.167622
515.000000,191.792999,-0.102554,-0.154863
516.000000,191.792999,-0.085392,-0.139913
517.000000,191.792999,-0.067919,-0.123886
518.000000,191.792999,-0.050200,-0.111645
519.000000,191.792999,-0.032299,-0.097437
520.000000,191.792999,-0.014281,-0.077558
0.000000,200.302994,0.014297,-0.055470
1.000000,200.302994,0.033113,-0.043260
2.000000,200.302994,0.051798,-0.027527
3.000000,200.302994,0.070277,-0.013672
4.000000,200.302994,0.088478,0.007403
5.000000,200.302994,0.106329,0.029816
6.000000,200.302994,0.123760,0.071160
7.000000,200.302994,0.140700,0.055532
8.000000,200.302994,0.157085,0.073845
9.000000,200.302994,0.172847,0.078848
10.000000,200.302994,0.187923,0.104116
11.000000,200.302994,0.202256,0.127555
12.000000,200.302994,0.215788,0.134345
13.000000,200.302994,0.228466,0.151352
14.000000,200.302994,0.240241,0.175098
15.000000,200.302994,0.251065,0.181961
16.000000,200.302994,0.260896,0.191381
17.000000,200.302994,0.269693,0.206881
18.000000,200.302994,0.277420,0.212543
19.000000,200.302994,0.284050,0.225523
20.000000,200.302994,0.289556,0.235570
21.000000,200.302994,0.293916,0.243711
22.000000,200.302994,0.297113,0.253704
23.000000,200.302994,0.299135,0.255472
24.000000,200.302994,0.299974,0.266092
25.000000,200.302994,0.299623,0.275178
26.000000,200.302994,0.298084,0.274147
27.000000,200.302994,0.295365,0.276726
28.000000,200.302994,0.291478,0.277551
29.000000,200.302994,0.286439,0.275714
30.000000,200.302994,0.280266,0.277020
31.000000,200.302994,0.272984,0.276365
32.000000,200.302994,0.264622,0.266560
33.000000,200.302994,0.255209,0.261025
34.000000,200.302994,0.244786,0.256224
35.000000,200.302994,0.233394,0.243418
36.000000,200.302994,0.221079,0.244710
37.000000,200.302994,0.207890,0.234997
38.000000,200.302994,0.193878,0.225477
39.000000,200.302994,0.179099,0.217675
40.000000,200.302994,0.163611,0.198336
41.000000,200.302994,0.147473,0.191014
42.000000,200.302994,0.130751,0.183359
43.000000,200.302994,0.113513,0.163213
44.000000,200.302994,0.095825,0.150238
45.000000,200.302994,0.077759,0.136929
46.000000,200.302994,0.059384,0.120724
47.000000,200.302994,0.040775,0.102915
48.000000,200.302994,0.022004,0.091026
49.000000,200.302994,0.003145,0.069167
50.000000,200.302994,-0.015725,0.057452
51.000000,200.302994,-0.034534,0.035836
52.000000,200.302994,-0.053205,0.017304
53.000000,200.302994,-0.071666,0.008035
54.000000,200.302994,-0.089844,-0.015459
55.000000,200.302994,-0.107666,-0.029579
56.000000,200.302994,-0.125063,-0.039682
57.000000,200.302994,-0.141962,-0.064015
58.000000,200.302994,-0.158300,-0.082790
59.000000,200.302994,-0.174011,-0.091339
60.000000,200.302994,-0.189034,-0.114018
61.000000,200.302994,-0.203309,-0.127139
62.000000,200.302994,-0.216780,-0.138369
63.000000,200.302994,-0.229394,-0.157767
64.000000,200.302994,-0.241098,-0.171636
65.000000,200.302994,-0.251845,-0.179658
66.000000,200.302994,-0.261596,-0.195863
67.000000,200.302994,-0.270313,-0.208325
68.000000,200.302994,-0.277960,-0.222400
69.000000,200.302994,-0.284507,-0.229946
70.000000,200.302994,-0.289929,-0.235947
71.000000,200.302994,-0.294203,-0.250554
72.000000,200.302994,-0.297311,-0.257261
73.000000,200.302994,-0.299240,-0.255616
74.000000,200.302994,-0.299985,-0.266988
75.000000,200.302994,-0.299544,-0.271482
76.000000,200.302994,-0.297917,-0.282184
77.000000,200.302994,-0.295112,-0.276962
78.000000,200.302994,-0.291139,-0.270589
79.000000,200.302994,-0.286015,-0.270511
80.000000,200.302994,-0.279754,-0.276962
81.000000,200.302994,-0.272386,-0.271789
82.000000,200.302994,-0.263941,-0.269837
83.000000,200.302994,-0.254451,-0.266255
84.000000,200.302994,-0.243955,-0.257362
85.000000,200.302994,-0.232493,-0.254975
86.000000,200.302994,-0.220112,-0.242146
87.000000,200.302994,-0.206860,-0.232827
88.000000,200.302994,-0.192785,-0.229639
89.000000,200.302994,-0.177948,-0.216118
90.000000,200.302994,-0.162407,-0.198406
91.000000,200.302994,-0.146223,-0.194296
92.000000,200.302994,-0.129462,-0.178476
93.000000,200.302994,-0.112187,-0.153763
94.000000,200.302994,-0.094469,-0.154120
95.000000,200.302994,-0.076377,-0.136147
96.000000,200.302994,-0.057981,-0.114934
97.000000,200.302994,-0.039357,-0.103824
98.000000,200.302994,-0.020576,-0.088750
99.000000,200.302994,-0.001715,-0.066337
100.000000,200.302994,0.017154,-0.056061
101.000000,200.302994,0.035955,-0.037867
102.000000,200.302994,0.054613,-0.028480
103.000000,200.302994,0.073056,-0.009118
104.000000,200.302994,0.091208,0.017015
105.000000,200.302994,0.108999,0.026911
106.000000,200.302994,0.126359,0.045119
107.000000,200.302994,0.143220,0.064765
108.000000,200.302994,0.159513,0.071701
109.000000,200.302994,0.175176,0.095255
110.000000,200.302994,0.190145,0.110887
111.000000,200.302994,0.204361,0.123404
112.000000,200.302994,0.217766,0.143618
113.000000,200.302994,0.230310,0.161257
114.000000,200.302994,0.241943,0.171694
115.000000,200.302994,0.252618,0.184907
116.000000,200.302994,0.262294,0.196160
117.000000,200.302994,0.270932,0.208969
118.000000,200.302994,0.278499,0.219869
119.000000,200.302994,0.284960,0.224336
120.000000,200.302994,0.290292,0.233591
121.000000,200.302994,0.294476,0.250131
122.000000,200.302994,0.297495,0.250419
123.000000,200.302994,0.299336,0.253965
124.000000,200.302994,0.299994,0.272278
125.000000,200.302994,0.299465,0.269840
126.000000,200.302994,0.297751,0.277546
127.000000,200.302994,0.294854,0.285739
128.000000,200.302994,0.290790,0.276007
129.000000,200.302994,0.285576,0.280593
130.000000,200.302994,0.279232,0.277625
131.000000,200.302994,0.271783,0.266780
132.000000,200.302994,0.263259,0.263105
133.000000,200.302994,0.253694,0.261644
134.000000,200.302994,0.243124,0.260233
135.000000,200.302994,0.231588,0.255505
136.000000,200.302994,0.219137,0.228524
137.000000,200.302994,0.205818,0.231951
138.000000,200.302994,0.191685,0.230182
139.000000,200.302994,0.176794,0.211356
140.000000,200.302994,0.161204,0.202702
141.000000,200.302994,0.144975,0.190653
142.000000,200.302994,0.128172,0.175414
143.000000,200.302994,0.110861,0.189287
144.000000,200.302994,0.093111,0.152030
145.000000,200.302994,0.074992,0.122964
146.000000,200.302994,0.056577,0.111176
147.000000,200.302994,0.037939,0.100547
148.000000,200.302994,0.019150,0.081295
149.000000,200.302994,0.000285,0.064746
150.000000,200.302994,-0.018581,0.054658
151.000000,200.302994,-0.037374,0.036798
152.000000,200.302994,-0.056018,0.023883
153.000000,200.302994,-0.074441,0.001429
154.000000,200.302994,-0.092569,-0.012385
155.000000,200.302994,-0.110330,-0.029561
156.000000,200.302994,-0.127656,-0.052561
157.000000,200.302994,-0.144477,-0.065009
158.000000,200.302994,-0.160724,-0.071024
159.000000,200.302994,-0.176335,-0.101070
160.000000,200.302994,-0.191247,-0.114939
161.000000,200.302994,-0.205403,-0.124454
162.000000,200.302994,-0.218746,-0.144073
163.000000,200.302994,-0.231224,-0.157575
164.000000,200.302994,-0.242787,-0.176465
165.000000,200.302994,-0.253390,-0.184629
166.000000,200.302994,-0.262987,-0.197384
167.000000,200.302994,-0.271543,-0.210579
168.000000,200.302994,-0.279023,-0.226739
169.000000,200.302994,-0.285400,-0.229693
170.000000,200.302994,-0.290648,-0.239993
171.000000,200.302994,-0.294746,-0.249674
172.000000,200.302994,-0.297678,-0.252936
173.000000,200.302994,-0.299433,-0.263414
174.000000,200.302994,-0.299997,-0.264115
175.000000,200.302994,-0.299375,-0.264257
176.000000,200.302994,-0.297568,-0.276142
177.000000,200.302994,-0.294583,-0.283683
178.000000,200.302994,-0.290434,-0.274304
179.000000,200.302994,-0.285135,-0.277928
180.000000,200.302994,-0.278709,-0.274689
181.000000,200.302994,-0.271179,-0.266790
182.000000,200.302994,-0.262571,-0.265801
183.000000,200.302994,-0.252925,-0.265535
184.000000,200.302994,-0.242279,-0.259029
185.000000,200.302994,-0.230674,-0.255314
186.000000,200.302994,-0.218156,-0.242114
187.000000,200.302994,-0.204776,-0.238073
188.000000,200.302994,-0.190585,-0.222065
189.000000,200.302994,-0.175639,-0.205232
190.000000,200.302994,-0.159996,-0.199950
191.000000,200.302994,-0.143720,-0.185843
192.000000,200.302994,-0.126875,-0.169317
193.000000,200.302994,-0.109529,-0.161634
194.000000,200.302994,-0.091749,-0.147527
195.000000,200.302994,-0.073607,-0.127208
196.000000,200.302994,-0.055172,-0.118251
197.000000,200.302994,-0.036519,-0.101845
198.000000,200.302994,-0.017722,-0.080705
199.000000,200.302994,0.001146,-0.074062
200.000000,200.302994,0.020009,-0.055268
201.000000,200.302994,0.038793,-0.035595
202.000000,200.302994,0.057423,-0.020792
203.000000,200.302994,0.075826,0.021569
204.000000,200.302994,0.093930,0.010056
205.000000,200.302994,0.111661,0.025111
206.000000,200.302994,0.128949,0.046631
207.000000,200.302994,0.145727,0.057713
208.000000,200.302994,0.161928,0.076140
209.000000,200.302994,0.177489,0.101074
210.000000,200.302994,0.192347,0.112917
211.000000,200.302994,0.206445,0.128517
212.000000,200.302994,0.219726,0.148310
213.000000,200.302994,0.232135,0.159420
214.000000,200.302994,0.243624,0.171740
215.000000,200.302994,0.254149,0.186039
216.000000,200.302994,0.263669,0.195875
217.000000,200.302994,0.272146,0.213922
218.000000,200.302994,0.279546,0.221922
219.000000,200.302994,0.285841,0.228684
220.000000,200.302994,0.291004,0.240770
221.000000,200.302994,0.295011,0.243024
222.000000,200.302994,0.297851,0.256952
223.000000,200.302994,0.299512,0.266638
224.000000,200.302994,0.299989,0.268127
225.000000,200.302994,0.299278,0.270706
226.000000,200.302994,0.297384,0.281872
227.000000,200.302994,0.294313,0.194648
228.000000,200.302994,0.290077,0.278587
229.000000,200.302994,0.284689,0.301820
230.000000,200.302994,0.278174,0.291795
231.000000,200.302994,0.270559,0.290714
232.000000,200.302994,0.261874,0.277111
233.000000,200.302994,0.252153,0.262986
234.000000,200.302994,0.241434,0.258858
235.000000,200.302994,0.229760,0.248738
236.000000,200.302994,0.217176,0.240958
237.000000,200.302994,0.203729,0.242397
238.000000,200.302994,0.189477,0.218870
239.000000,200.302994,0.174475,0.209102
240.000000,200.302994,0.158783,0.201520
241.000000,200.302994,0.142463,0.185681
242.000000,200.302994,0.125579,0.175093
243.000000,200.302994,0.108198,0.167218
244.000000,200.302994,0.090388,0.147439
245.000000,200.302994,0.072220,0.120023
246.000000,200.302994,0.053766,0.115721
247.000000,200.302994,0.035099,0.097216
248.000000,200.302994,0.016294,0.082454
249.000000,200.302994,-0.002576,0.067298
250.000000,200.302994,-0.021435,0.051753
251.000000,200.302994,-0.040211,0.035864
252.000000,200.302994,-0.058826,0.036391
253.000000,200.302994,-0.077209,-0.000858
254.000000,200.302994,-0.095285,-0.016980
255.000000,200.302994,-0.112985,-0.039233
256.000000,200.302994,-0.130238,-0.053541
257.000000,200.302994,-0.146975,-0.064550
258.000000,200.302994,-0.163132,-0.086483
259.000000,200.302994,-0.178643,-0.103105
260.000000,200.302994,-0.193444,-0.111434
261.000000,200.302994,-0.207480,-0.131652
262.000000,200.302994,-0.220694,-0.144481
263.000000,200.302994,-0.233035,-0.152503
264.000000,200.302994,-0.244455,-0.171535
265.000000,200.302994,-0.254907,-0.186297
266.000000,200.302994,-0.264351,-0.199886
267.000000,200.302994,-0.272750,-0.212531
268.000000,200.302994,-0.280064,-0.218226
269.000000,200.302994,-0.286270,-0.231906
270.000000,200.302994,-0.291343,-0.244680
271.000000,200.302994,-0.295264,-0.243841
272.000000,200.302994,-0.298017,-0.260587
273.000000,200.302994,-0.299591,-0.267235
274.000000,200.302994,-0.299980,-0.266337
275.000000,200.302994,-0.299181,-0.273095
276.000000,200.302994,-0.297193,-0.275129
277.000000,200.302994,-0.294030,-0.274158
278.000000,200.302994,-0.289704,-0.279789
279.000000,200.302994,-0.284232,-0.272009
280.000000,200.302994,-0.277635,-0.278244
281.000000,200.302994,-0.269940,-0.272348
282.000000,200.302994,-0.261177,-0.271116
283.000000,200.302994,-0.251378,-0.255689
284.000000,200.302994,-0.240583,-0.250773
285.000000,200.302994,-0.228835,-0.246128
286.000000,200.302994,-0.216183,-0.240987
287.000000,200.302994,-0.202675,-0.239466
288.000000,200.302994,-0.188365,-0.213259
289.000000,200.302994,-0.173310,-0.208884
290.000000,200.302994,-0.157569,-0.197077
291.000000,200.302994,-0.141204,-0.185385
292.000000,200.302994,-0.124278,-0.173469
293.000000,200.302994,-0.106861,-0.156608
294.000000,200.302994,-0.089022,-0.140156
295.000000,200.302994,-0.070830,-0.132839
296.000000,200.302994,-0.052358,-0.118659
297.000000,200.302994,-0.033678,-0.105033
298.000000,200.302994,-0.014865,-0.085149
299.000000,200.302994,0.004006,-0.064202
300.000000,200.302994,0.022862,-0.049422
301.000000,200.302994,0.041627,-0.037607
302.000000,200.302994,0.060228,-0.013846
303.000000,200.302994,0.078590,-0.000111
304.000000,200.302994,0.096641,0.018110
305.000000,200.302994,0.114310,0.036423
306.000000,200.302994,0.131527,0.051166
307.000000,200.302994,0.148222,0.069067
308.000000,200.302994,0.164330,0.090353
309.000000,200.302994,0.179787,0.102796
310.000000,200.302994,0.194533,0.115789
311.000000,200.302994,0.208509,0.134175
312.000000,200.302994,0.221661,0.144539
313.000000,200.302994,0.233936,0.158865
314.000000,200.302994,0.245285,0.177485
315.000000,200.302994,0.255660,0.190075
316.000000,200.302994,0.265023,0.199408
317.000000,200.302994,0.273337,0.204915
318.000000,200.302994,0.280570,0.220643
319.000000,200.302994,0.286694,0.237183
320.000000,200.302994,0.291682,0.239405
321.000000,200.302994,0.295518,0.250025
322.000000,200.302994,0.298182,0.263871
323.000000,200.302994,0.299663,0.256673
324.000000,200.302994,0.299958,0.270179
325.000000,200.302994,0.299067,0.279265
326.000000,200.302994,0.296992,0.274000
327.000000,200.302994,0.293743,0.278060
328.000000,200.302994,0.289331,0.281345
329.000000,200.302994,0.283775,0.274747
330.000000,200.302994,0.277094,0.274193
331.000000,200.302994,0.269313,0.270491
332.000000,200.302994,0.260468,0.264026
333.000000,200.302994,0.250591,0.261758
334.000000,200.302994,0.239724,0.255812
335.000000,200.302994,0.227908,0.248472
336.000000,200.302994,0.215190,0.250424
337.000000,200.302994,0.201621,0.231071
338.000000,200.302994,0.187252,0.222123
339.000000,200.302994,0.172141,0.211714
340.000000,200.302994,0.156349,0.190075
341.000000,200.302994,0.139939,0.180747
342.000000,200.302994,0.122975,0.176138
343.000000,200.302994,0.105524,0.160680
344.000000,200.302994,0.087656,0.146811
345.000000,200.302994,0.069441,0.131349
346.000000,200.302994,0.050950,0.110310
347.000000,200.302994,0.032257,0.102769
348.000000,200.302994,0.013437,0.081446
349.000000,200.302994,-0.005436,0.053013
350.000000,200.302994,-0.024288,0.048284
351.000000,200.302994,-0.043043,0.027337
352.000000,200.302994,-0.061628,0.014243
353.000000,200.302994,-0.079970,0.000641
354.000000,200.302994,-0.097994,-0.019738
355.000000,200.302994,-0.115630,-0.030707
356.000000,200.302994,-0.132809,-0.044616
357.000000,200.302994,-0.149462,-0.072202
358.000000,200.302994,-0.165523,-0.085250
359.000000,200.302994,-0.180930,-0.100126
360.000000,200.302994,-0.195622,-0.121605
361.000000,200.302994,-0.209539,-0.130567
362.000000,200.302994,-0.222623,-0.142909
363.000000,200.302994,-0.234827,-0.166028
364.000000,200.302994,-0.246102,-0.171489
365.000000,200.302994,-0.256403,-0.188038
366.000000,200.302994,-0.265689,-0.207917
367.000000,200.302994,-0.273925,-0.213099
368.000000,200.302994,-0.281077,-0.224819
369.000000,200.302994,-0.287116,-0.232186
370.000000,200.302994,-0.292014,-0.237235
371.000000,200.302994,-0.295758,-0.239759
372.000000,200.302994,-0.298331,-0.257568
373.000000,200.302994,-0.299725,-0.261723
374.000000,200.302994,-0.299932,-0.270488
375.000000,200.302994,-0.298953,-0.280783
376.000000,200.302994,-0.296791,-0.270584
377.000000,200.302994,-0.293453,-0.273315
378.000000,200.302994,-0.288950,-0.272829
379.000000,200.302994,-0.283305,-0.275784
380.000000,200.302994,-0.276538,-0.279569
381.000000,200.302994,-0.268678,-0.272462
382.000000,200.302994,-0.259755,-0.275230
383.000000,200.302994,-0.249804,-0.263281
384.000000,200.302994,-0.238865,-0.251722
385.000000,200.302994,-0.226978,-0.247800
386.000000,200.302994,-0.214191,-0.235686
387.000000,200.302994,-0.200557,-0.225707
388.000000,200.302994,-0.186130,-0.215051
389.000000,200.302994,-0.170966,-0.208385
390.000000,200.302994,-0.155126,-0.197292
391.000000,200.302994,-0.138673,-0.185596
392.000000,200.302994,-0.121670,-0.171416
393.000000,200.302994,-0.104184,-0.154143
394.000000,200.302994,-0.086286,-0.144527
395.000000,200.302994,-0.068047,-0.125806
396.000000,200.302994,-0.049538,-0.115287
397.000000,200.302994,-0.030834,-0.098024
398.000000,200.302994,-0.012008,-0.078570
399.000000,200.302994,0.006867,-0.066942
400.000000,200.302994,0.025714,-0.046247
401.000000,200.302994,0.044459,-0.027554
402.000000,200.302994,0.063028,-0.015198
403.000000,200.302994,0.081347,-0.006085
404.000000,200.302994,0.099344,0.023095
405.000000,200.302994,0.116949,0.032565
406.000000,200.302994,0.134091,0.056866
407.000000,200.302994,0.150702,0.080905
408.000000,200.302994,0.166717,0.087915
409.000000,200.302994,0.182070,0.104922
410.000000,200.302994,0.196702,0.121155
411.000000,200.302994,0.210556,0.130771
412.000000,200.302994,0.223578,0.144131
413.000000,200.302994,0.235714,0.160011
414.000000,200.302994,0.246918,0.179134
415.000000,200.302994,0.257146,0.191514
416.000000,200.302994,0.266354,0.221550
417.000000,200.302994,0.274506,0.207696
418.000000,200.302994,0.281571,0.222435
419.000000,200.302994,0.287522,0.226531
420.000000,200.302994,0.292336,0.240344
421.000000,200.302994,0.295994,0.253150
422.000000,200.302994,0.298480,0.257186
423.000000,200.302994,0.299786,0.263632
424.000000,200.302994,0.299903,0.271898
425.000000,200.302994,0.298830,0.270280
426.000000,200.302994,0.296576,0.276126
427.000000,200.302994,0.293148,0.281125
428.000000,200.302994,0.288560,0.275787
429.000000,200.302994,0.282831,0.276053
430.000000,200.302994,0.275983,0.272658
431.000000,200.302994,0.268043,0.275787
432.000000,200.302994,0.259039,0.268525
433.000000,200.302994,0.249009,0.252325
434.000000,200.302994,0.237994,0.250552
435.000000,200.302994,0.226037,0.249750
436.000000,200.302994,0.213186,0.237471
437.000000,200.302994,0.199492,0.232757
438.000000,200.302994,0.185008,0.220488
439.000000,200.302994,0.169792,0.204136
440.000000,200.302994,0.153902,0.195628
441.000000,200.302994,0.137403,0.185512
442.000000,200.302994,0.120360,0.170507
443.000000,200.302994,0.102841,0.157005
444.000000,200.302994,0.084916,0.145336
445.000000,200.302994,0.066654,0.121470
446.000000,200.302994,0.048128,0.104629
447.000000,200.302994,0.029412,0.095580
448.000000,200.302994,0.010579,0.078688
449.000000,200.302994,-0.008296,0.063019
450.000000,200.302994,-0.027138,0.044138
451.000000,200.302994,-0.045872,0.030838
452.000000,200.302994,-0.064425,0.017089
453.000000,200.302994,-0.082723,-0.007244
454.000000,200.302994,-0.100694,-0.019472
455.000000,200.302994,-0.118266,-0.030922
456.000000,200.302994,-0.135369,-0.056501
457.000000,200.302994,-0.151936,-0.072229
458.000000,200.302994,-0.167902,-0.085245
459.000000,200.302994,-0.183203,-0.112158
460.000000,200.302994,-0.197780,-0.121193
461.000000,200.302994,-0.211574,-0.128615
462.000000,200.302994,-0.224531,-0.146534
463.000000,200.302994,-0.236599,-0.165689
464.000000,200.302994,-0.247728,-0.178284
465.000000,200.302994,-0.257877,-0.195497
466.000000,200.302994,-0.267005,-0.203798
467.000000,200.302994,-0.275077,-0.217672
468.000000,200.302994,-0.282061,-0.222665
469.000000,200.302994,-0.287929,-0.228608
470.000000,200.302994,-0.292658,-0.242133
471.000000,200.302994,-0.296227,-0.251241
472.000000,200.302994,-0.298621,-0.253916
473.000000,200.302994,-0.299833,-0.282849
474.000000,200.302994,-0.299859,-0.262488
475.000000,200.302994,-0.298699,-0.266044
476.000000,200.302994,-0.296357,-0.275835
477.000000,200.302994,-0.292843,-0.275056
478.000000,200.302994,-0.288170,-0.268197
479.000000,200.302994,-0.282354,-0.278749
480.000000,200.302994,-0.275418,-0.282950
481.000000,200.302994,-0.267394,-0.274497
482.000000,200.302994,-0.258311,-0.268935
483.000000,200.302994,-0.248207,-0.258562
484.000000,200.302994,-0.237120,-0.255327
485.000000,200.302994,-0.225096,-0.247140
486.000000,200.302994,-0.212181,-0.233588
487.000000,200.302994,-0.198422,-0.227105
488.000000,200.302994,-0.183879,-0.216792
489.000000,200.302994,-0.168608,-0.201906
490.000000,200.302994,-0.152670,-0.197797
491.000000,200.302994,-0.136129,-0.176850
492.000000,200.302994,-0.119048,-0.164410
493.000000,200.302994,-0.101497,-0.159101
494.000000,200.302994,-0.083544,-0.140761
495.000000,200.302994,-0.065258,-0.120281
496.000000,200.302994,-0.046715,-0.112831
497.000000,200.302994,-0.027987,-0.094491
498.000000,200.302994,-0.009149,-0.083550
0.000000,209.190994,0.019094,-0.049450
1.000000,209.190994,0.038714,-0.040053
2.000000,209.190994,0.058168,-0.022973
3.000000,209.190994,0.077369,-0.002653
4.000000,209.190994,0.096237,0.010537
5.000000,209.190994,0.114691,0.027397
6.000000,209.190994,0.132646,0.051437
7.000000,209.190994,0.150031,0.066487
8.000000,209.190994,0.166770,0.081634
9.000000,209.190994,0.182784,0.101000
10.000000,209.190994,0.198012,0.115290
11.000000,209.190994,0.212386,0.132517
12.000000,209.190994,0.225839,0.143251
13.000000,209.190994,0.238322,0.164840
14.000000,209.190994,0.249774,0.179666
15.000000,209.190994,0.260145,0.186882
16.000000,209.190994,0.269398,0.201662
17.000000,209.190994,0.277483,0.217661
18.000000,209.190994,0.284371,0.229958
19.000000,209.190994,0.290036,0.235804
20.000000,209.190994,0.294442,0.252183
21.000000,209.190994,0.297579,0.250786
22.000000,209.190994,0.299437,0.257378
23.000000,209.190994,0.299992,0.267431
24.000000,209.190994,0.299257,0.265813
25.000000,209.190994,0.297233,0.269579
26.000000,209.190994,0.293919,0.276598
27.000000,209.190994,0.289341,0.275114
28.000000,209.190994,0.283514,0.276933
29.000000,209.190994,0.276458,0.269740
30.000000,209.190994,0.268214,0.268260
31.000000,209.190994,0.258809,0.271105
32.000000,209.190994,0.248286,0.258680
33.000000,209.190994,0.236695,0.245558
34.000000,209.190994,0.224078,0.252110
35.000000,209.190994,0.210494,0.221844
36.000000,209.190994,0.196005,0.228290
37.000000,209.190994,0.180664,0.224428
38.000000,209.190994,0.164546,0.205176
39.000000,209.190994,0.147720,0.196961
40.000000,209.190994,0.130251,0.181572
41.000000,209.190994,0.112223,0.161500
42.000000,209.190994,0.093711,0.149785
43.000000,209.190994,0.074792,0.133003
44.000000,209.190994,0.055552,0.119757
45.000000,209.190994,0.036071,0.104908
46.000000,209.190994,0.016434,0.089468
47.000000,209.190994,-0.003273,0.065287
48.000000,209.190994,-0.022966,0.055624
49.000000,209.190994,-0.042560,0.035245
50.000000,209.190994,-0.061971,0.020044
51.000000,209.190994,-0.081112,0.002780
52.000000,209.190994,-0.099905,-0.025699
53.000000,209.190994,-0.118268,-0.037780
54.000000,209.190994,-0.136116,-0.049083
55.000000,209.190994,-0.153379,-0.073095
56.000000,209.190994,-0.169981,-0.089571
57.000000,209.190994,-0.185846,-0.102206
58.000000,209.190994,-0.200911,-0.124285
59.000000,209.190994,-0.215109,-0.137860
60.000000,209.190994,-0.228375,-0.152489
61.000000,209.190994,-0.240660,-0.168035
62.000000,209.190994,-0.251902,-0.178050
63.000000,209.190994,-0.262056,-0.198498
64.000000,209.190994,-0.271084,-0.207404
65.000000,209.190994,-0.278935,-0.216686
66.000000,209.190994,-0.285583,-0.231719
67.000000,209.190994,-0.291005,-0.240300
68.000000,209.190994,-0.295160,-0.242082
69.000000,209.190994,-0.298046,-0.254347
70.000000,209.190994,-0.299648,-0.263822
71.000000,209.190994,-0.299949,-0.262997
72.000000,209.190994,-0.298961,-0.271308
73.000000,209.190994,-0.296682,-0.276623
74.000000,209.190994,-0.293117,-0.273557
75.000000,209.190994,-0.288292,-0.277782
76.000000,209.190994,-0.282220,-0.283096
77.000000,209.190994,-0.274928,-0.275463
78.000000,209.190994,-0.266454,-0.270048
79.000000,209.190994,-0.256824,-0.265929
80.000000,209.190994,-0.246086,-0.255240
81.000000,209.190994,-0.234291,-0.256514
82.000000,209.190994,-0.221477,-0.243855
83.000000,209.190994,-0.207710,-0.240873
84.000000,209.190994,-0.193049,-0.223866
85.000000,209.190994,-0.177549,-0.212173
86.000000,209.190994,-0.161286,-0.205984
87.000000,209.190994,-0.144327,-0.192097
88.000000,209.190994,-0.126742,-0.174678
89.000000,209.190994,-0.108613,-0.171082
90.000000,209.190994,-0.090014,-0.149988
91.000000,209.190994,-0.071025,-0.124748
92.000000,209.190994,-0.051731,-0.117812
93.000000,209.190994,-0.032213,-0.100658
94.000000,209.190994,-0.012556,-0.085804
95.000000,209.190994,0.007156,-0.065215
96.000000,209.190994,0.026836,-0.046362
97.000000,209.190994,0.046400,-0.034193
98.000000,209.190994,0.065765,-0.017232
99.000000,209.190994,0.084844,0.005621
100.000000,209.190994,0.103558,0.016717
101.000000,209.190994,0.121826,0.035584
102.000000,209.190994,0.139565,0.031136
103.000000,209.190994,0.156704,0.075568
104.000000,209.190994,0.173167,0.097188
105.000000,209.190994,0.188879,0.114974
106.000000,209.190994,0.203779,0.121104
107.000000,209.190994,0.217797,0.139224
108.000000,209.190994,0.230874,0.162077
109.000000,209.190994,0.242959,0.171547
110.000000,209.190994,0.253989,0.179327
111.000000,209.190994,0.263924,0.188820
112.000000,209.190994,0.272725,0.208443
113.000000,209.190994,0.280340,0.224322
114.000000,209.190994,0.286749,0.229197
115.000000,209.190994,0.291923,0.238791
116.000000,209.190994,0.295829,0.254877
117.000000,209.190994,0.298464,0.254813
118.000000,209.190994,0.299810,0.260659
119.000000,209.190994,0.299856,0.269891
120.000000,209.190994,0.298614,0.269313
121.000000,209.190994,0.296080,0.270179
122.000000,209.190994,0.292266,0.279485
123.000000,209.190994,0.287195,0.274601
124.000000,209.190994,0.280879,0.275160
125.000000,209.190994,0.273351,0.272498
126.000000,209.190994,0.264648,0.271393
127.000000,209.190994,0.254795,0.271659
128.000000,209.190994,0.243846,0.258991
129.000000,209.190994,0.231847,0.252192
130.000000,209.190994,0.218840,0.246937
131.000000,209.190994,0.204892,0.228757
132.000000,209.190994,0.190061,0.222050
133.000000,209.190994,0.174405,0.211567
134.000000,209.190994,0.158000,0.194469
135.000000,209.190994,0.140912,0.184467
136.000000,209.190994,0.123214,0.176958
137.000000,209.190994,0.104986,0.158453
138.000000,209.190994,0.086303,0.143325
139.000000,209.190994,0.067248,0.132389
140.000000,209.190994,0.047904,0.110163
141.000000,209.190994,0.028351,0.097408
142.000000,209.190994,0.008677,0.082839
143.000000,209.190994,-0.011035,0.059266
144.000000,209.190994,-0.030699,0.047551
145.000000,209.190994,-0.050231,0.026330
146.000000,209.190994,-0.069546,0.009190
147.000000,209.190994,-0.088560,-0.003432
148.000000,209.190994,-0.107192,-0.027339
149.000000,209.190994,-0.125362,-0.045881
150.000000,209.190994,-0.142989,-0.055397
151.000000,209.190994,-0.160001,-0.080976
152.000000,209.190994,-0.176321,-0.092164
153.000000,209.190994,-0.191878,-0.105107
154.000000,209.190994,-0.206611,-0.127932
155.000000,209.190994,-0.220447,-0.140234
156.000000,209.190994,-0.233333,-0.153323
157.000000,209.190994,-0.245216,-0.175475
158.000000,209.190994,-0.256033,-0.192917
159.000000,209.190994,-0.265748,-0.197146
160.000000,209.190994,-0.274319,-0.210744
161.000000,209.190994,-0.281698,-0.222313
162.000000,209.190994,-0.287866,-0.233340
163.000000,209.190994,-0.292792,-0.244080
164.000000,209.190994,-0.296449,-0.251048
165.000000,209.190994,-0.298831,-0.263428
166.000000,209.190994,-0.299921,-0.264028
167.000000,209.190994,-0.299714,-0.261123
168.000000,209.190994,-0.298218,-0.268701
169.000000,209.190994,-0.295430,-0.275276
170.000000,209.190994,-0.291366,-0.271551
171.000000,209.190994,-0.286050,-0.279642
172.000000,209.190994,-0.279491,-0.280343
173.000000,209.190994,-0.271729,-0.271257
174.000000,209.190994,-0.262798,-0.273095
175.000000,209.190994,-0.252724,-0.265462
176.000000,209.190994,-0.241564,-0.254723
177.000000,209.190994,-0.229363,-0.249733
178.000000,209.190994,-0.216166,-0.244267
179.000000,209.190994,-0.202040,-0.244400
180.000000,209.190994,-0.187041,-0.224145
181.000000,209.190994,-0.171232,-0.201805
182.000000,209.190994,-0.154687,-0.197050
183.000000,209.190994,-0.137472,-0.183383
184.000000,209.190994,-0.119663,-0.166637
185.000000,209.190994,-0.101340,-0.155981
186.000000,209.190994,-0.082577,-0.141054
187.000000,209.190994,-0.063458,-0.122668
188.000000,209.190994,-0.044067,-0.110444
189.000000,209.190994,-0.024483,-0.097084
190.000000,209.190994,-0.004795,-0.070584
191.000000,209.190994,0.014915,-0.060148
192.000000,209.190994,0.034559,-0.037780
193.000000,209.190994,0.054055,-0.023174
194.000000,209.190994,0.073318,-0.007171
195.000000,209.190994,0.092263,0.010716
196.000000,209.190994,0.110811,0.024630
197.000000,209.190994,0.128880,0.042672
198.000000,209.190994,0.146391,0.065085
199.000000,209.190994,0.163273,0.076754
200.000000,209.190994,0.179447,0.096382
201.000000,209.190994,0.194847,0.118488
202.000000,209.190994,0.209410,0.126011
203.000000,209.190994,0.223063,0.145551
204.000000,209.190994,0.235755,0.162824
205.000000,209.190994,0.247433,0.168647
206.000000,209.190994,0.258035,0.186621
207.000000,209.190994,0.267528,0.213047
208.000000,209.190994,0.275867,0.209496
209.000000,209.190994,0.283010,0.216089
210.000000,209.190994,0.288936,0.234549
211.000000,209.190994,0.293613,0.243418
212.000000,209.190994,0.297019,0.254991
213.000000,209.190994,0.299149,0.261058
214.000000,209.190994,0.299983,0.266707
215.000000,209.190994,0.299521,0.272686
216.000000,209.190994,0.297772,0.268933
217.000000,209.190994,0.294729,0.272126
218.000000,209.190994,0.290417,0.280919
219.000000,209.190994,0.284857,0.275421
220.000000,209.190994,0.278057,0.265199
221.000000,209.190994,0.270062,0.278151
222.000000,209.190994,0.260903,0.270734
223.000000,209.190994,0.250611,0.265492
224.000000,209.190994,0.239243,0.260810
225.000000,209.190994,0.226841,0.243345
226.000000,209.190994,0.213456,0.240784
227.000000,209.190994,0.199154,0.233802
228.000000,209.190994,0.183990,0.217230
229.000000,209.190994,0.168030,0.208269
230.000000,209.190994,0.151348,0.197433
231.000000,209.190994,0.134010,0.177347
232.000000,209.190994,0.116094,0.170759
233.000000,209.190994,0.097679,0.148832
234.000000,209.190994,0.078839,0.135971
235.000000,209.190994,0.059660,0.125796
236.000000,209.190994,0.040224,0.106970
237.000000,209.190994,0.020613,0.092061
238.000000,209.190994,0.000914,0.077259
239.000000,209.190994,-0.018790,0.056220
240.000000,209.190994,-0.038412,0.039451
241.000000,209.190994,-0.057868,0.026362
242.000000,209.190994,-0.077075,0.000269
243.000000,209.190994,-0.095948,-0.018139
244.000000,209.190994,-0.114408,-0.027802
245.000000,209.190994,-0.132373,-0.051814
246.000000,209.190994,-0.149766,-0.100291
247.000000,209.190994,-0.166516,-0.081218
248.000000,209.190994,-0.182542,-0.091023
249.000000,209.190994,-0.197782,-0.108172
250.000000,209.190994,-0.212172,-0.129027
251.000000,209.190994,-0.225639,-0.145347
252.000000,209.190994,-0.238135,-0.158716
253.000000,209.190994,-0.249606,-0.182622
254.000000,209.190994,-0.259993,-0.194910
255.000000,209.190994,-0.269262,-0.192592
256.000000,209.190994,-0.277368,-0.212898
257.000000,209.190994,-0.284273,-0.223705
258.000000,209.190994,-0.289957,-0.230848
259.000000,209.190994,-0.294384,-0.244446
260.000000,209.190994,-0.297540,-0.257348
261.000000,209.190994,-0.299417,-0.256670
262.000000,209.190994,-0.299994,-0.266694
263.000000,209.190994,-0.299278,-0.273122
264.000000,209.190994,-0.297276,-0.270584
265.000000,209.190994,-0.293980,-0.278529
266.000000,209.190994,-0.289421,-0.278483
267.000000,209.190994,-0.283614,-0.281438
268.000000,209.190994,-0.276576,-0.274955
269.000000,209.190994,-0.268349,-0.268889
270.000000,209.190994,-0.258964,-0.270382
271.000000,209.190994,-0.248456,-0.261641
272.000000,209.190994,-0.236881,-0.248968
273.000000,209.190994,-0.224280,-0.249294
274.000000,209.190994,-0.210710,-0.240520
275.000000,209.190994,-0.196234,-0.223921
276.000000,209.190994,-0.180907,-0.217218
277.000000,209.190994,-0.164800,-0.207125
278.000000,209.190994,-0.147984,-0.188665
279.000000,209.190994,-0.130525,-0.183209
280.000000,209.190994,-0.112504,-0.166876
281.000000,209.190994,-0.093999,-0.145809
282.000000,209.190994,-0.075085,-0.134479
283.000000,209.190994,-0.055849,-0.123053
284.000000,209.190994,-0.036372,-0.102193
285.000000,209.190994,-0.016737,-0.087010
286.000000,209.190994,0.002970,-0.066589
287.000000,209.190994,0.022664,-0.051035
288.000000,209.190994,0.042260,-0.040887
289.000000,209.190994,0.061674,-0.016760
290.000000,209.190994,0.080821,-0.002558
291.000000,209.190994,0.099619,0.017583
292.000000,209.190994,0.117989,0.036936
293.000000,209.190994,0.135846,0.051753
294.000000,209.190994,0.153119,0.071220
295.000000,209.190994,0.169733,0.090499
296.000000,209.190994,0.185608,0.099749
297.000000,209.190994,0.200686,0.121370
298.000000,209.190994,0.214899,0.143636
299.000000,209.190994,0.228179,0.150266
300.000000,209.190994,0.240478,0.165779
301.000000,209.190994,0.251738,0.178186
302.000000,209.190994,0.261908,0.195129
303.000000,209.190994,0.270952,0.206908
304.000000,209.190994,0.278824,0.213876
305.000000,209.190994,0.285490,0.225770
306.000000,209.190994,0.290929,0.240436
307.000000,209.190994,0.295106,0.245659
308.000000,209.190994,0.298011,0.256045
309.000000,209.190994,0.299634,0.267957
310.000000,209.190994,0.299955,0.266413
311.000000,209.190994,0.298985,0.269139
312.000000,209.190994,0.296728,0.278591
313.000000,209.190994,0.293182,0.276681
314.000000,209.190994,0.288375,0.277986
315.000000,209.190994,0.282324,0.278225
316.000000,209.190994,0.275049,0.273107
317.000000,209.190994,0.266592,0.271733
318.000000,209.190994,0.256982,0.267018
319.000000,209.190994,0.246260,0.259339
320.000000,209.190994,0.234480,0.254831
321.000000,209.190994,0.221683,0.239011
322.000000,209.190994,0.207929,0.236857
323.000000,209.190994,0.193282,0.229655
324.000000,209.190994,0.177795,0.213963
325.000000,209.190994,0.161543,0.204929
326.000000,209.190994,0.144595,0.187899
327.000000,209.190994,0.127019,0.178241
328.000000,209.190994,0.108897,0.164446
329.000000,209.190994,0.090305,0.150023
330.000000,209.190994,0.071321,0.128017
331.000000,209.190994,0.052031,0.117943
332.000000,209.190994,0.032516,0.103680
333.000000,209.190994,0.012861,0.082481
334.000000,209.190994,-0.006850,0.072993
335.000000,209.190994,-0.026532,0.046525
336.000000,209.190994,-0.046098,0.029051
337.000000,209.190994,-0.065467,0.016195
338.000000,209.190994,-0.084551,-0.007611
339.000000,209.190994,-0.103271,-0.019912
340.000000,209.190994,-0.121548,-0.032709
341.000000,209.190994,-0.139295,-0.050100
342.000000,209.190994,-0.156443,-0.075876
343.000000,209.190994,-0.172918,-0.087105
344.000000,209.190994,-0.188642,-0.111191
345.000000,209.190994,-0.203554,-0.127740
346.000000,209.190994,-0.217588,-0.135615
347.000000,209.190994,-0.230679,-0.158661
348.000000,209.190994,-0.242778,-0.165909
349.000000,209.190994,-0.253827,-0.182324
350.000000,209.190994,-0.263779,-0.197577
351.000000,209.190994,-0.272597,-0.205952
352.000000,209.190994,-0.280232,-0.231219
353.000000,209.190994,-0.286659,-0.230546
354.000000,209.190994,-0.291853,-0.232534
355.000000,209.190994,-0.295779,-0.247566
356.000000,209.190994,-0.298432,-0.256074
357.000000,209.190994,-0.299800,-0.255029
358.000000,209.190994,-0.299866,-0.263794
359.000000,209.190994,-0.298642,-0.274162
360.000000,209.190994,-0.296130,-0.272444
361.000000,209.190994,-0.292334,-0.276815
362.000000,209.190994,-0.287282,-0.275656
363.000000,209.190994,-0.280987,-0.273337
364.000000,209.190994,-0.273476,-0.278675
365.000000,209.190994,-0.264790,-0.269109
366.000000,209.190994,-0.254957,-0.263130
367.000000,209.190994,-0.244022,-0.260221
368.000000,209.190994,-0.232039,-0.249921
369.000000,209.190994,-0.219048,-0.244267
370.000000,209.190994,-0.205114,-0.233666
371.000000,209.190994,-0.190297,-0.220846
372.000000,209.190994,-0.174653,-0.217291
373.000000,209.190994,-0.158258,-0.200197
374.000000,209.190994,-0.141180,-0.182851
375.000000,209.190994,-0.123490,-0.174435
376.000000,209.190994,-0.105270,-0.172749
377.000000,209.190994,-0.086594,-0.142983
378.000000,209.190994,-0.067544,-0.130012
379.000000,209.190994,-0.048203,-0.112859
380.000000,209.190994,-0.028653,-0.086652
381.000000,209.190994,-0.008980,-0.082616
382.000000,209.190994,0.010732,-0.061815
383.000000,209.190994,0.030398,-0.041555
384.000000,209.190994,0.049932,-0.029199
385.000000,209.190994,0.069252,-0.009966
386.000000,209.190994,0.088270,0.002528
387.000000,209.190994,0.106909,0.022884
388.000000,209.190994,0.125088,0.045297
389.000000,209.190994,0.142723,0.056366
390.000000,209.190994,0.159744,0.075994
391.000000,209.190994,0.176076,0.100854
392.000000,209.190994,0.191645,0.110163
393.000000,209.190994,0.206390,0.121897
394.000000,209.190994,0.220243,0.141323
395.000000,209.190994,0.233142,0.157120
396.000000,209.190994,0.245040,0.174347
397.000000,209.190994,0.255875,0.194519
398.000000,209.190994,0.265607,0.195509
399.000000,209.190994,0.274196,0.209909
400.000000,209.190994,0.281594,0.222714
401.000000,209.190994,0.287780,0.231364
402.000000,209.190994,0.292728,0.242644
403.000000,209.190994,0.296403,0.249663
404.000000,209.190994,0.298803,0.260086
405.000000,209.190994,0.299916,0.267485
406.000000,209.190994,0.299727,0.266459
407.000000,209.190994,0.298249,0.272800
408.000000,209.190994,0.295483,0.281226
409.000000,209.190994,0.291438,0.271847
410.000000,209.190994,0.286140,0.264306
411.000000,209.190994,0.279603,0.277932
412.000000,209.190994,0.271858,0.270807
413.000000,209.190994,0.262944,0.272039
414.000000,209.190994,0.252889,0.271004
415.000000,209.190994,0.241744,0.257259
416.000000,209.190994,0.229560,0.251945
417.000000,209.190994,0.216377,0.244962
418.000000,209.190994,0.202264,0.233004
419.000000,209.190994,0.187280,0.222183
420.000000,209.190994,0.171482,0.208667
421.000000,209.190994,0.154947,0.194162
422.000000,209.190994,0.137743,0.189140
423.000000,209.190994,0.119943,0.163259
424.000000,209.190994,0.101627,0.155612
425.000000,209.190994,0.082871,0.144397
426.000000,209.190994,0.063756,0.124004
427.000000,209.190994,0.044368,0.107016
428.000000,209.190994,0.024787,0.099433
429.000000,209.190994,0.005100,0.079288
430.000000,209.190994,-0.014610,0.062593
431.000000,209.190994,-0.034256,0.046970
432.000000,209.190994,-0.053755,0.025491
433.000000,209.190994,-0.073022,0.008942
434.000000,209.190994,-0.091972,-0.009054
435.000000,209.190994,-0.110526,-0.036786
436.000000,209.190994,-0.128604,-0.049395
437.000000,209.190994,-0.146124,-0.060743
438.000000,209.190994,-0.163016,-0.087010
439.000000,209.190994,-0.179203,-0.092484
440.000000,209.190994,-0.194615,-0.118499
441.000000,209.190994,-0.209190,-0.129879
442.000000,209.190994,-0.222859,-0.139308
443.000000,209.190994,-0.235565,-0.160214
444.000000,209.190994,-0.247259,-0.174449
445.000000,209.190994,-0.257880,-0.184272
446.000000,209.190994,-0.267389,-0.195937
447.000000,209.190994,-0.275749,-0.210845
448.000000,209.190994,-0.282909,-0.221034
449.000000,209.190994,-0.288853,-0.236859
450.000000,209.190994,-0.293552,-0.245894
451.000000,209.190994,-0.296976,-0.249229
452.000000,209.190994,-0.299125,-0.261041
453.000000,209.190994,-0.299981,-0.267395
454.000000,209.190994,-0.299538,-0.268710
455.000000,209.190994,-0.297807,-0.272875
456.000000,209.190994,-0.294787,-0.273810
457.000000,209.190994,-0.290493,-0.278469
458.000000,209.190994,-0.284951,-0.280022
459.000000,209.190994,-0.278172,-0.279784
460.000000,209.190994,-0.270194,-0.275395
461.000000,209.190994,-0.261054,-0.267455
462.000000,209.190994,-0.250779,-0.256963
463.000000,209.190994,-0.239425,-0.255460
464.000000,209.190994,-0.227041,-0.249981
465.000000,209.190994,-0.213670,-0.235168
466.000000,209.190994,-0.199380,-0.231279
467.000000,209.190994,-0.184230,-0.220819
468.000000,209.190994,-0.168282,-0.202580
469.000000,209.190994,-0.151610,-0.193856
470.000000,209.190994,-0.134282,-0.182650
471.000000,209.190994,-0.116374,-0.169377
472.000000,209.190994,-0.097965,-0.158661
473.000000,209.190994,-0.079131,-0.135121
474.000000,209.190994,-0.059957,-0.125573
475.000000,209.190994,-0.040524,-0.112392
476.000000,209.190994,-0.020915,-0.085584
477.000000,209.190994,-0.001217,-0.075322
0.000000,218.473999,0.005738,-0.063217
1.000000,218.473999,0.026295,-0.051887
2.000000,218.473999,0.046728,-0.039641
3.000000,218.473999,0.066941,-0.011954
4.000000,218.473999,0.086840,-0.001884
5.000000,218.473999,0.106328,0.016763
6.000000,218.473999,0.125317,0.042956
7.000000,218.473999,0.143714,0.054286
8.000000,218.473999,0.161436,0.075087
9.000000,218.473999,0.178398,0.096753
10.000000,218.473999,0.194517,0.106663
11.000000,218.473999,0.209725,0.128577
12.000000,218.473999,0.223940,0.139811
13.000000,218.473999,0.237104,0.161646
14.000000,218.473999,0.249151,0.179226
15.000000,218.473999,0.260022,0.182708
16.000000,218.473999,0.269675,0.197122
17.000000,218.473999,0.278050,0.216548
18.000000,218.473999,0.285121,0.217684
19.000000,218.473999,0.290848,0.235657
20.000000,218.473999,0.295204,0.238416
21.000000,218.473999,0.298176,0.250639
22.000000,218.473999,0.299734,0.263706
23.000000,218.473999,0.299888,0.275618
24.000000,218.473999,0.298627,0.269533
25.000000,218.473999,0.295959,0.271586
26.000000,218.473999,0.291903,0.276071
27.000000,218.473999,0.286463,0.274147
28.000000,218.473999,0.279681,0.274926
29.000000,218.473999,0.271579,0.268393
30.000000,218.473999,0.262199,0.268113
31.000000,218.473999,0.251588,0.264338
32.000000,218.473999,0.239785,0.253172
33.000000,218.473999,0.226859,0.250992
34.000000,218.473999,0.212861,0.245416
35.000000,218.473999,0.197862,0.229211
36.000000,218.473999,0.181933,0.216163
37.000000,218.473999,0.165143,0.210440
38.000000,218.473999,0.147580,0.192902
39.000000,218.473999,0.129319,0.178360
40.000000,218.473999,0.110450,0.169664
41.000000,218.473999,0.091062,0.150266
42.000000,218.473999,0.071243,0.130890
43.000000,218.473999,0.051090,0.120788
44.000000,218.473999,0.030696,0.093202
45.000000,218.473999,0.010157,0.083787
46.000000,218.473999,-0.010429,0.063019
47.000000,218.473999,-0.030966,0.048252
48.000000,218.473999,-0.051358,0.035030
49.000000,218.473999,-0.071507,0.006070
50.000000,218.473999,-0.091320,-0.008605
51.000000,218.473999,-0.110703,-0.019161
52.000000,218.473999,-0.129564,-0.047947
53.000000,218.473999,-0.147817,-0.064042
54.000000,218.473999,-0.165370,-0.077058
55.000000,218.473999,-0.182148,-0.095564
56.000000,218.473999,-0.198066,-0.115979
57.000000,218.473999,-0.213052,-0.135088
58.000000,218.473999,-0.227038,-0.151734
59.000000,218.473999,-0.239948,-0.159802
60.000000,218.473999,-0.251734,-0.170137
61.000000,218.473999,-0.262331,-0.190210
62.000000,218.473999,-0.271694,-0.204971
63.000000,218.473999,-0.279781,-0.216553
64.000000,218.473999,-0.286543,-0.230839
65.000000,218.473999,-0.291964,-0.238541
66.000000,218.473999,-0.296003,-0.257188
67.000000,218.473999,-0.298652,-0.258521
68.000000,218.473999,-0.299896,-0.259249
69.000000,218.473999,-0.299722,-0.269815
70.000000,218.473999,-0.298145,-0.268348
71.000000,218.473999,-0.295156,-0.269910
72.000000,218.473999,-0.290781,-0.275922
73.000000,218.473999,-0.285037,-0.279816
74.000000,218.473999,-0.277948,-0.273411
75.000000,218.473999,-0.269556,-0.275028
76.000000,218.473999,-0.259887,-0.269182
77.000000,218.473999,-0.248999,-0.258603
78.000000,218.473999,-0.236938,-0.258067
79.000000,218.473999,-0.223759,-0.247534
80.000000,218.473999,-0.209532,-0.240281
81.000000,218.473999,-0.194311,-0.232773
82.000000,218.473999,-0.178180,-0.215926
83.000000,218.473999,-0.161207,-0.211418
84.000000,218.473999,-0.143476,-0.194310
85.000000,218.473999,-0.125071,-0.181504
86.000000,218.473999,-0.106074,-0.162748
87.000000,218.473999,-0.086580,-0.149081
88.000000,218.473999,-0.066677,-0.125641
89.000000,218.473999,-0.046461,-0.113051
90.000000,218.473999,-0.026026,-0.055736
91.000000,218.473999,-0.005467,-0.076912
92.000000,218.473999,0.015116,-0.077402
93.000000,218.473999,0.035629,-0.055562
94.000000,218.473999,0.055973,-0.032562
95.000000,218.473999,0.076055,-0.011931
96.000000,218.473999,0.095777,0.009982
97.000000,218.473999,0.115050,-0.054837
98.000000,218.473999,0.133779,0.046172
99.000000,218.473999,0.151880,0.087961
100.000000,218.473999,0.169266,0.094609
101.000000,218.473999,0.185852,0.115070
102.000000,218.473999,0.201568,0.137850
103.000000,218.473999,0.216329,0.139485
104.000000,218.473999,0.230074,0.154119
105.000000,218.473999,0.242736,0.168331
106.000000,218.473999,0.254253,0.174374
107.000000,218.473999,0.264579,0.191161
108.000000,218.473999,0.273650,0.211407
109.000000,218.473999,0.281438,0.216190
110.000000,218.473999,0.287899,0.230443
111.000000,218.473999,0.293004,0.244962
112.000000,218.473999,0.296734,0.246992
113.000000,218.473999,0.299058,0.256632
114.000000,218.473999,0.299981,0.264324
115.000000,218.473999,0.299487,0.268567
116.000000,218.473999,0.297584,0.275146
117.000000,218.473999,0.294284,0.270560
118.000000,218.473999,0.289590,0.274733
119.000000,218.473999,0.283540,0.279659
120.000000,218.473999,0.276149,0.268800
121.000000,218.473999,0.267460,0.273533
122.000000,218.473999,0.257514,0.269671
123.000000,218.473999,0.246350,0.254579
124.000000,218.473999,0.234033,0.251872
125.000000,218.473999,0.220607,0.257017
126.000000,218.473999,0.206146,0.232931
127.000000,218.473999,0.190714,0.221963
128.000000,218.473999,0.174382,0.215054
129.000000,218.473999,0.157232,0.200489
130.000000,218.473999,0.139338,0.185947
131.000000,218.473999,0.120790,0.169838
132.000000,218.473999,0.101673,0.159786
133.000000,218.473999,0.082076,0.144864
134.000000,218.473999,0.062095,0.122863
135.000000,218.473999,0.041819,0.104569
136.000000,218.473999,0.021348,0.095287
137.000000,218.473999,0.000775,0.074601
138.000000,218.473999,-0.019800,0.058726
139.000000,218.473999,-0.040284,0.040950
140.000000,218.473999,-0.060576,0.016937
141.000000,218.473999,-0.080584,-0.006832
142.000000,218.473999,-0.100212,-0.008980
143.000000,218.473999,-0.119368,-0.033286
144.000000,218.473999,-0.137964,-0.050508
145.000000,218.473999,-0.155907,-0.067157
146.000000,218.473999,-0.173119,-0.087830
147.000000,218.473999,-0.189513,-0.105945
148.000000,218.473999,-0.205016,-0.127300
149.000000,218.473999,-0.219555,-0.140293
150.000000,218.473999,-0.233056,-0.154922
151.000000,218.473999,-0.245465,-0.170115
152.000000,218.473999,-0.256713,-0.183603
153.000000,218.473999,-0.266754,-0.192005
154.000000,218.473999,-0.275541,-0.212004
155.000000,218.473999,-0.283026,-0.222152
156.000000,218.473999,-0.289185,-0.226908
157.000000,218.473999,-0.293975,-0.241693
158.000000,218.473999,-0.297385,-0.248794
159.000000,218.473999,-0.299394,-0.254663
160.000000,218.473999,-0.299990,-0.269448
161.000000,218.473999,-0.299181,-0.270076
162.000000,218.473999,-0.296954,-0.271024
163.000000,218.473999,-0.293334,-0.279422
164.000000,218.473999,-0.288332,-0.276109
165.000000,218.473999,-0.281970,-0.279449
166.000000,218.473999,-0.274286,-0.279129
167.000000,218.473999,-0.265302,-0.274717
168.000000,218.473999,-0.255075,-0.265801
169.000000,218.473999,-0.243644,-0.258901
170.000000,218.473999,-0.231066,-0.244982
171.000000,218.473999,-0.217404,-0.242513
172.000000,218.473999,-0.202711,-0.233093
173.000000,218.473999,-0.187069,-0.217387
174.000000,218.473999,-0.170543,-0.211858
175.000000,218.473999,-0.153216,-0.200504
176.000000,218.473999,-0.135168,-0.178545
177.000000,218.473999,-0.116480,-0.173542
178.000000,218.473999,-0.097247,-0.160255
179.000000,218.473999,-0.077554,-0.140435
180.000000,218.473999,-0.057497,-0.121458
181.000000,218.473999,-0.037169,-0.104612
182.000000,218.473999,-0.016666,-0.091724
183.000000,218.473999,0.003916,-0.075189
184.000000,218.473999,0.024479,-0.051736
185.000000,218.473999,0.044927,-0.040053
186.000000,218.473999,0.065164,-0.017539
187.000000,218.473999,0.085093,0.004714
188.000000,218.473999,0.104623,0.011284
189.000000,218.473999,0.123658,0.038411
190.000000,218.473999,0.142112,0.060811
191.000000,218.473999,0.159897,0.070061
192.000000,218.473999,0.176928,0.099795
193.000000,218.473999,0.193130,0.114534
194.000000,218.473999,0.208415,0.121544
195.000000,218.473999,0.222724,0.138551
196.000000,218.473999,0.235983,0.153491
197.000000,218.473999,0.248130,0.171240
198.000000,218.473999,0.259112,0.189420
199.000000,218.473999,0.268867,0.197662
200.000000,218.473999,0.277363,0.214536
201.000000,218.473999,0.284548,0.230315
202.000000,218.473999,0.290395,0.234571
203.000000,218.473999,0.294878,0.243991
204.000000,218.473999,0.297964,0.254043
205.000000,218.473999,0.299656,0.258079
206.000000,218.473999,0.299930,0.253732
207.000000,218.473999,0.298794,0.275691
208.000000,218.473999,0.296254,0.277794
209.000000,218.473999,0.292313,0.280740
210.000000,218.473999,0.287003,0.280085
211.000000,218.473999,0.280334,0.276681
212.000000,218.473999,0.272349,0.273593
213.000000,218.473999,0.263082,0.272379
214.000000,218.473999,0.252572,0.261126
215.000000,218.473999,0.240880,0.258625
216.000000,218.473999,0.228045,0.247945
217.000000,218.473999,0.214142,0.241398
218.000000,218.473999,0.199229,0.234489
219.000000,218.473999,0.183377,0.223337
220.000000,218.473999,0.166665,0.209396
221.000000,218.473999,0.149162,0.196306
222.000000,218.473999,0.130962,0.177347
223.000000,218.473999,0.112143,0.162366
224.000000,218.473999,0.092796,0.152850
225.000000,218.473999,0.073013,0.133671
226.000000,218.473999,0.052885,0.121736
227.000000,218.473999,0.032508,0.104574
228.000000,218.473999,0.011979,0.083448
229.000000,218.473999,-0.008607,0.067632
230.000000,218.473999,-0.029153,0.047565
231.000000,218.473999,-0.049561,0.028978
232.000000,218.473999,-0.069736,0.018802
233.000000,218.473999,-0.089582,-0.006498
234.000000,218.473999,-0.109006,-0.004051
235.000000,218.473999,-0.127919,-0.039256
236.000000,218.473999,-0.146226,-0.068115
237.000000,218.473999,-0.163848,-0.083917
238.000000,218.473999,-0.180695,-0.095366
239.000000,218.473999,-0.196694,-0.117738
240.000000,218.473999,-0.211766,-0.129673
241.000000,218.473999,-0.225839,-0.145136
242.000000,218.473999,-0.238853,-0.164988
243.000000,218.473999,-0.250736,-0.174096
244.000000,218.473999,-0.261443,-0.188565
245.000000,218.473999,-0.270918,-0.202410
246.000000,218.473999,-0.279114,-0.215032
247.000000,218.473999,-0.286004,-0.233299
248.000000,218.473999,-0.291536,-0.235906
249.000000,218.473999,-0.295703,-0.241995
250.000000,218.473999,-0.298475,-0.254934
251.000000,218.473999,-0.299840,-0.262328
252.000000,218.473999,-0.299800,-0.262470
253.000000,218.473999,-0.298338,-0.274135
254.000000,218.473999,-0.295478,-0.275056
255.000000,218.473999,-0.291224,-0.271477
256.000000,218.473999,-0.285598,-0.273168
257.000000,218.473999,-0.278633,-0.270369
258.000000,218.473999,-0.270347,-0.262470
259.000000,218.473999,-0.260795,-0.273915
260.000000,218.473999,-0.250011,-0.264349
261.000000,218.473999,-0.238050,-0.262076
262.000000,218.473999,-0.224972,-0.243787
263.000000,218.473999,-0.210829,-0.236534
264.000000,218.473999,-0.195698,-0.235760
265.000000,218.473999,-0.179642,-0.219238
266.000000,218.473999,-0.162741,-0.205012
267.000000,218.473999,-0.145075,-0.195263
268.000000,218.473999,-0.126724,-0.175649
269.000000,218.473999,-0.107779,-0.159943
270.000000,218.473999,-0.088323,-0.151440
271.000000,218.473999,-0.068453,-0.133613
272.000000,218.473999,-0.048261,-0.109500
273.000000,218.473999,-0.027840,-0.095710
274.000000,218.473999,-0.007290,-0.085997
275.000000,218.473999,0.013296,-0.060464
276.000000,218.473999,0.033818,-0.049661
277.000000,218.473999,0.054182,-0.029007
278.000000,218.473999,0.074290,-0.011986
279.000000,218.473999,0.094050,0.006510
280.000000,218.473999,0.113364,0.031983
281.000000,218.473999,0.132146,0.045206
282.000000,218.473999,0.150305,0.065653
283.000000,218.473999,0.167757,0.085153
284.000000,218.473999,0.184421,0.096849
285.000000,218.473999,0.200211,0.114676
286.000000,218.473999,0.215064,0.136856
287.000000,218.473999,0.228900,0.146326
288.000000,218.473999,0.241660,0.167506
289.000000,218.473999,0.253284,0.186332
290.000000,218.473999,0.263710,0.187102
291.000000,218.473999,0.272901,0.204621
292.000000,218.473999,0.280801,0.222641
293.000000,218.473999,0.287381,0.228391
294.000000,218.473999,0.292610,0.238324
295.000000,218.473999,0.296456,0.247304
296.000000,218.473999,0.298913,0.255619
297.000000,218.473999,0.299954,0.263312
298.000000,218.473999,0.299588,0.265873
299.000000,218.473999,0.297811,0.273767
300.000000,218.473999,0.294628,0.277872
301.000000,218.473999,0.290065,0.277501
302.000000,218.473999,0.284127,0.277400
303.000000,218.473999,0.276857,0.279938
304.000000,218.473999,0.268282,0.264553
305.000000,218.473999,0.258442,0.268686
306.000000,218.473999,0.247390,0.265644
307.000000,218.473999,0.235166,0.252792
308.000000,218.473999,0.221839,0.250158
309.000000,218.473999,0.207466,0.237682
310.000000,218.473999,0.192116,0.222884
311.000000,218.473999,0.175864,0.216296
312.000000,218.473999,0.158779,0.197561
313.000000,218.473999,0.140950,0.187161
314.000000,218.473999,0.122456,0.178846
315.000000,218.473999,0.103385,0.160987
316.000000,218.473999,0.083829,0.139531
317.000000,218.473999,0.063876,0.133809
318.000000,218.473999,0.043624,0.113444
319.000000,218.473999,0.023165,0.095035
320.000000,218.473999,0.002598,0.084626
321.000000,218.473999,-0.017982,0.059193
322.000000,218.473999,-0.038476,0.046072
323.000000,218.473999,-0.058791,0.026508
324.000000,218.473999,-0.078827,-0.000331
325.000000,218.473999,-0.098492,-0.015766
326.000000,218.473999,-0.117695,-0.030468
327.000000,218.473999,-0.136341,-0.055314
328.000000,218.473999,-0.154349,-0.066516
329.000000,218.473999,-0.171626,-0.091564
330.000000,218.473999,-0.188097,-0.104058
331.000000,218.473999,-0.203682,-0.120560
332.000000,218.473999,-0.218307,-0.139533
333.000000,218.473999,-0.231908,-0.151087
334.000000,218.473999,-0.244410,-0.160983
335.000000,218.473999,-0.255766,-0.183882
336.000000,218.473999,-0.265916,-0.198044
337.000000,218.473999,-0.274813,-0.201686
338.000000,218.473999,-0.282421,-0.220045
339.000000,218.473999,-0.288691,-0.228186
340.000000,218.473999,-0.293608,-0.237102
341.000000,218.473999,-0.297139,-0.252707
342.000000,218.473999,-0.299271,-0.258021
343.000000,218.473999,-0.299998,-0.263130
344.000000,218.473999,-0.299305,-0.271982
345.000000,218.473999,-0.297210,-0.273956
346.000000,218.473999,-0.293710,-0.288150
347.000000,218.473999,-0.288829,-0.277195
348.000000,218.473999,-0.282590,-0.274570
349.000000,218.473999,-0.275015,-0.275102
350.000000,218.473999,-0.266151,-0.270809
351.000000,218.473999,-0.256028,-0.259643
352.000000,218.473999,-0.244703,-0.259254
353.000000,218.473999,-0.232226,-0.252808
354.000000,218.473999,-0.218652,-0.239855
355.000000,218.473999,-0.204054,-0.233212
356.000000,218.473999,-0.188489,-0.223646
357.000000,218.473999,-0.172040,-0.211807
358.000000,218.473999,-0.154780,-0.200550
359.000000,218.473999,-0.136791,-0.189344
360.000000,218.473999,-0.118160,-0.170270
361.000000,218.473999,-0.098969,-0.153154
362.000000,218.473999,-0.079314,-0.136307
363.000000,218.473999,-0.059285,-0.118659
364.000000,218.473999,-0.038977,-0.104058
365.000000,218.473999,-0.018485,-0.089158
366.000000,218.473999,0.002094,-0.080609
367.000000,218.473999,0.022662,-0.059502
368.000000,218.473999,0.043124,-0.033675
369.000000,218.473999,0.063383,-0.021012
370.000000,218.473999,0.083345,0.000315
371.000000,218.473999,0.102911,0.036657
372.000000,218.473999,0.121996,0.031892
373.000000,218.473999,0.140504,0.051345
374.000000,218.473999,0.158351,0.079045
375.000000,218.473999,0.175455,0.088135
376.000000,218.473999,0.191728,0.107148
377.000000,218.473999,0.207103,0.119088
378.000000,218.473999,0.221498,0.145359
379.000000,218.473999,0.234853,0.158705
380.000000,218.473999,0.247103,0.165559
381.000000,218.473999,0.258185,0.181654
382.000000,218.473999,0.268058,0.199307
383.000000,218.473999,0.276661,0.207783
384.000000,218.473999,0.283966,0.220263
385.000000,218.473999,0.289934,0.238649
386.000000,218.473999,0.294533,0.241558
387.000000,218.473999,0.297752,0.256412
388.000000,218.473999,0.299560,0.343237
389.000000,218.473999,0.299963,0.263366
390.000000,218.473999,0.298953,0.247391
391.000000,218.473999,0.296533,0.253576
392.000000,218.473999,0.292723,0.261493
393.000000,218.473999,0.287524,0.269653
394.000000,218.473999,0.280979,0.270711
395.000000,218.473999,0.273108,0.268567
396.000000,218.473999,0.263951,0.268012
397.000000,218.473999,0.253555,0.262331
398.000000,218.473999,0.241958,0.252865
399.000000,218.473999,0.229227,0.253264
400.000000,218.473999,0.215414,0.241925
401.000000,218.473999,0.200587,0.232244
402.000000,218.473999,0.184818,0.227869
403.000000,218.473999,0.168174,0.210243
404.000000,218.473999,0.150743,0.204562
405.000000,218.473999,0.132598,0.184325
406.000000,218.473999,0.113831,0.162393
407.000000,218.473999,0.094528,0.147412
408.000000,218.473999,0.074778,0.137002
409.000000,218.473999,0.054678,0.119464
410.000000,218.473999,0.034319,0.105742
411.000000,218.473999,0.013800,0.089606
412.000000,218.473999,-0.006785,0.068274
413.000000,218.473999,-0.027338,0.055592
414.000000,218.473999,-0.047763,0.034563
415.000000,218.473999,-0.067961,0.007710
416.000000,218.473999,-0.087841,-0.003272
417.000000,218.473999,-0.107307,-0.019706
418.000000,218.473999,-0.126266,-0.040960
419.000000,218.473999,-0.144635,-0.054929
420.000000,218.473999,-0.162317,-0.049454
421.000000,218.473999,-0.179238,-0.096851
422.000000,218.473999,-0.195314,-0.112533
423.000000,218.473999,-0.210470,-0.137453
424.000000,218.473999,-0.224638,-0.152435
425.000000,218.473999,-0.237743,-0.157043
426.000000,218.473999,-0.249733,-0.180236
427.000000,218.473999,-0.260544,-0.188304
428.000000,218.473999,-0.270128,-0.195506
429.000000,218.473999,-0.278445,-0.216251
430.000000,218.473999,-0.285443,-0.226106
431.000000,218.473999,-0.291104,-0.238481
432.000000,218.473999,-0.295389,-0.247727
433.000000,218.473999,-0.298285,-0.252088
434.000000,218.473999,-0.299779,-0.273768
435.000000,218.473999,-0.299855,-0.269315
436.000000,218.473999,-0.298527,-0.263130
437.000000,218.473999,-0.295786,-0.274355
438.000000,218.473999,-0.291656,-0.276169
439.000000,218.473999,-0.286153,-0.277351
440.000000,218.473999,-0.279299,-0.276068
441.000000,218.473999,-0.271136,-0.268802
442.000000,218.473999,-0.261689,-0.263963
443.000000,218.473999,-0.251014,-0.266694
444.000000,218.473999,-0.239156,-0.256981
445.000000,218.473999,-0.226171,-0.242902
446.000000,218.473999,-0.212125,-0.239393
447.000000,218.473999,-0.197074,-0.229533
448.000000,218.473999,-0.181099,-0.224773
449.000000,218.473999,-0.164270,-0.212165
450.000000,218.473999,-0.146667,-0.193018
451.000000,218.473999,-0.128376,-0.179049
452.000000,218.473999,-0.109476,-0.165895
453.000000,218.473999,-0.090064,-0.142749
454.000000,218.473999,-0.070226,-0.136779
455.000000,218.473999,-0.050058,-0.118806
456.000000,218.473999,-0.029655,-0.089332
0.000000,228.167999,0.015607,-0.067222
1.000000,228.167999,0.037023,-0.048662
2.000000,228.167999,0.058250,-0.026313
3.000000,228.167999,0.079177,-0.008298
4.000000,228.167999,0.099697,0.010468
5.000000,228.167999,0.119705,0.024905
6.000000,228.167999,0.139099,0.049952
7.000000,228.167999,0.157779,0.072645
8.000000,228.167999,0.175649,0.081221
9.000000,228.167999,0.192614,0.103589
10.000000,228.167999,0.208591,0.129635
11.000000,228.167999,0.223496,0.137992
12.000000,228.167999,0.237255,0.156039
13.000000,228.167999,0.249796,0.175098
14.000000,228.167999,0.261056,0.188508
15.000000,228.167999,0.270970,0.197928
16.000000,228.167999,0.279492,0.211348
17.000000,228.167999,0.286580,0.225784
18.000000,228.167999,0.292198,0.234970
19.000000,228.167999,0.296315,0.240944
20.000000,228.167999,0.298912,0.249658
21.000000,228.167999,0.299971,0.260691
22.000000,228.167999,0.299487,0.264407
23.000000,228.167999,0.297466,0.276740
24.000000,228.167999,0.293919,0.280758
25.000000,228.167999,0.288863,0.273927
26.000000,228.167999,0.282325,0.273006
27.000000,228.167999,0.274335,0.272044
28.000000,228.167999,0.264933,0.267600
29.000000,228.167999,0.254172,0.263999
30.000000,228.167999,0.242106,0.261704
31.000000,228.167999,0.228798,0.248925
32.000000,228.167999,0.214315,0.240931
33.000000,228.167999,0.198732,0.230476
34.000000,228.167999,0.182124,0.217597
35.000000,228.167999,0.164583,0.215769
36.000000,228.167999,0.146196,0.186561
37.000000,228.167999,0.127059,0.178827
38.000000,228.167999,0.107270,0.167085
39.000000,228.167999,0.086930,0.146106
40.000000,228.167999,0.066143,0.134991
41.000000,228.167999,0.045016,0.119075
42.000000,228.167999,0.023658,0.097216
43.000000,228.167999,0.002178,0.080374
44.000000,228.167999,-0.019312,0.066464
45.000000,228.167999,-0.040704,0.039478
46.000000,228.167999,-0.061887,0.019136
47.000000,228.167999,-0.082751,0.003747
48.000000,228.167999,-0.103190,-0.019152
49.000000,228.167999,-0.123099,-0.035627
50.000000,228.167999,-0.142377,-0.053669
51.000000,228.167999,-0.160924,-0.072802
52.000000,228.167999,-0.178645,-0.088471
53.000000,228.167999,-0.195445,-0.114559
54.000000,228.167999,-0.211242,-0.129879
55.000000,228.167999,-0.225955,-0.144522
56.000000,228.167999,-0.239508,-0.161854
57.000000,228.167999,-0.251833,-0.172969
58.000000,228.167999,-0.262864,-0.181518
59.000000,228.167999,-0.272542,-0.201517
60.000000,228.167999,-0.280820,-0.207051
61.000000,228.167999,-0.287656,-0.224008
62.000000,228.167999,-0.293016,-0.243553
63.000000,228.167999,-0.296872,-0.250654
64.000000,228.167999,-0.299205,-0.254063
65.000000,228.167999,-0.299998,-0.268481
66.000000,228.167999,-0.299248,-0.272682
67.000000,228.167999,-0.296963,-0.275083
68.000000,228.167999,-0.293153,-0.277415
69.000000,228.167999,-0.287839,-0.275230
70.000000,228.167999,-0.281048,-0.281809
71.000000,228.167999,-0.272813,-0.274002
72.000000,228.167999,-0.263172,-0.266030
73.000000,228.167999,-0.252181,-0.263267
74.000000,228.167999,-0.239896,-0.255561
75.000000,228.167999,-0.226380,-0.250709
76.000000,228.167999,-0.211701,-0.245266
77.000000,228.167999,-0.195936,-0.234733
78.000000,228.167999,-0.179161,-0.212774
79.000000,228.167999,-0.161467,-0.208884
80.000000,228.167999,-0.142944,-0.191731
81.000000,228.167999,-0.123687,-0.175631
82.000000,228.167999,-0.103796,-0.163875
83.000000,228.167999,-0.083371,-0.147395
84.000000,228.167999,-0.062518,-0.134200
85.000000,228.167999,-0.041343,-0.117005
86.000000,228.167999,-0.019956,-0.083065
87.000000,228.167999,0.001533,-0.079262
88.000000,228.167999,0.023015,-0.063735
89.000000,228.167999,0.044378,-0.035535
90.000000,228.167999,0.065514,-0.026739
91.000000,228.167999,0.086312,-0.001398
92.000000,228.167999,0.106667,0.022641
93.000000,228.167999,0.126474,0.037252
94.000000,228.167999,0.145633,0.055445
95.000000,228.167999,0.164044,0.078518
96.000000,228.167999,0.181613,0.090742
97.000000,228.167999,0.198246,0.107529
98.000000,228.167999,0.213862,0.126969
99.000000,228.167999,0.228379,0.144759
100.000000,228.167999,0.241725,0.167932
101.000000,228.167999,0.253830,0.172780
102.000000,228.167999,0.264633,0.188948
103.000000,228.167999,0.274072,0.204741
104.000000,228.167999,0.282104,0.212323
105.000000,228.167999,0.288687,0.226957
106.000000,228.167999,0.293789,0.242589
107.000000,228.167999,0.297384,0.244619
108.000000,228.167999,0.299452,0.256939
109.000000,228.167999,0.299979,0.271678
110.000000,228.167999,0.298964,0.269460
111.000000,228.167999,0.296414,0.275013
112.000000,228.167999,0.292343,0.277771
113.000000,228.167999,0.286771,0.274967
114.000000,228.167999,0.279728,0.273519
115.000000,228.167999,0.271248,0.269451
116.000000,228.167999,0.261370,0.262093
117.000000,228.167999,0.250151,0.261832
118.000000,228.167999,0.237649,0.254112
119.000000,228.167999,0.223927,0.249585
120.000000,228.167999,0.209055,0.242236
121.000000,228.167999,0.193111,0.228918
122.000000,228.167999,0.176170,0.218476
123.000000,228.167999,0.158326,0.208214
124.000000,228.167999,0.139670,0.188068
125.000000,228.167999,0.120296,0.174200
126.000000,228.167999,0.100305,0.165504
127.000000,228.167999,0.079799,0.139998
128.000000,228.167999,0.058883,0.127390
129.000000,228.167999,0.037663,0.111180
130.000000,228.167999,0.016251,0.088882
131.000000,228.167999,-0.005245,0.070400
132.000000,228.167999,-0.026714,0.055244
133.000000,228.167999,-0.048046,0.032185
134.000000,228.167999,-0.069131,0.016076
135.000000,228.167999,-0.089860,0.132742
136.000000,228.167999,-0.110128,-0.023399
137.000000,228.167999,-0.129830,-0.076403
138.000000,228.167999,-0.148867,-0.098450
139.000000,228.167999,-0.167139,-0.102491
140.000000,228.167999,-0.184554,-0.105019
141.000000,228.167999,-0.201017,-0.123392
142.000000,228.167999,-0.216448,-0.140454
143.000000,228.167999,-0.230769,-0.145736
144.000000,228.167999,-0.243905,-0.167215
145.000000,228.167999,-0.255789,-0.181010
146.000000,228.167999,-0.266361,-0.192532
147.000000,228.167999,-0.275561,-0.209851
148.000000,228.167999,-0.283345,-0.222752
149.000000,228.167999,-0.289675,-0.227861
150.000000,228.167999,-0.294518,-0.244226
151.000000,228.167999,-0.297849,-0.250888
152.000000,228.167999,-0.299653,-0.256381
153.000000,228.167999,-0.299914,-0.266928
154.000000,228.167999,-0.298633,-0.276430
155.000000,228.167999,-0.295819,-0.279935
156.000000,228.167999,-0.291488,-0.278323
157.000000,228.167999,-0.285660,-0.269984
158.000000,228.167999,-0.278365,-0.272128
159.000000,228.167999,-0.269642,-0.274089
160.000000,228.167999,-0.259528,-0.264110
161.000000,228.167999,-0.248084,-0.265054
162.000000,228.167999,-0.235366,-0.256235
163.000000,228.167999,-0.221440,-0.244616
164.000000,228.167999,-0.206377,-0.238646
165.000000,228.167999,-0.190255,-0.222459
166.000000,228.167999,-0.173153,-0.213200
167.000000,228.167999,-0.155162,-0.200550
168.000000,228.167999,-0.136374,-0.195084
169.000000,228.167999,-0.116887,-0.179663
170.000000,228.167999,-0.096800,-0.157635
171.000000,228.167999,-0.076215,-0.139088
172.000000,228.167999,-0.055239,-0.127552
173.000000,228.167999,-0.033978,-0.107191
174.000000,228.167999,-0.012544,-0.083078
175.000000,228.167999,0.008955,-0.072055
176.000000,228.167999,0.030408,-0.052588
177.000000,228.167999,0.051706,-0.031448
178.000000,228.167999,0.072737,-0.016325
179.000000,228.167999,0.093395,0.004475
180.000000,228.167999,0.113572,0.028969
181.000000,228.167999,0.133167,0.044986
182.000000,228.167999,0.152078,0.064966
183.000000,228.167999,0.170208,0.077433
184.000000,228.167999,0.187466,0.100936
185.000000,228.167999,0.203757,0.118149
186.000000,228.167999,0.219002,0.136645
187.000000,228.167999,0.233123,0.149359
188.000000,228.167999,0.246047,0.169532
189.000000,228.167999,0.257709,0.177728
190.000000,228.167999,0.268048,0.198308
191.000000,228.167999,0.277007,0.213047
192.000000,228.167999,0.284543,0.219017
193.000000,228.167999,0.290618,0.232977
194.000000,228.167999,0.295201,0.246003
195.000000,228.167999,0.298270,0.245585
196.000000,228.167999,0.299808,0.257378
197.000000,228.167999,0.299804,0.267284
198.000000,228.167999,0.298257,0.270060
199.000000,228.167999,0.295180,0.275160
200.000000,228.167999,0.290587,0.274518
201.000000,228.167999,0.284504,0.276007
202.000000,228.167999,0.276960,0.278573
203.000000,228.167999,0.267994,0.267192
204.000000,228.167999,0.257647,0.265140
205.000000,228.167999,0.245978,0.264191
206.000000,228.167999,0.233046,0.251606
207.000000,228.167999,0.218919,0.244445
208.000000,228.167999,0.203667,0.241623
209.000000,228.167999,0.187371,0.223557
210.000000,228.167999,0.170109,0.207536
211.000000,228.167999,0.151973,0.203967
212.000000,228.167999,0.133058,0.180481
213.000000,228.167999,0.113460,0.169513
214.000000,228.167999,0.093279,0.160290
215.000000,228.167999,0.072619,0.135385
216.000000,228.167999,0.051586,0.122410
217.000000,228.167999,0.030288,0.106420
218.000000,228.167999,0.008834,0.082481
219.000000,228.167999,-0.012665,0.068613
220.000000,228.167999,-0.034099,0.051011
221.000000,228.167999,-0.055358,0.027571
222.000000,228.167999,-0.076333,0.011009
223.000000,228.167999,-0.096915,-0.003684
224.000000,228.167999,-0.116999,-0.029506
225.000000,228.167999,-0.136482,-0.044149
226.000000,228.167999,-0.155265,-0.070708
227.000000,228.167999,-0.173252,-0.087917
228.000000,228.167999,-0.190349,-0.098559
229.000000,228.167999,-0.206466,-0.122352
230.000000,228.167999,-0.221522,-0.144101
231.000000,228.167999,-0.235441,-0.150496
232.000000,228.167999,-0.248152,-0.173542
233.000000,228.167999,-0.259589,-0.183470
234.000000,228.167999,-0.269694,-0.196999
235.000000,228.167999,-0.278411,-0.212678
236.000000,228.167999,-0.285697,-0.224393
237.000000,228.167999,-0.291516,-0.233441
238.000000,228.167999,-0.295840,-0.242000
239.000000,228.167999,-0.298644,-0.249848
240.000000,228.167999,-0.299917,-0.261068
241.000000,228.167999,-0.299647,-0.272582
242.000000,228.167999,-0.297835,-0.269663
243.000000,228.167999,-0.294495,-0.279115
244.000000,228.167999,-0.289643,-0.273709
245.000000,228.167999,-0.283305,-0.272811
246.000000,228.167999,-0.275512,-0.274135
247.000000,228.167999,-0.266306,-0.272229
248.000000,228.167999,-0.255726,-0.262997
249.000000,228.167999,-0.243834,-0.262081
250.000000,228.167999,-0.230691,-0.255194
251.000000,228.167999,-0.216364,-0.246622
252.000000,228.167999,-0.200927,-0.234926
253.000000,228.167999,-0.184458,-0.217992
254.000000,228.167999,-0.167038,-0.209099
255.000000,228.167999,-0.148761,-0.199364
256.000000,228.167999,-0.129721,-0.182370
257.000000,228.167999,-0.110015,-0.166408
258.000000,228.167999,-0.089744,-0.154954
259.000000,228.167999,-0.069013,-0.127488
260.000000,228.167999,-0.047926,-0.121078
261.000000,228.167999,-0.026593,-0.101391
262.000000,228.167999,-0.005123,-0.079065
263.000000,228.167999,0.016372,-0.065508
264.000000,228.167999,0.037784,-0.047828
265.000000,228.167999,0.059001,-0.022968
266.000000,228.167999,0.079917,-0.011185
267.000000,228.167999,0.100420,0.011769
268.000000,228.167999,0.120408,0.036483
269.000000,228.167999,0.139777,0.049746
270.000000,228.167999,0.158429,0.068760
271.000000,228.167999,0.176269,0.087113
272.000000,228.167999,0.193203,0.140685
273.000000,228.167999,0.209143,0.125809
274.000000,228.167999,0.224008,0.128224
275.000000,228.167999,0.237723,0.148832
276.000000,228.167999,0.250218,0.171465
277.000000,228.167999,0.261430,0.179588
278.000000,228.167999,0.271299,0.200315
279.000000,228.167999,0.279773,0.212901
280.000000,228.167999,0.286807,0.224817
281.000000,228.167999,0.292370,0.238851
282.000000,228.167999,0.296432,0.251510
283.000000,228.167999,0.298973,0.255399
284.000000,228.167999,0.299980,0.259458
285.000000,228.167999,0.299445,0.264764
286.000000,228.167999,0.297368,0.272360
287.000000,228.167999,0.293765,0.277753
288.000000,228.167999,0.288654,0.271893
289.000000,228.167999,0.282062,0.270867
290.000000,228.167999,0.274022,0.281152
291.000000,228.167999,0.264576,0.265227
292.000000,228.167999,0.253766,0.267806
293.000000,228.167999,0.241653,0.263051
294.000000,228.167999,0.228301,0.251532
295.000000,228.167999,0.213776,0.238484
296.000000,228.167999,0.198155,0.232762
297.000000,228.167999,0.181516,0.219090
298.000000,228.167999,0.163943,0.208195
299.000000,228.167999,0.145527,0.196599
300.000000,228.167999,0.126364,0.209176
301.000000,228.167999,0.106553,0.166306
302.000000,228.167999,0.086196,0.142083
303.000000,228.167999,0.065395,0.123111
304.000000,228.167999,0.044258,0.107295
305.000000,228.167999,0.022894,0.084914
306.000000,228.167999,0.001412,0.076447
307.000000,228.167999,-0.020077,0.065232
308.000000,228.167999,-0.041463,0.043726
309.000000,228.167999,-0.062636,0.025844
310.000000,228.167999,-0.083488,0.010294
311.000000,228.167999,-0.103910,-0.018258
312.000000,228.167999,-0.123798,-0.035100
313.000000,228.167999,-0.143051,-0.049977
314.000000,228.167999,-0.161569,-0.075996
315.000000,228.167999,-0.179258,-0.092471
316.000000,228.167999,-0.196028,-0.108680
317.000000,228.167999,-0.211788,-0.127932
318.000000,228.167999,-0.226460,-0.150281
319.000000,228.167999,-0.239969,-0.158143
320.000000,228.167999,-0.252247,-0.174289
321.000000,228.167999,-0.263230,-0.187497
322.000000,228.167999,-0.272862,-0.201925
323.000000,228.167999,-0.281091,-0.215811
324.000000,228.167999,-0.287874,-0.221740
325.000000,228.167999,-0.293179,-0.240873
326.000000,228.167999,-0.296980,-0.248414
327.000000,228.167999,-0.299257,-0.253243
328.000000,228.167999,-0.299997,-0.262081
329.000000,228.167999,-0.299197,-0.268509
330.000000,228.167999,-0.296855,-0.265750
331.000000,228.167999,-0.292990,-0.279042
332.000000,228.167999,-0.287621,-0.278556
333.000000,228.167999,-0.280777,-0.271477
334.000000,228.167999,-0.272491,-0.277709
335.000000,228.167999,-0.262806,-0.308478
336.000000,228.167999,-0.251767,-0.262149
337.000000,228.167999,-0.239436,-0.243406
338.000000,228.167999,-0.225875,-0.235860
339.000000,228.167999,-0.211156,-0.237253
340.000000,228.167999,-0.195353,-0.224892
341.000000,228.167999,-0.178547,-0.213493
342.000000,228.167999,-0.160822,-0.209104
343.000000,228.167999,-0.142270,-0.191644
344.000000,228.167999,-0.122988,-0.171251
345.000000,228.167999,-0.103076,-0.161488
346.000000,228.167999,-0.082634,-0.142547
347.000000,228.167999,-0.061768,-0.128175
348.000000,228.167999,-0.040584,-0.115131
349.000000,228.167999,-0.019191,-0.095371
350.000000,228.167999,0.002300,-0.072664
351.000000,228.167999,0.023779,-0.061935
352.000000,228.167999,0.045136,-0.040841
353.000000,228.167999,0.066261,-0.022180
354.000000,228.167999,0.087047,-0.000258
355.000000,228.167999,0.107384,0.022389
356.000000,228.167999,0.127169,0.032844
357.000000,228.167999,0.146302,0.052339
358.000000,228.167999,0.164684,0.082926
359.000000,228.167999,0.182221,0.095956
360.000000,228.167999,0.198823,0.113343
361.000000,228.167999,0.214400,0.135742
362.000000,228.167999,0.228877,0.142972
363.000000,228.167999,0.242178,0.160799
364.000000,228.167999,0.254236,0.180898
365.000000,228.167999,0.264990,0.190368
366.000000,228.167999,0.274384,0.205368
367.000000,228.167999,0.282367,0.218861
368.000000,228.167999,0.288896,0.228611
369.000000,228.167999,0.293944,0.240550
370.000000,228.167999,0.297482,0.251651
371.000000,228.167999,0.299494,0.257699
372.000000,228.167999,0.299969,0.267091
373.000000,228.167999,0.298903,0.263586
374.000000,228.167999,0.296297,0.275173
375.000000,228.167999,0.292170,0.278972
376.000000,228.167999,0.286544,0.270353
377.000000,228.167999,0.279448,0.277400
378.000000,228.167999,0.270917,0.274651
379.000000,228.167999,0.260996,0.266560
380.000000,228.167999,0.249729,0.265932
381.000000,228.167999,0.237181,0.261630
382.000000,228.167999,0.223415,0.247139
383.000000,228.167999,0.208503,0.236170
384.000000,228.167999,0.192521,0.226682
385.000000,228.167999,0.175550,0.212616
386.000000,228.167999,0.157676,0.204461
387.000000,228.167999,0.138991,0.187674
388.000000,228.167999,0.119593,0.173394
389.000000,228.167999,0.099582,0.164551
390.000000,228.167999,0.079059,0.139632
391.000000,228.167999,0.058131,0.127550
392.000000,228.167999,0.036903,0.115354
393.000000,228.167999,0.015485,0.089629
394.000000,228.167999,-0.006011,0.072860
395.000000,228.167999,-0.027477,0.060811
396.000000,228.167999,-0.048802,0.031892
397.000000,228.167999,-0.069876,0.015563
398.000000,228.167999,-0.090592,-0.001760
399.000000,228.167999,-0.110841,-0.028526
400.000000,228.167999,-0.130521,-0.042394
401.000000,228.167999,-0.149531,-0.056730
402.000000,228.167999,-0.167774,-0.085076
403.000000,228.167999,-0.185155,-0.097171
404.000000,228.167999,-0.201587,-0.118586
405.000000,228.167999,-0.216980,-0.131959
406.000000,228.167999,-0.231259,-0.147715
407.000000,228.167999,-0.244350,-0.165355
408.000000,228.167999,-0.256187,-0.181303
409.000000,228.167999,-0.266710,-0.189999
410.000000,228.167999,-0.275863,-0.207024
411.000000,228.167999,-0.283599,-0.219032
412.000000,228.167999,-0.289875,-0.223114
413.000000,228.167999,-0.294663,-0.245486
414.000000,228.167999,-0.297939,-0.249614
415.000000,228.167999,-0.299685,-0.248776
416.000000,228.167999,-0.299894,-0.269448
417.000000,228.167999,-0.298563,-0.270529
418.000000,228.167999,-0.295693,-0.276929
419.000000,228.167999,-0.291306,-0.278982
420.000000,228.167999,-0.285424,-0.273677
421.000000,228.167999,-0.278076,-0.285736
422.000000,228.167999,-0.269302,-0.273929
423.000000,228.167999,-0.259146,-0.263730
424.000000,228.167999,-0.247654,-0.261407
425.000000,228.167999,-0.234890,-0.250948
426.000000,228.167999,-0.220921,-0.233015
427.000000,228.167999,-0.205819,-0.236786
428.000000,228.167999,-0.189660,-0.225873
429.000000,228.167999,-0.172527,-0.212774
430.000000,228.167999,-0.154507,-0.201444
431.000000,228.167999,-0.135692,-0.188230
432.000000,228.167999,-0.116181,-0.172364
433.000000,228.167999,-0.096073,-0.155761
434.000000,228.167999,-0.075473,-0.138314
435.000000,228.167999,-0.054485,-0.124840
436.000000,228.167999,-0.033217,-0.107924
437.000000,228.167999,-0.011778,-0.084838
0.000000,238.292007,0.007793,-0.074818
1.000000,238.292007,0.030200,-0.057248
2.000000,238.292007,0.052439,-0.035480
3.000000,238.292007,0.074384,-0.014827
4.000000,238.292007,0.095912,-0.000038
5.000000,238.292007,0.116903,0.026256
6.000000,238.292007,0.137239,0.043038
7.000000,238.292007,0.156807,0.067074
8.000000,238.292007,0.175497,0.089253
9.000000,238.292007,0.193204,0.098636
10.000000,238.292007,0.209827,0.120037
11.000000,238.292007,0.225274,0.135816
12.000000,238.292007,0.239459,0.154953
13.000000,238.292007,0.252304,0.168766
14.000000,238.292007,0.263735,0.190946
15.000000,238.292007,0.273690,0.201676
16.000000,238.292007,0.282112,0.214742
17.000000,238.292007,0.288954,0.226522
18.000000,238.292007,0.294178,0.236944
19.000000,238.292007,0.297753,0.248957
20.000000,238.292007,0.299658,0.251285
21.000000,238.292007,0.299884,0.267146
22.000000,238.292007,0.298432,0.272965
23.000000,238.292007,0.295307,0.269093
24.000000,238.292007,0.290529,0.275173
25.000000,238.292007,0.284124,0.275178
26.000000,238.292007,0.276128,0.270280
27.000000,238.292007,0.266586,0.269213
28.000000,238.292007,0.255550,0.269964
29.000000,238.292007,0.243082,0.256293
30.000000,238.292007,0.229251,0.253878
31.000000,238.292007,0.214135,0.246823
32.000000,238.292007,0.197821,0.228464
33.000000,238.292007,0.180398,0.221216
34.000000,238.292007,0.161966,0.208374
35.000000,238.292007,0.142626,0.189108
36.000000,238.292007,0.122488,0.180133
37.000000,238.292007,0.101664,0.160813
38.000000,238.292007,0.080270,0.143778
39.000000,238.292007,0.058426,0.134496
40.000000,238.292007,0.036254,0.106076
41.000000,238.292007,0.013879,0.091241
42.000000,238.292007,-0.008573,0.080159
43.000000,238.292007,-0.030977,0.051459
44.000000,238.292007,-0.053207,0.032904
45.000000,238.292007,-0.075140,0.017955
46.000000,238.292007,-0.096651,-0.016838
47.000000,238.292007,-0.117622,-0.025433
48.000000,238.292007,-0.137934,-0.038742
49.000000,238.292007,-0.157473,-0.065362
50.000000,238.292007,-0.176129,-0.085924
51.000000,238.292007,-0.193798,-0.101812
52.000000,238.292007,-0.210382,-0.119672
53.000000,238.292007,-0.225787,-0.139807
54.000000,238.292007,-0.239928,-0.161662
55.000000,238.292007,-0.252725,-0.176529
56.000000,238.292007,-0.264107,-0.183951
57.000000,238.292007,-0.274011,-0.204710
58.000000,238.292007,-0.282379,-0.216719
59.000000,238.292007,-0.289165,-0.222441
60.000000,238.292007,-0.294329,-0.241693
61.000000,238.292007,-0.297844,-0.248941
62.000000,238.292007,-0.299692,-0.253770
63.000000,238.292007,-0.299861,-0.270488
64.000000,238.292007,-0.298350,-0.269109
65.000000,238.292007,-0.295169,-0.272737
66.000000,238.292007,-0.290335,-0.274882
67.000000,238.292007,-0.283875,-0.275509
68.000000,238.292007,-0.275826,-0.275390
69.000000,238.292007,-0.266230,-0.269975
70.000000,238.292007,-0.255140,-0.265402
71.000000,238.292007,-0.242622,-0.266122
72.000000,238.292007,-0.228745,-0.255547
73.000000,238.292007,-0.213588,-0.238495
74.000000,238.292007,-0.197234,-0.236406
75.000000,238.292007,-0.179776,-0.221552
76.000000,238.292007,-0.161311,-0.200192
77.000000,238.292007,-0.141942,-0.193783
78.000000,238.292007,-0.121778,-0.178930
79.000000,238.292007,-0.100932,-0.161657
80.000000,238.292007,-0.079519,-0.148467
81.000000,238.292007,-0.057661,-0.132427
82.000000,238.292007,-0.035481,-0.109794
83.000000,238.292007,-0.013102,-0.093557
84.000000,238.292007,0.009351,-0.074397
85.000000,238.292007,0.031751,-0.055516
86.000000,238.292007,0.053973,-0.035600
87.000000,238.292007,0.075893,-0.009979
88.000000,238.292007,0.097389,0.003609
89.000000,238.292007,0.118338,0.020937
90.000000,238.292007,0.138624,0.048550
91.000000,238.292007,0.158133,0.065300
92.000000,238.292007,0.176757,0.083874
93.000000,238.292007,0.194391,0.107020
94.000000,238.292007,0.210935,0.118644
95.000000,238.292007,0.226299,0.138331
96.000000,238.292007,0.240396,0.160290
97.000000,238.292007,0.253146,0.170800
98.000000,238.292007,0.264479,0.187661
99.000000,238.292007,0.274329,0.200860
100.000000,238.292007,0.282640,0.202642
101.000000,238.292007,0.289368,0.228423
102.000000,238.292007,0.294476,0.239377
103.000000,238.292007,0.297935,0.252339
104.000000,238.292007,0.299725,0.257864
105.000000,238.292007,0.299837,0.259866
106.000000,238.292007,0.298269,0.268099
107.000000,238.292007,0.295031,0.278005
108.000000,238.292007,0.290141,0.276007
109.000000,238.292007,0.283624,0.278513
110.000000,238.292007,0.275517,0.275691
111.000000,238.292007,0.265866,0.268273
112.000000,238.292007,0.254727,0.265786
113.000000,238.292007,0.242162,0.265131
114.000000,238.292007,0.228240,0.249072
115.000000,238.292007,0.213040,0.241751
116.000000,238.292007,0.196647,0.227736
117.000000,238.292007,0.179152,0.215737
118.000000,238.292007,0.160654,0.205721
119.000000,238.292007,0.141255,0.188128
120.000000,238.292007,0.121064,0.178300
121.000000,238.292007,0.100196,0.168711
122.000000,238.292007,0.078766,0.143425
123.000000,238.292007,0.056895,0.128370
124.000000,238.292007,0.034706,0.106654
125.000000,238.292007,0.012322,0.085981
126.000000,238.292007,-0.010131,0.073007
127.000000,238.292007,-0.032527,0.057984
128.000000,238.292007,-0.054741,0.033078
129.000000,238.292007,-0.076649,0.013703
130.000000,238.292007,-0.098126,-0.002800
131.000000,238.292007,-0.119054,-0.030386
132.000000,238.292007,-0.139315,-0.051182
133.000000,238.292007,-0.158795,-0.071583
134.000000,238.292007,-0.177387,-0.087683
135.000000,238.292007,-0.194985,-0.104919
136.000000,238.292007,-0.211491,-0.126452
137.000000,238.292007,-0.226812,-0.139400
138.000000,238.292007,-0.240864,-0.153309
139.000000,238.292007,-0.253565,-0.175255
140.000000,238.292007,-0.264844,-0.190457
141.000000,238.292007,-0.274640,-0.198113
142.000000,238.292007,-0.282898,-0.217438
143.000000,238.292007,-0.289572,-0.227439
144.000000,238.292007,-0.294623,-0.240969
145.000000,238.292007,-0.298025,-0.250920
146.000000,238.292007,-0.299758,-0.260028
147.000000,238.292007,-0.299813,-0.259716
148.000000,238.292007,-0.298188,-0.267954
149.000000,238.292007,-0.294891,-0.274616
150.000000,238.292007,-0.289940,-0.275097
151.000000,238.292007,-0.283366,-0.277562
152.000000,238.292007,-0.275205,-0.273663
153.000000,238.292007,-0.265503,-0.275935
154.000000,238.292007,-0.254314,-0.265815
155.000000,238.292007,-0.241701,-0.256202
156.000000,238.292007,-0.227735,-0.256647
157.000000,238.292007,-0.212492,-0.244914
158.000000,238.292007,-0.196060,-0.228988
159.000000,238.292007,-0.178528,-0.221231
160.000000,238.292007,-0.159995,-0.209952
161.000000,238.292007,-0.140566,-0.192679
162.000000,238.292007,-0.120350,-0.177629
163.000000,238.292007,-0.099461,-0.159802
164.000000,238.292007,-0.078014,-0.141122
165.000000,238.292007,-0.056131,-0.126892
166.000000,238.292007,-0.033933,-0.110779
167.000000,238.292007,-0.011545,-0.087472
168.000000,238.292007,0.010909,-0.074809
169.000000,238.292007,0.033301,-0.051108
170.000000,238.292007,0.055506,-0.036974
171.000000,238.292007,0.077400,-0.012985
172.000000,238.292007,0.098860,0.011815
173.000000,238.292007,0.119767,0.024524
174.000000,238.292007,0.140003,0.042365
175.000000,238.292007,0.159455,0.071385
176.000000,238.292007,0.178015,0.085688
177.000000,238.292007,0.195577,0.107236
178.000000,238.292007,0.212044,0.128522
179.000000,238.292007,0.227322,0.138065
180.000000,238.292007,0.241326,0.156859
181.000000,238.292007,0.253978,0.177998
182.000000,238.292007,0.265207,0.188508
183.000000,238.292007,0.274951,0.203655
184.000000,238.292007,0.283156,0.217001
185.000000,238.292007,0.289775,0.226750
186.000000,238.292007,0.294771,0.236010
187.000000,238.292007,0.298116,0.247491
188.000000,238.292007,0.299792,0.256132
189.000000,238.292007,0.299786,0.265378
190.000000,238.292007,0.298099,0.267087
191.000000,238.292007,0.294744,0.273680
192.000000,238.292007,0.289737,0.277258
193.000000,238.292007,0.283108,0.273854
194.000000,238.292007,0.274894,0.273079
195.000000,238.292007,0.265140,0.273831
196.000000,238.292007,0.253901,0.263733
197.000000,238.292007,0.241241,0.260205
198.000000,238.292007,0.227229,0.256123
199.000000,238.292007,0.211942,0.240445
200.000000,238.292007,0.195468,0.227910
201.000000,238.292007,0.177899,0.217455
202.000000,238.292007,0.159333,0.204283
203.000000,238.292007,0.139876,0.196728
204.000000,238.292007,0.119635,0.173600
205.000000,238.292007,0.098725,0.157179
206.000000,238.292007,0.077261,0.142683
207.000000,238.292007,0.055365,0.125044
208.000000,238.292007,0.033158,0.103749
209.000000,238.292007,0.010765,0.095200
210.000000,238.292007,-0.011688,0.070954
211.000000,238.292007,-0.034076,0.054259
212.000000,238.292007,-0.056272,0.034622
213.000000,238.292007,-0.078153,0.007637
214.000000,238.292007,-0.099597,-0.009059
215.000000,238.292007,-0.120483,-0.029295
216.000000,238.292007,-0.140694,-0.050847
217.000000,238.292007,-0.160117,-0.067469
218.000000,238.292007,-0.178644,-0.083679
219.000000,238.292007,-0.196169,-0.104791
220.000000,238.292007,-0.212594,-0.126700
221.000000,238.292007,-0.227828,-0.143702
222.000000,238.292007,-0.241787,-0.155161
223.000000,238.292007,-0.254391,-0.174183
224.000000,238.292007,-0.265571,-0.194617
225.000000,238.292007,-0.275263,-0.212545
226.000000,238.292007,-0.283414,-0.213346
227.000000,238.292007,-0.289978,-0.232832
228.000000,238.292007,-0.294918,-0.238366
229.000000,238.292007,-0.298203,-0.243869
230.000000,238.292007,-0.299817,-0.257247
231.000000,238.292007,-0.299752,-0.264788
232.000000,238.292007,-0.298009,-0.266717
233.000000,238.292007,-0.294596,-0.273315
234.000000,238.292007,-0.289534,-0.273049
235.000000,238.292007,-0.282850,-0.276458
236.000000,238.292007,-0.274582,-0.273988
237.000000,238.292007,-0.264777,-0.275729
238.000000,238.292007,-0.253489,-0.267363
239.000000,238.292007,-0.240777,-0.259107
240.000000,238.292007,-0.226717,-0.246728
241.000000,238.292007,-0.211388,-0.240007
242.000000,238.292007,-0.194875,-0.228392
243.000000,238.292007,-0.177270,-0.213346
244.000000,238.292007,-0.158673,-0.210291
245.000000,238.292007,-0.139187,-0.193430
246.000000,238.292007,-0.118922,-0.172071
247.000000,238.292007,-0.097990,-0.162601
248.000000,238.292007,-0.076509,-0.149681
249.000000,238.292007,-0.054599,-0.123415
250.000000,238.292007,-0.032384,-0.109551
251.000000,238.292007,-0.009987,-0.089571
252.000000,238.292007,0.012466,-0.058823
253.000000,238.292007,0.034849,-0.049661
254.000000,238.292007,0.057036,-0.028933
255.000000,238.292007,0.078905,-0.014007
256.000000,238.292007,0.100331,0.008296
257.000000,238.292007,0.121196,0.025817
258.000000,238.292007,0.141382,0.042218
259.000000,238.292007,0.160775,0.067440
260.000000,238.292007,0.179267,0.093120
261.000000,238.292007,0.196755,0.099529
262.000000,238.292007,0.213141,0.126730
263.000000,238.292007,0.228333,0.146010
264.000000,238.292007,0.242247,0.156813
265.000000,238.292007,0.254803,0.170919
266.000000,238.292007,0.265933,0.194739
267.000000,238.292007,0.275574,0.207109
268.000000,238.292007,0.283672,0.223076
269.000000,238.292007,0.290177,0.230842
270.000000,238.292007,0.295057,0.240885
271.000000,238.292007,0.298284,0.250964
272.000000,238.292007,0.299841,0.250845
273.000000,238.292007,0.299719,0.263573
274.000000,238.292007,0.297918,0.271998
275.000000,238.292007,0.294449,0.270660
276.000000,238.292007,0.289331,0.270560
277.000000,238.292007,0.282592,0.278151
278.000000,238.292007,0.274271,0.274967
279.000000,238.292007,0.264410,0.273079
280.000000,238.292007,0.253068,0.269291
281.000000,238.292007,0.240309,0.257259
282.000000,238.292007,0.226205,0.250905
283.000000,238.292007,0.210833,0.247716
284.000000,238.292007,0.194281,0.230251
285.000000,238.292007,0.176641,0.211842
286.000000,238.292007,0.158012,0.200787
287.000000,238.292007,0.138497,0.189475
288.000000,238.292007,0.118207,0.180206
289.000000,238.292007,0.097253,0.156785
290.000000,238.292007,0.075754,0.142518
291.000000,238.292007,0.053832,0.127729
292.000000,238.292007,0.031608,0.106370
293.000000,238.292007,0.009207,0.091168
294.000000,238.292007,-0.013245,0.072425
295.000000,238.292007,-0.035624,0.045952
296.000000,238.292007,-0.057803,0.029037
297.000000,238.292007,-0.079658,0.016094
298.000000,238.292007,-0.101068,-0.007991
299.000000,238.292007,-0.121910,-0.031907
300.000000,238.292007,-0.142069,-0.047296
301.000000,238.292007,-0.161432,-0.072202
302.000000,238.292007,-0.179891,-0.089277
303.000000,238.292007,-0.197343,-0.109239
304.000000,238.292007,-0.213689,-0.125706
305.000000,238.292007,-0.228839,-0.141374
306.000000,238.292007,-0.242708,-0.163581
307.000000,238.292007,-0.255217,-0.177422
308.000000,238.292007,-0.266297,-0.184111
309.000000,238.292007,-0.275882,-0.207610
310.000000,238.292007,-0.283922,-0.219545
311.000000,238.292007,-0.290371,-0.222441
312.000000,238.292007,-0.295195,-0.239613
313.000000,238.292007,-0.298365,-0.247974
314.000000,238.292007,-0.299865,-0.253770
315.000000,238.292007,-0.299685,-0.267295
316.000000,238.292007,-0.297827,-0.270002
317.000000,238.292007,-0.294301,-0.272210
318.000000,238.292007,-0.289127,-0.278602
319.000000,238.292007,-0.282330,-0.274176
320.000000,238.292007,-0.273951,-0.276623
321.000000,238.292007,-0.264039,-0.271542
322.000000,238.292007,-0.252647,-0.257009
323.000000,238.292007,-0.239841,-0.260367
324.000000,238.292007,-0.225692,-0.239260
325.000000,238.292007,-0.210279,-0.237468
326.000000,238.292007,-0.193688,-0.235073
327.000000,238.292007,-0.176013,-0.226693
328.000000,238.292007,-0.157351,-0.203400
329.000000,238.292007,-0.137806,-0.191250
330.000000,238.292007,-0.117489,-0.175136
331.000000,238.292007,-0.096515,-0.152430
332.000000,238.292007,-0.075000,-0.141920
333.000000,238.292007,-0.053065,-0.125060
334.000000,238.292007,-0.030834,-0.109106
335.000000,238.292007,-0.008429,-0.087903
336.000000,238.292007,0.014023,-0.066369
337.000000,238.292007,0.036397,-0.051021
338.000000,238.292007,0.058567,-0.030693
339.000000,238.292007,0.080408,-0.006126
340.000000,238.292007,0.101799,0.007563
341.000000,238.292007,0.122619,0.027177
342.000000,238.292007,0.142753,0.052110
343.000000,238.292007,0.162087,0.071027
344.000000,238.292007,0.180513,0.089601
345.000000,238.292007,0.197929,0.110741
346.000000,238.292007,0.214236,0.124224
347.000000,238.292007,0.229344,0.142944
348.000000,238.292007,0.243167,0.163717
349.000000,238.292007,0.255625,0.173334
350.000000,238.292007,0.266651,0.196888
351.000000,238.292007,0.276184,0.207334
352.000000,238.292007,0.284170,0.213510
353.000000,238.292007,0.290565,0.230356
354.000000,238.292007,0.295333,0.239144
355.000000,238.292007,0.298447,0.253979
356.000000,238.292007,0.299889,0.265378
357.000000,238.292007,0.299652,0.260906
358.000000,238.292007,0.297736,0.266839
359.000000,238.292007,0.294149,0.277785
360.000000,238.292007,0.288915,0.271247
361.000000,238.292007,0.282063,0.274646
362.000000,238.292007,0.273631,0.256064
363.000000,238.292007,0.263667,0.270133
364.000000,238.292007,0.252226,0.272406
365.000000,238.292007,0.239373,0.264897
366.000000,238.292007,0.225179,0.254212
367.000000,238.292007,0.209724,0.242644
368.000000,238.292007,0.193094,0.231722
369.000000,238.292007,0.175380,0.214476
370.000000,238.292007,0.156684,0.203728
371.000000,238.292007,0.137111,0.184733
372.000000,238.292007,0.116770,0.172880
373.000000,238.292007,0.095776,0.163085
374.000000,238.292007,0.074245,0.145579
375.000000,238.292007,0.052297,0.125104
376.000000,238.292007,0.030057,0.108147
377.000000,238.292007,0.007649,0.082935
378.000000,238.292007,-0.014803,0.068993
379.000000,238.292007,-0.037171,0.056871
380.000000,238.292007,-0.059331,0.038819
381.000000,238.292007,-0.081159,0.009689
382.000000,238.292007,-0.102532,-0.012481
383.000000,238.292007,-0.123331,-0.042513
384.000000,238.292007,-0.143439,-0.057949
385.000000,238.292007,-0.162744,-0.066864
386.000000,238.292007,-0.181137,-0.090730
387.000000,238.292007,-0.198517,-0.108845
388.000000,238.292007,-0.214784,-0.122114
389.000000,238.292007,-0.229846,-0.143487
390.000000,238.292007,-0.243620,-0.161836
391.000000,238.292007,-0.256030,-0.181069
392.000000,238.292007,-0.267006,-0.190370
393.000000,238.292007,-0.276487,-0.204499
394.000000,238.292007,-0.284420,-0.226138
395.000000,238.292007,-0.290759,-0.230633
396.000000,238.292007,-0.295471,-0.238142
397.000000,238.292007,-0.298528,-0.250627
398.000000,238.292007,-0.299912,-0.255415
399.000000,238.292007,-0.299613,-0.259350
400.000000,238.292007,-0.297636,-0.269448
401.000000,238.292007,-0.293992,-0.272902
402.000000,238.292007,-0.288702,-0.273250
403.000000,238.292007,-0.281796,-0.275628
404.000000,238.292007,-0.273311,-0.273063
405.000000,238.292007,-0.263295,-0.273929
406.000000,238.292007,-0.251805,-0.266855
407.000000,238.292007,-0.238905,-0.252556
408.000000,238.292007,-0.224666,-0.251067
409.000000,238.292007,-0.209166,-0.242380
410.000000,238.292007,-0.192495,-0.223481
411.000000,238.292007,-0.174746,-0.216398
412.000000,238.292007,-0.156019,-0.207125
413.000000,238.292007,-0.136418,-0.191712
414.000000,238.292007,-0.116053,-0.174435
415.000000,238.292007,-0.095038,-0.171563
416.000000,238.292007,-0.073490,-0.134722
417.000000,238.292007,-0.051531,-0.118412
418.000000,238.292007,-0.029283,-0.103412
0.000000,248.865997,0.004166,-0.083024
1.000000,248.865997,0.027582,-0.059776
2.000000,248.865997,0.050830,-0.037753
3.000000,248.865997,0.073766,-0.019120
4.000000,248.865997,0.096252,-0.003112
5.000000,248.865997,0.118152,0.024291
6.000000,248.865997,0.139326,0.046851
7.000000,248.865997,0.159652,0.062254
8.000000,248.865997,0.179003,0.081721
9.000000,248.865997,0.197256,0.109701
10.000000,248.865997,0.214309,0.127651
11.000000,248.865997,0.230050,0.134464
12.000000,248.865997,0.244385,0.159544
13.000000,248.865997,0.257231,0.169467
14.000000,248.865997,0.268499,0.188627
15.000000,248.865997,0.278130,0.206647
16.000000,248.865997,0.286065,0.219237
17.000000,248.865997,0.292245,0.234384
18.000000,248.865997,0.296646,0.242557
19.000000,248.865997,0.299232,0.249365
20.000000,248.865997,0.299988,0.259285
21.000000,248.865997,0.298917,0.259266
22.000000,248.865997,0.296013,0.268553
23.000000,248.865997,0.291303,0.277712
24.000000,248.865997,0.284817,0.272594
25.000000,248.865997,0.276583,0.272640
26.000000,248.865997,0.266666,0.273611
27.000000,248.865997,0.255118,0.260159
28.000000,248.865997,0.242009,0.251051
29.000000,248.865997,0.227426,0.255230
30.000000,248.865997,0.211449,0.246919
31.000000,248.865997,0.194181,0.235057
32.000000,248.865997,0.175731,0.222421
33.000000,248.865997,0.156201,0.204209
34.000000,248.865997,0.135720,0.187954
35.000000,248.865997,0.114410,0.173132
36.000000,248.865997,0.092400,0.155246
37.000000,248.865997,0.069827,0.142697
38.000000,248.865997,0.046826,0.116403
39.000000,248.865997,0.023539,0.105829
40.000000,248.865997,0.000108,0.088799
41.000000,248.865997,-0.023323,0.059353
42.000000,248.865997,-0.046612,0.044665
43.000000,248.865997,-0.069616,0.032542
44.000000,248.865997,-0.092194,-0.001371
45.000000,248.865997,-0.114210,-0.018959
46.000000,248.865997,-0.135527,-0.040676
47.000000,248.865997,-0.156016,-0.065508
48.000000,248.865997,-0.175555,-0.082057
49.000000,248.865997,-0.194016,-0.100333
50.000000,248.865997,-0.211295,-0.124885
51.000000,248.865997,-0.227285,-0.136307
52.000000,248.865997,-0.241881,-0.161355
53.000000,248.865997,-0.255003,-0.175636
54.000000,248.865997,-0.266567,-0.180831
55.000000,248.865997,-0.276499,-0.203817
56.000000,248.865997,-0.284748,-0.217158
57.000000,248.865997,-0.291251,-0.225268
58.000000,248.865997,-0.295977,-0.238192
59.000000,248.865997,-0.298899,-0.251987
60.000000,248.865997,-0.299986,-0.257490
61.000000,248.865997,-0.299246,-0.270268
62.000000,248.865997,-0.296679,-0.273722
63.000000,248.865997,-0.292294,-0.271477
64.000000,248.865997,-0.286129,-0.277782
65.000000,248.865997,-0.278212,-0.273722
66.000000,248.865997,-0.268595,-0.273397
67.000000,248.865997,-0.257343,-0.274062
68.000000,248.865997,-0.244510,-0.258255
69.000000,248.865997,-0.230188,-0.250727
70.000000,248.865997,-0.214461,-0.249147
71.000000,248.865997,-0.197419,-0.235288
72.000000,248.865997,-0.179175,-0.225918
73.000000,248.865997,-0.159835,-0.214932
74.000000,248.865997,-0.139517,-0.188065
75.000000,248.865997,-0.118350,-0.176369
76.000000,248.865997,-0.096457,-0.163522
77.000000,248.865997,-0.073975,-0.142236
78.000000,248.865997,-0.051043,-0.128152
79.000000,248.865997,-0.027797,-0.107278
80.000000,248.865997,-0.004382,-0.080632
81.000000,248.865997,0.019060,-0.070268
82.000000,248.865997,0.042385,-0.052442
83.000000,248.865997,0.065452,-0.026221
84.000000,248.865997,0.088118,-0.002411
85.000000,248.865997,0.110246,0.017263
86.000000,248.865997,0.131702,0.034398
87.000000,248.865997,0.152350,0.053379
88.000000,248.865997,0.172070,0.082266
89.000000,248.865997,0.190738,0.092015
90.000000,248.865997,0.208239,0.111776
91.000000,248.865997,0.224472,0.135816
92.000000,248.865997,0.239329,0.149299
93.000000,248.865997,0.252725,0.168839
94.000000,248.865997,0.264582,0.191913
95.000000,248.865997,0.274814,0.199376
96.000000,248.865997,0.283372,0.213776
97.000000,248.865997,0.290199,0.224061
98.000000,248.865997,0.295249,0.234118
99.000000,248.865997,0.298501,0.246438
100.000000,248.865997,0.299925,0.254744
101.000000,248.865997,0.299517,0.254799
102.000000,248.865997,0.297285,0.270005
103.000000,248.865997,0.293227,0.269900
104.000000,248.865997,0.287383,0.275993
105.000000,248.865997,0.279785,0.279425
106.000000,248.865997,0.270472,0.274527
107.000000,248.865997,0.259511,0.268099
108.000000,248.865997,0.246963,0.266991
109.000000,248.865997,0.232905,0.253466
110.000000,248.865997,0.217429,0.240418
111.000000,248.865997,0.200618,0.236702
112.000000,248.865997,0.182584,0.219617
113.000000,248.865997,0.163437,0.212736
114.000000,248.865997,0.143287,0.201960
115.000000,248.865997,0.122265,0.179281
116.000000,248.865997,0.100495,0.165632
117.000000,248.865997,0.078110,0.141510
118.000000,248.865997,0.055250,0.127417
119.000000,248.865997,0.032050,0.111895
120.000000,248.865997,0.008656,0.087988
121.000000,248.865997,-0.014792,0.067587
122.000000,248.865997,-0.038149,0.056431
123.000000,248.865997,-0.061273,0.030705
124.000000,248.865997,-0.084023,0.009469
125.000000,248.865997,-0.106259,-0.011134
126.000000,248.865997,-0.127847,-0.037080
127.000000,248.865997,-0.148653,-0.052295
128.000000,248.865997,-0.168550,-0.069324
129.000000,248.865997,-0.187421,-0.098317
130.000000,248.865997,-0.205141,-0.111218
131.000000,248.865997,-0.221612,-0.131368
132.000000,248.865997,-0.236729,-0.151894
133.000000,248.865997,-0.250396,-0.167476
134.000000,248.865997,-0.262538,-0.185930
135.000000,248.865997,-0.273073,-0.195423
136.000000,248.865997,-0.281939,-0.209466
137.000000,248.865997,-0.289088,-0.231279
138.000000,248.865997,-0.294463,-0.239553
139.000000,248.865997,-0.298042,-0.240515
140.000000,248.865997,-0.299804,-0.258507
141.000000,248.865997,-0.299727,-0.265155
142.000000,248.865997,-0.297825,-0.265150
143.000000,248.865997,-0.294102,-0.273988
144.000000,248.865997,-0.288579,-0.271336
145.000000,248.865997,-0.281299,-0.271477
146.000000,248.865997,-0.272294,-0.276962
147.000000,248.865997,-0.261628,-0.271116
148.000000,248.865997,-0.249367,-0.258530
149.000000,248.865997,-0.235575,-0.259254
150.000000,248.865997,-0.220349,-0.251254
151.000000,248.865997,-0.203777,-0.238041
152.000000,248.865997,-0.185956,-0.230019
153.000000,248.865997,-0.167004,-0.212279
154.000000,248.865997,-0.147028,-0.203171
155.000000,248.865997,-0.126155,-0.184043
156.000000,248.865997,-0.104513,-0.165950
157.000000,248.865997,-0.082229,-0.151514
158.000000,248.865997,-0.059444,-0.134873
159.000000,248.865997,-0.036297,-0.108900
160.000000,248.865997,-0.012927,-0.096237
161.000000,248.865997,0.010522,-0.077810
162.000000,248.865997,0.033906,-0.049903
163.000000,248.865997,0.057083,-0.034853
164.000000,248.865997,0.079913,-0.015986
165.000000,248.865997,0.102252,0.010968
166.000000,248.865997,0.123967,0.023631
167.000000,248.865997,0.144927,0.049338
168.000000,248.865997,0.164997,0.067619
169.000000,248.865997,0.184063,0.089028
170.000000,248.865997,0.202003,0.110489
171.000000,248.865997,0.218708,0.120417
172.000000,248.865997,0.234080,0.140878
173.000000,248.865997,0.248017,0.165591
174.000000,248.865997,0.260441,0.177654
175.000000,248.865997,0.271278,0.196448
176.000000,248.865997,0.280450,0.216841
177.000000,248.865997,0.287914,0.223104
178.000000,248.865997,0.293617,0.235130
179.000000,248.865997,0.297524,0.247716
180.000000,248.865997,0.299620,0.255619
181.000000,248.865997,0.299878,0.260352
182.000000,248.865997,0.298307,0.266184
183.000000,248.865997,0.294918,0.273254
184.000000,248.865997,0.289718,0.274179
185.000000,248.865997,0.282753,0.267513
186.000000,248.865997,0.274062,0.270940
187.000000,248.865997,0.263692,0.273258
188.000000,248.865997,0.251716,0.259646
189.000000,248.865997,0.238199,0.252852
190.000000,248.865997,0.223226,0.251963
191.000000,248.865997,0.206895,0.242978
192.000000,248.865997,0.189292,0.228290
193.000000,248.865997,0.170537,0.223535
194.000000,248.865997,0.150740,0.198702
195.000000,248.865997,0.130020,0.187587
196.000000,248.865997,0.108508,0.171451
197.000000,248.865997,0.086332,0.146692
198.000000,248.865997,0.063628,0.132824
199.000000,248.865997,0.040536,0.119601
200.000000,248.865997,0.017196,0.097289
201.000000,248.865997,-0.006249,0.078647
202.000000,248.865997,-0.029656,0.053439
203.000000,248.865997,-0.052881,0.033665
204.000000,248.865997,-0.075784,0.016942
205.000000,248.865997,-0.098223,-0.006498
206.000000,248.865997,-0.120062,-0.025419
207.000000,248.865997,-0.141169,-0.038509
208.000000,248.865997,-0.161411,-0.063721
209.000000,248.865997,-0.180668,-0.086144
210.000000,248.865997,-0.198824,-0.100273
211.000000,248.865997,-0.215760,-0.126365
212.000000,248.865997,-0.231381,-0.143661
213.000000,248.865997,-0.245589,-0.158904
214.000000,248.865997,-0.258293,-0.181056
215.000000,248.865997,-0.269424,-0.195597
216.000000,248.865997,-0.278905,-0.206433
217.000000,248.865997,-0.286682,-0.220792
218.000000,248.865997,-0.292714,-0.233107
219.000000,248.865997,-0.296947,-0.245660
220.000000,248.865997,-0.299372,-0.252941
221.000000,248.865997,-0.299969,-0.254035
222.000000,248.865997,-0.298729,-0.269815
223.000000,248.865997,-0.295669,-0.268275
224.000000,248.865997,-0.290799,-0.119635
225.000000,248.865997,-0.284152,-0.276668
226.000000,248.865997,-0.275774,-0.316345
227.000000,248.865997,-0.265704,-0.304359
228.000000,248.865997,-0.254014,-0.294816
229.000000,248.865997,-0.240775,-0.276916
230.000000,248.865997,-0.226059,-0.259423
231.000000,248.865997,-0.209967,-0.250700
232.000000,248.865997,-0.192590,-0.236667
233.000000,248.865997,-0.174035,-0.219674
234.000000,248.865997,-0.154420,-0.204871
235.000000,248.865997,-0.133859,-0.187277
236.000000,248.865997,-0.112481,-0.179516
237.000000,248.865997,-0.090417,-0.158074
238.000000,248.865997,-0.067798,-0.132087
239.000000,248.865997,-0.044766,-0.122191
240.000000,248.865997,-0.021461,-0.101978
241.000000,248.865997,0.001975,-0.079138
242.000000,248.865997,0.025400,-0.063575
243.000000,248.865997,0.048669,-0.041354
244.000000,248.865997,0.071640,-0.016421
245.000000,248.865997,0.094176,-0.004344
246.000000,248.865997,0.116133,0.022037
247.000000,248.865997,0.137383,0.044890
248.000000,248.865997,0.157793,0.060013
249.000000,248.865997,0.177237,0.108775
250.000000,248.865997,0.195602,0.102200
251.000000,248.865997,0.212769,0.117003
252.000000,248.865997,0.228636,0.135417
253.000000,248.865997,0.243112,0.144672
254.000000,248.865997,0.256093,0.164766
255.000000,248.865997,0.267515,0.189260
256.000000,248.865997,0.277304,0.198862
257.000000,248.865997,0.285394,0.215869
258.000000,248.865997,0.291745,0.236262
259.000000,248.865997,0.296311,0.242305
260.000000,248.865997,0.299065,0.247711
261.000000,248.865997,0.299999,0.263637
262.000000,248.865997,0.299091,0.265447
263.000000,248.865997,0.296360,0.269506
264.000000,248.865997,0.291822,0.270931
265.000000,248.865997,0.285493,0.270280
266.000000,248.865997,0.277426,0.272479
267.000000,248.865997,0.267663,0.273112
268.000000,248.865997,0.256262,0.265886
269.000000,248.865997,0.243300,0.263985
270.000000,248.865997,0.228847,0.250318
271.000000,248.865997,0.212997,0.242218
272.000000,248.865997,0.195849,0.236056
273.000000,248.865997,0.177499,0.221624
274.000000,248.865997,0.158068,0.206642
275.000000,248.865997,0.137671,0.196306
276.000000,248.865997,0.116432,0.173261
277.000000,248.865997,0.094483,0.173526
278.000000,248.865997,0.071955,0.145483
279.000000,248.865997,0.048988,0.117457
280.000000,248.865997,0.025723,0.103809
281.000000,248.865997,0.002299,0.088419
282.000000,248.865997,-0.021138,0.063587
283.000000,248.865997,-0.044446,0.047112
284.000000,248.865997,-0.067482,0.025642
285.000000,248.865997,-0.090107,0.003463
286.000000,248.865997,-0.112181,-0.016966
287.000000,248.865997,-0.133568,-0.043288
288.000000,248.865997,-0.154143,-0.061421
289.000000,248.865997,-0.173771,-0.079857
290.000000,248.865997,-0.192340,-0.103971
291.000000,248.865997,-0.209736,-0.116272
292.000000,248.865997,-0.225846,-0.131441
293.000000,248.865997,-0.240580,-0.155981
294.000000,248.865997,-0.253843,-0.172749
295.000000,248.865997,-0.265553,-0.183012
296.000000,248.865997,-0.275646,-0.208284
297.000000,248.865997,-0.284048,-0.214199
298.000000,248.865997,-0.290718,-0.225194
299.000000,248.865997,-0.295615,-0.241619
300.000000,248.865997,-0.298699,-0.250434
301.000000,248.865997,-0.299964,-0.253302
302.000000,248.865997,-0.299394,-0.264688
303.000000,248.865997,-0.296993,-0.270309
304.000000,248.865997,-0.292783,-0.276549
305.000000,248.865997,-0.286778,-0.276522
306.000000,248.865997,-0.279023,-0.271670
307.000000,248.865997,-0.269568,-0.280755
308.000000,248.865997,-0.258458,-0.265448
309.000000,248.865997,-0.245774,-0.253609
310.000000,248.865997,-0.231588,-0.253674
311.000000,248.865997,-0.215985,-0.241720
312.000000,248.865997,-0.199066,-0.225414
313.000000,248.865997,-0.180927,-0.224058
314.000000,248.865997,-0.161684,-0.213598
315.000000,248.865997,-0.141456,-0.191346
316.000000,248.865997,-0.120359,-0.180236
317.000000,248.865997,-0.098529,-0.164122
318.000000,248.865997,-0.076097,-0.141196
319.000000,248.865997,-0.053200,-0.129719
320.000000,248.865997,-0.029978,-0.113752
321.000000,248.865997,-0.006573,-0.091399
322.000000,248.865997,0.016873,-0.069009
323.000000,248.865997,0.040215,-0.041441
324.000000,248.865997,0.063311,-0.032040
325.000000,248.865997,0.086021,-0.011798
326.000000,248.865997,0.108206,0.015302
327.000000,248.865997,0.129728,0.031672
328.000000,248.865997,0.150459,0.054859
329.000000,248.865997,0.170271,0.076292
330.000000,248.865997,0.189040,0.098782
331.000000,248.865997,0.206659,0.115570
332.000000,248.865997,0.223010,0.135069
333.000000,248.865997,0.238001,0.145579
334.000000,248.865997,0.251541,0.167419
335.000000,248.865997,0.263537,0.192659
336.000000,248.865997,0.273929,0.200416
337.000000,248.865997,0.282646,0.211842
338.000000,248.865997,0.289633,0.225408
339.000000,248.865997,0.294856,0.234191
340.000000,248.865997,0.298273,0.251638
341.000000,248.865997,0.299868,0.253218
342.000000,248.865997,0.299638,0.265506
343.000000,248.865997,0.297566,0.265378
344.000000,248.865997,0.293683,0.269840
345.000000,248.865997,0.288006,0.274646
346.000000,248.865997,0.280564,0.276365
347.000000,248.865997,0.271415,0.272140
348.000000,248.865997,0.260603,0.269213
349.000000,248.865997,0.248199,0.267284
350.000000,248.865997,0.234284,0.258153
351.000000,248.865997,0.218930,0.248078
352.000000,248.865997,0.202242,0.237449
353.000000,248.865997,0.184320,0.219017
354.000000,248.865997,0.165268,0.209089
355.000000,248.865997,0.145209,0.195646
356.000000,248.865997,0.124263,0.180994
357.000000,248.865997,0.102556,0.171579
358.000000,248.865997,0.080225,0.149491
359.000000,248.865997,0.057401,0.134931
360.000000,248.865997,0.034228,0.118209
361.000000,248.865997,0.010846,0.086875
362.000000,248.865997,-0.012603,0.078821
363.000000,248.865997,-0.035975,0.057397
364.000000,248.865997,-0.059127,0.027571
365.000000,248.865997,-0.081917,0.011696
366.000000,248.865997,-0.104208,-0.007120
367.000000,248.865997,-0.125861,-0.043333
368.000000,248.865997,-0.146745,-0.055488
369.000000,248.865997,-0.166736,-0.063584
370.000000,248.865997,-0.185702,-0.087303
371.000000,248.865997,-0.203538,-0.110252
372.000000,248.865997,-0.220130,-0.127721
373.000000,248.865997,-0.235374,-0.150400
374.000000,248.865997,-0.249185,-0.165469
375.000000,248.865997,-0.261470,-0.177331
376.000000,248.865997,-0.272157,-0.196757
377.000000,248.865997,-0.281187,-0.209452
378.000000,248.865997,-0.288491,-0.230546
379.000000,248.865997,-0.294036,-0.239846
380.000000,248.865997,-0.297788,-0.244075
381.000000,248.865997,-0.299713,-0.254787
382.000000,248.865997,-0.299814,-0.260615
383.000000,248.865997,-0.298080,-0.266263
384.000000,248.865997,-0.294524,-0.274355
385.000000,248.865997,-0.289174,-0.273342
386.000000,248.865997,-0.282050,-0.259643
387.000000,248.865997,-0.273206,-0.275102
388.000000,248.865997,-0.262696,-0.272902
389.000000,248.865997,-0.250574,-0.263070
390.000000,248.865997,-0.236927,-0.259854
391.000000,248.865997,-0.221831,-0.250434
392.000000,248.865997,-0.205377,-0.238875
393.000000,248.865997,-0.187673,-0.231206
394.000000,248.865997,-0.168818,-0.215472
395.000000,248.865997,-0.148934,-0.202511
396.000000,248.865997,-0.128141,-0.184863
397.000000,248.865997,-0.106562,-0.165276
398.000000,248.865997,-0.084334,-0.156274
399.000000,248.865997,-0.061591,-0.137100
400.000000,248.865997,-0.038470,-0.139189
0.000000,259.908997,0.006115,-0.078891
1.000000,259.908997,0.030558,-0.066095
2.000000,259.908997,0.054798,-0.038440
3.000000,259.908997,0.078671,-0.013141
4.000000,259.908997,0.102021,0.003696
5.000000,259.908997,0.124692,0.027997
6.000000,259.908997,0.146529,0.048463
7.000000,259.908997,0.167393,0.063880
8.000000,259.908997,0.187141,0.089148
9.000000,259.908997,0.205640,0.112821
10.000000,259.908997,0.222771,0.128017
11.000000,259.908997,0.238417,0.146738
12.000000,259.908997,0.252472,0.165811
13.000000,259.908997,0.264849,0.181961
14.000000,259.908997,0.275458,0.200521
15.000000,259.908997,0.284230,0.206335
16.000000,259.908997,0.291114,0.226150
17.000000,259.908997,0.296053,0.239863
18.000000,259.908997,0.299019,0.245132
19.000000,259.908997,0.299998,0.261479
20.000000,259.908997,0.298972,0.268778
21.000000,259.908997,0.295955,0.269093
22.000000,259.908997,0.290971,0.272860
23.000000,259.908997,0.284040,0.273831
24.000000,259.908997,0.275221,0.267380
25.000000,259.908997,0.264572,0.268612
26.000000,259.908997,0.252151,0.268104
27.000000,259.908997,0.238054,0.254506
28.000000,259.908997,0.222374,0.249191
29.000000,259.908997,0.205206,0.240743
30.000000,259.908997,0.186675,0.230324
31.000000,259.908997,0.166900,0.215622
32.000000,259.908997,0.146010,0.200095
33.000000,259.908997,0.124150,0.183514
34.000000,259.908997,0.101462,0.168945
35.000000,259.908997,0.078096,0.144392
36.000000,259.908997,0.054212,0.127697
37.000000,259.908997,0.029966,0.115354
38.000000,259.908997,0.005520,0.084048
39.000000,259.908997,-0.018963,0.069286
40.000000,259.908997,-0.043319,0.051583
41.000000,259.908997,-0.067386,0.024231
42.000000,259.908997,-0.091006,0.009016
43.000000,259.908997,-0.114017,-0.010167
44.000000,259.908997,-0.136269,-0.040507
45.000000,259.908997,-0.157615,-0.057202
46.000000,259.908997,-0.177908,-0.081191
47.000000,259.908997,-0.197016,-0.105244
48.000000,259.908997,-0.214815,-0.118906
49.000000,259.908997,-0.231176,-0.143193
50.000000,259.908997,-0.246000,-0.160388
51.000000,259.908997,-0.259189,-0.171984
52.000000,259.908997,-0.270642,-0.193623
53.000000,259.908997,-0.280296,-0.204518
54.000000,259.908997,-0.288086,-0.202433
55.000000,259.908997,-0.293949,-0.235146
56.000000,259.908997,-0.297858,-0.246407
57.000000,259.908997,-0.299784,-0.251016
58.000000,259.908997,-0.299706,-0.264614
59.000000,259.908997,-0.297636,-0.271936
60.000000,259.908997,-0.293583,-0.274671
61.000000,259.908997,-0.287569,-0.273461
62.000000,259.908997,-0.279644,-0.274762
63.000000,259.908997,-0.269854,-0.275156
64.000000,259.908997,-0.258263,-0.268862
65.000000,259.908997,-0.244956,-0.261096
66.000000,259.908997,-0.230013,-0.260074
67.000000,259.908997,-0.213538,-0.244987
68.000000,259.908997,-0.195642,-0.229501
69.000000,259.908997,-0.176440,-0.223312
70.000000,259.908997,-0.156063,-0.209131
71.000000,259.908997,-0.134648,-0.188739
72.000000,259.908997,-0.112333,-0.178375
73.000000,259.908997,-0.089270,-0.176176
74.000000,259.908997,-0.065614,-0.137475
75.000000,259.908997,-0.041519,-0.123465
76.000000,259.908997,-0.017148,-0.098871
77.000000,259.908997,0.007338,-0.076238
78.000000,259.908997,0.031774,-0.059708
79.000000,259.908997,0.055999,-0.038014
80.000000,259.908997,0.079852,-0.020306
81.000000,259.908997,0.103170,0.003609
82.000000,259.908997,0.125802,0.030490
83.000000,259.908997,0.147597,0.042012
84.000000,259.908997,0.168406,0.071307
85.000000,259.908997,0.188095,0.095493
86.000000,259.908997,0.206531,0.105110
87.000000,259.908997,0.223587,0.129484
88.000000,259.908997,0.239157,0.151517
89.000000,259.908997,0.253133,0.166187
90.000000,259.908997,0.265419,0.183940
91.000000,259.908997,0.275941,0.203147
92.000000,259.908997,0.284621,0.214403
93.000000,259.908997,0.291404,0.229550
94.000000,259.908997,0.296250,0.239762
95.000000,259.908997,0.299117,0.244458
96.000000,259.908997,0.299991,0.260865
97.000000,259.908997,0.298871,0.259985
98.000000,259.908997,0.295753,0.267220
99.000000,259.908997,0.290667,0.273639
100.000000,259.908997,0.283648,0.270954
101.000000,259.908997,0.274732,0.270486
102.000000,259.908997,0.263988,0.271531
103.000000,259.908997,0.251490,0.263147
104.000000,259.908997,0.237308,0.255298
105.000000,259.908997,0.221549,0.244743
106.000000,259.908997,0.204315,0.237765
107.000000,259.908997,0.185715,0.232010
108.000000,259.908997,0.165881,0.217134
109.000000,259.908997,0.144942,0.198775
110.000000,259.908997,0.123034,0.181187
111.000000,259.908997,0.100309,0.168331
112.000000,259.908997,0.076916,0.143865
113.000000,259.908997,0.053008,0.130510
114.000000,259.908997,0.028749,0.107515
115.000000,259.908997,0.004297,0.089248
116.000000,259.908997,-0.020183,0.072086
117.000000,259.908997,-0.044529,0.043419
118.000000,259.908997,-0.068578,0.026591
119.000000,259.908997,-0.092169,0.011714
120.000000,259.908997,-0.115148,-0.019372
121.000000,259.908997,-0.137358,-0.040534
122.000000,259.908997,-0.158652,-0.054737
123.000000,259.908997,-0.178893,-0.083436
124.000000,259.908997,-0.197937,-0.102738
125.000000,259.908997,-0.215663,-0.121101
126.000000,259.908997,-0.231957,-0.142813
127.000000,259.908997,-0.246698,-0.160182
128.000000,259.908997,-0.259798,-0.178604
129.000000,259.908997,-0.271172,-0.190956
130.000000,259.908997,-0.280729,-0.205878
131.000000,259.908997,-0.288422,-0.224306
132.000000,259.908997,-0.294195,-0.237093
133.000000,259.908997,-0.298000,-0.245408
134.000000,259.908997,-0.299825,-0.261554
135.000000,259.908997,-0.299654,-0.263588
136.000000,259.908997,-0.297479,-0.260610
137.000000,259.908997,-0.293328,-0.271161
138.000000,259.908997,-0.287221,-0.274089
139.000000,259.908997,-0.279197,-0.270437
140.000000,259.908997,-0.269317,-0.274062
141.000000,259.908997,-0.257641,-0.269182
142.000000,259.908997,-0.244246,-0.261210
143.000000,259.908997,-0.229227,-0.257321
144.000000,259.908997,-0.212678,-0.249014
145.000000,259.908997,-0.194711,-0.235288
146.000000,259.908997,-0.175451,-0.218931
147.000000,259.908997,-0.155018,-0.202832
148.000000,259.908997,-0.133552,-0.194397
149.000000,259.908997,-0.111199,-0.180249
150.000000,259.908997,-0.088102,-0.155536
151.000000,259.908997,-0.064419,-0.142360
152.000000,259.908997,-0.040308,-0.121852
153.000000,259.908997,-0.015926,-0.094986
154.000000,259.908997,0.008560,-0.079716
155.000000,259.908997,0.032991,-0.058168
156.000000,259.908997,0.057200,-0.034056
157.000000,259.908997,0.081029,-0.014465
158.000000,259.908997,0.104319,0.009982
159.000000,259.908997,0.126911,0.026889
160.000000,259.908997,0.148660,0.044986
161.000000,259.908997,0.169418,0.070620
162.000000,259.908997,0.189045,0.087933
163.000000,259.908997,0.207415,0.154307
164.000000,259.908997,0.224403,0.135257
165.000000,259.908997,0.239892,0.130757
166.000000,259.908997,0.253787,0.155379
167.000000,259.908997,0.265989,0.180092
168.000000,259.908997,0.276416,0.191862
169.000000,259.908997,0.285006,0.210509
170.000000,259.908997,0.291694,0.229788
171.000000,259.908997,0.296437,0.236578
172.000000,259.908997,0.299210,0.248898
173.000000,259.908997,0.299983,0.264531
174.000000,259.908997,0.298759,0.261800
175.000000,259.908997,0.295549,0.269726
176.000000,259.908997,0.290362,0.266537
177.000000,259.908997,0.283244,0.274894
178.000000,259.908997,0.274242,0.272479
179.000000,259.908997,0.263405,0.266505
180.000000,259.908997,0.250817,0.267820
181.000000,259.908997,0.236561,0.260705
182.000000,259.908997,0.220722,0.244752
183.000000,259.908997,0.203416,0.236931
184.000000,259.908997,0.184756,0.230915
185.000000,259.908997,0.164860,0.209423
186.000000,259.908997,0.143869,0.196595
187.000000,259.908997,0.121919,0.188046
188.000000,259.908997,0.099155,0.164853
189.000000,259.908997,0.075732,0.149125
190.000000,259.908997,0.051804,0.133355
191.000000,259.908997,0.027531,0.104290
192.000000,259.908997,0.003074,0.085207
193.000000,259.908997,-0.021403,0.072938
194.000000,259.908997,-0.045738,0.044166
195.000000,259.908997,-0.069768,0.029257
196.000000,259.908997,-0.093333,0.003394
197.000000,259.908997,-0.116275,-0.019972
198.000000,259.908997,-0.138445,-0.040328
199.000000,259.908997,-0.159690,-0.063602
200.000000,259.908997,-0.179871,-0.086423
201.000000,259.908997,-0.198857,-0.100172
202.000000,259.908997,-0.216512,-0.121605
203.000000,259.908997,-0.232727,-0.140527
204.000000,259.908997,-0.247396,-0.155696
205.000000,259.908997,-0.260407,-0.177262
206.000000,259.908997,-0.271688,-0.189563
207.000000,259.908997,-0.281163,-0.202653
208.000000,259.908997,-0.288755,-0.221158
209.000000,259.908997,-0.294429,-0.240900
210.000000,259.908997,-0.298143,-0.246402
211.000000,259.908997,-0.299863,-0.256647
212.000000,259.908997,-0.299590,-0.263675
213.000000,259.908997,-0.297322,-0.266190
214.000000,259.908997,-0.293067,-0.271088
215.000000,259.908997,-0.286865,-0.271789
216.000000,259.908997,-0.278750,-0.278950
217.000000,259.908997,-0.268774,-0.275482
218.000000,259.908997,-0.257012,-0.262956
219.000000,259.908997,-0.243535,-0.258361
220.000000,259.908997,-0.228434,-0.255474
221.000000,259.908997,-0.211815,-0.244602
222.000000,259.908997,-0.193780,-0.233432
223.000000,259.908997,-0.174455,-0.216045
224.000000,259.908997,-0.153970,-0.203766
225.000000,259.908997,-0.132456,-0.193183
226.000000,259.908997,-0.110061,-0.178256
227.000000,259.908997,-0.086933,-0.151390
228.000000,259.908997,-0.063224,-0.139166
229.000000,259.908997,-0.039095,-0.119333
230.000000,259.908997,-0.014705,-0.097593
231.000000,259.908997,0.009783,-0.081429
232.000000,259.908997,0.034205,-0.060555
233.000000,259.908997,0.058401,-0.034188
234.000000,259.908997,0.082206,-0.018552
235.000000,259.908997,0.105464,0.008709
236.000000,259.908997,0.128020,0.027690
237.000000,259.908997,0.149720,0.066107
238.000000,259.908997,0.170425,0.070519
239.000000,259.908997,0.189995,0.084942
240.000000,259.908997,0.208296,0.112669
241.000000,259.908997,0.225212,0.134776
242.000000,259.908997,0.240626,0.146472
243.000000,259.908997,0.254435,0.167873
244.000000,259.908997,0.266552,0.189159
245.000000,259.908997,0.276891,0.199449
246.000000,259.908997,0.285383,0.211842
247.000000,259.908997,0.291979,0.230008
248.000000,259.908997,0.296624,0.238585
249.000000,259.908997,0.299292,0.253205
250.000000,259.908997,0.299972,0.258597
251.000000,259.908997,0.298646,0.268127
252.000000,259.908997,0.295333,0.268452
253.000000,259.908997,0.290056,0.259092
254.000000,259.908997,0.282839,0.270046
255.000000,259.908997,0.273740,0.279072
256.000000,259.908997,0.262822,0.266340
257.000000,259.908997,0.250144,0.263412
258.000000,259.908997,0.235804,0.262304
259.000000,259.908997,0.219895,0.250566
260.000000,259.908997,0.202514,0.239377
261.000000,259.908997,0.183788,0.230975
262.000000,259.908997,0.163839,0.210536
263.000000,259.908997,0.142794,0.198821
264.000000,259.908997,0.120800,0.185439
265.000000,259.908997,0.098001,0.163140
266.000000,259.908997,0.074548,0.146811
267.000000,259.908997,0.050599,0.127569
268.000000,259.908997,0.026313,0.105843
269.000000,259.908997,0.001851,0.088914
270.000000,259.908997,-0.022623,0.067206
271.000000,259.908997,-0.046946,0.043038
272.000000,259.908997,-0.070956,0.030783
273.000000,259.908997,-0.094495,0.001836
274.000000,259.908997,-0.117402,-0.021626
275.000000,259.908997,-0.139527,-0.036355
276.000000,259.908997,-0.160725,-0.064688
277.000000,259.908997,-0.180849,-0.084283
278.000000,259.908997,-0.199768,-0.098340
279.000000,259.908997,-0.217360,-0.127112
280.000000,259.908997,-0.233497,-0.143514
281.000000,259.908997,-0.248081,-0.155330
282.000000,259.908997,-0.261017,-0.179195
283.000000,259.908997,-0.272204,-0.192917
284.000000,259.908997,-0.281583,-0.209626
285.000000,259.908997,-0.289089,-0.228452
286.000000,259.908997,-0.294660,-0.233854
287.000000,259.908997,-0.298273,-0.247667
288.000000,259.908997,-0.299900,-0.252867
289.000000,259.908997,-0.299523,-0.259996
290.000000,259.908997,-0.297155,-0.271675
291.000000,259.908997,-0.292806,-0.269022
292.000000,259.908997,-0.286503,-0.268124
293.000000,259.908997,-0.278295,-0.278822
294.000000,259.908997,-0.268231,-0.271336
295.000000,259.908997,-0.256377,-0.261210
296.000000,259.908997,-0.242819,-0.264834
297.000000,259.908997,-0.227641,-0.256235
298.000000,259.908997,-0.210944,-0.240749
299.000000,259.908997,-0.192846,-0.230239
300.000000,259.908997,-0.173460,-0.227146
301.000000,259.908997,-0.152917,-0.205086
302.000000,259.908997,-0.131359,-0.194150
303.000000,259.908997,-0.108922,-0.172396
304.000000,259.908997,-0.085761,-0.156521
305.000000,259.908997,-0.062029,-0.133526
306.000000,259.908997,-0.037882,-0.111860
307.000000,259.908997,-0.013483,-0.099430
308.000000,259.908997,0.011005,-0.078923
309.000000,259.908997,0.035420,-0.048410
310.000000,259.908997,0.059599,-0.038866
311.000000,259.908997,0.083382,-0.019326
312.000000,259.908997,0.106607,0.010514
313.000000,259.908997,0.129124,0.026384
314.000000,259.908997,0.150781,0.052692
315.000000,259.908997,0.171429,0.083659
316.000000,259.908997,0.190939,0.094462
317.000000,259.908997,0.209176,0.114149
318.000000,259.908997,0.226016,0.132563
319.000000,259.908997,0.241354,0.154279
320.000000,259.908997,0.255083,0.171872
321.000000,259.908997,0.267109,0.178740
322.000000,259.908997,0.277360,0.199362
323.000000,259.908997,0.285759,0.219388
324.000000,259.908997,0.292254,0.226237
325.000000,259.908997,0.296806,0.239978
326.000000,259.908997,0.299375,0.253077
327.000000,259.908997,0.299950,0.257186
328.000000,259.908997,0.298531,0.266606
329.000000,259.908997,0.295116,0.272864
330.000000,259.908997,0.289737,0.273707
331.000000,259.908997,0.282433,0.270399
332.000000,259.908997,0.273237,0.267884
333.000000,259.908997,0.262226,0.266633
334.000000,259.908997,0.249471,0.268012
335.000000,259.908997,0.235045,0.259504
336.000000,259.908997,0.219058,0.250859
337.000000,259.908997,0.201613,0.240990
338.000000,259.908997,0.182820,0.222870
339.000000,259.908997,0.162811,0.213423
340.000000,259.908997,0.141719,0.201007
341.000000,259.908997,0.119679,0.178021
342.000000,259.908997,0.096844,0.161179
343.000000,259.908997,0.073363,0.152630
344.000000,259.908997,0.049393,0.124898
345.000000,259.908997,0.025094,0.102402
346.000000,259.908997,0.000628,0.094293
347.000000,259.908997,-0.023842,0.063660
348.000000,259.908997,-0.048154,0.049192
349.000000,259.908997,-0.072145,0.025248
350.000000,259.908997,-0.095654,-0.004124
351.000000,259.908997,-0.118528,-0.020453
352.000000,259.908997,-0.140610,-0.043828
353.000000,259.908997,-0.161755,-0.108305
354.000000,259.908997,-0.181825,-0.080517
355.000000,259.908997,-0.200679,-0.094597
356.000000,259.908997,-0.218198,-0.115072
357.000000,259.908997,-0.234266,-0.128981
358.000000,259.908997,-0.248767,-0.158134
359.000000,259.908997,-0.261613,-0.177583
360.000000,259.908997,-0.272721,-0.188065
361.000000,259.908997,-0.282002,-0.211858
362.000000,259.908997,-0.289409,-0.224232
363.000000,259.908997,-0.294891,-0.230628
364.000000,259.908997,-0.298400,-0.249880
365.000000,259.908997,-0.299927,-0.256015
366.000000,259.908997,-0.299455,-0.252949
367.000000,259.908997,-0.296983,-0.268555
368.000000,259.908997,-0.292537,-0.269856
369.000000,259.908997,-0.286140,-0.276943
370.000000,259.908997,-0.277834,-0.275555
371.000000,259.908997,-0.267681,-0.266896
372.000000,259.908997,-0.255742,-0.267968
373.000000,259.908997,-0.242097,-0.258081
374.000000,259.908997,-0.226843,-0.248249
375.000000,259.908997,-0.210074,-0.243700
376.000000,259.908997,-0.191906,-0.233386
377.000000,259.908997,-0.172461,-0.214780
378.000000,259.908997,-0.151865,-0.208137
379.000000,259.908997,-0.130257,-0.192464
380.000000,259.908997,-0.107783,-0.165450
381.000000,259.908997,-0.084588,-0.152480
382.000000,259.908997,-0.060831,-0.142767
383.000000,259.908997,-0.036669,-0.113367
0.000000,271.441986,0.015269,-0.075464
1.000000,271.441986,0.040732,-0.058288
2.000000,271.441986,0.065899,-0.035540
3.000000,271.441986,0.090588,-0.007853
4.000000,271.441986,0.114617,0.009717
5.000000,271.441986,0.137813,0.032904
6.000000,271.441986,0.160008,0.061777
7.000000,271.441986,0.181040,0.080108
8.000000,271.441986,0.200756,0.100088
9.000000,271.441986,0.219013,0.126295
10.000000,271.441986,0.235678,0.138065
11.000000,271.441986,0.250631,0.159905
12.000000,271.441986,0.263762,0.174745
13.000000,271.441986,0.274977,0.192375
14.000000,271.441986,0.284193,0.211829
15.000000,271.441986,0.291343,0.227397
16.000000,271.441986,0.296377,0.237238
17.000000,271.441986,0.299257,0.248637
18.000000,271.441986,0.299962,0.251532
19.000000,271.441986,0.298487,0.260292
20.000000,271.441986,0.294843,0.271018
21.000000,271.441986,0.289056,0.268347
22.000000,271.441986,0.281169,0.270326
23.000000,271.441986,0.271237,0.276658
24.000000,271.441986,0.259333,0.270060
25.000000,271.441986,0.245544,0.262666
26.000000,271.441986,0.229972,0.260810
27.000000,271.441986,0.212728,0.242978
28.000000,271.441986,0.193938,0.231190
29.000000,271.441986,0.173739,0.220708
30.000000,271.441986,0.152277,0.204356
31.000000,271.441986,0.129709,0.193534
32.000000,271.441986,0.106198,0.169912
33.000000,271.441986,0.081915,0.154806
34.000000,271.441986,0.057037,0.137424
35.000000,271.441986,0.031745,0.108509
36.000000,271.441986,0.006222,0.093408
37.000000,271.441986,-0.019347,0.077052
38.000000,271.441986,-0.044775,0.048339
39.000000,271.441986,-0.069878,0.027851
40.000000,271.441986,-0.094473,0.010294
41.000000,271.441986,-0.118381,-0.019225
42.000000,271.441986,-0.141430,-0.041574
43.000000,271.441986,-0.163450,-0.053697
44.000000,271.441986,-0.184281,-0.085369
45.000000,271.441986,-0.203774,-0.108245
46.000000,271.441986,-0.221785,-0.121774
47.000000,271.441986,-0.238185,-0.145713
48.000000,271.441986,-0.252853,-0.167242
49.000000,271.441986,-0.265684,-0.180611
50.000000,271.441986,-0.276584,-0.198397
51.000000,271.441986,-0.285475,-0.210565
52.000000,271.441986,-0.292290,-0.229900
53.000000,271.441986,-0.296982,-0.239173
54.000000,271.441986,-0.299515,-0.243695
55.000000,271.441986,-0.299871,-0.261334
56.000000,271.441986,-0.298049,-0.261655
57.000000,271.441986,-0.294060,-0.263583
58.000000,271.441986,-0.287934,-0.275848
59.000000,271.441986,-0.279716,-0.274982
60.000000,271.441986,-0.269465,-0.266717
61.000000,271.441986,-0.257256,-0.271308
62.000000,271.441986,-0.243176,-0.264642
63.000000,271.441986,-0.227328,-0.254136
64.000000,271.441986,-0.209828,-0.246086
65.000000,271.441986,-0.190804,-0.231086
66.000000,271.441986,-0.170392,-0.223160
67.000000,271.441986,-0.148743,-0.207624
68.000000,271.441986,-0.126013,-0.190704
69.000000,271.441986,-0.102367,-0.174596
70.000000,271.441986,-0.077977,-0.154881
71.000000,271.441986,-0.053020,-0.130241
72.000000,271.441986,-0.027679,-0.094523
73.000000,271.441986,-0.002136,-0.090977
74.000000,271.441986,0.023423,-0.070878
75.000000,271.441986,0.048811,-0.053674
76.000000,271.441986,0.073845,-0.040461
77.000000,271.441986,0.098342,-0.001613
78.000000,271.441986,0.122124,0.018871
79.000000,271.441986,0.145020,0.040564
80.000000,271.441986,0.166861,0.075032
81.000000,271.441986,0.187490,0.083448
82.000000,271.441986,0.206755,0.107222
83.000000,271.441986,0.224518,0.124636
84.000000,271.441986,0.240648,0.145198
85.000000,271.441986,0.255030,0.168285
86.000000,271.441986,0.267558,0.185315
87.000000,271.441986,0.278142,0.199948
88.000000,271.441986,0.286704,0.216401
89.000000,271.441986,0.293183,0.223411
90.000000,271.441986,0.297532,0.237591
91.000000,271.441986,0.299718,0.258584
92.000000,271.441986,0.299726,0.258153
93.000000,271.441986,0.297556,0.265566
94.000000,271.441986,0.293223,0.270184
95.000000,271.441986,0.286759,0.266707
96.000000,271.441986,0.278212,0.270692
97.000000,271.441986,0.267643,0.273245
98.000000,271.441986,0.255128,0.263059
99.000000,271.441986,0.240760,0.259005
100.000000,271.441986,0.224641,0.247638
101.000000,271.441986,0.206890,0.241031
102.000000,271.441986,0.187634,0.232936
103.000000,271.441986,0.167015,0.216043
104.000000,271.441986,0.145182,0.201589
105.000000,271.441986,0.122294,0.186932
106.000000,271.441986,0.098517,0.151159
107.000000,271.441986,0.074025,0.146298
108.000000,271.441986,0.048995,0.133956
109.000000,271.441986,0.023608,0.110310
110.000000,271.441986,-0.001950,0.092868
111.000000,271.441986,-0.027493,0.075398
112.000000,271.441986,-0.052837,0.044239
113.000000,271.441986,-0.077797,0.020396
114.000000,271.441986,-0.102192,-0.000633
115.000000,271.441986,-0.125844,-0.029273
116.000000,271.441986,-0.148581,-0.049702
117.000000,271.441986,-0.170239,-0.071922
118.000000,271.441986,-0.190660,-0.093937
119.000000,271.441986,-0.209695,-0.113413
120.000000,271.441986,-0.227207,-0.133952
121.000000,271.441986,-0.243067,-0.142607
122.000000,271.441986,-0.257159,-0.163884
123.000000,271.441986,-0.269382,-0.188349
124.000000,271.441986,-0.279648,-0.201618
125.000000,271.441986,-0.287881,-0.214707
126.000000,271.441986,-0.294022,-0.235146
127.000000,271.441986,-0.298027,-0.242174
128.000000,271.441986,-0.299866,-0.242755
129.000000,271.441986,-0.299525,-0.261788
130.000000,271.441986,-0.297008,-0.270896
131.000000,271.441986,-0.292332,-0.270717
132.000000,271.441986,-0.285532,-0.275775
133.000000,271.441986,-0.276657,-0.273063
134.000000,271.441986,-0.265771,-0.277209
135.000000,271.441986,-0.252954,-0.268715
136.000000,271.441986,-0.238298,-0.255602
137.000000,271.441986,-0.221911,-0.250246
138.000000,271.441986,-0.203911,-0.240153
139.000000,271.441986,-0.184429,-0.222587
140.000000,271.441986,-0.163606,-0.215578
141.000000,271.441986,-0.141594,-0.199757
142.000000,271.441986,-0.118552,-0.175571
143.000000,271.441986,-0.094649,-0.168035
144.000000,271.441986,-0.070059,-0.150061
145.000000,271.441986,-0.044959,-0.121628
146.000000,271.441986,-0.019533,-0.108511
147.000000,271.441986,0.006036,-0.089644
148.000000,271.441986,0.031560,-0.061197
149.000000,271.441986,0.056855,-0.043333
150.000000,271.441986,0.081736,-0.017186
151.000000,271.441986,0.106024,0.001882
152.000000,271.441986,0.129541,0.022577
153.000000,271.441986,0.152117,0.065772
154.000000,271.441986,0.173587,0.067087
155.000000,271.441986,0.193796,0.088034
156.000000,271.441986,0.212597,0.117728
157.000000,271.441986,0.229853,0.128091
158.000000,271.441986,0.245438,0.150238
159.000000,271.441986,0.259240,0.173238
160.000000,271.441986,0.271158,0.187175
161.000000,271.441986,0.281103,0.203435
162.000000,271.441986,0.289006,0.211407
163.000000,271.441986,0.294808,0.229431
164.000000,271.441986,0.298468,0.244578
165.000000,271.441986,0.299958,0.256224
166.000000,271.441986,0.299269,0.263059
167.000000,271.441986,0.296405,0.271499
168.000000,271.441986,0.291387,0.268919
169.000000,271.441986,0.284252,0.269300
170.000000,271.441986,0.275051,0.271398
171.000000,271.441986,0.263851,0.265227
172.000000,271.441986,0.250733,0.265346
173.000000,271.441986,0.235793,0.263344
174.000000,271.441986,0.219140,0.249819
175.000000,271.441986,0.200894,0.232977
176.000000,271.441986,0.181188,0.230155
177.000000,271.441986,0.160166,0.216043
178.000000,271.441986,0.137979,0.196141
179.000000,271.441986,0.114789,0.178598
180.000000,271.441986,0.090764,0.156066
181.000000,271.441986,0.066080,0.143604
182.000000,271.441986,0.040916,0.117869
183.000000,271.441986,0.015454,0.099662
184.000000,271.441986,-0.010119,0.082940
185.000000,271.441986,-0.035619,0.054813
186.000000,271.441986,-0.060860,0.039392
187.000000,271.441986,-0.085659,0.018335
188.000000,271.441986,-0.109835,-0.016545
189.000000,271.441986,-0.133214,-0.031233
190.000000,271.441986,-0.155623,-0.046623
191.000000,271.441986,-0.176902,-0.073915
192.000000,271.441986,-0.196896,-0.099985
193.000000,271.441986,-0.215458,-0.114114
194.000000,271.441986,-0.232455,-0.140060
195.000000,271.441986,-0.247763,-0.158322
196.000000,271.441986,-0.261270,-0.172511
197.000000,271.441986,-0.272879,-0.191996
198.000000,271.441986,-0.282505,-0.207065
199.000000,271.441986,-0.290076,-0.226912
200.000000,271.441986,-0.295539,-0.236199
201.000000,271.441986,-0.298853,-0.245481
202.000000,271.441986,-0.299996,-0.264601
203.000000,271.441986,-0.298959,-0.262695
204.000000,271.441986,-0.295749,-0.259716
205.000000,271.441986,-0.290389,-0.265874
206.000000,271.441986,-0.282920,-0.273122
207.000000,271.441986,-0.273394,-0.266864
208.000000,271.441986,-0.261882,-0.274062
209.000000,271.441986,-0.248466,-0.268069
210.000000,271.441986,-0.233245,-0.251089
211.000000,271.441986,-0.216329,-0.247800
212.000000,271.441986,-0.197841,-0.236520
213.000000,271.441986,-0.177914,-0.227041
214.000000,271.441986,-0.156695,-0.212384
215.000000,271.441986,-0.134337,-0.190031
216.000000,271.441986,-0.111003,-0.182416
217.000000,271.441986,-0.086861,-0.158821
218.000000,271.441986,-0.062089,-0.133508
219.000000,271.441986,-0.036864,-0.122938
220.000000,271.441986,-0.011372,-0.100264
221.000000,271.441986,0.014202,-0.073704
222.000000,271.441986,0.039674,-0.058214
223.000000,271.441986,0.064856,-0.036740
224.000000,271.441986,0.089568,-0.009947
225.000000,271.441986,0.113628,0.007857
226.000000,271.441986,0.136863,0.034091
227.000000,271.441986,0.159102,0.061777
228.000000,271.441986,0.180186,0.076754
229.000000,271.441986,0.199960,0.098302
230.000000,271.441986,0.218281,0.118342
231.000000,271.441986,0.235016,0.139325
232.000000,271.441986,0.250043,0.161385
233.000000,271.441986,0.263253,0.168619
234.000000,271.441986,0.274550,0.194528
235.000000,271.441986,0.283852,0.215975
236.000000,271.441986,0.291090,0.222590
237.000000,271.441986,0.296214,0.235510
238.000000,271.441986,0.299184,0.245636
239.000000,271.441986,0.299979,0.253392
240.000000,271.441986,0.298593,0.261772
241.000000,271.441986,0.295038,0.273831
242.000000,271.441986,0.289338,0.271847
243.000000,271.441986,0.281536,0.274193
244.000000,271.441986,0.271688,0.270858
245.000000,271.441986,0.259865,0.266487
246.000000,271.441986,0.246154,0.265639
247.000000,271.441986,0.230654,0.258671
248.000000,271.441986,0.213478,0.246099
249.000000,271.441986,0.194751,0.234077
250.000000,271.441986,0.174608,0.216296
251.000000,271.441986,0.153196,0.204649
252.000000,271.441986,0.130671,0.192467
253.000000,271.441986,0.107196,0.169834
254.000000,271.441986,0.082942,0.154192
255.000000,271.441986,0.058086,0.140810
256.000000,271.441986,0.032807,0.117677
257.000000,271.441986,0.007289,0.099048
258.000000,271.441986,-0.018282,0.079265
259.000000,271.441986,-0.043719,0.053773
260.000000,271.441986,-0.068839,0.027544
261.000000,271.441986,-0.093458,0.006794
262.000000,271.441986,-0.117398,-0.020339
263.000000,271.441986,-0.140485,-0.040607
264.000000,271.441986,-0.162551,-0.058604
265.000000,271.441986,-0.183436,-0.084183
266.000000,271.441986,-0.202987,-0.105272
267.000000,271.441986,-0.221063,-0.121234
268.000000,271.441986,-0.237533,-0.143487
269.000000,271.441986,-0.252276,-0.161089
270.000000,271.441986,-0.265187,-0.185376
271.000000,271.441986,-0.276170,-0.196023
272.000000,271.441986,-0.285146,-0.206726
273.000000,271.441986,-0.292050,-0.227032
274.000000,271.441986,-0.296831,-0.237546
275.000000,271.441986,-0.299456,-0.244762
276.000000,271.441986,-0.299904,-0.263941
277.000000,271.441986,-0.298173,-0.265828
278.000000,271.441986,-0.294272,-0.263363
279.000000,271.441986,-0.288234,-0.274208
280.000000,271.441986,-0.280100,-0.272976
281.000000,271.441986,-0.269931,-0.267684
282.000000,271.441986,-0.257800,-0.264541
283.000000,271.441986,-0.243796,-0.263455
284.000000,271.441986,-0.228021,-0.255909
285.000000,271.441986,-0.210588,-0.246760
286.000000,271.441986,-0.191625,-0.233780
287.000000,271.441986,-0.171269,-0.225859
288.000000,271.441986,-0.149669,-0.204431
289.000000,271.441986,-0.126981,-0.190205
290.000000,271.441986,-0.103370,-0.173088
291.000000,271.441986,-0.079008,-0.149081
292.000000,271.441986,-0.054071,-0.124674
293.000000,271.441986,-0.028742,-0.115351
294.000000,271.441986,-0.003203,-0.095518
295.000000,271.441986,0.022359,-0.063817
296.000000,271.441986,0.047758,-0.053381
297.000000,271.441986,0.072810,-0.027147
298.000000,271.441986,0.097333,0.001067
299.000000,271.441986,0.121149,0.017904
300.000000,271.441986,0.144084,0.040711
301.000000,271.441986,0.165971,0.062391
302.000000,271.441986,0.186653,0.077501
303.000000,271.441986,0.205977,0.107588
304.000000,271.441986,0.223805,0.124870
305.000000,271.441986,0.240007,0.146238
306.000000,271.441986,0.254464,0.171552
307.000000,271.441986,0.267072,0.181668
308.000000,271.441986,0.277739,0.199055
309.000000,271.441986,0.286388,0.215874
310.000000,271.441986,0.292956,0.224744
311.000000,271.441986,0.297394,0.241457
312.000000,271.441986,0.299672,0.252476
313.000000,271.441986,0.299772,0.258006
314.000000,271.441986,0.297693,0.266679
315.000000,271.441986,0.293450,0.275325
316.000000,271.441986,0.287076,0.267673
317.000000,271.441986,0.278613,0.260645
318.000000,271.441986,0.268125,0.268278
319.000000,271.441986,0.255688,0.268493
320.000000,271.441986,0.241394,0.266885
321.000000,271.441986,0.225345,0.252339
322.000000,271.441986,0.207659,0.248618
323.000000,271.441986,0.188464,0.238209
324.000000,271.441986,0.167899,0.218870
325.000000,271.441986,0.146114,0.201208
326.000000,271.441986,0.123267,0.187079
327.000000,271.441986,0.099525,0.163960
328.000000,271.441986,0.075059,0.147265
329.000000,271.441986,0.050048,0.131422
330.000000,271.441986,0.024673,0.109270
331.000000,271.441986,-0.000882,0.090861
332.000000,271.441986,-0.026430,0.071005
333.000000,271.441986,-0.051786,0.046992
334.000000,271.441986,-0.076766,0.030884
335.000000,271.441986,-0.101189,-0.003446
336.000000,271.441986,-0.124875,-0.025699
337.000000,271.441986,-0.147654,-0.046728
338.000000,271.441986,-0.169359,-0.078309
339.000000,271.441986,-0.189834,-0.091784
340.000000,271.441986,-0.208929,-0.110220
341.000000,271.441986,-0.226505,-0.131126
342.000000,271.441986,-0.242436,-0.147748
343.000000,271.441986,-0.256604,-0.162023
344.000000,271.441986,-0.268908,-0.185523
345.000000,271.441986,-0.279258,-0.201398
346.000000,271.441986,-0.287578,-0.209800
347.000000,271.441986,-0.293808,-0.233652
348.000000,271.441986,-0.297903,-0.242320
349.000000,271.441986,-0.299833,-0.251383
350.000000,271.441986,-0.299584,-0.260967
351.000000,271.441986,-0.297158,-0.268215
352.000000,271.441986,-0.292572,-0.270410
353.000000,271.441986,-0.285861,-0.272728
354.000000,271.441986,-0.277072,-0.267043
355.000000,271.441986,-0.266269,-0.275569
356.000000,271.441986,-0.253529,-0.267528
357.000000,271.441986,-0.238947,-0.255016
358.000000,271.441986,-0.222628,-0.255154
359.000000,271.441986,-0.204692,-0.240900
360.000000,271.441986,-0.185268,-0.216347
361.000000,271.441986,-0.164498,-0.218478
362.000000,271.441986,-0.142532,-0.195364
363.000000,271.441986,-0.119531,-0.179291
364.000000,271.441986,-0.095661,-0.159774
365.000000,271.441986,-0.071096,-0.148128
366.000000,271.441986,-0.046014,-0.127428
367.000000,271.441986,-0.020598,-0.114838
0.000000,283.485992,0.006658,-0.081145
1.000000,283.485992,0.033308,-0.066182
2.000000,283.485992,0.059692,-0.042321
3.000000,283.485992,0.085604,-0.015601
4.000000,283.485992,0.110839,-0.006498
5.000000,283.485992,0.135194,0.027324
6.000000,283.485992,0.158476,0.059624
7.000000,283.485992,0.180504,0.072594
8.000000,283.485992,0.201102,0.096221
9.000000,283.485992,0.220105,0.121301
10.000000,283.485992,0.237360,0.139998
11.000000,283.485992,0.252737,0.157752
12.000000,283.485992,0.266113,0.180385
13.000000,283.485992,0.277376,0.195655
14.000000,283.485992,0.286439,0.213922
15.000000,283.485992,0.293234,0.224162
16.000000,283.485992,0.297708,0.235231
17.000000,283.485992,0.299817,0.253644
18.000000,283.485992,0.299549,0.251812
19.000000,283.485992,0.296910,0.261859
20.000000,283.485992,0.291920,0.271545
21.000000,283.485992,0.284610,0.270280
22.000000,283.485992,0.275045,0.271673
23.000000,283.485992,0.263303,0.274505
24.000000,283.485992,0.249476,0.262693
25.000000,283.485992,0.233665,0.254405
26.000000,283.485992,0.216004,0.249503
27.000000,283.485992,0.196633,0.236285
28.000000,283.485992,0.175705,0.229784
29.000000,283.485992,0.153379,0.208800
30.000000,283.485992,0.129839,0.190148
31.000000,283.485992,0.105272,0.173526
32.000000,283.485992,0.079870,0.160144
33.000000,283.485992,0.053833,0.131518
34.000000,283.485992,0.027370,0.129617
35.000000,283.485992,0.000691,0.093413
36.000000,283.485992,-0.025994,0.062767
37.000000,283.485992,-0.052473,0.044651
38.000000,283.485992,-0.078536,0.018683
39.000000,283.485992,-0.103977,0.000563
40.000000,283.485992,-0.128594,-0.020700
41.000000,283.485992,-0.152189,-0.042660
42.000000,283.485992,-0.174580,-0.069989
43.000000,283.485992,-0.195588,-0.091632
44.000000,283.485992,-0.215045,-0.119892
45.000000,283.485992,-0.232795,-0.136660
46.000000,283.485992,-0.248702,-0.149823
47.000000,283.485992,-0.262640,-0.174509
48.000000,283.485992,-0.274493,-0.188597
49.000000,283.485992,-0.284169,-0.199826
50.000000,283.485992,-0.291595,-0.222052
51.000000,283.485992,-0.296713,-0.234660
52.000000,283.485992,-0.299473,-0.249303
53.000000,283.485992,-0.299860,-0.261041
54.000000,283.485992,-0.297872,-0.267395
55.000000,283.485992,-0.293527,-0.269516
56.000000,283.485992,-0.286848,-0.273022
57.000000,283.485992,-0.277897,-0.270236
58.000000,283.485992,-0.266746,-0.275289
59.000000,283.485992,-0.253483,-0.267968
60.000000,283.485992,-0.238204,-0.258576
61.000000,283.485992,-0.221039,-0.253747
62.000000,283.485992,-0.202124,-0.241193
63.000000,283.485992,-0.181608,-0.222734
64.000000,283.485992,-0.159648,-0.216398
65.000000,283.485992,-0.136425,-0.198791
66.000000,283.485992,-0.112121,-0.174678
67.000000,283.485992,-0.086929,-0.160141
68.000000,283.485992,-0.061046,-0.143661
69.000000,283.485992,-0.034680,-0.120734
70.000000,283.485992,-0.008039,-0.102037
71.000000,283.485992,0.018665,-0.081383
72.000000,283.485992,0.045222,-0.051163
73.000000,283.485992,0.071420,-0.033213
74.000000,283.485992,0.097052,-0.008472
75.000000,283.485992,0.121916,0.012622
76.000000,283.485992,0.145811,0.039625
77.000000,283.485992,0.168551,0.065026
78.000000,283.485992,0.189958,0.082101
79.000000,283.485992,0.209857,0.106283
80.000000,283.485992,0.228090,0.130102
81.000000,283.485992,0.244518,0.147072
82.000000,283.485992,0.259010,0.164459
83.000000,283.485992,0.271446,0.184852
84.000000,283.485992,0.281728,0.200489
85.000000,283.485992,0.289781,0.217129
86.000000,283.485992,0.295539,0.235735
87.000000,283.485992,0.298949,0.244018
88.000000,283.485992,0.299990,0.253805
89.000000,283.485992,0.298656,0.264457
90.000000,283.485992,0.294957,0.268420
91.000000,283.485992,0.288914,0.269579
92.000000,283.485992,0.280582,0.271765
93.000000,283.485992,0.270028,0.268640
94.000000,283.485992,0.257337,0.268452
95.000000,283.485992,0.242599,0.251431
96.000000,283.485992,0.225941,0.250479
97.000000,283.485992,0.207494,0.240010
98.000000,283.485992,0.187403,0.230998
99.000000,283.485992,0.165822,0.220556
100.000000,283.485992,0.142929,0.205680
101.000000,283.485992,0.118904,0.183601
102.000000,283.485992,0.093936,0.166833
103.000000,283.485992,0.068223,0.149130
104.000000,283.485992,0.041969,0.123111
105.000000,283.485992,0.015383,0.105742
106.000000,283.485992,-0.011325,0.086852
107.000000,283.485992,-0.037943,0.060013
108.000000,283.485992,-0.064261,0.034984
109.000000,283.485992,-0.090070,0.014775
110.000000,283.485992,-0.115165,-0.019825
111.000000,283.485992,-0.139345,-0.034674
112.000000,283.485992,-0.162422,-0.060322
113.000000,283.485992,-0.184213,-0.081590
114.000000,283.485992,-0.204542,-0.097492
115.000000,283.485992,-0.223248,-0.124725
116.000000,283.485992,-0.240187,-0.143281
117.000000,283.485992,-0.255225,-0.156370
118.000000,283.485992,-0.268235,-0.182989
119.000000,283.485992,-0.279119,-0.200651
120.000000,283.485992,-0.287792,-0.210020
121.000000,283.485992,-0.294188,-0.230459
122.000000,283.485992,-0.298246,-0.242247
123.000000,283.485992,-0.299940,-0.247516
124.000000,283.485992,-0.299260,-0.261114
125.000000,283.485992,-0.296210,-0.269109
126.000000,283.485992,-0.290806,-0.271303
127.000000,283.485992,-0.283098,-0.273842
128.000000,283.485992,-0.273149,-0.270909
129.000000,283.485992,-0.261037,-0.264555
130.000000,283.485992,-0.246850,-0.264775
131.000000,283.485992,-0.230707,-0.253302
132.000000,283.485992,-0.212739,-0.252107
133.000000,283.485992,-0.193085,-0.238147
134.000000,283.485992,-0.171896,-0.214927
135.000000,283.485992,-0.149347,-0.209851
136.000000,283.485992,-0.125615,-0.196931
137.000000,283.485992,-0.100888,-0.166417
138.000000,283.485992,-0.075358,-0.152407
139.000000,283.485992,-0.049233,-0.135180
140.000000,283.485992,-0.022718,-0.113367
141.000000,283.485992,0.003978,-0.091623
142.000000,283.485992,0.030642,-0.070896
143.000000,283.485992,0.057063,-0.045335
144.000000,283.485992,0.083033,-0.023839
145.000000,283.485992,0.108344,0.006322
146.000000,283.485992,0.132795,0.025844
147.000000,283.485992,0.156194,0.049659
148.000000,283.485992,0.178357,0.075119
149.000000,283.485992,0.199105,0.093129
150.000000,283.485992,0.218273,0.118176
151.000000,283.485992,0.235712,0.140429
152.000000,283.485992,0.251286,0.153839
153.000000,283.485992,0.264864,0.173380
154.000000,283.485992,0.276342,0.198459
155.000000,283.485992,0.285632,0.211723
156.000000,283.485992,0.292660,0.226943
157.000000,283.485992,0.297364,0.240129
158.000000,283.485992,0.299710,0.244165
159.000000,283.485992,0.299684,0.255665
160.000000,283.485992,0.297286,0.263078
161.000000,283.485992,0.292524,0.266780
162.000000,283.485992,0.285445,0.272759
163.000000,283.485992,0.276106,0.266926
164.000000,283.485992,0.264581,0.269373
165.000000,283.485992,0.250951,0.269305
166.000000,283.485992,0.235335,0.256966
167.000000,283.485992,0.217856,0.248678
168.000000,283.485992,0.198652,0.240949
169.000000,283.485992,0.177867,0.221697
170.000000,283.485992,0.155675,0.204035
171.000000,283.485992,0.132251,0.197420
172.000000,283.485992,0.107778,0.176014
173.000000,283.485992,0.082449,0.156859
174.000000,283.485992,0.056467,0.143403
175.000000,283.485992,0.030038,0.117677
176.000000,283.485992,0.003371,0.094054
177.000000,283.485992,-0.023323,0.070739
178.000000,283.485992,-0.049832,0.046392
179.000000,283.485992,-0.075947,0.026036
180.000000,283.485992,-0.101459,-0.003098
181.000000,283.485992,-0.126166,-0.022886
182.000000,283.485992,-0.149874,-0.043929
183.000000,283.485992,-0.172395,-0.075395
184.000000,283.485992,-0.193548,-0.091197
185.000000,283.485992,-0.213166,-0.105326
186.000000,283.485992,-0.231096,-0.132546
187.000000,283.485992,-0.247196,-0.151101
188.000000,283.485992,-0.261334,-0.163371
189.000000,283.485992,-0.273399,-0.190283
190.000000,283.485992,-0.283299,-0.206758
191.000000,283.485992,-0.290957,-0.220727
192.000000,283.485992,-0.296303,-0.240799
193.000000,283.485992,-0.299301,-0.246274
194.000000,283.485992,-0.299929,-0.258622
195.000000,283.485992,-0.298183,-0.256881
196.000000,283.485992,-0.294066,-0.266456
197.000000,283.485992,-0.287620,-0.275028
198.000000,283.485992,-0.278897,-0.265828
199.000000,283.485992,-0.267966,-0.271244
200.000000,283.485992,-0.254903,-0.271675
201.000000,283.485992,-0.239822,-0.258388
202.000000,283.485992,-0.222843,-0.245656
203.000000,283.485992,-0.204099,-0.243333
204.000000,283.485992,-0.183732,-0.230193
205.000000,283.485992,-0.161910,-0.213814
206.000000,283.485992,-0.138807,-0.201444
207.000000,283.485992,-0.114604,-0.183397
208.000000,283.485992,-0.089490,-0.161643
209.000000,283.485992,-0.063667,-0.145420
210.000000,283.485992,-0.037341,-0.125220
211.000000,283.485992,-0.010718,-0.112552
212.000000,283.485992,0.015990,-0.078836
213.000000,283.485992,0.042570,-0.046375
214.000000,283.485992,0.068814,-0.034619
215.000000,283.485992,0.094513,-0.013219
216.000000,283.485992,0.119461,0.017661
217.000000,283.485992,0.143463,0.034792
218.000000,283.485992,0.166329,0.059019
219.000000,283.485992,0.187876,0.089679
220.000000,283.485992,0.207931,0.103689
221.000000,283.485992,0.226341,0.126130
222.000000,283.485992,0.242958,0.148983
223.000000,283.485992,0.257647,0.162393
224.000000,283.485992,0.270292,0.177247
225.000000,283.485992,0.280797,0.200640
226.000000,283.485992,0.289079,0.213656
227.000000,283.485992,0.295065,0.229610
228.000000,283.485992,0.298712,0.238557
229.000000,283.485992,0.299994,0.251519
230.000000,283.485992,0.298901,0.266491
231.000000,283.485992,0.295431,0.266120
232.000000,283.485992,0.289622,0.272713
233.000000,283.485992,0.281520,0.276291
234.000000,283.485992,0.271189,0.267453
235.000000,283.485992,0.258701,0.267426
236.000000,283.485992,0.244165,0.271751
237.000000,283.485992,0.227696,0.250639
238.000000,283.485992,0.209423,0.240857
239.000000,283.485992,0.189486,0.239675
240.000000,283.485992,0.168048,0.217377
241.000000,283.485992,0.145280,0.206335
242.000000,283.485992,0.121361,0.181013
243.000000,283.485992,0.096477,0.169760
244.000000,283.485992,0.070829,0.147164
245.000000,283.485992,0.044621,0.117970
246.000000,283.485992,0.018059,0.106649
247.000000,283.485992,-0.008647,0.092593
248.000000,283.485992,-0.035283,0.062474
249.000000,283.485992,-0.061641,0.039085
250.000000,283.485992,-0.087510,0.021382
251.000000,283.485992,-0.112684,-0.011785
252.000000,283.485992,-0.136966,-0.033020
253.000000,283.485992,-0.160164,-0.051837
254.000000,283.485992,-0.182090,-0.090656
255.000000,283.485992,-0.202572,-0.098945
256.000000,283.485992,-0.221450,-0.112167
257.000000,283.485992,-0.238575,-0.140880
258.000000,283.485992,-0.253805,-0.158175
259.000000,283.485992,-0.267022,-0.185051
260.000000,283.485992,-0.278126,-0.192963
261.000000,283.485992,-0.287028,-0.208119
262.000000,283.485992,-0.293649,-0.231059
263.000000,283.485992,-0.297943,-0.244093
264.000000,283.485992,-0.299878,-0.245202
265.000000,283.485992,-0.299440,-0.261261
266.000000,283.485992,-0.296620,-0.269769
267.000000,283.485992,-0.291451,-0.266117
268.000000,283.485992,-0.283975,-0.274135
269.000000,283.485992,-0.274250,-0.271262
270.000000,283.485992,-0.262344,-0.263143
271.000000,283.485992,-0.248362,-0.264908
272.000000,283.485992,-0.232413,-0.257128
273.000000,283.485992,-0.214622,-0.244322
274.000000,283.485992,-0.195126,-0.239613
275.000000,283.485992,-0.174085,-0.217245
276.000000,283.485992,-0.151666,-0.211999
277.000000,283.485992,-0.128045,-0.196683
278.000000,283.485992,-0.103406,-0.172996
279.000000,283.485992,-0.077949,-0.158161
280.000000,283.485992,-0.051875,-0.139180
281.000000,283.485992,-0.025389,-0.113940
282.000000,283.485992,0.001298,-0.092283
283.000000,283.485992,0.027975,-0.066122
284.000000,283.485992,0.054431,-0.041936
285.000000,283.485992,0.080454,-0.027339
286.000000,283.485992,0.105840,-0.000358
287.000000,283.485992,0.130387,0.074697
288.000000,283.485992,0.153902,0.047666
289.000000,283.485992,0.176195,0.055826
290.000000,283.485992,0.197091,0.083366
291.000000,283.485992,0.216426,0.107936
292.000000,283.485992,0.234048,0.134464
293.000000,283.485992,0.249811,0.150504
294.000000,283.485992,0.263593,0.174594
295.000000,283.485992,0.275288,0.190987
296.000000,283.485992,0.284805,0.204576
297.000000,283.485992,0.292057,0.223090
298.000000,283.485992,0.296996,0.241256
299.000000,283.485992,0.299583,0.247445
300.000000,283.485992,0.299799,0.258872
301.000000,283.485992,0.297630,0.270564
302.000000,283.485992,0.293105,0.266487
303.000000,283.485992,0.286259,0.265492
304.000000,283.485992,0.277146,0.274724
305.000000,283.485992,0.265830,0.271847
306.000000,283.485992,0.252409,0.263999
307.000000,283.485992,0.236990,0.255977
308.000000,283.485992,0.219692,0.248999
309.000000,283.485992,0.200649,0.242864
310.000000,283.485992,0.180018,0.222975
311.000000,283.485992,0.157961,0.210083
312.000000,283.485992,0.134652,0.199174
313.000000,283.485992,0.110273,0.176367
314.000000,283.485992,0.085022,0.158659
315.000000,283.485992,0.059097,0.140590
316.000000,283.485992,0.032704,0.119024
317.000000,283.485992,0.006051,0.096968
318.000000,283.485992,-0.020650,0.082912
319.000000,283.485992,-0.047188,0.049673
320.000000,283.485992,-0.073351,0.026430
321.000000,283.485992,-0.098932,0.011408
322.000000,283.485992,-0.123729,-0.021159
323.000000,283.485992,-0.147548,-0.040167
324.000000,283.485992,-0.170194,-0.057183
325.000000,283.485992,-0.191491,-0.088870
326.000000,283.485992,-0.211272,-0.107659
327.000000,283.485992,-0.229380,-0.134067
328.000000,283.485992,-0.245667,-0.153314
329.000000,283.485992,-0.260005,-0.166463
330.000000,283.485992,-0.272285,-0.192583
331.000000,283.485992,-0.282410,-0.206964
332.000000,283.485992,-0.290290,-0.214400
333.000000,283.485992,-0.295870,-0.233286
334.000000,283.485992,-0.299108,-0.243580
335.000000,283.485992,-0.299978,-0.251383
336.000000,283.485992,-0.298462,-0.263868
337.000000,283.485992,-0.294583,-0.268289
338.000000,283.485992,-0.288371,-0.266644
339.000000,283.485992,-0.279877,-0.274882
340.000000,283.485992,-0.269156,-0.270002
341.000000,283.485992,-0.256305,-0.265517
342.000000,283.485992,-0.241424,-0.261788
343.000000,283.485992,-0.224631,-0.254535
344.000000,283.485992,-0.206052,-0.247447
345.000000,283.485992,-0.185842,-0.231659
346.000000,283.485992,-0.164161,-0.212820
347.000000,283.485992,-0.141179,-0.204637
348.000000,283.485992,-0.117074,-0.184570
349.000000,283.485992,-0.092044,-0.158377
350.000000,283.485992,-0.066284,-0.144893
351.000000,283.485992,-0.039999,-0.124606
0.000000,296.065002,0.006611,-0.093570
1.000000,296.065002,0.034439,-0.063350
2.000000,296.065002,0.061969,-0.044593
3.000000,296.065002,0.088962,-0.025419
4.000000,296.065002,0.115189,0.013721
5.000000,296.065002,0.140417,0.030544
6.000000,296.065002,0.164432,0.053659
7.000000,296.065002,0.187027,0.083952
8.000000,296.065002,0.208002,0.098109
9.000000,296.065002,0.227185,0.119876
10.000000,296.065002,0.244396,0.142816
11.000000,296.065002,0.259500,0.165220
12.000000,296.065002,0.272358,0.183633
13.000000,296.065002,0.282861,0.197708
14.000000,296.065002,0.290923,0.216850
15.000000,296.065002,0.296463,0.235470
16.000000,296.065002,0.299449,0.242905
17.000000,296.065002,0.299837,0.250772
18.000000,296.065002,0.297638,0.266917
19.000000,296.065002,0.292866,0.251826
20.000000,296.065002,0.285560,0.272786
21.000000,296.065002,0.275790,0.276365
22.000000,296.065002,0.263628,0.270133
23.000000,296.065002,0.249195,0.267719
24.000000,296.065002,0.232602,0.257310
25.000000,296.065002,0.214000,0.250859
26.000000,296.065002,0.193550,0.237884
27.000000,296.065002,0.171423,0.222728
28.000000,296.065002,0.147819,0.206143
29.000000,296.065002,0.122932,0.192114
30.000000,296.065002,0.096986,0.167800
31.000000,296.065002,0.070199,0.149959
32.000000,296.065002,0.042807,0.135990
33.000000,296.065002,0.015044,0.105183
34.000000,296.065002,-0.012849,0.087008
35.000000,296.065002,-0.040631,0.068631
36.000000,296.065002,-0.068061,0.029811
37.000000,296.065002,-0.094904,0.007903
38.000000,296.065002,-0.120925,-0.003547
39.000000,296.065002,-0.145901,-0.043333
40.000000,296.065002,-0.169618,-0.064642
41.000000,296.065002,-0.191864,-0.078772
42.000000,296.065002,-0.212456,-0.105391
43.000000,296.065002,-0.231208,-0.123873
44.000000,296.065002,-0.247963,-0.148096
45.000000,296.065002,-0.262576,-0.170568
46.000000,296.065002,-0.274914,-0.186091
47.000000,296.065002,-0.284883,-0.212838
48.000000,296.065002,-0.292380,-0.226899
49.000000,296.065002,-0.297356,-0.229047
50.000000,296.065002,-0.299759,-0.245486
51.000000,296.065002,-0.299570,-0.254434
52.000000,296.065002,-0.296795,-0.261650
53.000000,296.065002,-0.291448,-0.272421
54.000000,296.065002,-0.283589,-0.274982
55.000000,296.065002,-0.273271,-0.270731
56.000000,296.065002,-0.260594,-0.269521
57.000000,296.065002,-0.245665,-0.267689
58.000000,296.065002,-0.228610,-0.252803
59.000000,296.065002,-0.209583,-0.248840
60.000000,296.065002,-0.188738,-0.235553
61.000000,296.065002,-0.166266,-0.216187
62.000000,296.065002,-0.142354,-0.204944
63.000000,296.065002,-0.117212,-0.186604
64.000000,296.065002,-0.091058,-0.170596
65.000000,296.065002,-0.064115,-0.145947
66.000000,296.065002,-0.036620,-0.124720
67.000000,296.065002,-0.008807,-0.107837
68.000000,296.065002,0.019082,-0.077576
69.000000,296.065002,0.046806,-0.052350
70.000000,296.065002,0.074126,-0.035219
71.000000,296.065002,0.100805,-0.009805
72.000000,296.065002,0.126611,0.020855
73.000000,296.065002,0.151325,0.037618
74.000000,296.065002,0.174728,0.061919
75.000000,296.065002,0.196622,0.092286
76.000000,296.065002,0.216817,0.109270
77.000000,296.065002,0.235135,0.133644
78.000000,296.065002,0.251426,0.155544
79.000000,296.065002,0.265535,0.170127
80.000000,296.065002,0.277356,0.190474
81.000000,296.065002,0.286774,0.202775
82.000000,296.065002,0.293715,0.221610
83.000000,296.065002,0.298119,0.244917
84.000000,296.065002,0.299940,0.246552
85.000000,296.065002,0.299177,0.258579
86.000000,296.065002,0.295818,0.266024
87.000000,296.065002,0.289908,0.273780
88.000000,296.065002,0.281489,0.273153
89.000000,296.065002,0.270636,0.269364
90.000000,296.065002,0.257448,0.262693
91.000000,296.065002,0.242028,0.259239
92.000000,296.065002,0.224521,0.257837
93.000000,296.065002,0.205069,0.242305
94.000000,296.065002,0.183846,0.232377
95.000000,296.065002,0.161035,0.214101
96.000000,296.065002,0.136829,0.194308
97.000000,296.065002,0.111444,0.181173
98.000000,296.065002,0.085091,0.157019
99.000000,296.065002,0.058005,0.141625
100.000000,296.065002,0.030417,0.121035
101.000000,296.065002,0.002567,0.094989
102.000000,296.065002,-0.025307,0.073387
103.000000,296.065002,-0.052960,0.054864
104.000000,296.065002,-0.080158,0.024598
105.000000,296.065002,-0.106660,0.001282
106.000000,296.065002,-0.132242,-0.020214
107.000000,296.065002,-0.156680,-0.050027
108.000000,296.065002,-0.179763,-0.069109
109.000000,296.065002,-0.201295,-0.085392
110.000000,296.065002,-0.221081,-0.117738
111.000000,296.065002,-0.238962,-0.138974
112.000000,296.065002,-0.254772,-0.157250
113.000000,296.065002,-0.268383,-0.181056
114.000000,296.065002,-0.279674,-0.193898
115.000000,296.065002,-0.288543,-0.217319
116.000000,296.065002,-0.294926,-0.232626
117.000000,296.065002,-0.298749,-0.235214
118.000000,296.065002,-0.299997,-0.254567
119.000000,296.065002,-0.298647,-0.259648
120.000000,296.065002,-0.294716,-0.262543
121.000000,296.065002,-0.288241,-0.272055
122.000000,296.065002,-0.279268,-0.276023
123.000000,296.065002,-0.267889,-0.265824
124.000000,296.065002,-0.254185,-0.268628
125.000000,296.065002,-0.238289,-0.260922
126.000000,296.065002,-0.220332,-0.248409
127.000000,296.065002,-0.200469,-0.244153
128.000000,296.065002,-0.178876,-0.229153
129.000000,296.065002,-0.155732,-0.216833
130.000000,296.065002,-0.131246,-0.199290
131.000000,296.065002,-0.105623,-0.174856
132.000000,296.065002,-0.079088,-0.163655
133.000000,296.065002,-0.051869,-0.139033
134.000000,296.065002,-0.024201,-0.112387
135.000000,296.065002,0.003676,-0.092136
136.000000,296.065002,0.031520,-0.069549
137.000000,296.065002,0.059093,-0.038069
138.000000,296.065002,0.086155,-0.027632
139.000000,296.065002,0.112471,0.000242
140.000000,296.065002,0.137817,0.028895
141.000000,296.065002,0.161968,0.048339
142.000000,296.065002,0.184724,0.076873
143.000000,296.065002,0.205877,0.106127
144.000000,296.065002,0.225254,0.121397
145.000000,296.065002,0.242683,0.143838
146.000000,296.065002,0.258013,0.158531
147.000000,296.065002,0.271117,0.180321
148.000000,296.065002,0.281869,0.202601
149.000000,296.065002,0.290192,0.212369
150.000000,296.065002,0.296001,0.230984
151.000000,296.065002,0.299253,0.244463
152.000000,296.065002,0.299920,0.248632
153.000000,296.065002,0.297990,0.258725
154.000000,296.065002,0.293492,0.269671
155.000000,296.065002,0.286445,0.267453
156.000000,296.065002,0.276930,0.270253
157.000000,296.065002,0.265018,0.303873
158.000000,296.065002,0.250815,0.264700
159.000000,296.065002,0.234447,0.249645
160.000000,296.065002,0.216047,0.239542
161.000000,296.065002,0.195785,0.228391
162.000000,296.065002,0.173825,0.219796
163.000000,296.065002,0.150365,0.202308
164.000000,296.065002,0.125605,0.191775
165.000000,296.065002,0.099758,0.178333
166.000000,296.065002,0.073051,0.148112
167.000000,296.065002,0.045710,0.133511
168.000000,296.065002,0.017975,0.122575
169.000000,296.065002,-0.009915,0.084868
170.000000,296.065002,-0.037720,0.059766
171.000000,296.065002,-0.065199,0.038123
172.000000,296.065002,-0.092113,0.013070
173.000000,296.065002,-0.118234,-0.008912
174.000000,296.065002,-0.143329,-0.029368
175.000000,296.065002,-0.167187,-0.014859
176.000000,296.065002,-0.189599,-0.083097
177.000000,296.065002,-0.210372,-0.116854
178.000000,296.065002,-0.229329,-0.135739
179.000000,296.065002,-0.246298,-0.152815
180.000000,296.065002,-0.261144,-0.176117
181.000000,296.065002,-0.273726,-0.191630
182.000000,296.065002,-0.283946,-0.207972
183.000000,296.065002,-0.291711,-0.223619
184.000000,296.065002,-0.296951,-0.237546
185.000000,296.065002,-0.299631,-0.239622
186.000000,296.065002,-0.299711,-0.257160
187.000000,296.065002,-0.297208,-0.263222
188.000000,296.065002,-0.292131,-0.264257
189.000000,296.065002,-0.284530,-0.273988
190.000000,296.065002,-0.274471,-0.271116
191.000000,296.065002,-0.262035,-0.265750
192.000000,296.065002,-0.247341,-0.264614
193.000000,296.065002,-0.230500,-0.259808
194.000000,296.065002,-0.211672,-0.247209
195.000000,296.065002,-0.191012,-0.236639
196.000000,296.065002,-0.168700,-0.222840
197.000000,296.065002,-0.144933,-0.212398
198.000000,296.065002,-0.119909,-0.189623
199.000000,296.065002,-0.093852,-0.164236
200.000000,296.065002,-0.066981,-0.153520
201.000000,296.065002,-0.039532,-0.124606
202.000000,296.065002,-0.011741,-0.101680
203.000000,296.065002,0.016152,-0.084623
204.000000,296.065002,0.043905,-0.062035
205.000000,296.065002,0.071277,-0.030555
206.000000,296.065002,0.098035,-0.013571
207.000000,296.065002,0.123944,0.008869
208.000000,296.065002,0.148782,0.041169
209.000000,296.065002,0.172334,0.060013
210.000000,296.065002,0.194394,0.084607
211.000000,296.065002,0.214779,0.108821
212.000000,296.065002,0.233300,0.130024
213.000000,296.065002,0.249810,0.156025
214.000000,296.065002,0.264158,0.166100
215.000000,296.065002,0.276221,0.188274
216.000000,296.065002,0.285901,0.209941
217.000000,296.065002,0.293102,0.218577
218.000000,296.065002,0.297777,0.233211
219.000000,296.065002,0.299871,0.249210
220.000000,296.065002,0.299377,0.258899
221.000000,296.065002,0.296294,0.265566
222.000000,296.065002,0.290647,0.274871
223.000000,296.065002,0.282494,0.267526
224.000000,296.065002,0.271890,0.269506
225.000000,296.065002,0.258942,0.270111
226.000000,296.065002,0.243752,0.262020
227.000000,296.065002,0.226456,0.255518
228.000000,296.065002,0.207204,0.244903
229.000000,296.065002,0.186157,0.222737
230.000000,296.065002,0.163505,0.216296
231.000000,296.065002,0.139435,0.200228
232.000000,296.065002,0.114163,0.183294
233.000000,296.065002,0.087903,0.170072
234.000000,296.065002,0.060883,0.142899
235.000000,296.065002,0.033337,0.125470
236.000000,296.065002,0.005502,0.106727
237.000000,296.065002,-0.022380,0.074821
238.000000,296.065002,-0.050068,0.049645
239.000000,296.065002,-0.077324,0.029935
240.000000,296.065002,-0.103911,0.001090
241.000000,296.065002,-0.129600,-0.020819
242.000000,296.065002,-0.154170,-0.037029
243.000000,296.065002,-0.177404,-0.070195
244.000000,296.065002,-0.199107,-0.083404
245.000000,296.065002,-0.219087,-0.116547
246.000000,296.065002,-0.237174,-0.139240
247.000000,296.065002,-0.253212,-0.157735
248.000000,296.065002,-0.267057,-0.182416
249.000000,296.065002,-0.278600,-0.202644
250.000000,296.065002,-0.287726,-0.208879
251.000000,296.065002,-0.294371,-0.226958
252.000000,296.065002,-0.298469,-0.196505
253.000000,296.065002,-0.299985,-0.247662
254.000000,296.065002,-0.298914,-0.270254
255.000000,296.065002,-0.295250,-0.275569
256.000000,296.065002,-0.289042,-0.274524
257.000000,296.065002,-0.280328,-0.278002
258.000000,296.065002,-0.269194,-0.270222
259.000000,296.065002,-0.255734,-0.260610
260.000000,296.065002,-0.240060,-0.264981
261.000000,296.065002,-0.222316,-0.256381
262.000000,296.065002,-0.202643,-0.243488
263.000000,296.065002,-0.181224,-0.230385
264.000000,296.065002,-0.158235,-0.213759
265.000000,296.065002,-0.133879,-0.200898
266.000000,296.065002,-0.108367,-0.178609
267.000000,296.065002,-0.081916,-0.157749
268.000000,296.065002,-0.054758,-0.145713
269.000000,296.065002,-0.027126,-0.122219
270.000000,296.065002,0.000740,-0.090065
271.000000,296.065002,0.028600,-0.072275
272.000000,296.065002,0.056212,-0.049981
273.000000,296.065002,0.083339,-0.016494
274.000000,296.065002,0.109744,-0.002924
275.000000,296.065002,0.135203,0.026210
276.000000,296.065002,0.159490,0.054190
277.000000,296.065002,0.182400,0.024103
278.000000,296.065002,0.203733,0.094435
279.000000,296.065002,0.223303,0.133003
280.000000,296.065002,0.240948,0.149239
281.000000,296.065002,0.256502,0.166613
282.000000,296.065002,0.269845,0.185452
283.000000,296.065002,0.280852,0.201382
284.000000,296.065002,0.289431,0.215255
285.000000,296.065002,0.295512,0.220469
286.000000,296.065002,0.299031,0.242745
287.000000,296.065002,0.299974,0.259285
288.000000,296.065002,0.298315,0.259046
289.000000,296.065002,0.294082,0.267059
290.000000,296.065002,0.287306,0.274211
291.000000,296.065002,0.278044,0.271174
292.000000,296.065002,0.266384,0.271073
293.000000,296.065002,0.252413,0.269217
294.000000,296.065002,0.236267,0.258006
295.000000,296.065002,0.218074,0.257158
296.000000,296.065002,0.197998,0.239236
297.000000,296.065002,0.176211,0.220350
298.000000,296.065002,0.152898,0.210129
299.000000,296.065002,0.128267,0.190006
300.000000,296.065002,0.102522,0.164547
301.000000,296.065002,0.075895,0.156465
302.000000,296.065002,0.048610,0.129878
303.000000,296.065002,0.020905,0.115730
304.000000,296.065002,-0.006981,0.099447
305.000000,296.065002,-0.034805,0.066120
306.000000,296.065002,-0.062330,0.043918
307.000000,296.065002,-0.089315,0.022495
308.000000,296.065002,-0.115529,-0.007171
309.000000,296.065002,-0.140743,-0.033313
310.000000,296.065002,-0.164740,-0.052803
311.000000,296.065002,-0.187317,-0.081503
312.000000,296.065002,-0.208268,-0.072770
313.000000,296.065002,-0.227425,-0.128468
314.000000,296.065002,-0.244610,-0.155381
315.000000,296.065002,-0.259684,-0.176396
316.000000,296.065002,-0.272514,-0.186485
317.000000,296.065002,-0.282984,-0.198617
318.000000,296.065002,-0.291015,-0.212499
319.000000,296.065002,-0.296520,-0.237853
320.000000,296.065002,-0.299469,-0.245427
321.000000,296.065002,-0.299826,-0.251882
322.000000,296.065002,-0.297591,-0.265054
323.000000,296.065002,-0.292787,-0.267162
324.000000,296.065002,-0.285446,-0.266117
325.000000,296.065002,-0.275644,-0.273095
326.000000,296.065002,-0.263452,-0.271482
327.000000,296.065002,-0.248987,-0.258603
328.000000,296.065002,-0.232369,-0.263047
329.000000,296.065002,-0.213741,-0.248648
330.000000,296.065002,-0.193268,-0.229955
331.000000,296.065002,-0.171120,-0.219972
332.000000,296.065002,-0.147496,-0.208545
333.000000,296.065002,-0.122595,-0.187818
334.000000,296.065002,-0.096635,-0.174289
335.000000,296.065002,-0.069840,-0.152682
336.000000,296.065002,-0.042440,-0.132193
0.000000,309.203003,0.017111,-0.083578
1.000000,309.203003,0.046078,-0.060821
2.000000,309.203003,0.074611,-0.032667
3.000000,309.203003,0.102441,-0.013219
4.000000,309.203003,0.129304,0.071582
5.000000,309.203003,0.154949,0.043643
6.000000,309.203003,0.179134,0.046539
7.000000,309.203003,0.201629,0.078207
8.000000,309.203003,0.222223,0.108280
9.000000,309.203003,0.240721,0.128017
10.000000,309.203003,0.256948,0.157679
11.000000,309.203003,0.270753,0.182465
12.000000,309.203003,0.282006,0.198409
13.000000,309.203003,0.290600,0.209162
14.000000,309.203003,0.296454,0.233435
15.000000,309.203003,0.299514,0.237911
16.000000,309.203003,0.299749,0.253278
17.000000,309.203003,0.297159,0.259285
18.000000,309.203003,0.291768,0.265066
19.000000,309.203003,0.283625,0.271792
20.000000,309.203003,0.272808,0.263426
21.000000,309.203003,0.259416,0.267659
22.000000,309.203003,0.243579,0.264544
23.000000,309.203003,0.225446,0.252206
24.000000,309.203003,0.205187,0.243918
25.000000,309.203003,0.182994,0.239089
26.000000,309.203003,0.159076,0.212690
27.000000,309.203003,0.133659,0.198821
28.000000,309.203003,0.106981,0.184399
29.000000,309.203003,0.079294,0.154879
30.000000,309.203003,0.050860,0.142271
31.000000,309.203003,0.021946,0.119601
32.000000,309.203003,-0.007176,0.091929
33.000000,309.203003,-0.036229,0.069346
34.000000,309.203003,-0.064941,0.037078
35.000000,309.203003,-0.093040,0.016924
36.000000,309.203003,-0.120262,-0.006273
37.000000,309.203003,-0.146350,-0.039306
38.000000,309.203003,-0.171058,-0.059868
39.000000,309.203003,-0.194154,-0.080178
40.000000,309.203003,-0.215419,-0.105011
41.000000,309.203003,-0.234654,-0.128180
42.000000,309.203003,-0.251676,-0.144022
43.000000,309.203003,-0.266327,-0.170715
44.000000,309.203003,-0.278463,-0.190090
45.000000,309.203003,-0.287974,-0.208160
46.000000,309.203003,-0.294770,-0.233359
47.000000,309.203003,-0.298787,-0.239347
48.000000,309.203003,-0.299986,-0.248102
49.000000,309.203003,-0.298358,-0.256061
50.000000,309.203003,-0.293917,-0.261829
51.000000,309.203003,-0.286706,-0.268655
52.000000,309.203003,-0.276791,-0.272582
53.000000,309.203003,-0.264266,-0.269883
54.000000,309.203003,-0.249251,-0.271455
55.000000,309.203003,-0.231885,-0.258608
56.000000,309.203003,-0.212330,-0.243869
57.000000,309.203003,-0.190774,-0.238646
58.000000,309.203003,-0.167419,-0.223866
59.000000,309.203003,-0.142487,-0.198113
60.000000,309.203003,-0.116211,-0.192290
61.000000,309.203003,-0.088839,-0.170522
62.000000,309.203003,-0.060630,-0.141122
63.000000,309.203003,-0.031849,-0.126966
64.000000,309.203003,-0.002768,-0.101625
65.000000,309.203003,0.026339,-0.077484
66.000000,309.203003,0.055198,-0.054347
67.000000,309.203003,0.083538,-0.027234
68.000000,309.203003,0.111088,-0.009352
69.000000,309.203003,0.137591,0.022504
70.000000,309.203003,0.162797,0.051611
71.000000,309.203003,0.186468,0.068727
72.000000,309.203003,0.208380,0.097715
73.000000,309.203003,0.228329,0.125768
74.000000,309.203003,0.246124,0.142679
75.000000,309.203003,0.261600,0.164079
76.000000,309.203003,0.274609,0.189159
77.000000,309.203003,0.285029,0.200342
78.000000,309.203003,0.292763,0.222036
79.000000,309.203003,0.297735,0.233289
80.000000,309.203003,0.299898,0.241265
81.000000,309.203003,0.299234,0.276713
82.000000,309.203003,0.295748,0.261497
83.000000,309.203003,0.289474,0.261506
84.000000,309.203003,0.280472,0.268306
85.000000,309.203003,0.268825,0.261245
86.000000,309.203003,0.254644,0.259706
87.000000,309.203003,0.238062,0.258758
88.000000,309.203003,0.219236,0.247959
89.000000,309.203003,0.198343,0.239978
90.000000,309.203003,0.175579,0.228528
91.000000,309.203003,0.151160,0.206069
92.000000,309.203003,0.125314,0.189974
93.000000,309.203003,0.098287,0.176065
94.000000,309.203003,0.070334,0.153839
95.000000,309.203003,0.041718,0.134611
96.000000,309.203003,0.012709,0.114608
97.000000,309.203003,-0.016420,0.083902
98.000000,309.203003,-0.045395,0.060059
99.000000,309.203003,-0.073941,-0.025882
100.000000,309.203003,-0.101791,0.008970
101.000000,309.203003,-0.128681,0.001575
102.000000,309.203003,-0.154358,-0.027687
103.000000,309.203003,-0.178579,-0.055534
104.000000,309.203003,-0.201115,-0.083637
105.000000,309.203003,-0.221756,-0.114765
106.000000,309.203003,-0.240305,-0.139400
107.000000,309.203003,-0.256589,-0.153529
108.000000,309.203003,-0.270454,-0.178449
109.000000,309.203003,-0.281769,-0.189257
110.000000,309.203003,-0.290428,-0.207780
111.000000,309.203003,-0.296348,-0.233286
112.000000,309.203003,-0.299475,-0.242394
113.000000,309.203003,-0.299779,-0.247369
114.000000,309.203003,-0.297257,-0.261114
115.000000,309.203003,-0.291929,-0.266355
116.000000,309.203003,-0.283849,-0.264930
117.000000,309.203003,-0.273092,-0.272128
118.000000,309.203003,-0.259761,-0.270002
119.000000,309.203003,-0.243981,-0.266703
120.000000,309.203003,-0.225901,-0.260001
121.000000,309.203003,-0.205691,-0.243447
122.000000,309.203003,-0.183543,-0.237326
123.000000,309.203003,-0.159663,-0.221245
124.000000,309.203003,-0.134279,-0.198832
125.000000,309.203003,-0.107628,-0.184249
126.000000,309.203003,-0.079962,-0.156668
127.000000,309.203003,-0.051542,-0.134942
128.000000,309.203003,-0.022636,-0.116171
129.000000,309.203003,0.006484,-0.095518
130.000000,309.203003,0.035542,-0.066644
131.000000,309.203003,0.064264,-0.048020
132.000000,309.203003,0.092381,-0.023720
133.000000,309.203003,0.119627,0.009547
134.000000,309.203003,0.145745,0.030398
135.000000,309.203003,0.170490,0.053879
136.000000,309.203003,0.193627,0.082179
137.000000,309.203003,0.214939,0.102049
138.000000,309.203003,0.234225,0.132297
139.000000,309.203003,0.251300,0.147865
140.000000,309.203003,0.266005,0.165806
141.000000,309.203003,0.278203,0.196700
142.000000,309.203003,0.287777,0.202949
143.000000,309.203003,0.294639,0.218403
144.000000,309.203003,0.298723,0.239089
145.000000,309.203003,0.299991,0.246919
146.000000,309.203003,0.298430,0.254258
147.000000,309.203003,0.294057,0.267357
148.000000,309.203003,0.286910,0.266487
149.000000,309.203003,0.277059,0.269579
150.000000,309.203003,0.264596,0.271077
151.000000,309.203003,0.249635,0.265813
152.000000,309.203003,0.232321,0.260279
153.000000,309.203003,0.212817,0.248330
154.000000,309.203003,0.191306,0.230397
155.000000,309.203003,0.167992,0.222096
156.000000,309.203003,0.143095,0.195555
157.000000,309.203003,0.116848,0.188128
158.000000,309.203003,0.089500,0.174305
159.000000,309.203003,0.061308,0.144319
160.000000,309.203003,0.032538,0.125617
161.000000,309.203003,0.003460,0.107914
162.000000,309.203003,-0.025650,0.077501
163.000000,309.203003,-0.054518,0.049718
164.000000,309.203003,-0.082872,0.029042
165.000000,309.203003,-0.110444,-0.001664
166.000000,309.203003,-0.136975,-0.019033
167.000000,309.203003,-0.162214,-0.044543
168.000000,309.203003,-0.185925,-0.074882
169.000000,309.203003,-0.207882,-0.105712
170.000000,309.203003,-0.227880,-0.122054
171.000000,309.203003,-0.245729,-0.147427
172.000000,309.203003,-0.261262,-0.163169
173.000000,309.203003,-0.274332,-0.190910
174.000000,309.203003,-0.284815,-0.204504
175.000000,309.203003,-0.292610,-0.214753
176.000000,309.203003,-0.297646,-0.235146
177.000000,309.203003,-0.299877,-0.243874
178.000000,309.203003,-0.299280,-0.249669
179.000000,309.203003,-0.295862,-0.262008
180.000000,309.203003,-0.289655,-0.268435
181.000000,309.203003,-0.280717,-0.266790
182.000000,309.203003,-0.269132,-0.266168
183.000000,309.203003,-0.255011,-0.266502
184.000000,309.203003,-0.238485,-0.260390
185.000000,309.203003,-0.219710,-0.255387
186.000000,309.203003,-0.198863,-0.243741
187.000000,309.203003,-0.176139,-0.229634
188.000000,309.203003,-0.151756,-0.215285
189.000000,309.203003,-0.125942,-0.195685
190.000000,309.203003,-0.098941,-0.178549
191.000000,309.203003,-0.071007,-0.153461
192.000000,309.203003,-0.042403,-0.128894
193.000000,309.203003,-0.013400,-0.114531
194.000000,309.203003,0.015729,-0.089410
195.000000,309.203003,0.044711,-0.060610
196.000000,309.203003,0.073271,-0.037533
197.000000,309.203003,0.101140,-0.017246
198.000000,309.203003,0.128056,0.017881
199.000000,309.203003,0.153763,0.042979
200.000000,309.203003,0.178021,0.064673
201.000000,309.203003,0.200600,0.093253
202.000000,309.203003,0.221288,0.110910
203.000000,309.203003,0.239889,0.135577
204.000000,309.203003,0.256229,0.157024
205.000000,309.203003,0.270154,0.175341
206.000000,309.203003,0.281532,0.197254
207.000000,309.203003,0.290255,0.210408
208.000000,309.203003,0.296243,0.228831
209.000000,309.203003,0.299437,0.243364
210.000000,309.203003,0.299805,0.237911
211.000000,309.203003,0.297347,0.257246
212.000000,309.203003,0.292085,0.274298
213.000000,309.203003,0.284070,0.272740
214.000000,309.203003,0.273376,0.268026
215.000000,309.203003,0.260106,0.274505
216.000000,309.203003,0.244383,0.259193
217.000000,309.203003,0.226356,0.256192
218.000000,309.203003,0.206196,0.246003
219.000000,309.203003,0.184091,0.228464
220.000000,309.203003,0.160250,0.217422
221.000000,309.203003,0.134899,0.201213
222.000000,309.203003,0.108274,0.179808
223.000000,309.203003,0.080628,0.159685
224.000000,309.203003,0.052223,0.139696
225.000000,309.203003,0.023326,0.116710
226.000000,309.203003,-0.005792,0.097175
227.000000,309.203003,-0.034854,0.063399
228.000000,309.203003,-0.063588,0.041852
229.000000,309.203003,-0.091723,0.024162
230.000000,309.203003,-0.118993,-0.010745
231.000000,309.203003,-0.145141,-0.033533
232.000000,309.203003,-0.169921,-0.053243
233.000000,309.203003,-0.193100,-0.083436
234.000000,309.203003,-0.214455,-0.109358
235.000000,309.203003,-0.233789,-0.122521
236.000000,309.203003,-0.250919,-0.130512
237.000000,309.203003,-0.265682,-0.171563
238.000000,309.203003,-0.277942,-0.190232
239.000000,309.203003,-0.287580,-0.212238
240.000000,309.203003,-0.294508,-0.228860
241.000000,309.203003,-0.298659,-0.241395
242.000000,309.203003,-0.299995,-0.247126
243.000000,309.203003,-0.298502,-0.256175
244.000000,309.203003,-0.294196,-0.270502
245.000000,309.203003,-0.287114,-0.272142
246.000000,309.203003,-0.277323,-0.265357
247.000000,309.203003,-0.264918,-0.279335
248.000000,309.203003,-0.250016,-0.266122
249.000000,309.203003,-0.232757,-0.249229
250.000000,309.203003,-0.213303,-0.249880
251.000000,309.203003,-0.191839,-0.237780
252.000000,309.203003,-0.168566,-0.218354
253.000000,309.203003,-0.143703,-0.207097
254.000000,309.203003,-0.117486,-0.192917
255.000000,309.203003,-0.090161,-0.167531
256.000000,309.203003,-0.061986,-0.154340
257.000000,309.203003,-0.033226,-0.122379
258.000000,309.203003,-0.004152,-0.098326
259.000000,309.203003,0.024960,-0.083216
260.000000,309.203003,0.053837,-0.056322
261.000000,309.203003,0.082206,-0.028567
262.000000,309.203003,0.109800,-0.001898
263.000000,309.203003,0.136359,0.027663
264.000000,309.203003,0.161632,0.042085
265.000000,309.203003,0.185382,0.068700
266.000000,309.203003,0.207384,0.099213
267.000000,309.203003,0.227431,0.119757
268.000000,309.203003,0.245334,0.149418
269.000000,309.203003,0.260923,0.166764
270.000000,309.203003,0.274050,0.179588
271.000000,309.203003,0.284593,0.195701
272.000000,309.203003,0.292454,0.226962
273.000000,309.203003,0.297557,0.231964
274.000000,309.203003,0.299856,0.240637
275.000000,309.203003,0.299327,0.257617
276.000000,309.203003,0.295976,0.260159
277.000000,309.203003,0.289835,0.268012
278.000000,309.203003,0.280962,0.270885
279.000000,309.203003,0.269440,0.269533
280.000000,309.203003,0.255377,0.267925
281.000000,309.203003,0.238905,0.254872
282.000000,309.203003,0.220179,0.249658
283.000000,309.203003,0.199378,0.242823
284.000000,309.203003,0.176698,0.222590
285.000000,309.203003,0.152352,0.201295
286.000000,309.203003,0.126569,0.200993
287.000000,309.203003,0.099594,0.179734
288.000000,309.203003,0.071679,0.159466
289.000000,309.203003,0.043089,0.139756
290.000000,309.203003,0.014092,0.110236
291.000000,309.203003,-0.015038,0.087141
292.000000,309.203003,-0.044027,0.063491
293.000000,309.203003,-0.072600,0.033898
294.000000,309.203003,-0.100488,0.008122
295.000000,309.203003,-0.127428,-0.014254
296.000000,309.203003,-0.153167,-0.038793
297.000000,309.203003,-0.177462,-0.061009
298.000000,309.203003,-0.200084,-0.090991
299.000000,309.203003,-0.220820,-0.113358
300.000000,309.203003,-0.239474,-0.136174
301.000000,309.203003,-0.255870,-0.158881
302.000000,309.203003,-0.269854,-0.176836
303.000000,309.203003,-0.281294,-0.191039
304.000000,309.203003,-0.290083,-0.210744
305.000000,309.203003,-0.296133,-0.227439
306.000000,309.203003,-0.299391,-0.236955
307.000000,309.203003,-0.299827,-0.252707
308.000000,309.203003,-0.297436,-0.261668
309.000000,309.203003,-0.292241,-0.265370
310.000000,309.203003,-0.284291,-0.269521
311.000000,309.203003,-0.273661,-0.269036
312.000000,309.203003,-0.260450,-0.271290
313.000000,309.203003,-0.244785,-0.261421
314.000000,309.203003,-0.226812,-0.252688
315.000000,309.203003,-0.206700,-0.251520
316.000000,309.203003,-0.184638,-0.234866
317.000000,309.203003,-0.160835,-0.222734
318.000000,309.203003,-0.135515,-0.202777
319.000000,309.203003,-0.108918,-0.180263
320.000000,309.203003,-0.081294,-0.153543
321.000000,309.203003,-0.052904,-0.141100
322.000000,309.203003,-0.024015,-0.125353
0.000000,322.923004,0.009991,-0.097570
1.000000,322.923004,0.040305,-0.074529
2.000000,322.923004,0.070204,-0.040076
3.000000,322.923004,0.099381,-0.015505
4.000000,322.923004,0.127538,0.010656
5.000000,322.923004,0.154383,0.040349
6.000000,322.923004,0.179638,0.061873
7.000000,322.923004,0.203047,0.088034
8.000000,322.923004,0.224370,0.118928
9.000000,322.923004,0.243385,0.135385
10.000000,322.923004,0.259894,0.159012
11.000000,322.923004,0.273733,0.175652
12.000000,322.923004,0.284760,0.195055
13.000000,322.923004,0.292854,0.216662
14.000000,322.923004,0.297936,0.226664
15.000000,322.923004,0.299958,0.243478
16.000000,322.923004,0.298899,0.256884
17.000000,322.923004,0.294757,0.260393
18.000000,322.923004,0.287588,0.264379
19.000000,322.923004,0.277464,0.274651
20.000000,322.923004,0.264487,0.267307
21.000000,322.923004,0.248785,0.261919
22.000000,322.923004,0.230528,0.259844
23.000000,322.923004,0.209902,0.252499
24.000000,322.923004,0.187117,0.235130
25.000000,322.923004,0.162405,0.223315
26.000000,322.923004,0.136025,0.200709
27.000000,322.923004,0.108247,0.185347
28.000000,322.923004,0.079355,0.160418
29.000000,322.923004,0.049646,0.137611
30.000000,322.923004,0.019428,0.121489
31.000000,322.923004,-0.010990,0.089702
32.000000,322.923004,-0.041295,0.060146
33.000000,322.923004,-0.071176,0.047057
34.000000,322.923004,-0.100325,0.012250
35.000000,322.923004,-0.128443,-0.008985
36.000000,322.923004,-0.155238,-0.027802
37.000000,322.923004,-0.180437,-0.065655
38.000000,322.923004,-0.203784,-0.088750
39.000000,322.923004,-0.225033,-0.110467
40.000000,322.923004,-0.243965,-0.138200
41.000000,322.923004,-0.260392,-0.160328
42.000000,322.923004,-0.274143,-0.177638
43.000000,322.923004,-0.285071,-0.199510
44.000000,322.923004,-0.293067,-0.213539
45.000000,322.923004,-0.298053,-0.240754
46.000000,322.923004,-0.299977,-0.248327
47.000000,322.923004,-0.298808,-0.248382
48.000000,322.923004,-0.294568,-0.267734
49.000000,322.923004,-0.287303,-0.266268
50.000000,322.923004,-0.277085,-0.261650
51.000000,322.923004,-0.264011,-0.268481
52.000000,322.923004,-0.248225,-0.267689
53.000000,322.923004,-0.229889,-0.253696
54.000000,322.923004,-0.209188,-0.249060
55.000000,322.923004,-0.186333,-0.239420
56.000000,322.923004,-0.161564,-0.218427
57.000000,322.923004,-0.135136,-0.205984
58.000000,322.923004,-0.107315,-0.187190
59.000000,322.923004,-0.078391,-0.163723
60.000000,322.923004,-0.048661,-0.142813
61.000000,322.923004,-0.018432,-0.114879
62.000000,322.923004,0.011988,-0.095957
63.000000,322.923004,0.042284,-0.070575
64.000000,322.923004,0.072146,-0.039535
65.000000,322.923004,0.101266,-0.014758
66.000000,322.923004,0.129343,0.011110
67.000000,322.923004,0.156091,0.045563
68.000000,322.923004,0.181236,0.059940
69.000000,322.923004,0.204515,0.087741
70.000000,322.923004,0.225690,0.117508
71.000000,322.923004,0.244545,0.130405
72.000000,322.923004,0.260889,0.157079
73.000000,322.923004,0.274546,0.181132
74.000000,322.923004,0.285379,0.199596
75.000000,322.923004,0.293280,0.221363
76.000000,322.923004,0.298169,0.231309
77.000000,322.923004,0.299983,0.246538
78.000000,322.923004,0.298716,0.256985
79.000000,322.923004,0.294380,0.257026
80.000000,322.923004,0.287017,0.264613
81.000000,322.923004,0.276697,0.272731
82.000000,322.923004,0.263534,0.265373
83.000000,322.923004,0.247665,0.261699
84.000000,322.923004,0.229246,0.257544
85.000000,322.923004,0.208468,0.246099
86.000000,322.923004,0.185549,0.237737
87.000000,322.923004,0.160723,0.219961
88.000000,322.923004,0.134241,0.204209
89.000000,322.923004,0.106380,0.183194
90.000000,322.923004,0.077425,0.161931
91.000000,322.923004,0.047675,0.138285
92.000000,322.923004,0.017433,0.116449
93.000000,322.923004,-0.012987,0.088167
94.000000,322.923004,-0.043274,0.112509
95.000000,322.923004,-0.073117,0.042177
96.000000,322.923004,-0.102206,-0.002777
97.000000,322.923004,-0.130245,-0.026299
98.000000,322.923004,-0.156946,-0.050476
99.000000,322.923004,-0.182032,-0.071528
100.000000,322.923004,-0.205244,-0.091651
101.000000,322.923004,-0.226348,-0.113294
102.000000,322.923004,-0.245126,-0.141100
103.000000,322.923004,-0.261380,-0.160255
104.000000,322.923004,-0.274945,-0.175718
105.000000,322.923004,-0.285687,-0.200623
106.000000,322.923004,-0.293493,-0.216059
107.000000,322.923004,-0.298273,-0.229047
108.000000,322.923004,-0.299989,-0.244973
109.000000,322.923004,-0.298624,-0.256175
110.000000,322.923004,-0.294188,-0.272889
111.000000,322.923004,-0.286721,-0.271322
112.000000,322.923004,-0.276308,-0.269443
113.000000,322.923004,-0.263058,-0.269961
114.000000,322.923004,-0.247100,-0.263368
115.000000,322.923004,-0.228598,-0.251456
116.000000,322.923004,-0.207749,-0.247200
117.000000,322.923004,-0.184765,-0.235920
118.000000,322.923004,-0.159877,-0.215380
119.000000,322.923004,-0.133346,-0.205237
120.000000,322.923004,-0.105446,-0.187190
121.000000,322.923004,-0.076461,-0.157043
122.000000,322.923004,-0.046688,-0.146607
123.000000,322.923004,-0.016436,-0.123419
124.000000,322.923004,0.013985,-0.089612
125.000000,322.923004,0.044262,-0.072202
126.000000,322.923004,0.074084,-0.038688
127.000000,322.923004,0.103144,-0.017026
128.000000,322.923004,0.131145,0.014243
129.000000,322.923004,0.157796,0.046030
130.000000,322.923004,0.182823,0.063514
131.000000,322.923004,0.205971,0.092355
132.000000,322.923004,0.227004,0.119075
133.000000,322.923004,0.245699,0.138812
134.000000,322.923004,0.261867,0.163039
135.000000,322.923004,0.275344,0.185365
136.000000,322.923004,0.285994,0.198116
137.000000,322.923004,0.293694,0.216529
138.000000,322.923004,0.298377,0.236409
139.000000,322.923004,0.299996,0.240591
140.000000,322.923004,0.298529,0.260425
141.000000,322.923004,0.293987,0.259285
142.000000,322.923004,0.286425,0.264393
143.000000,322.923004,0.275920,0.270005
144.000000,322.923004,0.262576,0.258739
145.000000,322.923004,0.246529,0.263866
146.000000,322.923004,0.227950,0.260751
147.000000,322.923004,0.207029,0.245732
148.000000,322.923004,0.183975,0.233577
149.000000,322.923004,0.159030,0.217661
150.000000,322.923004,0.132451,0.195875
151.000000,322.923004,0.104511,0.184540
152.000000,322.923004,0.075493,0.164084
153.000000,322.923004,0.045700,0.136425
154.000000,322.923004,0.015438,0.115263
155.000000,322.923004,-0.014984,0.088199
156.000000,322.923004,-0.045251,0.062020
157.000000,322.923004,-0.075052,0.042118
158.000000,322.923004,-0.104083,0.006042
159.000000,322.923004,-0.132043,-0.017745
160.000000,322.923004,-0.158644,-0.037148
161.000000,322.923004,-0.183615,-0.071528
162.000000,322.923004,-0.206700,-0.089703
163.000000,322.923004,-0.227655,-0.111947
164.000000,322.923004,-0.246270,-0.144893
165.000000,322.923004,-0.262354,-0.162482
166.000000,322.923004,-0.275744,-0.181225
167.000000,322.923004,-0.286290,-0.201664
168.000000,322.923004,-0.293895,-0.218959
169.000000,322.923004,-0.298481,-0.231375
170.000000,322.923004,-0.299998,-0.246160
171.000000,322.923004,-0.298425,-0.255048
172.000000,322.923004,-0.293786,-0.264096
173.000000,322.923004,-0.286129,-0.276742
174.000000,322.923004,-0.275526,-0.272169
175.000000,322.923004,-0.262089,-0.274456
176.000000,322.923004,-0.245959,-0.264175
177.000000,322.923004,-0.227302,-0.248088
178.000000,322.923004,-0.206303,-0.246233
179.000000,322.923004,-0.183184,-0.233460
180.000000,322.923004,-0.158182,-0.215074
181.000000,322.923004,-0.131556,-0.201517
182.000000,322.923004,-0.103572,-0.182943
183.000000,322.923004,-0.074526,-0.156970
184.000000,322.923004,-0.044713,-0.139166
185.000000,322.923004,-0.014441,-0.120299
186.000000,322.923004,0.015981,-0.085245
187.000000,322.923004,0.046237,-0.064615
188.000000,322.923004,0.076019,-0.035627
189.000000,322.923004,0.105019,-0.013933
190.000000,322.923004,0.132938,0.015370
191.000000,322.923004,0.159491,0.042484
192.000000,322.923004,0.184406,0.062826
193.000000,322.923004,0.207421,0.093482
194.000000,322.923004,0.228303,0.119982
195.000000,322.923004,0.246839,0.134798
196.000000,322.923004,0.262841,0.161852
197.000000,322.923004,0.276132,0.187079
198.000000,322.923004,0.286586,0.200342
199.000000,322.923004,0.294096,0.217056
200.000000,322.923004,0.298582,0.237522
201.000000,322.923004,0.299992,0.240225
202.000000,322.923004,0.298321,0.253658
203.000000,322.923004,0.293585,0.263271
204.000000,322.923004,0.285827,0.267453
205.000000,322.923004,0.275127,0.269872
206.000000,322.923004,0.261602,0.263811
207.000000,322.923004,0.245388,0.262093
208.000000,322.923004,0.226647,0.257438
209.000000,322.923004,0.205575,0.238777
210.000000,322.923004,0.182392,0.233444
211.000000,322.923004,0.157334,0.221555
212.000000,322.923004,0.130655,0.205542
213.000000,322.923004,0.102633,0.179414
214.000000,322.923004,0.073557,0.164698
215.000000,322.923004,0.043724,0.132484
216.000000,322.923004,0.013442,0.113783
217.000000,322.923004,-0.016979,0.092139
218.000000,322.923004,-0.047226,0.061580
219.000000,322.923004,-0.076986,0.035584
220.000000,322.923004,-0.105954,0.012301
221.000000,322.923004,-0.133834,-0.026959
222.000000,322.923004,-0.160339,-0.047901
223.000000,322.923004,-0.185192,-0.063891
224.000000,322.923004,-0.208141,-0.096237
225.000000,322.923004,-0.228951,-0.119479
226.000000,322.923004,-0.247410,-0.140435
227.000000,322.923004,-0.263317,-0.162454
228.000000,322.923004,-0.276520,-0.183997
229.000000,322.923004,-0.286882,-0.204605
230.000000,322.923004,-0.294293,-0.221465
231.000000,322.923004,-0.298674,-0.237221
232.000000,322.923004,-0.299986,-0.245266
233.000000,322.923004,-0.298217,-0.255034
234.000000,322.923004,-0.293377,-0.260010
235.000000,322.923004,-0.285519,-0.271235
236.000000,322.923004,-0.274728,-0.268509
237.000000,322.923004,-0.261114,-0.263817
238.000000,322.923004,-0.244810,-0.266021
239.000000,322.923004,-0.225989,-0.257275
240.000000,322.923004,-0.204847,-0.241715
241.000000,322.923004,-0.181600,-0.234852
242.000000,322.923004,-0.156481,-0.221639
243.000000,322.923004,-0.129754,-0.199052
244.000000,322.923004,-0.101695,-0.182622
245.000000,322.923004,-0.072589,-0.158335
246.000000,322.923004,-0.042736,-0.136880
247.000000,322.923004,-0.012444,-0.114852
248.000000,322.923004,0.017976,-0.082771
249.000000,322.923004,0.048211,-0.063341
250.000000,322.923004,0.077950,-0.037107
251.000000,322.923004,0.106888,0.004187
252.000000,322.923004,0.134728,0.013437
253.000000,322.923004,0.161180,0.039231
254.000000,322.923004,0.185975,0.069818
255.000000,322.923004,0.208859,0.089702
256.000000,322.923004,0.229598,0.120623
257.000000,322.923004,0.247969,0.146903
258.000000,322.923004,0.263793,0.162247
259.000000,322.923004,0.276908,0.183487
260.000000,322.923004,0.287174,0.197534
261.000000,322.923004,0.294482,0.217450
262.000000,322.923004,0.298766,0.230796
263.000000,322.923004,0.299980,0.243111
264.000000,322.923004,0.298106,0.263646
265.000000,322.923004,0.293164,0.268865
266.000000,322.923004,0.285211,0.267453
267.000000,322.923004,0.274329,0.267206
268.000000,322.923004,0.260618,0.269964
269.000000,322.923004,0.244230,0.258079
270.000000,322.923004,0.225332,0.258125
271.000000,322.923004,0.204119,0.250470
272.000000,322.923004,0.180801,0.226311
273.000000,322.923004,0.155626,0.224423
274.000000,322.923004,0.128853,0.198240
275.000000,322.923004,0.100754,0.176834
276.000000,322.923004,0.071618,0.156932
277.000000,322.923004,0.041746,0.137983
278.000000,322.923004,0.011445,0.110530
279.000000,322.923004,-0.018974,0.091741
280.000000,322.923004,-0.049198,0.057379
281.000000,322.923004,-0.078916,0.032698
282.000000,322.923004,-0.107823,0.010395
283.000000,322.923004,-0.135620,-0.022272
284.000000,322.923004,-0.162022,-0.036053
285.000000,322.923004,-0.186760,-0.067377
286.000000,322.923004,-0.209579,-0.102037
287.000000,322.923004,-0.230237,-0.120519
288.000000,322.923004,-0.248530,-0.147069
289.000000,322.923004,-0.264270,-0.166175
290.000000,322.923004,-0.277292,-0.185697
291.000000,322.923004,-0.287458,-0.200719
292.000000,322.923004,-0.294671,-0.221012
293.000000,322.923004,-0.298858,-0.235627
294.000000,322.923004,-0.299967,-0.244762
295.000000,322.923004,-0.297989,-0.261861
296.000000,322.923004,-0.292951,-0.264055
297.000000,322.923004,-0.284904,-0.269636
298.000000,322.923004,-0.273920,-0.272728
299.000000,322.923004,-0.260121,-0.266309
300.000000,322.923004,-0.243649,-0.265728
301.000000,322.923004,-0.224674,-0.255181
302.000000,322.923004,-0.203382,-0.240442
303.000000,322.923004,-0.180002,-0.229039
304.000000,322.923004,-0.154773,-0.214639
305.000000,322.923004,-0.127951,-0.194319
306.000000,322.923004,-0.099812,-0.181876
307.000000,322.923004,-0.070647,-0.159435
308.000000,322.923004,-0.040757,-0.130928
0.000000,337.252014,0.015431,-0.091751
1.000000,337.252014,0.047028,-0.067895
2.000000,337.252014,0.078097,-0.038921
3.000000,337.252014,0.108292,-0.017072
4.000000,337.252014,0.137270,0.016177
5.000000,337.252014,0.164709,0.096808
6.000000,337.252014,0.190304,0.068874
7.000000,337.252014,0.213759,0.086014
8.000000,337.252014,0.234820,0.113554
9.000000,337.252014,0.253250,0.132851
10.000000,337.252014,0.268834,0.155745
11.000000,337.252014,0.281408,0.188266
12.000000,337.252014,0.290823,0.203989
13.000000,337.252014,0.296976,0.223896
14.000000,337.252014,0.299804,0.244889
15.000000,337.252014,0.299262,0.252719
16.000000,337.252014,0.295367,0.256705
17.000000,337.252014,0.288164,0.262551
18.000000,337.252014,0.277721,0.266560
19.000000,337.252014,0.264168,0.270532
20.000000,337.252014,0.247653,0.259839
21.000000,337.252014,0.228357,0.256206
22.000000,337.252014,0.206504,0.249970
23.000000,337.252014,0.182332,0.233004
24.000000,337.252014,0.156116,0.218696
25.000000,337.252014,0.128151,0.200773
26.000000,337.252014,0.098746,0.176307
27.000000,337.252014,0.068235,0.155892
28.000000,337.252014,0.036959,0.140049
29.000000,337.252014,0.005268,0.110310
30.000000,337.252014,-0.026482,0.086101
31.000000,337.252014,-0.057936,0.062231
32.000000,337.252014,-0.088738,0.027425
33.000000,337.252014,-0.118547,0.002162
34.000000,337.252014,-0.147025,-0.029767
35.000000,337.252014,-0.173854,-0.054347
36.000000,337.252014,-0.198737,-0.077984
37.000000,337.252014,-0.221385,-0.107924
38.000000,337.252014,-0.241554,-0.128693
39.000000,337.252014,-0.259015,-0.149516
40.000000,337.252014,-0.273566,-0.180822
41.000000,337.252014,-0.285054,-0.194251
42.000000,337.252014,-0.293343,-0.209200
43.000000,337.252014,-0.298341,-0.231206
44.000000,337.252014,-0.299998,-0.239494
45.000000,337.252014,-0.298284,-0.248189
46.000000,337.252014,-0.293228,-0.263868
47.000000,337.252014,-0.284887,-0.268142
48.000000,337.252014,-0.273343,-0.267597
49.000000,337.252014,-0.258738,-0.270122
50.000000,337.252014,-0.241233,-0.263689
51.000000,337.252014,-0.221017,-0.258828
52.000000,337.252014,-0.198328,-0.243640
53.000000,337.252014,-0.173412,-0.231567
54.000000,337.252014,-0.146551,-0.214684
55.000000,337.252014,-0.118048,-0.199377
56.000000,337.252014,-0.088219,-0.170284
57.000000,337.252014,-0.057402,-0.150254
58.000000,337.252014,-0.025941,-0.122599
59.000000,337.252014,0.005811,-0.095586
60.000000,337.252014,0.037498,-0.077709
61.000000,337.252014,0.068765,-0.049541
62.000000,337.252014,0.099259,-0.018428
63.000000,337.252014,0.128642,0.005176
64.000000,337.252014,0.156580,0.035204
65.000000,337.252014,0.182763,0.063592
66.000000,337.252014,0.206900,0.085235
67.000000,337.252014,0.228709,0.116215
68.000000,337.252014,0.247958,0.134038
69.000000,337.252014,0.264427,0.159406
70.000000,337.252014,0.277925,0.181292
71.000000,337.252014,0.288312,0.198262
72.000000,337.252014,0.295463,0.224877
73.000000,337.252014,0.299299,0.238942
74.000000,337.252014,0.299784,0.247065
75.000000,337.252014,0.296900,0.257232
76.000000,337.252014,0.290688,0.270111
77.000000,337.252014,0.281222,0.264700
78.000000,337.252014,0.268592,0.265859
79.000000,337.252014,0.252956,0.267211
80.000000,337.252014,0.234483,0.257259
81.000000,337.252014,0.213377,0.250158
82.000000,337.252014,0.189882,0.237023
83.000000,337.252014,0.164255,0.219837
84.000000,337.252014,0.136786,0.209148
85.000000,337.252014,0.107785,0.181274
86.000000,337.252014,0.077572,0.165060
87.000000,337.252014,0.046491,0.148703
88.000000,337.252014,0.014888,0.113590
89.000000,337.252014,-0.016882,0.088561
90.000000,337.252014,-0.048462,0.069745
91.000000,337.252014,-0.079499,0.038365
92.000000,337.252014,-0.109644,0.009616
93.000000,337.252014,-0.138561,-0.014707
94.000000,337.252014,-0.165922,-0.048094
95.000000,337.252014,-0.191422,-0.070003
96.000000,337.252014,-0.214779,-0.093726
97.000000,337.252014,-0.235721,-0.125325
98.000000,337.252014,-0.254023,-0.153781
99.000000,337.252014,-0.269479,-0.167590
100.000000,337.252014,-0.281906,-0.195190
101.000000,337.252014,-0.291177,-0.207958
102.000000,337.252014,-0.297180,-0.224466
103.000000,337.252014,-0.299849,-0.237986
104.000000,337.252014,-0.299160,-0.248382
105.000000,337.252014,-0.295110,-0.262301
106.000000,337.252014,-0.287752,-0.266122
107.000000,337.252014,-0.277173,-0.269164
108.000000,337.252014,-0.263475,-0.269595
109.000000,337.252014,-0.246829,-0.261068
110.000000,337.252014,-0.227414,-0.254736
111.000000,337.252014,-0.205446,-0.250920
112.000000,337.252014,-0.181177,-0.233840
113.000000,337.252014,-0.154874,-0.213814
114.000000,337.252014,-0.126834,-0.202410
115.000000,337.252014,-0.097374,-0.178856
116.000000,337.252014,-0.066819,-0.162376
117.000000,337.252014,-0.035516,-0.137306
118.000000,337.252014,-0.003815,-0.108932
119.000000,337.252014,0.027929,-0.081370
120.000000,337.252014,0.059360,-0.056368
121.000000,337.252014,0.090126,0.004535
122.000000,337.252014,0.119879,-0.006498
123.000000,337.252014,0.148291,0.018316
124.000000,337.252014,0.175037,0.049797
125.000000,337.252014,0.199820,0.071394
126.000000,337.252014,0.222366,0.102915
127.000000,337.252014,0.242412,0.134322
128.000000,337.252014,0.259743,0.149079
129.000000,337.252014,0.274163,0.173673
130.000000,337.252014,0.285502,0.197346
131.000000,337.252014,0.293644,0.210756
132.000000,337.252014,0.298492,0.231557
133.000000,337.252014,0.299989,0.242163
134.000000,337.252014,0.298128,0.247065
135.000000,337.252014,0.292918,0.265172
136.000000,337.252014,0.284424,0.265506
137.000000,337.252014,0.272746,0.266693
138.000000,337.252014,0.257999,0.272805
139.000000,337.252014,0.240365,0.258680
140.000000,337.252014,0.220035,0.252252
141.000000,337.252014,0.197234,0.244743
142.000000,337.252014,0.172225,0.231744
143.000000,337.252014,0.145282,0.208795
144.000000,337.252014,0.116710,0.193099
145.000000,337.252014,0.086831,0.171181
146.000000,337.252014,0.055975,0.144878
147.000000,337.252014,0.024493,0.126808
148.000000,337.252014,-0.007264,0.099222
149.000000,337.252014,-0.038939,0.094448
150.000000,337.252014,-0.070177,0.045284
151.000000,337.252014,-0.100630,0.012090
152.000000,337.252014,-0.129951,-0.013026
153.000000,337.252014,-0.157818,-0.043741
154.000000,337.252014,-0.183913,-0.067749
155.000000,337.252014,-0.207945,-0.089232
156.000000,337.252014,-0.229650,-0.120712
157.000000,337.252014,-0.248772,-0.139560
158.000000,337.252014,-0.265108,-0.158523
159.000000,337.252014,-0.278473,-0.186709
160.000000,337.252014,-0.288708,-0.202364
161.000000,337.252014,-0.295711,-0.215600
162.000000,337.252014,-0.299397,-0.239906
163.000000,337.252014,-0.299721,-0.247901
164.000000,337.252014,-0.296690,-0.252056
165.000000,337.252014,-0.290326,-0.264688
166.000000,337.252014,-0.280708,-0.270822
167.000000,337.252014,-0.267946,-0.271070
168.000000,337.252014,-0.252171,-0.266255
169.000000,337.252014,-0.233573,-0.260422
170.000000,337.252014,-0.212356,-0.254874
171.000000,337.252014,-0.188753,-0.239480
172.000000,337.252014,-0.163038,-0.216627
173.000000,337.252014,-0.135492,-0.207391
174.000000,337.252014,-0.106426,-0.188817
175.000000,337.252014,-0.076168,-0.159943
176.000000,337.252014,-0.045055,-0.143106
177.000000,337.252014,-0.013437,-0.092443
178.000000,337.252014,0.018332,-0.087252
179.000000,337.252014,0.049895,-0.073622
180.000000,337.252014,0.080899,-0.045381
181.000000,337.252014,0.110996,-0.010841
182.000000,337.252014,0.139846,0.012397
183.000000,337.252014,0.167131,0.045618
184.000000,337.252014,0.192539,0.068805
185.000000,337.252014,0.215788,0.097435
186.000000,337.252014,0.236620,0.122763
187.000000,337.252014,0.254793,0.143925
188.000000,337.252014,0.270111,0.168707
189.000000,337.252014,0.282404,0.193566
190.000000,337.252014,0.291521,0.204809
191.000000,337.252014,0.297375,0.222563
192.000000,337.252014,0.299893,0.239909
193.000000,337.252014,0.299044,0.251606
194.000000,337.252014,0.294847,0.259092
195.000000,337.252014,0.287339,0.270184
196.000000,337.252014,0.276609,0.269313
197.000000,337.252014,0.262782,0.270546
198.000000,337.252014,0.245999,0.262157
199.000000,337.252014,0.226462,0.252646
200.000000,337.252014,0.204387,0.243084
201.000000,337.252014,0.180015,0.229096
202.000000,337.252014,0.153628,0.214990
203.000000,337.252014,0.125517,0.201767
204.000000,337.252014,0.095997,0.170727
205.000000,337.252014,0.065403,0.152112
206.000000,337.252014,0.034073,0.136489
207.000000,337.252014,0.002362,0.107116
208.000000,337.252014,-0.029376,0.083201
209.000000,337.252014,-0.060783,0.059477
210.000000,337.252014,-0.091510,0.026384
211.000000,337.252014,-0.121211,0.000609
212.000000,337.252014,-0.149550,-0.026688
213.000000,337.252014,-0.176215,-0.058141
214.000000,337.252014,-0.200902,-0.084884
215.000000,337.252014,-0.223335,-0.105766
216.000000,337.252014,-0.243268,-0.134406
217.000000,337.252014,-0.260466,-0.154088
218.000000,337.252014,-0.274746,-0.181537
219.000000,337.252014,-0.285949,-0.199144
220.000000,337.252014,-0.293936,-0.208046
221.000000,337.252014,-0.298633,-0.233066
222.000000,337.252014,-0.299981,-0.241940
223.000000,337.252014,-0.297959,-0.249669
224.000000,337.252014,-0.292603,-0.263794
225.000000,337.252014,-0.283960,-0.271336
226.000000,337.252014,-0.272133,-0.269691
227.000000,337.252014,-0.257259,-0.268628
228.000000,337.252014,-0.239492,-0.261595
229.000000,337.252014,-0.219043,-0.249156
230.000000,337.252014,-0.196140,-0.246160
231.000000,337.252014,-0.171032,-0.229153
232.000000,337.252014,-0.144009,-0.212380
233.000000,337.252014,-0.115371,-0.188423
234.000000,337.252014,-0.085438,-0.170463
235.000000,337.252014,-0.054548,-0.157415
236.000000,337.252014,-0.023045,-0.128166
237.000000,337.252014,0.008716,-0.092658
238.000000,337.252014,0.040380,-0.073462
239.000000,337.252014,0.071589,-0.048194
240.000000,337.252014,0.101997,-0.012247
241.000000,337.252014,0.131261,0.003916
242.000000,337.252014,0.159051,0.034838
243.000000,337.252014,0.185060,0.067284
244.000000,337.252014,0.208992,0.093056
245.000000,337.252014,0.230578,0.115043
246.000000,337.252014,0.249584,0.148676
247.000000,337.252014,0.265785,0.159640
248.000000,337.252014,0.279007,0.182900
249.000000,337.252014,0.289104,0.199981
250.000000,337.252014,0.295951,0.216483
251.000000,337.252014,0.299484,0.233476
252.000000,337.252014,0.299659,0.245338
253.000000,337.252014,0.296468,0.255459
254.000000,337.252014,0.289959,0.266931
255.000000,337.252014,0.280193,0.267013
256.000000,337.252014,0.267285,0.266092
257.000000,337.252014,0.251385,0.268031
258.000000,337.252014,0.232658,0.256366
259.000000,337.252014,0.211325,0.247858
260.000000,337.252014,0.187625,0.241242
261.000000,337.252014,0.161815,0.216117
262.000000,337.252014,0.134194,0.206335
263.000000,337.252014,0.105067,0.195193
264.000000,337.252014,0.074761,0.161426
265.000000,337.252014,0.043618,0.139371
266.000000,337.252014,0.011985,0.111515
267.000000,337.252014,-0.019782,0.089395
268.000000,337.252014,-0.051328,0.065319
269.000000,337.252014,-0.082297,0.031731
270.000000,337.252014,-0.112344,0.007916
271.000000,337.252014,-0.141132,-0.016554
272.000000,337.252014,-0.168334,0.047519
273.000000,337.252014,-0.193651,-0.075203
274.000000,337.252014,-0.216796,-0.123854
275.000000,337.252014,-0.237507,-0.148687
276.000000,337.252014,-0.255560,-0.164488
277.000000,337.252014,-0.270740,-0.179365
278.000000,337.252014,-0.282887,-0.197123
279.000000,337.252014,-0.291865,-0.217846
280.000000,337.252014,-0.297562,-0.221474
281.000000,337.252014,-0.299926,-0.240506
282.000000,337.252014,-0.298928,-0.252294
283.000000,337.252014,-0.294573,-0.263629
284.000000,337.252014,-0.286919,-0.270122
285.000000,337.252014,-0.276045,-0.269649
286.000000,337.252014,-0.262073,-0.275189
287.000000,337.252014,-0.245168,-0.267455
288.000000,337.252014,-0.225506,-0.250256
289.000000,337.252014,-0.203319,-0.248387
290.000000,337.252014,-0.178854,-0.233386
291.000000,337.252014,-0.152377,-0.211133
292.000000,337.252014,-0.124196,-0.198763
293.000000,337.252014,-0.094620,-0.179296
294.000000,337.252014,-0.063983,-0.151390
295.000000,337.252014,-0.032629,-0.127405
0.000000,352.217010,0.002773,-0.109491
1.000000,352.217010,0.035882,-0.079784
2.000000,352.217010,0.068553,-0.056574
3.000000,352.217010,0.100384,-0.024306
4.000000,352.217010,0.130988,0.009181
5.000000,352.217010,0.159990,0.031818
6.000000,352.217010,0.187035,0.064379
7.000000,352.217010,0.211793,0.094220
8.000000,352.217010,0.233960,0.109943
9.000000,352.217010,0.253265,0.139298
10.000000,352.217010,0.269473,0.169591
11.000000,352.217010,0.282384,0.186575
12.000000,352.217010,0.291842,0.206262
13.000000,352.217010,0.297730,0.224295
14.000000,352.217010,0.299977,0.243052
15.000000,352.217010,0.298554,0.250671
16.000000,352.217010,0.293479,0.253058
17.000000,352.217010,0.284814,0.264466
18.000000,352.217010,0.272666,0.268952
19.000000,352.217010,0.257182,0.264553
20.000000,352.217010,0.238553,0.259619
21.000000,352.217010,0.217006,0.257470
22.000000,352.217010,0.192805,0.243198
23.000000,352.217010,0.166246,0.225536
24.000000,352.217010,0.137653,0.210660
25.000000,352.217010,0.107377,0.187321
26.000000,352.217010,0.075787,0.170846
27.000000,352.217010,0.043271,0.145410
28.000000,352.217010,0.010225,0.113883
29.000000,352.217010,-0.022945,0.087141
30.000000,352.217010,-0.055835,0.063211
31.000000,352.217010,-0.088043,0.028245
32.000000,352.217010,-0.119173,0.008856
33.000000,352.217010,-0.148845,-0.019253
34.000000,352.217010,-0.176697,-0.050114
35.000000,352.217010,-0.202388,-0.080678
36.000000,352.217010,-0.225603,-0.110371
37.000000,352.217010,-0.246058,-0.132193
38.000000,352.217010,-0.263504,-0.152049
39.000000,352.217010,-0.277727,-0.178229
40.000000,352.217010,-0.288553,-0.193210
41.000000,352.217010,-0.295850,-0.211880
42.000000,352.217010,-0.299528,-0.236039
43.000000,352.217010,-0.299543,-0.246934
44.000000,352.217010,-0.295893,-0.261577
45.000000,352.217010,-0.288625,-0.265655
46.000000,352.217010,-0.277826,-0.276036
47.000000,352.217010,-0.263629,-0.266676
48.000000,352.217010,-0.246207,-0.257027
49.000000,352.217010,-0.225774,-0.253728
50.000000,352.217010,-0.202580,-0.251447
51.000000,352.217010,-0.176907,-0.231219
52.000000,352.217010,-0.149071,-0.210006
53.000000,352.217010,-0.119411,-0.197270
54.000000,352.217010,-0.088291,-0.179370
55.000000,352.217010,-0.056091,-0.147889
56.000000,352.217010,-0.023205,-0.130832
57.000000,352.217010,0.009965,-0.100951
58.000000,352.217010,0.043013,-0.069398
59.000000,352.217010,0.075535,-0.054567
60.000000,352.217010,0.107134,-0.019560
61.000000,352.217010,0.137422,0.020722
62.000000,352.217010,0.166029,0.036725
63.000000,352.217010,0.192605,0.065259
64.000000,352.217010,0.216826,0.090627
65.000000,352.217010,0.238394,0.122950
66.000000,352.217010,0.257047,0.152511
67.000000,352.217010,0.272556,0.165073
68.000000,352.217010,0.284731,0.186707
69.000000,352.217010,0.293423,0.215214
70.000000,352.217010,0.298527,0.224304
71.000000,352.217010,0.299979,0.244811
72.000000,352.217010,0.297762,0.255903
73.000000,352.217010,0.291903,0.258153
74.000000,352.217010,0.282473,0.264746
75.000000,352.217010,0.269588,0.267357
76.000000,352.217010,0.253406,0.241572
77.000000,352.217010,0.234124,0.261172
78.000000,352.217010,0.211978,0.106448
79.000000,352.217010,0.187240,0.238951
80.000000,352.217010,0.160211,0.268525
81.000000,352.217010,0.131223,0.248930
82.000000,352.217010,0.100630,0.218037
83.000000,352.217010,0.068806,0.179680
84.000000,352.217010,0.036141,0.139238
85.000000,352.217010,0.003034,0.111116
86.000000,352.217010,-0.030111,0.087466
87.000000,352.217010,-0.062887,0.054886
88.000000,352.217010,-0.094894,0.030677
89.000000,352.217010,-0.125740,0.028176
90.000000,352.217010,-0.155048,-0.032173
91.000000,352.217010,-0.182459,-0.070530
92.000000,352.217010,-0.207639,-0.084732
93.000000,352.217010,-0.230279,-0.112978
94.000000,352.217010,-0.250103,-0.138827
95.000000,352.217010,-0.266867,-0.157850
96.000000,352.217010,-0.280367,-0.184556
97.000000,352.217010,-0.290438,-0.200518
98.000000,352.217010,-0.296957,-0.225213
99.000000,352.217010,-0.299843,-0.239100
100.000000,352.217010,-0.299062,-0.250388
101.000000,352.217010,-0.294623,-0.259327
102.000000,352.217010,-0.286580,-0.263588
103.000000,352.217010,-0.275032,-0.262763
104.000000,352.217010,-0.260120,-0.268848
105.000000,352.217010,-0.242027,-0.263075
106.000000,352.217010,-0.220973,-0.251016
107.000000,352.217010,-0.197216,-0.246233
108.000000,352.217010,-0.171047,-0.237180
109.000000,352.217010,-0.142786,-0.209053
110.000000,352.217010,-0.112778,-0.187676
111.000000,352.217010,-0.081392,-0.171269
112.000000,352.217010,-0.049009,-0.149823
113.000000,352.217010,-0.016027,-0.123992
114.000000,352.217010,0.017151,-0.091357
115.000000,352.217010,0.050119,-0.070250
116.000000,352.217010,0.082475,-0.041927
117.000000,352.217010,0.113821,-0.004692
118.000000,352.217010,0.143776,0.013130
119.000000,352.217010,0.171972,0.042438
120.000000,352.217010,0.198064,0.075705
121.000000,352.217010,0.221734,0.099603
122.000000,352.217010,0.242692,0.125764
123.000000,352.217010,0.260681,0.159031
124.000000,352.217010,0.275482,0.172587
125.000000,352.217010,0.286914,0.192274
126.000000,352.217010,0.294836,0.215274
127.000000,352.217010,0.299152,0.226531
128.000000,352.217010,0.299809,0.241677
129.000000,352.217010,0.296798,0.254863
130.000000,352.217010,0.290158,0.262020
131.000000,352.217010,0.279968,0.267266
132.000000,352.217010,0.266355,0.262212
133.000000,352.217010,0.249483,0.263426
134.000000,352.217010,0.229559,0.262405
135.000000,352.217010,0.206828,0.244765
136.000000,352.217010,0.181566,0.235071
137.000000,352.217010,0.154084,0.221161
138.000000,352.217010,0.124717,0.201983
139.000000,352.217010,0.093825,0.180820
140.000000,352.217010,0.061785,0.160071
141.000000,352.217010,0.028990,0.128838
142.000000,352.217010,-0.004160,0.111396
143.000000,352.217010,-0.037259,0.083205
144.000000,352.217010,-0.069902,0.043345
145.000000,352.217010,-0.101690,0.019283
146.000000,352.217010,-0.132234,-0.003606
147.000000,352.217010,-0.161161,-0.040287
148.000000,352.217010,-0.188117,-0.062722
149.000000,352.217010,-0.212771,-0.106825
150.000000,352.217010,-0.234823,-0.122585
151.000000,352.217010,-0.254003,-0.136554
152.000000,352.217010,-0.270076,-0.164828
153.000000,352.217010,-0.282846,-0.184496
154.000000,352.217010,-0.292156,-0.203093
155.000000,352.217010,-0.297893,-0.220705
156.000000,352.217010,-0.299986,-0.239860
157.000000,352.217010,-0.298409,-0.249303
158.000000,352.217010,-0.293183,-0.262754
159.000000,352.217010,-0.284371,-0.263822
160.000000,352.217010,-0.272081,-0.263963
161.000000,352.217010,-0.256462,-0.264614
162.000000,352.217010,-0.237707,-0.265389
163.000000,352.217010,-0.216044,-0.252569
164.000000,352.217010,-0.191739,-0.242220
165.000000,352.217010,-0.165089,-0.227453
166.000000,352.217010,-0.136419,-0.209732
167.000000,352.217010,-0.106081,-0.187910
168.000000,352.217010,-0.074445,-0.169437
169.000000,352.217010,-0.041899,-0.146827
170.000000,352.217010,-0.008840,-0.114852
171.000000,352.217010,0.024327,-0.084938
172.000000,352.217010,0.057197,-0.062975
173.000000,352.217010,0.089367,-0.035774
174.000000,352.217010,0.120444,0.000100
175.000000,352.217010,0.150047,0.022738
176.000000,352.217010,0.177816,0.053365
177.000000,352.217010,0.203409,0.083059
178.000000,352.217010,0.226515,0.104803
179.000000,352.217010,0.246850,0.128357
180.000000,352.217010,0.264166,0.154577
181.000000,352.217010,0.278250,0.176454
182.000000,352.217010,0.288932,0.200594
183.000000,352.217010,0.296079,0.212603
184.000000,352.217010,0.299605,0.231951
185.000000,352.217010,0.299466,0.252870
186.000000,352.217010,0.295664,0.252132
187.000000,352.217010,0.288246,0.257919
188.000000,352.217010,0.277303,0.270638
189.000000,352.217010,0.262967,0.273634
190.000000,352.217010,0.245415,0.262886
191.000000,352.217010,0.224862,0.259844
192.000000,352.217010,0.201558,0.242525
193.000000,352.217010,0.175788,0.230517
194.000000,352.217010,0.147868,0.236468
195.000000,352.217010,0.118140,0.191262
196.000000,352.217010,0.086966,0.168093
197.000000,352.217010,0.054729,0.143197
198.000000,352.217010,0.021822,0.116637
199.000000,352.217010,-0.011351,0.102081
200.000000,352.217010,-0.044386,0.069520
201.000000,352.217010,-0.076877,0.044005
202.000000,352.217010,-0.108428,0.023036
203.000000,352.217010,-0.138653,-0.014831
204.000000,352.217010,-0.167182,-0.043054
205.000000,352.217010,-0.193666,-0.066337
206.000000,352.217010,-0.217781,-0.098464
207.000000,352.217010,-0.239233,-0.125353
208.000000,352.217010,-0.257758,-0.147889
209.000000,352.217010,-0.273131,-0.171082
210.000000,352.217010,-0.285162,-0.190677
211.000000,352.217010,-0.293706,-0.202726
212.000000,352.217010,-0.298657,-0.234179
213.000000,352.217010,-0.299956,-0.246567
214.000000,352.217010,-0.297585,-0.246622
215.000000,352.217010,-0.291575,-0.234940
216.000000,352.217010,-0.281998,-0.274762
217.000000,352.217010,-0.268973,-0.278130
218.000000,352.217010,-0.252657,-0.275702
219.000000,352.217010,-0.233251,-0.263176
220.000000,352.217010,-0.210992,-0.252267
221.000000,352.217010,-0.186152,-0.238586
222.000000,352.217010,-0.159035,-0.218340
223.000000,352.217010,-0.129974,-0.205457
224.000000,352.217010,-0.099322,-0.185023
225.000000,352.217010,-0.067455,-0.160163
226.000000,352.217010,-0.034764,-0.141993
227.000000,352.217010,-0.001647,-0.109212
228.000000,352.217010,0.031490,-0.079592
229.000000,352.217010,0.064241,-0.056428
230.000000,352.217010,0.096207,-0.025286
231.000000,352.217010,0.126997,0.007321
232.000000,352.217010,0.156232,0.027278
233.000000,352.217010,0.183558,0.062726
234.000000,352.217010,0.208637,0.081767
235.000000,352.217010,0.231165,0.108743
236.000000,352.217010,0.250866,0.138010
237.000000,352.217010,0.267498,0.155026
238.000000,352.217010,0.280858,0.182021
239.000000,352.217010,0.290783,0.207027
240.000000,352.217010,0.297152,0.228698
241.000000,352.217010,0.299886,0.237371
242.000000,352.217010,0.298951,0.248463
243.000000,352.217010,0.294361,0.255472
244.000000,352.217010,0.286169,0.262065
245.000000,352.217010,0.274478,0.268397
246.000000,352.217010,0.259429,0.266707
247.000000,352.217010,0.241207,0.264892
248.000000,352.217010,0.220035,0.252417
249.000000,352.217010,0.196171,0.237985
250.000000,352.217010,0.169908,0.226709
251.000000,352.217010,0.141567,0.206349
252.000000,352.217010,0.111494,0.187381
253.000000,352.217010,0.080057,0.174452
254.000000,352.217010,0.047641,0.146852
255.000000,352.217010,0.014642,0.117737
256.000000,352.217010,-0.018536,0.100473
257.000000,352.217010,-0.051487,0.071701
258.000000,352.217010,-0.083808,0.039305
259.000000,352.217010,-0.115104,0.010441
260.000000,352.217010,-0.144992,-0.025699
261.000000,352.217010,-0.173107,-0.053555
262.000000,352.217010,-0.199104,-0.074085
263.000000,352.217010,-0.222666,-0.102784
264.000000,352.217010,-0.243505,-0.126773
265.000000,352.217010,-0.261365,-0.151303
266.000000,352.217010,-0.276028,-0.178009
267.000000,352.217010,-0.287315,-0.195904
268.000000,352.217010,-0.295087,-0.222519
269.000000,352.217010,-0.299251,-0.235086
270.000000,352.217010,-0.299754,-0.238788
271.000000,352.217010,-0.296590,-0.256867
272.000000,352.217010,-0.289799,-0.262768
273.000000,352.217010,-0.279464,-0.258896
274.000000,352.217010,-0.265710,-0.268248
275.000000,352.217010,-0.248706,-0.267308
276.000000,352.217010,-0.228660,-0.250782
277.000000,352.217010,-0.205818,-0.251520
278.000000,352.217010,-0.180458,-0.236960
279.000000,352.217010,-0.152891,-0.217534
280.000000,352.217010,-0.123453,-0.202630
281.000000,352.217010,-0.092506,-0.181010
282.000000,352.217010,-0.060427,-0.152283
0.000000,367.845001,0.005078,-0.106078
1.000000,367.845001,0.039631,-0.070951
2.000000,367.845001,0.073654,-0.055388
3.000000,367.845001,0.106695,-0.022606
4.000000,367.845001,0.138314,0.008801
5.000000,367.845001,0.168085,0.035538
6.000000,367.845001,0.195617,0.065713
7.000000,367.845001,0.220536,0.096607
8.000000,367.845001,0.242516,0.121470
9.000000,367.845001,0.261261,0.148965
10.000000,367.845001,0.276517,0.168065
11.000000,367.845001,0.288092,0.192522
12.000000,367.845001,0.295815,0.216809
13.000000,367.845001,0.299598,0.227190
14.000000,367.845001,0.299382,0.245191
15.000000,367.845001,0.295171,0.261571
16.000000,367.845001,0.287029,0.258680
17.000000,367.845001,0.275049,0.265492
18.000000,367.845001,0.259407,0.266771
19.000000,367.845001,0.240300,0.257259
20.000000,367.845001,0.217990,0.245851
21.000000,367.845001,0.192773,0.242356
22.000000,367.845001,0.164981,0.230397
23.000000,367.845001,0.134993,0.211095
24.000000,367.845001,0.103199,0.196906
25.000000,367.845001,0.070031,0.167080
26.000000,367.845001,0.035929,0.142637
27.000000,367.845001,0.001347,0.109229
28.000000,367.845001,-0.033253,0.084635
29.000000,367.845001,-0.067408,0.066052
30.000000,367.845001,-0.100666,0.027644
31.000000,367.845001,-0.132579,-0.006071
32.000000,367.845001,-0.162725,-0.030395
33.000000,367.845001,-0.190700,-0.062521
34.000000,367.845001,-0.216129,-0.091944
35.000000,367.845001,-0.238681,-0.119987
36.000000,367.845001,-0.258041,-0.147500
37.000000,367.845001,-0.273964,-0.167769
38.000000,367.845001,-0.286231,-0.185839
39.000000,367.845001,-0.294678,-0.209704
40.000000,367.845001,-0.299200,-0.225433
41.000000,367.845001,-0.299722,-0.242522
42.000000,367.845001,-0.296254,-0.256134
43.000000,367.845001,-0.288828,-0.259075
44.000000,367.845001,-0.277552,-0.271775
45.000000,367.845001,-0.262575,-0.270648
46.000000,367.845001,-0.244091,-0.258356
47.000000,367.845001,-0.222357,-0.257014
48.000000,367.845001,-0.197650,-0.240740
49.000000,367.845001,-0.170311,-0.223407
50.000000,367.845001,-0.140698,-0.216471
51.000000,367.845001,-0.109209,-0.193064
52.000000,367.845001,-0.076264,-0.168277
53.000000,367.845001,-0.042299,-0.148247
54.000000,367.845001,-0.007772,-0.119333
55.000000,367.845001,0.026859,-0.087179
56.000000,367.845001,0.061132,-0.066402
57.000000,367.845001,0.094590,-0.082217
58.000000,367.845001,0.126785,-0.000633
59.000000,367.845001,0.157291,0.039478
60.000000,367.845001,0.185695,0.068159
61.000000,367.845001,0.211625,0.082468
62.000000,367.845001,0.234731,0.117297
63.000000,367.845001,0.254705,0.152657
64.000000,367.845001,0.271285,0.154659
65.000000,367.845001,0.284240,0.188788
66.000000,367.845001,0.293409,0.212154
67.000000,367.845001,0.298660,0.219910
68.000000,367.845001,0.299928,0.240344
69.000000,367.845001,0.297198,0.255156
70.000000,367.845001,0.290498,0.258153
71.000000,367.845001,0.279931,0.269359
72.000000,367.845001,0.265620,0.272864
73.000000,367.845001,0.247772,0.260086
74.000000,367.845001,0.226617,0.255445
75.000000,367.845001,0.202438,0.244976
76.000000,367.845001,0.175562,0.231218
77.000000,367.845001,0.146340,0.216075
78.000000,367.845001,0.115169,0.194194
79.000000,367.845001,0.082459,0.174067
80.000000,367.845001,0.048651,0.152144
81.000000,367.845001,0.014193,0.120650
82.000000,367.845001,-0.020453,0.103676
83.000000,367.845001,-0.054828,0.072058
84.000000,367.845001,-0.088470,0.034938
85.000000,367.845001,-0.120933,0.007903
86.000000,367.845001,-0.151782,-0.018354
87.000000,367.845001,-0.180606,-0.055534
88.000000,367.845001,-0.207024,-0.082277
89.000000,367.845001,-0.230675,-0.100346
90.000000,367.845001,-0.251254,-0.136633
91.000000,367.845001,-0.268477,-0.157721
92.000000,367.845001,-0.282121,-0.185078
93.000000,367.845001,-0.292002,-0.201664
94.000000,367.845001,-0.297985,-0.220159
95.000000,367.845001,-0.300000,-0.239214
96.000000,367.845001,-0.298003,-0.254201
97.000000,367.845001,-0.292037,-0.258269
98.000000,367.845001,-0.282174,-0.270868
99.000000,367.845001,-0.268546,-0.271995
100.000000,367.845001,-0.251340,-0.260376
101.000000,367.845001,-0.230774,-0.261334
102.000000,367.845001,-0.207136,-0.248414
103.000000,367.845001,-0.180730,-0.232561
104.000000,367.845001,-0.151916,-0.219665
105.000000,367.845001,-0.121075,-0.201544
106.000000,367.845001,-0.088618,-0.173858
107.000000,367.845001,-0.054981,-0.160594
108.000000,367.845001,-0.020608,-0.133393
109.000000,367.845001,0.014038,-0.096406
110.000000,367.845001,0.048498,-0.076742
111.000000,367.845001,0.082310,-0.045821
112.000000,367.845001,0.115026,-0.009567
113.000000,367.845001,0.146204,0.017010
114.000000,367.845001,0.175436,0.047698
115.000000,367.845001,0.202324,0.068906
116.000000,367.845001,0.226515,0.100629
117.000000,367.845001,0.247685,0.131010
118.000000,367.845001,0.265548,0.151013
119.000000,367.845001,0.279875,0.170933
120.000000,367.845001,0.290459,0.207774
121.000000,367.845001,0.297176,0.221330
122.000000,367.845001,0.299925,0.232977
123.000000,367.845001,0.298674,0.244962
124.000000,367.845001,0.293443,0.253539
125.000000,367.845001,0.284289,0.265859
126.000000,367.845001,0.271351,0.270111
127.000000,367.845001,0.254787,0.262020
128.000000,367.845001,0.234827,0.258565
129.000000,367.845001,0.211736,0.252563
130.000000,367.845001,0.185817,0.236124
131.000000,367.845001,0.157424,0.219942
132.000000,367.845001,0.126925,0.198675
133.000000,367.845001,0.094737,0.180614
134.000000,367.845001,0.061284,0.162105
135.000000,367.845001,0.027014,0.131298
136.000000,367.845001,-0.007617,0.108509
137.000000,367.845001,-0.042146,0.084479
138.000000,367.845001,-0.076113,0.053026
139.000000,367.845001,-0.109064,0.017950
140.000000,367.845001,-0.140561,-0.008234
141.000000,367.845001,-0.170183,-0.041620
142.000000,367.845001,-0.197533,-0.072903
143.000000,367.845001,-0.222253,-0.093726
144.000000,367.845001,-0.244001,-0.126145
145.000000,367.845001,-0.262499,-0.150208
146.000000,367.845001,-0.277494,-0.170651
147.000000,367.845001,-0.288786,-0.198763
148.000000,367.845001,-0.296230,-0.217479
149.000000,367.845001,-0.299716,-0.237207
150.000000,367.845001,-0.299211,-0.244900
151.000000,367.845001,-0.294708,-0.255735
152.000000,367.845001,-0.286277,-0.266035
153.000000,367.845001,-0.274028,-0.269462
154.000000,367.845001,-0.258120,-0.261343
155.000000,367.845001,-0.238775,-0.266768
156.000000,367.845001,-0.216237,-0.255708
157.000000,367.845001,-0.190820,-0.236282
158.000000,367.845001,-0.162855,-0.224732
159.000000,367.845001,-0.132718,-0.207872
160.000000,367.845001,-0.100812,-0.184872
161.000000,367.845001,-0.067559,-0.167508
162.000000,367.845001,-0.033407,-0.142021
163.000000,367.845001,0.001192,-0.108607
164.000000,367.845001,0.035775,-0.084403
165.000000,367.845001,0.069881,-0.053262
166.000000,367.845001,0.103053,-0.026601
167.000000,367.845001,0.134854,0.000416
168.000000,367.845001,0.164851,0.032670
169.000000,367.845001,0.192653,0.059679
170.000000,367.845001,0.217884,0.091709
171.000000,367.845001,0.240207,0.123569
172.000000,367.845001,0.259330,0.141859
173.000000,367.845001,0.274987,0.165133
174.000000,367.845001,0.286983,0.195793
175.000000,367.845001,0.295144,0.210536
176.000000,367.845001,0.299372,0.228290
177.000000,367.845001,0.299606,0.245929
178.000000,367.845001,0.295841,0.251679
179.000000,367.845001,0.288136,0.260879
180.000000,367.845001,0.276578,0.269144
181.000000,367.845001,0.261337,0.263733
182.000000,367.845001,0.242607,0.261319
183.000000,367.845001,0.220641,0.255610
184.000000,367.845001,0.195735,0.241411
185.000000,367.845001,0.168213,0.230590
186.000000,367.845001,0.138451,0.211668
187.000000,367.845001,0.106840,0.192448
188.000000,367.845001,0.073804,0.167919
189.000000,367.845001,0.039784,0.137685
190.000000,367.845001,0.005233,0.114983
191.000000,367.845001,-0.029388,0.094380
192.000000,367.845001,-0.063616,0.057787
193.000000,367.845001,-0.096996,0.029110
194.000000,367.845001,-0.129082,0.003074
195.000000,367.845001,-0.159446,-0.033213
196.000000,367.845001,-0.187685,-0.058388
197.000000,367.845001,-0.213416,-0.083605
198.000000,367.845001,-0.236305,-0.112378
199.000000,367.845001,-0.256037,-0.142547
200.000000,367.845001,-0.272357,-0.163737
201.000000,367.845001,-0.285044,-0.189463
202.000000,367.845001,-0.293925,-0.206612
203.000000,367.845001,-0.298893,-0.229987
204.000000,367.845001,-0.299863,-0.246613
205.000000,367.845001,-0.296841,-0.249935
206.000000,367.845001,-0.289855,-0.264468
207.000000,367.845001,-0.279003,-0.270135
208.000000,367.845001,-0.264433,-0.263803
209.000000,367.845001,-0.246330,-0.264161
210.000000,367.845001,-0.224947,-0.259355
211.000000,367.845001,-0.200557,-0.240075
212.000000,367.845001,-0.173495,-0.234032
213.000000,367.845001,-0.144119,-0.217099
214.000000,367.845001,-0.112819,-0.190452
215.000000,367.845001,-0.080016,-0.175475
216.000000,367.845001,-0.046144,-0.151028
217.000000,367.845001,-0.011657,-0.122287
218.000000,367.845001,0.022986,-0.100997
219.000000,367.845001,0.057322,-0.071130
220.000000,367.845001,0.090894,-0.037267
221.000000,367.845001,0.123252,-0.003831
222.000000,367.845001,0.153968,0.031310
223.000000,367.845001,0.182627,0.050566
224.000000,367.845001,0.208852,0.083434
225.000000,367.845001,0.232292,0.114241
226.000000,367.845001,0.252630,0.138812
227.000000,367.845001,0.269605,0.158426
228.000000,367.845001,0.282973,0.184545
229.000000,367.845001,0.292574,0.201309
230.000000,367.845001,0.298269,0.219429
231.000000,367.845001,0.299985,0.240422
232.000000,367.845001,0.297703,0.246099
233.000000,367.845001,0.291444,0.259312
234.000000,367.845001,0.281304,0.264104
235.000000,367.845001,0.267404,0.266780
236.000000,367.845001,0.249942,0.266592
237.000000,367.845001,0.229145,0.246978
238.000000,367.845001,0.205289,0.246011
239.000000,367.845001,0.178700,0.237916
240.000000,367.845001,0.149720,0.211957
241.000000,367.845001,0.118748,0.199948
242.000000,367.845001,0.086189,0.183359
243.000000,367.845001,0.052482,0.151159
244.000000,367.845001,0.018074,0.128957
245.000000,367.845001,-0.016574,0.103667
246.000000,367.845001,-0.051002,0.070207
247.000000,367.845001,-0.084749,0.044431
248.000000,367.845001,-0.117366,0.014908
249.000000,367.845001,-0.148418,-0.022052
250.000000,367.845001,-0.177488,-0.049615
251.000000,367.845001,-0.204195,-0.075478
252.000000,367.845001,-0.228171,-0.107471
253.000000,367.845001,-0.249109,-0.127900
254.000000,367.845001,-0.266721,-0.161442
255.000000,367.845001,-0.280775,-0.180542
256.000000,367.845001,-0.291088,-0.198085
257.000000,367.845001,-0.297510,-0.221832
258.000000,367.845001,-0.299972,-0.239187
259.000000,367.845001,-0.298425,-0.245202
260.000000,367.845001,-0.292901,-0.258287
261.000000,367.845001,-0.283470,-0.267982
262.000000,367.845001,-0.270255,-0.262250
263.000000,367.845001,-0.253441,-0.264088
264.000000,367.845001,-0.233238,-0.265902
265.000000,367.845001,-0.209929,-0.248043
266.000000,367.845001,-0.183817,-0.242586
267.000000,367.845001,-0.155254,-0.217465
268.000000,367.845001,-0.124621,-0.200793
269.000000,367.845001,-0.092324,-0.185596
270.000000,367.845001,-0.058797,-0.165982
0.000000,384.167999,0.025208,-0.091046
1.000000,384.167999,0.061015,-0.073389
2.000000,384.167999,0.095935,-0.038454
3.000000,384.167999,0.129459,-0.003327
4.000000,384.167999,0.161100,0.024744
5.000000,384.167999,0.190399,0.058492
6.000000,384.167999,0.216925,0.086500
7.000000,384.167999,0.240295,0.113430
8.000000,384.167999,0.260169,0.142184
9.000000,384.167999,0.276259,0.169000
10.000000,384.167999,0.288332,0.193708
11.000000,384.167999,0.296211,0.210614
12.000000,384.167999,0.299776,0.227804
13.000000,384.167999,0.298980,0.241618
14.000000,384.167999,0.293835,0.259550
15.000000,384.167999,0.284417,0.261726
16.000000,384.167999,0.270862,0.262812
17.000000,384.167999,0.253367,0.268251
18.000000,384.167999,0.232182,0.259119
19.000000,384.167999,0.207619,0.252691
20.000000,384.167999,0.180037,0.242062
21.000000,384.167999,0.149837,0.216337
22.000000,384.167999,0.117457,0.201648
23.000000,384.167999,0.083368,0.177118
24.000000,384.167999,0.048065,0.149372
25.000000,384.167999,0.012063,0.127830
26.000000,384.167999,-0.024114,0.097775
27.000000,384.167999,-0.059941,0.065213
28.000000,384.167999,-0.094895,0.042544
29.000000,384.167999,-0.128470,0.001163
30.000000,384.167999,-0.160175,-0.026020
31.000000,384.167999,-0.189548,-0.050563
32.000000,384.167999,-0.216164,-0.086263
33.000000,384.167999,-0.239636,-0.117985
34.000000,384.167999,-0.259623,-0.139409
35.000000,384.167999,-0.275834,-0.168035
36.000000,384.167999,-0.288029,-0.203551
37.000000,384.167999,-0.296032,-0.205480
38.000000,384.167999,-0.299729,-0.226445
39.000000,384.167999,-0.299067,-0.238380
40.000000,384.167999,-0.294056,-0.250182
41.000000,384.167999,-0.284767,-0.270195
42.000000,384.167999,-0.271333,-0.265549
43.000000,384.167999,-0.253949,-0.270135
44.000000,384.167999,-0.232873,-0.258594
45.000000,384.167999,-0.208409,-0.241688
46.000000,384.167999,-0.180914,-0.236933
47.000000,384.167999,-0.150788,-0.223412
48.000000,384.167999,-0.118466,-0.196399
49.000000,384.167999,-0.084420,-0.179195
50.000000,384.167999,-0.049147,-0.154221
51.000000,384.167999,-0.013159,-0.119841
52.000000,384.167999,0.023021,-0.101964
53.000000,384.167999,0.058866,-0.069929
54.000000,384.167999,0.093855,-0.034202
55.000000,384.167999,0.127477,-0.007771
56.000000,384.167999,0.159244,0.023003
57.000000,384.167999,0.188696,0.052197
58.000000,384.167999,0.215403,0.083448
59.000000,384.167999,0.238977,0.116142
60.000000,384.167999,0.259073,0.136938
61.000000,384.167999,0.275398,0.161266
62.000000,384.167999,0.287717,0.193200
63.000000,384.167999,0.295851,0.208310
64.000000,384.167999,0.299682,0.230530
65.000000,384.167999,0.299155,0.244523
66.000000,384.167999,0.294274,0.251826
67.000000,384.167999,0.285108,0.265346
68.000000,384.167999,0.271796,0.269071
69.000000,384.167999,0.254531,0.260159
70.000000,384.167999,0.233563,0.256705
71.000000,384.167999,0.209199,0.255083
72.000000,384.167999,0.181790,0.238658
73.000000,384.167999,0.151734,0.215562
74.000000,384.167999,0.119471,0.198707
75.000000,384.167999,0.085472,0.181961
76.000000,384.167999,0.050228,0.155205
77.000000,384.167999,0.014255,0.123683
78.000000,384.167999,-0.021927,0.099882
79.000000,384.167999,-0.057790,0.072219
80.000000,384.167999,-0.092811,0.034572
81.000000,384.167999,-0.126482,0.008576
82.000000,384.167999,-0.158314,-0.016041
83.000000,384.167999,-0.187843,-0.055681
84.000000,384.167999,-0.214640,-0.088004
85.000000,384.167999,-0.238311,-0.109427
86.000000,384.167999,-0.258515,-0.141993
87.000000,384.167999,-0.274960,-0.163082
88.000000,384.167999,-0.287405,-0.181298
89.000000,384.167999,-0.295670,-0.210891
90.000000,384.167999,-0.299634,-0.235700
91.000000,384.167999,-0.299234,-0.240795
92.000000,384.167999,-0.294481,-0.255314
93.000000,384.167999,-0.285446,-0.262576
94.000000,384.167999,-0.272259,-0.264555
95.000000,384.167999,-0.255112,-0.263881
96.000000,384.167999,-0.234254,-0.259776
97.000000,384.167999,-0.209983,-0.252854
98.000000,384.167999,-0.182659,-0.237107
99.000000,384.167999,-0.152678,-0.219541
100.000000,384.167999,-0.120477,-0.205384
101.000000,384.167999,-0.086523,-0.182943
102.000000,384.167999,-0.051310,-0.153250
103.000000,384.167999,-0.015350,-0.123319
104.000000,384.167999,0.020833,-0.103558
105.000000,384.167999,0.056713,-0.067904
106.000000,384.167999,0.091767,-0.041400
107.000000,384.167999,0.125488,-0.010406
108.000000,384.167999,0.157384,0.022903
109.000000,384.167999,0.186987,0.053833
110.000000,384.167999,0.213869,0.079907
111.000000,384.167999,0.237642,0.105843
112.000000,384.167999,0.257957,0.136411
113.000000,384.167999,0.274521,0.170571
114.000000,384.167999,0.287093,0.185168
115.000000,384.167999,0.295482,0.206715
116.000000,384.167999,0.299574,0.230828
117.000000,384.167999,0.299308,0.239478
118.000000,384.167999,0.294689,0.250538
119.000000,384.167999,0.285784,0.263564
120.000000,384.167999,0.272722,0.262766
121.000000,384.167999,0.255687,0.264966
122.000000,384.167999,0.234934,0.260444
123.000000,384.167999,0.210763,0.249072
124.000000,384.167999,0.183528,0.240110
125.000000,384.167999,0.153622,0.219929
126.000000,384.167999,0.121482,0.203682
127.000000,384.167999,0.087573,0.184440
128.000000,384.167999,0.052390,0.150632
129.000000,384.167999,0.016445,0.128971
130.000000,384.167999,-0.019739,0.105541
131.000000,384.167999,-0.055635,0.072521
132.000000,384.167999,-0.090724,0.040051
133.000000,384.167999,-0.124491,0.011261
134.000000,384.167999,-0.156446,-0.023985
135.000000,384.167999,-0.186126,-0.061289
136.000000,384.167999,-0.213099,-0.078772
137.000000,384.167999,-0.236972,-0.112378
138.000000,384.167999,-0.257399,-0.139047
139.000000,384.167999,-0.274078,-0.151756
140.000000,384.167999,-0.286769,-0.187603
141.000000,384.167999,-0.295288,-0.208545
142.000000,384.167999,-0.299513,-0.229267
143.000000,384.167999,-0.299382,-0.246760
144.000000,384.167999,-0.294896,-0.255282
145.000000,384.167999,-0.286116,-0.267542
146.000000,384.167999,-0.273173,-0.265141
147.000000,384.167999,-0.256257,-0.260289
148.000000,384.167999,-0.235614,-0.264234
149.000000,384.167999,-0.211544,-0.251461
150.000000,384.167999,-0.184396,-0.232108
151.000000,384.167999,-0.154564,-0.224805
152.000000,384.167999,-0.122483,-0.203918
153.000000,384.167999,-0.088621,-0.177431
154.000000,384.167999,-0.053469,-0.160594
155.000000,384.167999,-0.017540,-0.133613
156.000000,384.167999,0.018644,-0.099380
157.000000,384.167999,0.054558,-0.076069
158.000000,384.167999,0.089677,-0.042994
159.000000,384.167999,0.123491,-0.005260
160.000000,384.167999,0.155509,0.018944
161.000000,384.167999,0.185265,0.046145
162.000000,384.167999,0.212328,0.079206
163.000000,384.167999,0.236299,0.111130
164.000000,384.167999,0.256831,0.135417
165.000000,384.167999,0.273627,0.160799
166.000000,384.167999,0.286444,0.189841
167.000000,384.167999,0.295094,0.209428
168.000000,384.167999,0.299452,0.225417
169.000000,384.167999,0.299452,0.238191
170.000000,384.167999,0.295092,0.254717
171.000000,384.167999,0.286441,0.259119
172.000000,384.167999,0.273624,0.262812
173.000000,384.167999,0.256827,0.265351
174.000000,384.167999,0.236294,0.258973
175.000000,384.167999,0.212322,0.251051
176.000000,384.167999,0.185259,0.243996
177.000000,384.167999,0.155502,0.223704
178.000000,384.167999,0.123483,0.206262
179.000000,384.167999,0.089668,0.177732
180.000000,384.167999,0.054549,0.153239
181.000000,384.167999,0.018636,0.131390
182.000000,384.167999,-0.017549,0.097875
183.000000,384.167999,-0.053478,0.073987
184.000000,384.167999,-0.088629,0.047510
185.000000,384.167999,-0.122491,0.007343
186.000000,384.167999,-0.154572,-0.019546
187.000000,384.167999,-0.184403,-0.045509
188.000000,384.167999,-0.211550,-0.083509
189.000000,384.167999,-0.235619,-0.112259
190.000000,384.167999,-0.256261,-0.134649
191.000000,384.167999,-0.273177,-0.159321
192.000000,384.167999,-0.286119,-0.187410
193.000000,384.167999,-0.294898,-0.205480
194.000000,384.167999,-0.299382,-0.224512
195.000000,384.167999,-0.299513,-0.238087
196.000000,384.167999,-0.295287,-0.256056
197.000000,384.167999,-0.286766,-0.262974
198.000000,384.167999,-0.274074,-0.266662
199.000000,384.167999,-0.257395,-0.274382
200.000000,384.167999,-0.236967,-0.264921
201.000000,384.167999,-0.213093,-0.248615
202.000000,384.167999,-0.186119,-0.242586
203.000000,384.167999,-0.156439,-0.223412
204.000000,384.167999,-0.124483,-0.194085
205.000000,384.167999,-0.090716,-0.181202
206.000000,384.167999,-0.055627,-0.160402
207.000000,384.167999,-0.019730,-0.128922
208.000000,384.167999,0.016454,-0.109478
209.000000,384.167999,0.052398,-0.078483
210.000000,384.167999,0.087581,-0.041862
211.000000,384.167999,0.121490,-0.017292
212.000000,384.167999,0.153630,0.022110
213.000000,384.167999,0.183534,0.047524
214.000000,384.167999,0.210769,0.081514
215.000000,384.167999,0.234939,0.108175
216.000000,384.167999,0.255692,0.134931
217.000000,384.167999,0.272725,0.160373
218.000000,384.167999,0.285786,0.185306
219.000000,384.167999,0.294690,0.202876
220.000000,384.167999,0.299308,0.223383
221.000000,384.167999,0.299573,0.242956
222.000000,384.167999,0.295481,0.248705
223.000000,384.167999,0.287091,0.260879
224.000000,384.167999,0.274518,0.269217
225.000000,384.167999,0.257953,0.265593
226.000000,384.167999,0.237636,0.256412
227.000000,384.167999,0.213863,0.251216
228.000000,384.167999,0.186980,0.237765
229.000000,384.167999,0.157376,0.223076
230.000000,384.167999,0.125480,0.202294
231.000000,384.167999,0.091759,0.179354
232.000000,384.167999,0.056704,0.165092
233.000000,384.167999,0.020824,0.128164
234.000000,384.167999,-0.015359,0.104789
235.000000,384.167999,-0.051319,0.078532
236.000000,384.167999,-0.086531,0.039039
237.000000,384.167999,-0.120485,0.014156
238.000000,384.167999,-0.152686,-0.013067
239.000000,384.167999,-0.182666,-0.049734
240.000000,384.167999,-0.209989,-0.083610
241.000000,384.167999,-0.234259,-0.105853
242.000000,384.167999,-0.255116,-0.131652
243.000000,384.167999,-0.272262,-0.161149
244.000000,384.167999,-0.285448,-0.181665
245.000000,384.167999,-0.294483,-0.212678
246.000000,384.167999,-0.299234,-0.226399
247.000000,384.167999,-0.299634,-0.244501
248.000000,384.167999,-0.295669,-0.245720
249.000000,384.167999,-0.287402,-0.258195
250.000000,384.167999,-0.274956,-0.268188
251.000000,384.167999,-0.258511,-0.267455
252.000000,384.167999,-0.238306,-0.253829
253.000000,384.167999,-0.214634,-0.256867
254.000000,384.167999,-0.187837,-0.243507
255.000000,384.167999,-0.158307,-0.222221
256.000000,384.167999,-0.126474,-0.209777
257.000000,384.167999,-0.092803,-0.186663
258.000000,384.167999,-0.057781,-0.156970
259.000000,384.167999,-0.021919,-0.139240
0.000000,401.213989,0.028567,-0.093185
1.000000,401.213989,0.065883,-0.068848
2.000000,401.213989,0.102152,-0.029360
3.000000,401.213989,0.136800,0.003601
4.000000,401.213989,0.169280,0.021478
5.000000,401.213989,0.199073,0.058799
6.000000,401.213989,0.225705,0.100693
7.000000,401.213989,0.248758,0.119610
8.000000,401.213989,0.267867,0.100395
9.000000,401.213989,0.282721,0.179785
10.000000,401.213989,0.293089,0.209189
11.000000,401.213989,0.298810,0.230810
12.000000,401.213989,0.299793,0.244683
13.000000,401.213989,0.296011,0.249892
14.000000,401.213989,0.287536,0.265025
15.000000,401.213989,0.274502,0.261259
16.000000,401.213989,0.257111,0.266400
17.000000,401.213989,0.235637,0.266858
18.000000,401.213989,0.210427,0.248412
19.000000,401.213989,0.181881,0.236257
20.000000,401.213989,0.150445,0.227928
21.000000,401.213989,0.116623,0.202349
22.000000,401.213989,0.080952,0.193328
23.000000,401.213989,0.043996,0.157610
24.000000,401.213989,0.006341,0.117823
25.000000,401.213989,-0.031414,0.092048
26.000000,401.213989,-0.068670,0.069071
27.000000,401.213989,-0.104838,0.028318
28.000000,401.213989,-0.139340,0.003509
29.000000,401.213989,-0.171633,-0.032461
30.000000,401.213989,-0.201204,-0.062755
31.000000,401.213989,-0.227581,-0.098812
32.000000,401.213989,-0.250345,-0.127873
33.000000,401.213989,-0.269140,-0.152128
34.000000,401.213989,-0.283668,-0.174064
35.000000,401.213989,-0.293687,-0.204564
36.000000,401.213989,-0.299049,-0.219399
37.000000,401.213989,-0.299670,-0.231668
38.000000,401.213989,-0.295536,-0.249207
39.000000,401.213989,-0.286707,-0.255561
40.000000,401.213989,-0.273333,-0.260317
41.000000,401.213989,-0.255625,-0.263794
42.000000,401.213989,-0.233857,-0.260702
43.000000,401.213989,-0.208378,-0.248629
44.000000,401.213989,-0.179595,-0.242366
45.000000,401.213989,-0.147964,-0.221273
46.000000,401.213989,-0.113982,-0.204092
47.000000,401.213989,-0.078193,-0.179722
48.000000,401.213989,-0.041163,-0.150089
49.000000,401.213989,-0.003480,-0.128679
50.000000,401.213989,0.034258,-0.096177
51.000000,401.213989,0.071452,-0.056363
52.000000,401.213989,0.107514,-0.032613
53.000000,401.213989,0.141869,0.002029
54.000000,401.213989,0.173971,0.046530
55.000000,401.213989,0.203315,0.065447
56.000000,401.213989,0.229436,0.094435
57.000000,401.213989,0.251911,0.131275
58.000000,401.213989,0.270391,0.153839
59.000000,401.213989,0.284583,0.174786
60.000000,401.213989,0.294261,0.200993
61.000000,401.213989,0.299264,0.208223
62.000000,401.213989,0.299521,0.236464
63.000000,401.213989,0.295030,0.248504
64.000000,401.213989,0.285855,0.261273
65.000000,401.213989,0.272142,0.268145
66.000000,401.213989,0.254113,0.264173
67.000000,401.213989,0.232056,0.261406
68.000000,401.213989,0.206312,0.249663
69.000000,401.213989,0.177295,0.225490
70.000000,401.213989,0.145467,0.219736
71.000000,401.213989,0.111332,0.202633
72.000000,401.213989,0.075427,0.178241
73.000000,401.213989,0.038327,0.154178
74.000000,401.213989,0.000620,0.127702
75.000000,401.213989,-0.037099,0.096996
76.000000,401.213989,-0.074227,0.056485
77.000000,401.213989,-0.110179,0.026522
78.000000,401.213989,-0.144384,-0.010525
79.000000,401.213989,-0.176295,-0.039581
80.000000,401.213989,-0.205409,-0.074529
81.000000,401.213989,-0.231266,-0.101231
82.000000,401.213989,-0.253457,-0.126214
83.000000,401.213989,-0.271619,-0.158427
84.000000,401.213989,-0.285473,-0.185610
85.000000,401.213989,-0.294802,-0.196546
86.000000,401.213989,-0.299453,-0.225992
87.000000,401.213989,-0.299347,-0.235920
88.000000,401.213989,-0.294495,-0.244616
89.000000,401.213989,-0.284974,-0.265801
90.000000,401.213989,-0.270927,-0.264495
91.000000,401.213989,-0.252581,-0.256523
92.000000,401.213989,-0.230230,-0.259107
93.000000,401.213989,-0.204228,-0.249688
94.000000,401.213989,-0.174980,-0.233968
95.000000,401.213989,-0.142958,-0.219752
96.000000,401.213989,-0.108669,-0.195831
97.000000,401.213989,-0.072655,-0.174316
98.000000,401.213989,-0.035488,-0.148701
99.000000,401.213989,0.002242,-0.123900
100.000000,401.213989,0.039936,-0.093777
101.000000,401.213989,0.076997,-0.056221
102.000000,401.213989,0.112835,-0.017828
103.000000,401.213989,0.146883,0.003843
104.000000,401.213989,0.178604,0.038411
105.000000,401.213989,0.207486,0.071751
106.000000,401.213989,0.233077,0.096249
107.000000,401.213989,0.254973,0.132750
108.000000,401.213989,0.272824,0.161257
109.000000,401.213989,0.286340,0.180921
110.000000,401.213989,0.295317,0.202615
111.000000,401.213989,0.299611,0.224662
112.000000,401.213989,0.299148,0.238731
113.000000,401.213989,0.293936,0.255358
114.000000,401.213989,0.284064,0.256118
115.000000,401.213989,0.269688,0.260599
116.000000,401.213989,0.251027,0.265525
117.000000,401.213989,0.228384,0.226971
118.000000,401.213989,0.202120,0.253452
119.000000,401.213989,0.172650,0.246090
120.000000,401.213989,0.140436,0.221477
121.000000,401.213989,0.105997,0.201208
122.000000,401.213989,0.069876,0.179345
123.000000,401.213989,0.032646,0.143865
124.000000,401.213989,-0.005102,0.112509
125.000000,401.213989,-0.042769,0.091466
126.000000,401.213989,-0.079759,0.055399
127.000000,401.213989,-0.115481,0.020250
128.000000,401.213989,-0.149371,-0.008000
129.000000,401.213989,-0.180892,-0.047800
130.000000,401.213989,-0.209546,-0.074997
131.000000,401.213989,-0.234869,-0.113005
132.000000,401.213989,-0.256467,-0.135006
133.000000,401.213989,-0.273999,-0.155449
134.000000,401.213989,-0.287184,-0.186783
135.000000,401.213989,-0.295807,-0.197151
136.000000,401.213989,-0.299740,-0.220581
137.000000,401.213989,-0.298920,-0.242513
138.000000,401.213989,-0.293353,-0.252808
139.000000,401.213989,-0.283131,-0.259496
140.000000,401.213989,-0.268420,-0.269521
141.000000,401.213989,-0.249452,-0.263675
142.000000,401.213989,-0.226520,-0.255776
143.000000,401.213989,-0.199996,-0.250700
144.000000,401.213989,-0.170301,-0.236740
145.000000,401.213989,-0.137903,-0.212453
146.000000,401.213989,-0.103315,-0.194897
147.000000,401.213989,-0.067090,-0.170463
148.000000,401.213989,-0.029800,-0.146488
149.000000,401.213989,0.007963,-0.118865
150.000000,401.213989,0.045599,-0.079784
151.000000,401.213989,0.082512,-0.055681
152.000000,401.213989,0.118118,-0.018433
153.000000,401.213989,0.151846,0.016548
154.000000,401.213989,0.183166,0.040372
155.000000,401.213989,0.211581,0.074794
156.000000,401.213989,0.236640,0.111034
157.000000,401.213989,0.257940,0.129658
158.000000,401.213989,0.275150,0.159759
159.000000,401.213989,0.287997,0.189832
160.000000,401.213989,0.296272,0.205923
161.000000,401.213989,0.299844,0.229770
162.000000,401.213989,0.298661,0.241577
163.000000,401.213989,0.292743,0.252939
164.000000,401.213989,0.282174,0.259665
165.000000,401.213989,0.267129,0.259032
166.000000,401.213989,0.247848,0.261932
167.000000,401.213989,0.224636,0.260604
168.000000,401.213989,0.197855,0.246479
169.000000,401.213989,0.167937,0.230824
170.000000,401.213989,0.135356,0.215874
171.000000,401.213989,0.100626,0.187468
172.000000,401.213989,0.064298,0.162366
173.000000,401.213989,0.026952,0.141689
174.000000,401.213989,-0.010822,0.114777
175.000000,401.213989,-0.048425,0.083421
176.000000,401.213989,-0.085259,0.055830
177.000000,401.213989,-0.120741,0.015297
178.000000,401.213989,-0.154308,-0.015093
179.000000,401.213989,-0.185424,-0.046962
180.000000,401.213989,-0.213598,-0.080169
181.000000,401.213989,-0.238387,-0.107746
182.000000,401.213989,-0.259392,-0.143413
183.000000,401.213989,-0.276278,-0.167008
184.000000,401.213989,-0.288783,-0.216787
185.000000,401.213989,-0.296709,-0.210217
186.000000,401.213989,-0.299923,-0.219619
187.000000,401.213989,-0.298377,-0.230921
188.000000,401.213989,-0.292101,-0.248460
189.000000,401.213989,-0.281193,-0.260248
190.000000,401.213989,-0.265816,-0.260317
191.000000,401.213989,-0.246224,-0.259621
192.000000,401.213989,-0.222728,-0.254228
193.000000,401.213989,-0.195697,-0.243576
194.000000,401.213989,-0.165558,-0.232026
195.000000,401.213989,-0.132795,-0.214799
196.000000,401.213989,-0.097926,-0.193238
197.000000,401.213989,-0.061501,-0.165735
198.000000,401.213989,-0.024101,-0.137288
199.000000,401.213989,0.013681,-0.114545
200.000000,401.213989,0.051247,-0.084270
201.000000,401.213989,0.087998,-0.041555
202.000000,401.213989,0.123354,-0.021525
203.000000,401.213989,0.156753,0.015050
204.000000,401.213989,0.187666,0.055904
205.000000,401.213989,0.215598,0.078395
206.000000,401.213989,0.240111,0.107236
207.000000,401.213989,0.260817,0.142509
208.000000,401.213989,0.277382,0.160020
209.000000,401.213989,0.289544,0.187514
210.000000,401.213989,0.297115,0.207467
211.000000,401.213989,0.299975,0.226604
212.000000,401.213989,0.298069,0.244578
213.000000,401.213989,0.291435,0.255771
214.000000,401.213989,0.280180,0.262093
215.000000,401.213989,0.264480,0.266739
216.000000,401.213989,0.244579,0.257672
217.000000,401.213989,0.220799,0.253979
218.000000,401.213989,0.193519,0.253851
219.000000,401.213989,0.163166,0.226457
220.000000,401.213989,0.130224,0.207682
221.000000,401.213989,0.095216,0.192439
222.000000,401.213989,0.058699,0.160460
223.000000,401.213989,0.021248,0.136104
224.000000,401.213989,-0.016538,0.110141
225.000000,401.213989,-0.054063,0.072814
226.000000,401.213989,-0.090730,0.045251
227.000000,401.213989,-0.125956,0.018921
228.000000,401.213989,-0.159185,-0.021905
229.000000,401.213989,-0.189889,-0.053482
230.000000,401.213989,-0.217580,-0.067423
231.000000,401.213989,-0.241815,-0.113871
232.000000,401.213989,-0.262217,-0.144128
233.000000,401.213989,-0.278461,-0.172896
234.000000,401.213989,-0.290281,-0.195057
235.000000,401.213989,-0.297496,-0.213713
236.000000,401.213989,-0.299994,-0.235292
237.000000,401.213989,-0.297735,-0.250054
238.000000,401.213989,-0.290744,-0.248556
239.000000,401.213989,-0.279143,-0.262974
240.000000,401.213989,-0.263116,-0.264788
241.000000,401.213989,-0.242913,-0.257343
242.000000,401.213989,-0.218853,-0.252854
243.000000,401.213989,-0.191323,-0.248721
244.000000,401.213989,-0.160759,-0.232635
245.000000,401.213989,-0.127641,-0.211784
246.000000,401.213989,-0.092499,-0.187190
247.000000,401.213989,-0.055890,-0.164310
248.000000,401.213989,-0.018394,-0.141773
0.000000,419.016998,0.013666,-0.115058
1.000000,419.016998,0.052883,-0.080563
2.000000,419.016998,0.091187,-0.045216
3.000000,419.016998,0.127912,-0.010451
4.000000,419.016998,0.162422,0.022563
5.000000,419.016998,0.194123,0.060004
6.000000,419.016998,0.222468,0.078541
7.000000,419.016998,0.246959,0.110649
8.000000,419.016998,0.267177,0.142757
9.000000,419.016998,0.282774,0.171840
10.000000,419.016998,0.293481,0.193227
11.000000,419.016998,0.299102,0.209469
12.000000,419.016998,0.299550,0.231057
13.000000,419.016998,0.294819,0.251757
14.000000,419.016998,0.284984,0.260540
15.000000,419.016998,0.270215,0.262446
16.000000,419.016998,0.250773,0.265204
17.000000,419.016998,0.226994,0.257406
18.000000,419.016998,0.199283,0.244138
19.000000,419.016998,0.168125,0.234695
20.000000,419.016998,0.134059,0.215077
21.000000,419.016998,0.097674,0.195921
22.000000,419.016998,0.059596,0.170338
23.000000,419.016998,0.020488,0.137685
24.000000,419.016998,-0.018974,0.118383
25.000000,419.016998,-0.058108,0.070166
26.000000,419.016998,-0.096236,0.043639
27.000000,419.016998,-0.132699,0.014642
28.000000,419.016998,-0.166868,-0.025099
29.000000,419.016998,-0.198147,-0.056221
30.000000,419.016998,-0.225996,-0.081292
31.000000,419.016998,-0.249938,-0.119965
32.000000,419.016998,-0.269557,-0.147894
33.000000,419.016998,-0.284504,-0.172071
34.000000,419.016998,-0.294532,-0.196830
35.000000,419.016998,-0.299466,-0.223939
36.000000,419.016998,-0.299217,-0.232342
37.000000,419.016998,-0.293787,-0.248093
38.000000,419.016998,-0.283276,-0.257201
39.000000,419.016998,-0.267867,-0.259643
40.000000,419.016998,-0.247817,-0.264688
41.000000,419.016998,-0.223480,-0.256761
42.000000,419.016998,-0.195278,-0.251575
43.000000,419.016998,-0.163699,-0.234633
44.000000,419.016998,-0.129282,-0.212952
45.000000,419.016998,-0.092631,-0.194237
46.000000,419.016998,-0.054377,-0.162468
47.000000,419.016998,-0.015182,-0.130988
48.000000,419.016998,0.024276,-0.106797
49.000000,419.016998,0.063314,-0.075056
50.000000,419.016998,0.101257,-0.039256
51.000000,419.016998,0.137446,-0.009031
52.000000,419.016998,0.171257,0.026357
53.000000,419.016998,0.202107,0.060517
54.000000,419.016998,0.229460,0.091782
55.000000,419.016998,0.252838,0.125530
56.000000,419.016998,0.271843,0.157024
57.000000,419.016998,0.286148,0.176381
58.000000,419.016998,0.295498,0.202161
59.000000,419.016998,0.299733,0.218902
60.000000,419.016998,0.298784,0.236418
61.000000,419.016998,0.292669,0.254744
62.000000,419.016998,0.281483,0.255326
63.000000,419.016998,0.265428,0.265286
64.000000,419.016998,0.244782,0.264764
65.000000,419.016998,0.219902,0.256219
66.000000,419.016998,0.191212,0.240564
67.000000,419.016998,0.159215,0.226215
68.000000,419.016998,0.124466,0.207036
69.000000,419.016998,0.087561,0.189594
70.000000,419.016998,0.049140,0.165051
71.000000,419.016998,0.009870,0.132631
72.000000,419.016998,-0.029571,0.102095
73.000000,419.016998,-0.068500,0.067898
74.000000,419.016998,-0.106244,0.035758
75.000000,419.016998,-0.142150,0.002528
76.000000,419.016998,-0.175598,-0.037634
77.000000,419.016998,-0.206003,-0.066855
78.000000,419.016998,-0.232845,-0.093772
79.000000,419.016998,-0.255661,-0.130232
80.000000,419.016998,-0.274051,-0.150868
81.000000,419.016998,-0.287697,-0.178911
82.000000,419.016998,-0.296367,-0.205310
83.000000,419.016998,-0.299912,-0.221112
84.000000,419.016998,-0.298261,-0.239709
85.000000,419.016998,-0.291451,-0.253747
86.000000,419.016998,-0.279600,-0.256308
87.000000,419.016998,-0.262913,-0.257856
88.000000,419.016998,-0.241670,-0.262008
89.000000,419.016998,-0.216248,-0.258021
90.000000,419.016998,-0.187087,-0.245935
91.000000,419.016998,-0.154687,-0.228159
92.000000,419.016998,-0.119608,-0.206772
93.000000,419.016998,-0.082462,-0.185697
94.000000,419.016998,-0.043889,-0.157928
95.000000,419.016998,-0.004556,-0.122494
96.000000,419.016998,0.034856,-0.099357
97.000000,419.016998,0.073665,-0.065082
98.000000,419.016998,0.111200,-0.030028
99.000000,419.016998,0.146808,0.000489
100.000000,419.016998,0.179877,0.037591
101.000000,419.016998,0.209836,0.071005
102.000000,419.016998,0.236162,0.105330
103.000000,419.016998,0.258400,0.128210
104.000000,419.016998,0.276169,0.158957
105.000000,419.016998,0.289162,0.181068
106.000000,419.016998,0.297145,0.206921
107.000000,419.016998,0.299988,0.221289
108.000000,419.016998,0.297644,0.238278
109.000000,419.016998,0.290150,0.256678
110.000000,419.016998,0.277629,0.257039
111.000000,419.016998,0.260307,0.259325
112.000000,419.016998,0.238484,0.265877
113.000000,419.016998,0.212532,0.250492
114.000000,419.016998,0.182900,0.241164
115.000000,419.016998,0.150106,0.225395
116.000000,419.016998,0.114716,0.202276
117.000000,419.016998,0.077338,0.182227
118.000000,419.016998,0.038623,0.157537
119.000000,419.016998,-0.000760,0.120577
120.000000,419.016998,-0.040131,0.095548
121.000000,419.016998,-0.078806,0.064471
122.000000,419.016998,-0.116118,0.022957
123.000000,419.016998,-0.151422,-0.006919
124.000000,419.016998,-0.184105,-0.046114
125.000000,419.016998,-0.213600,-0.075116
126.000000,419.016998,-0.239402,-0.098825
127.000000,419.016998,-0.261064,-0.136106
128.000000,419.016998,-0.278202,-0.161135
129.000000,419.016998,-0.290528,-0.184345
130.000000,419.016998,-0.297830,-0.208211
131.000000,419.016998,-0.299979,-0.228406
132.000000,419.016998,-0.296931,-0.242609
133.000000,419.016998,-0.288749,-0.260294
134.000000,419.016998,-0.275574,-0.266502
135.000000,419.016998,-0.257626,-0.259423
136.000000,419.016998,-0.235219,-0.260894
137.000000,419.016998,-0.208745,-0.248047
138.000000,419.016998,-0.178661,-0.240882
139.000000,419.016998,-0.145481,-0.225405
140.000000,419.016998,-0.109785,-0.200371
141.000000,419.016998,-0.072190,-0.176909
142.000000,419.016998,-0.033346,-0.147660
143.000000,419.016998,0.006076,-0.116840
144.000000,419.016998,0.045392,-0.091316
145.000000,419.016998,0.083924,-0.056748
146.000000,419.016998,0.121002,-0.019541
147.000000,419.016998,0.155986,0.005996
148.000000,419.016998,0.188272,0.042205
149.000000,419.016998,0.217303,0.081345
150.000000,419.016998,0.242568,0.107410
151.000000,419.016998,0.263638,0.138331
152.000000,419.016998,0.280148,0.166617
153.000000,419.016998,0.291811,0.184641
154.000000,419.016998,0.298420,0.210655
155.000000,419.016998,0.299868,0.230622
156.000000,419.016998,0.296130,0.244312
157.000000,419.016998,0.287264,0.256471
158.000000,419.016998,0.273426,0.259092
159.000000,419.016998,0.254861,0.265433
160.000000,419.016998,0.231887,0.264705
161.000000,419.016998,0.204895,0.245805
162.000000,419.016998,0.174360,0.233577
163.000000,419.016998,0.140809,0.222201
164.000000,419.016998,0.104821,0.196842
165.000000,419.016998,0.067018,0.182154
166.000000,419.016998,0.028057,0.147343
167.000000,419.016998,-0.011390,0.111950
168.000000,419.016998,-0.050640,0.079554
169.000000,419.016998,-0.089013,0.050924
170.000000,419.016998,-0.125847,0.010683
171.000000,419.016998,-0.160505,-0.017773
172.000000,419.016998,-0.192381,-0.047489
173.000000,419.016998,-0.220930,-0.084856
174.000000,419.016998,-0.245659,-0.110719
175.000000,419.016998,-0.266136,-0.146547
176.000000,419.016998,-0.282004,-0.171022
177.000000,419.016998,-0.292995,-0.188945
178.000000,419.016998,-0.298920,-0.218698
179.000000,419.016998,-0.299668,-0.235393
180.000000,419.016998,-0.295229,-0.242902
181.000000,419.016998,-0.285686,-0.254567
182.000000,419.016998,-0.271201,-0.261888
183.000000,419.016998,-0.252017,-0.259350
184.000000,419.016998,-0.228474,-0.259474
185.000000,419.016998,-0.200981,-0.251694
186.000000,419.016998,-0.170009,-0.242228
187.000000,419.016998,-0.136092,-0.218111
188.000000,419.016998,-0.099823,-0.191511
189.000000,419.016998,-0.061827,-0.169730
190.000000,419.016998,-0.022760,-0.139693
191.000000,419.016998,0.016700,-0.109532
192.000000,419.016998,0.055871,-0.081590
193.000000,419.016998,0.094077,-0.050641
194.000000,419.016998,0.130653,-0.010973
195.000000,419.016998,0.164968,0.018577
196.000000,419.016998,0.196431,0.053145
197.000000,419.016998,0.224494,0.090133
198.000000,419.016998,0.248670,0.114030
199.000000,419.016998,0.268545,0.138037
200.000000,419.016998,0.283776,0.178892
201.000000,419.016998,0.294093,0.197735
202.000000,419.016998,0.299320,0.217642
203.000000,419.016998,0.299371,0.239689
204.000000,419.016998,0.294244,0.244458
205.000000,419.016998,0.284018,0.258038
206.000000,419.016998,0.268881,0.255899
207.000000,419.016998,0.249094,0.265286
208.000000,419.016998,0.224996,0.259944
209.000000,419.016998,0.197001,0.244765
210.000000,419.016998,0.165600,0.230457
211.000000,419.016998,0.131335,0.217368
212.000000,419.016998,0.094795,0.183455
213.000000,419.016998,0.056615,0.163112
214.000000,419.016998,0.017456,0.137529
215.000000,419.016998,-0.022005,0.106443
216.000000,419.016998,-0.061085,0.073973
217.000000,419.016998,-0.099109,0.047863
218.000000,419.016998,-0.135418,0.008896
219.000000,419.016998,-0.169384,-0.027073
220.000000,419.016998,-0.200416,-0.054957
221.000000,419.016998,-0.227983,-0.091623
222.000000,419.016998,-0.251607,-0.120753
223.000000,419.016998,-0.270874,-0.153635
224.000000,419.016998,-0.285452,-0.179502
225.000000,419.016998,-0.295095,-0.196445
226.000000,419.016998,-0.299634,-0.226138
227.000000,419.016998,-0.298980,-0.229520
228.000000,419.016998,-0.293157,-0.248556
229.000000,419.016998,-0.282264,-0.258947
230.000000,419.016998,-0.266484,-0.264935
231.000000,419.016998,-0.246091,-0.257710
232.000000,419.016998,-0.221442,-0.261187
233.000000,419.016998,-0.192964,-0.247754
234.000000,419.016998,-0.161142,-0.227655
235.000000,419.016998,-0.126533,-0.215431
236.000000,419.016998,-0.089737,-0.191877
237.000000,419.016998,-0.051387,-0.160310
0.000000,437.609985,0.020034,-0.109500
1.000000,437.609985,0.060867,-0.077636
2.000000,437.609985,0.100551,-0.044108
3.000000,437.609985,0.138339,-0.006960
4.000000,437.609985,0.173513,0.021624
5.000000,437.609985,0.205414,0.056412
6.000000,437.609985,0.233440,0.090820
7.000000,437.609985,0.257062,0.125411
8.000000,437.609985,0.275832,0.144498
9.000000,437.609985,0.289393,0.178287
10.000000,437.609985,0.297495,0.205089
11.000000,437.609985,0.299985,0.229362
12.000000,437.609985,0.296815,0.238218
13.000000,437.609985,0.288043,0.252998
14.000000,437.609985,0.273831,0.268631
15.000000,437.609985,0.254454,0.261053
16.000000,437.609985,0.230277,0.253365
17.000000,437.609985,0.201756,0.250616
18.000000,437.609985,0.169425,0.237545
19.000000,437.609985,0.133896,0.218316
20.000000,437.609985,0.095841,0.192586
21.000000,437.609985,0.055978,0.166187
22.000000,437.609985,0.015059,0.141304
23.000000,437.609985,-0.026145,0.110695
24.000000,437.609985,-0.066855,0.074367
25.000000,437.609985,-0.106303,0.043817
26.000000,437.609985,-0.143746,-0.001458
27.000000,437.609985,-0.178478,-0.028393
28.000000,437.609985,-0.209840,-0.059557
29.000000,437.609985,-0.237240,-0.093030
30.000000,437.609985,-0.260165,-0.126466
31.000000,437.609985,-0.278182,-0.158977
32.000000,437.609985,-0.290951,-0.186563
33.000000,437.609985,-0.298225,-0.204224
34.000000,437.609985,-0.299871,-0.224081
35.000000,437.609985,-0.295860,-0.243480
36.000000,437.609985,-0.286267,-0.254301
37.000000,437.609985,-0.271274,-0.259116
38.000000,437.609985,-0.251157,-0.259181
39.000000,437.609985,-0.226301,-0.257435
40.000000,437.609985,-0.197176,-0.253334
41.000000,437.609985,-0.164331,-0.232406
42.000000,437.609985,-0.128385,-0.208206
43.000000,437.609985,-0.090014,-0.198910
44.000000,437.609985,-0.049945,-0.172589
45.000000,437.609985,-0.008934,-0.130475
46.000000,437.609985,0.032245,-0.102037
47.000000,437.609985,0.072817,-0.066502
48.000000,437.609985,0.112013,-0.026908
49.000000,437.609985,0.149095,-0.000624
50.000000,437.609985,0.183365,0.031191
51.000000,437.609985,0.214175,0.070858
52.000000,437.609985,0.240946,0.098182
53.000000,437.609985,0.263164,0.132004
54.000000,437.609985,0.280417,0.160084
55.000000,437.609985,0.292380,0.185755
56.000000,437.609985,0.298827,0.213689
57.000000,437.609985,0.299637,0.229710
58.000000,437.609985,0.294786,0.244972
59.000000,437.609985,0.284374,0.262171
60.000000,437.609985,0.268597,0.260466
61.000000,437.609985,0.247753,0.261039
62.000000,437.609985,0.222234,0.258290
63.000000,437.609985,0.192516,0.242232
64.000000,437.609985,0.159168,0.231043
65.000000,437.609985,0.122817,0.213267
66.000000,437.609985,0.084149,0.184715
67.000000,437.609985,0.043892,0.162586
68.000000,437.609985,0.002807,0.136109
69.000000,437.609985,-0.038331,0.098182
70.000000,437.609985,-0.078746,0.062286
71.000000,437.609985,-0.117676,0.031883
72.000000,437.609985,-0.154385,-0.009925
73.000000,437.609985,-0.188178,-0.039581
74.000000,437.609985,-0.218421,-0.076696
75.000000,437.609985,-0.244543,-0.108965
76.000000,437.609985,-0.266052,-0.132234
77.000000,437.609985,-0.282540,-0.166175
78.000000,437.609985,-0.293692,-0.193577
79.000000,437.609985,-0.299304,-0.207780
80.000000,437.609985,-0.299269,-0.232319
81.000000,437.609985,-0.293588,-0.248047
82.000000,437.609985,-0.282366,-0.253916
83.000000,437.609985,-0.265812,-0.264761
84.000000,437.609985,-0.244243,-0.261595
85.000000,437.609985,-0.218067,-0.250196
86.000000,437.609985,-0.187777,-0.248093
87.000000,437.609985,-0.153942,-0.227220
88.000000,437.609985,-0.117200,-0.203972
89.000000,437.609985,-0.078248,-0.183956
90.000000,437.609985,-0.037819,-0.155875
91.000000,437.609985,0.003323,-0.127666
92.000000,437.609985,0.044403,-0.097217
93.000000,437.609985,0.084644,-0.055603
94.000000,437.609985,0.123288,-0.026959
95.000000,437.609985,0.159606,0.008356
96.000000,437.609985,0.192913,0.047277
97.000000,437.609985,0.222579,0.075714
98.000000,437.609985,0.248042,0.110062
99.000000,437.609985,0.268826,0.144663
100.000000,437.609985,0.284538,0.173627
101.000000,437.609985,0.294883,0.196888
102.000000,437.609985,0.299660,0.221161
103.000000,437.609985,0.298780,0.231144
104.000000,437.609985,0.292264,0.249865
105.000000,437.609985,0.280234,0.253484
106.000000,437.609985,0.262918,0.256952
107.000000,437.609985,0.240636,0.261818
108.000000,437.609985,0.213813,0.246392
109.000000,437.609985,0.182956,0.240651
110.000000,437.609985,0.148648,0.234782
111.000000,437.609985,0.111535,0.202876
112.000000,437.609985,0.072316,0.177920
113.000000,437.609985,0.031732,0.154490
114.000000,437.609985,-0.009450,0.118497
115.000000,437.609985,-0.050454,0.082161
116.000000,437.609985,-0.090507,0.056197
117.000000,437.609985,-0.128850,0.018871
118.000000,437.609985,-0.164761,-0.014272
119.000000,437.609985,-0.197564,-0.049303
120.000000,437.609985,-0.226640,-0.086116
121.000000,437.609985,-0.251441,-0.116506
122.000000,437.609985,-0.271492,-0.146148
123.000000,437.609985,-0.286420,-0.173249
124.000000,437.609985,-0.295945,-0.198291
125.000000,437.609985,-0.299887,-0.225419
126.000000,437.609985,-0.298172,-0.238733
127.000000,437.609985,-0.290822,-0.244895
128.000000,437.609985,-0.277987,-0.261554
129.000000,437.609985,-0.259908,-0.263075
130.000000,437.609985,-0.236925,-0.254810
131.000000,437.609985,-0.209472,-0.252780
132.000000,437.609985,-0.178062,-0.241720
133.000000,437.609985,-0.143293,-0.216494
134.000000,437.609985,-0.105821,-0.205164
135.000000,437.609985,-0.066352,-0.179823
136.000000,437.609985,-0.025631,-0.144316
137.000000,437.609985,0.015574,-0.117518
138.000000,437.609985,0.056485,-0.081690
139.000000,437.609985,0.096330,-0.055282
140.000000,437.609985,0.134358,-0.014992
141.000000,437.609985,0.169851,0.026696
142.000000,437.609985,0.202136,0.053100
143.000000,437.609985,0.230607,0.086188
144.000000,437.609985,0.254728,0.123322
145.000000,437.609985,0.274043,0.143205
146.000000,437.609985,0.288187,0.177920
147.000000,437.609985,0.296888,0.210294
148.000000,437.609985,0.299988,0.221990
149.000000,437.609985,0.297429,0.236844
150.000000,437.609985,0.289259,0.254410
151.000000,437.609985,0.275629,0.254579
152.000000,437.609985,0.256794,0.263105
153.000000,437.609985,0.233115,0.260971
154.000000,437.609985,0.205038,0.249072
155.000000,437.609985,0.173093,0.237797
156.000000,437.609985,0.137880,0.211929
157.000000,437.609985,0.100064,0.197428
158.000000,437.609985,0.060361,0.173485
159.000000,437.609985,0.019519,0.136878
160.000000,437.609985,-0.021692,0.109256
161.000000,437.609985,-0.062493,0.084772
162.000000,437.609985,-0.102114,0.040372
163.000000,437.609985,-0.139809,0.010436
164.000000,437.609985,-0.174866,-0.020508
165.000000,437.609985,-0.206624,-0.062828
166.000000,437.609985,-0.234482,-0.094258
167.000000,437.609985,-0.257912,-0.121628
168.000000,437.609985,-0.276477,-0.156727
169.000000,437.609985,-0.289827,-0.183543
170.000000,437.609985,-0.297709,-0.208439
171.000000,437.609985,-0.299969,-0.227339
172.000000,437.609985,-0.296567,-0.239507
173.000000,437.609985,-0.287570,-0.255108
174.000000,437.609985,-0.273149,-0.263208
175.000000,437.609985,-0.253574,-0.257389
176.000000,437.609985,-0.229211,-0.256720
177.000000,437.609985,-0.200521,-0.253394
178.000000,437.609985,-0.168049,-0.229955
179.000000,437.609985,-0.132407,-0.218258
180.000000,437.609985,-0.094267,-0.194030
181.000000,437.609985,-0.054345,-0.161730
182.000000,437.609985,-0.013399,-0.140880
183.000000,437.609985,0.027800,-0.111745
184.000000,437.609985,0.068474,-0.067977
185.000000,437.609985,0.107857,-0.040360
186.000000,437.609985,0.145203,-0.006539
187.000000,437.609985,0.179809,0.030696
188.000000,437.609985,0.211022,0.061727
189.000000,437.609985,0.238254,0.098288
190.000000,437.609985,0.260993,0.125910
191.000000,437.609985,0.278800,0.190222
192.000000,437.609985,0.291347,0.189186
193.000000,437.609985,0.298398,0.196549
194.000000,437.609985,0.299820,0.220703
195.000000,437.609985,0.295586,0.240876
196.000000,437.609985,0.285767,0.252499
197.000000,437.609985,0.270557,0.258052
198.000000,437.609985,0.250243,0.264531
199.000000,437.609985,0.225208,0.251606
200.000000,437.609985,0.195924,0.246291
201.000000,437.609985,0.162938,0.235735
202.000000,437.609985,0.126879,0.208676
203.000000,437.609985,0.088427,0.188334
204.000000,437.609985,0.048307,0.163278
205.000000,437.609985,0.007274,0.016021
206.000000,437.609985,-0.033896,0.101568
207.000000,437.609985,-0.074426,0.096968
208.000000,437.609985,-0.113552,0.059367
209.000000,437.609985,-0.150536,0.014216
210.000000,437.609985,-0.184680,-0.031426
211.000000,437.609985,-0.215335,-0.065742
212.000000,437.609985,-0.241928,-0.096759
213.000000,437.609985,-0.263956,-0.132986
214.000000,437.609985,-0.281005,-0.162102
215.000000,437.609985,-0.292752,-0.183378
216.000000,437.609985,-0.298969,-0.208504
217.000000,437.609985,-0.299546,-0.230559
218.000000,437.609985,-0.294472,-0.240822
219.000000,437.609985,-0.283843,-0.259327
220.000000,437.609985,-0.267856,-0.254521
221.000000,437.609985,-0.246811,-0.256596
222.000000,437.609985,-0.221110,-0.258214
223.000000,437.609985,-0.191239,-0.247827
224.000000,437.609985,-0.157759,-0.231141
225.000000,437.609985,-0.121301,-0.206731
226.000000,437.609985,-0.082552,-0.187864
227.000000,437.609985,-0.042247,-0.161542
0.000000,457.028015,0.008395,-0.128152
1.000000,457.028015,0.051218,-0.093291
2.000000,457.028015,0.092985,-0.053023
3.000000,457.028015,0.132839,-0.024952
4.000000,457.028015,0.169962,0.017790
5.000000,457.028015,0.203584,0.048578
6.000000,457.028015,0.233016,0.086421
7.000000,457.028015,0.257656,0.125956
8.000000,457.028015,0.276992,0.144905
9.000000,457.028015,0.290624,0.180834
10.000000,457.028015,0.298279,0.207847
11.000000,457.028015,0.299799,0.223557
12.000000,457.028015,0.295140,0.242204
13.000000,457.028015,0.284412,0.258877
14.000000,457.028015,0.267834,0.260013
15.000000,457.028015,0.245739,0.260279
16.000000,457.028015,0.218588,0.258950
17.000000,457.028015,0.186941,0.243272
18.000000,457.028015,0.151445,0.226870
19.000000,457.028015,0.112831,0.208081
20.000000,457.028015,0.071897,0.184641
21.000000,457.028015,0.029483,0.154238
22.000000,457.028015,-0.013538,0.118850
23.000000,457.028015,-0.056281,0.085001
24.000000,457.028015,-0.097866,0.059945
25.000000,457.028015,-0.137435,0.013964
26.000000,457.028015,-0.174176,-0.022226
27.000000,457.028015,-0.207335,-0.051163
28.000000,457.028015,-0.236226,-0.093557
29.000000,457.028015,-0.260252,-0.123273
30.000000,457.028015,-0.278926,-0.149603
31.000000,457.028015,-0.291863,-0.184922
32.000000,457.028015,-0.298785,-0.205865
33.000000,457.028015,-0.299562,-0.214414
34.000000,457.028015,-0.294178,-0.244226
35.000000,457.028015,-0.282735,-0.255341
36.000000,457.028015,-0.265473,-0.265563
37.000000,457.028015,-0.242752,-0.262828
38.000000,457.028015,-0.215033,-0.246655
39.000000,457.028015,-0.182887,-0.245573
40.000000,457.028015,-0.146979,-0.228173
41.000000,457.028015,-0.108048,-0.202566
42.000000,457.028015,-0.066890,-0.180529
43.000000,457.028015,-0.024357,-0.154295
44.000000,457.028015,0.018678,-0.114334
45.000000,457.028015,0.061328,-0.085296
46.000000,457.028015,0.102715,-0.050801
47.000000,457.028015,0.141990,-0.007941
48.000000,457.028015,0.178342,0.022591
49.000000,457.028015,0.211022,0.063853
50.000000,457.028015,0.239362,0.095786
51.000000,457.028015,0.262778,0.125117
52.000000,457.028015,0.280779,0.155292
53.000000,457.028015,0.293006,0.184293
54.000000,457.028015,0.299206,0.207476
55.000000,457.028015,0.299243,0.233023
56.000000,457.028015,0.293122,0.239771
57.000000,457.028015,0.280973,0.255605
58.000000,457.028015,0.263040,0.266551
59.000000,457.028015,0.239690,0.258899
60.000000,457.028015,0.211411,0.253145
61.000000,457.028015,0.178783,0.246529
62.000000,457.028015,0.142470,0.220950
63.000000,457.028015,0.103229,0.202468
64.000000,457.028015,0.061863,0.178965
65.000000,457.028015,0.019223,0.143938
66.000000,457.028015,-0.023812,0.115263
67.000000,457.028015,-0.066357,0.080246
68.000000,457.028015,-0.107537,0.042525
69.000000,457.028015,-0.146502,0.006249
70.000000,457.028015,-0.182453,-0.031820
71.000000,457.028015,-0.214653,-0.067895
72.000000,457.028015,-0.242429,-0.095779
73.000000,457.028015,-0.265218,-0.135886
74.000000,457.028015,-0.282553,-0.158528
75.000000,457.028015,-0.294068,-0.181518
76.000000,457.028015,-0.299532,-0.211638
77.000000,457.028015,-0.298835,-0.231233
78.000000,457.028015,-0.291987,-0.240749
79.000000,457.028015,-0.279126,-0.259327
80.000000,457.028015,-0.260524,-0.264569
81.000000,457.028015,-0.236564,-0.255703
82.000000,457.028015,-0.207728,-0.254347
83.000000,457.028015,-0.174621,-0.238380
84.000000,457.028015,-0.137922,-0.223687
85.000000,457.028015,-0.098382,-0.196010
86.000000,457.028015,-0.056818,-0.174256
87.000000,457.028015,-0.014085,-0.144394
88.000000,457.028015,0.028939,-0.114925
89.000000,457.028015,0.071366,-0.071977
90.000000,457.028015,0.112325,-0.042880
91.000000,457.028015,0.150974,-0.005632
92.000000,457.028015,0.186512,0.036336
93.000000,457.028015,0.218213,0.068274
94.000000,457.028015,0.245427,0.102769
95.000000,457.028015,0.267586,0.137002
96.000000,457.028015,0.284237,0.165293
97.000000,457.028015,0.295044,0.188627
98.000000,457.028015,0.299776,0.219448
99.000000,457.028015,0.298336,0.231964
100.000000,457.028015,0.290760,0.250538
101.000000,457.028015,0.277203,0.258451
102.000000,457.028015,0.257934,0.259339
103.000000,457.028015,0.233360,0.257365
104.000000,457.028015,0.203987,0.245911
105.000000,457.028015,0.170411,0.236271
106.000000,457.028015,0.133329,0.224236
107.000000,457.028015,0.093505,0.189328
108.000000,457.028015,0.051756,0.168106
109.000000,457.028015,0.008941,0.135376
110.000000,457.028015,-0.034057,0.102576
111.000000,457.028015,-0.076355,0.071673
112.000000,457.028015,-0.117080,0.043776
113.000000,457.028015,-0.155397,-0.001737
114.000000,457.028015,-0.190518,-0.035027
115.000000,457.028015,-0.221714,-0.064857
116.000000,457.028015,-0.248347,-0.105757
117.000000,457.028015,-0.269874,-0.139794
118.000000,457.028015,-0.285845,-0.165450
119.000000,457.028015,-0.295929,-0.197870
120.000000,457.028015,-0.299928,-0.223573
121.000000,457.028015,-0.297757,-0.238861
122.000000,457.028015,-0.289450,-0.245193
123.000000,457.028015,-0.275190,-0.253948
124.000000,457.028015,-0.255271,-0.262021
125.000000,457.028015,-0.230093,-0.257261
126.000000,457.028015,-0.200180,-0.242815
127.000000,457.028015,-0.166151,-0.241019
128.000000,457.028015,-0.128701,-0.219545
129.000000,457.028015,-0.088601,-0.189925
130.000000,457.028015,-0.046679,-0.164315
131.000000,457.028015,-0.003796,-0.138154
132.000000,457.028015,0.039165,-0.102953
133.000000,457.028015,0.081320,-0.076889
134.000000,457.028015,0.121803,-0.031013
135.000000,457.028015,0.159777,0.011334
136.000000,457.028015,0.194462,0.044019
137.000000,457.028015,0.225149,0.081560
138.000000,457.028015,0.251201,0.110988
139.000000,457.028015,0.272080,0.138505
140.000000,457.028015,0.287363,0.171799
141.000000,457.028015,0.296735,0.191981
142.000000,457.028015,0.299993,0.217143
143.000000,457.028015,0.297080,0.238663
144.000000,457.028015,0.288058,0.243872
145.000000,457.028015,0.273102,0.259472
146.000000,457.028015,0.252526,0.264984
147.000000,457.028015,0.226757,0.254506
148.000000,457.028015,0.196319,0.245324
149.000000,457.028015,0.161840,0.236555
150.000000,457.028015,0.124032,0.213363
151.000000,457.028015,0.083672,0.189301
152.000000,457.028015,0.041588,0.162971
153.000000,457.028015,-0.001351,0.130405
154.000000,457.028015,-0.044263,0.098302
155.000000,457.028015,-0.086262,0.067738
156.000000,457.028015,-0.126487,0.023778
157.000000,457.028015,-0.164110,-0.002965
158.000000,457.028015,-0.198355,-0.050888
159.000000,457.028015,-0.228515,-0.083816
160.000000,457.028015,-0.253976,-0.114600
161.000000,457.028015,-0.274212,-0.152700
162.000000,457.028015,-0.288798,-0.172516
163.000000,457.028015,-0.297444,-0.195725
164.000000,457.028015,-0.299973,-0.222052
165.000000,457.028015,-0.296322,-0.239713
166.000000,457.028015,-0.286574,-0.246476
167.000000,457.028015,-0.270933,-0.261187
168.000000,457.028015,-0.249713,-0.263148
169.000000,457.028015,-0.223352,-0.256596
170.000000,457.028015,-0.192398,-0.248987
171.000000,457.028015,-0.157485,-0.229973
172.000000,457.028015,-0.119327,-0.208746
173.000000,457.028015,-0.078716,-0.187383
174.000000,457.028015,-0.036485,-0.158922
175.000000,457.028015,0.006497,-0.136087
176.000000,457.028015,0.049346,-0.096617
177.000000,457.028015,0.091179,-0.055223
178.000000,457.028015,0.131136,-0.026372
179.000000,457.028015,0.168392,0.011710
180.000000,457.028015,0.202185,0.051670
181.000000,457.028015,0.231820,0.085615
182.000000,457.028015,0.256677,0.119363
183.000000,457.028015,0.276255,0.152630
184.000000,457.028015,0.290152,0.177054
185.000000,457.028015,0.298071,0.204855
186.000000,457.028015,0.299857,0.227108
187.000000,457.028015,0.295476,0.237471
188.000000,457.028015,0.285013,0.251051
189.000000,457.028015,0.268680,0.265351
190.000000,457.028015,0.246823,0.256586
191.000000,457.028015,0.219887,0.256178
192.000000,457.028015,0.188420,0.239950
193.000000,457.028015,0.153079,0.226750
194.000000,457.028015,0.114589,0.209735
195.000000,457.028015,0.073738,0.177421
196.000000,457.028015,0.031371,0.157839
197.000000,457.028015,-0.011642,0.127042
198.000000,457.028015,-0.054416,0.087548
199.000000,457.028015,-0.096068,0.054185
200.000000,457.028015,-0.135745,0.023242
201.000000,457.028015,-0.172630,-0.022799
202.000000,457.028015,-0.205957,-0.052515
203.000000,457.028015,-0.235049,-0.085392
204.000000,457.028015,-0.259306,-0.124212
205.000000,457.028015,-0.278222,-0.154675
206.000000,457.028015,-0.291413,-0.181138
207.000000,457.028015,-0.298610,-0.209704
208.000000,457.028015,-0.299660,-0.227526
209.000000,457.028015,-0.294540,-0.246480
210.000000,457.028015,-0.283363,-0.257701
211.000000,457.028015,-0.266356,-0.257536
212.000000,457.028015,-0.243860,-0.262447
213.000000,457.028015,-0.216350,-0.254434
214.000000,457.028015,-0.184390,-0.240222
215.000000,457.028015,-0.148631,-0.232172
216.000000,457.028015,-0.109814,-0.206085
217.000000,457.028015,-0.068739,-0.176758
0.000000,477.307007,0.022086,-0.118526
1.000000,477.307007,0.066532,-0.089571
2.000000,477.307007,0.109485,-0.048401
3.000000,477.307007,0.149982,-0.003886
4.000000,477.307007,0.187113,0.025198
5.000000,477.307007,0.220045,0.120683
6.000000,477.307007,0.248035,0.105980
7.000000,477.307007,0.270460,0.117984
8.000000,477.307007,0.286817,0.150619
9.000000,477.307007,0.296740,0.188792
10.000000,477.307007,0.299996,0.206743
11.000000,477.307007,0.296520,0.231410
12.000000,477.307007,0.286392,0.251216
13.000000,477.307007,0.269838,0.255399
14.000000,477.307007,0.247227,0.259312
15.000000,477.307007,0.219064,0.251450
16.000000,477.307007,0.185986,0.239625
17.000000,477.307007,0.148736,0.234970
18.000000,477.307007,0.108148,0.203508
19.000000,477.307007,0.065130,0.181287
20.000000,477.307007,0.020652,0.155411
21.000000,477.307007,-0.024289,0.118424
22.000000,477.307007,-0.068686,0.083728
23.000000,477.307007,-0.111542,0.050997
24.000000,477.307007,-0.151892,0.006817
25.000000,477.307007,-0.188834,-0.029447
26.000000,477.307007,-0.221539,-0.060244
27.000000,477.307007,-0.249274,-0.103897
28.000000,477.307007,-0.271412,-0.138974
29.000000,477.307007,-0.287456,-0.163664
30.000000,477.307007,-0.297052,-0.195190
31.000000,477.307007,-0.299982,-0.218066
32.000000,477.307007,-0.296181,-0.230688
33.000000,477.307007,-0.285727,-0.250173
34.000000,477.307007,-0.268862,-0.255355
35.000000,477.307007,-0.245965,-0.263528
36.000000,477.307007,-0.217549,-0.255694
37.000000,477.307007,-0.184249,-0.245628
38.000000,477.307007,-0.146812,-0.230532
39.000000,477.307007,-0.106081,-0.204664
40.000000,477.307007,-0.062971,-0.175191
41.000000,477.307007,-0.018447,-0.153080
42.000000,477.307007,0.026492,-0.115832
43.000000,477.307007,0.070835,-0.076838
44.000000,477.307007,0.113589,-0.043553
45.000000,477.307007,0.153795,-0.005865
46.000000,477.307007,0.190549,0.032689
47.000000,477.307007,0.223024,0.065520
48.000000,477.307007,0.250494,0.097481
49.000000,477.307007,0.272345,0.137176
50.000000,477.307007,0.288085,0.172734
51.000000,477.307007,0.297355,0.198881
52.000000,477.307007,0.299951,0.211329
53.000000,477.307007,0.295817,0.233811
54.000000,477.307007,0.285046,0.258231
55.000000,477.307007,0.267878,0.255853
56.000000,477.307007,0.244693,0.258725
57.000000,477.307007,0.216019,0.256797
58.000000,477.307007,0.182498,0.241485
59.000000,477.307007,0.144882,0.230297
60.000000,477.307007,0.104012,0.209694
61.000000,477.307007,0.060807,0.112610
62.000000,477.307007,0.016239,0.145625
63.000000,477.307007,-0.028693,0.130909
64.000000,477.307007,-0.072983,0.095062
65.000000,477.307007,-0.115633,0.060132
66.000000,477.307007,-0.155688,0.010922
67.000000,477.307007,-0.192249,-0.030766
68.000000,477.307007,-0.224498,-0.068756
69.000000,477.307007,-0.251707,-0.108598
70.000000,477.307007,-0.273264,-0.140820
71.000000,477.307007,-0.288690,-0.164543
72.000000,477.307007,-0.297639,-0.197490
73.000000,477.307007,-0.299910,-0.220585
74.000000,477.307007,-0.295443,-0.231741
75.000000,477.307007,-0.284347,-0.270648
76.000000,477.307007,-0.266872,-0.255488
77.000000,477.307007,-0.243409,-0.250196
78.000000,477.307007,-0.214482,-0.247640
79.000000,477.307007,-0.180738,-0.241354
80.000000,477.307007,-0.142940,-0.223188
81.000000,477.307007,-0.101935,-0.205984
82.000000,477.307007,-0.058642,-0.179823
83.000000,477.307007,-0.014032,-0.147115
84.000000,477.307007,0.030893,-0.113725
85.000000,477.307007,0.075124,-0.074483
86.000000,477.307007,0.117670,-0.046247
87.000000,477.307007,0.157575,-0.004138
88.000000,477.307007,0.193941,0.040070
89.000000,477.307007,0.225956,0.069767
90.000000,477.307007,0.252901,0.108876
91.000000,477.307007,0.274172,0.150403
92.000000,477.307007,0.289285,0.169760
93.000000,477.307007,0.297906,0.200755
94.000000,477.307007,0.299842,0.223681
95.000000,477.307007,0.295052,0.233224
96.000000,477.307007,0.283639,0.246364
97.000000,477.307007,0.265856,0.256137
98.000000,477.307007,0.242108,0.255619
99.000000,477.307007,0.212928,0.255431
100.000000,477.307007,0.178971,0.240944
101.000000,477.307007,0.140994,0.225550
102.000000,477.307007,0.099853,0.207041
103.000000,477.307007,0.056472,0.169320
104.000000,477.307007,0.011823,0.142065
105.000000,477.307007,-0.033091,0.116174
106.000000,477.307007,-0.077262,0.071774
107.000000,477.307007,-0.119699,0.037371
108.000000,477.307007,-0.159450,0.007467
109.000000,477.307007,-0.195624,-0.039686
110.000000,477.307007,-0.227406,-0.070749
111.000000,477.307007,-0.254082,-0.105927
112.000000,477.307007,-0.275058,-0.144600
113.000000,477.307007,-0.289862,-0.173129
114.000000,477.307007,-0.298163,-0.200252
115.000000,477.307007,-0.299766,-0.222652
116.000000,477.307007,-0.294642,-0.235494
117.000000,477.307007,-0.282908,-0.252120
118.000000,477.307007,-0.264826,-0.260308
119.000000,477.307007,-0.240799,-0.258956
120.000000,477.307007,-0.211365,-0.257834
121.000000,477.307007,-0.177190,-0.245880
122.000000,477.307007,-0.139038,-0.219467
123.000000,477.307007,-0.097767,-0.197943
124.000000,477.307007,-0.054300,-0.172603
125.000000,477.307007,-0.009614,-0.138369
126.000000,477.307007,0.035287,-0.111264
127.000000,477.307007,0.079396,-0.074543
128.000000,477.307007,0.121724,-0.016728
129.000000,477.307007,0.161318,-0.002411
130.000000,477.307007,0.197292,0.032011
131.000000,477.307007,0.228840,0.071618
132.000000,477.307007,0.255254,0.100716
133.000000,477.307007,0.275935,0.143678
134.000000,477.307007,0.290423,0.168839
135.000000,477.307007,0.298394,0.201822
136.000000,477.307007,0.299671,0.224529
137.000000,477.307007,0.294223,0.237618
138.000000,477.307007,0.282165,0.250318
139.000000,477.307007,0.263778,0.263197
140.000000,477.307007,0.239472,0.257859
141.000000,477.307007,0.209793,0.251578
142.000000,477.307007,0.175403,0.244962
143.000000,477.307007,0.137075,0.219017
144.000000,477.307007,0.095673,0.199641
145.000000,477.307007,0.052124,0.177852
146.000000,477.307007,0.007405,0.139705
147.000000,477.307007,-0.037481,0.103882
148.000000,477.307007,-0.081525,0.072278
149.000000,477.307007,-0.123740,0.072640
150.000000,477.307007,-0.163179,-0.003639
151.000000,477.307007,-0.198955,-0.046201
152.000000,477.307007,-0.230263,-0.089910
153.000000,477.307007,-0.256405,-0.119873
154.000000,477.307007,-0.276794,-0.156727
155.000000,477.307007,-0.290973,-0.178916
156.000000,477.307007,-0.298616,-0.201746
157.000000,477.307007,-0.299558,-0.223985
158.000000,477.307007,-0.293779,-0.233680
159.000000,477.307007,-0.281408,-0.244616
160.000000,477.307007,-0.262721,-0.269595
161.000000,477.307007,-0.238134,-0.258315
162.000000,477.307007,-0.208205,-0.245656
163.000000,477.307007,-0.173604,-0.243919
164.000000,477.307007,-0.135107,-0.224906
165.000000,477.307007,-0.093576,-0.195212
166.000000,477.307007,-0.049946,-0.172649
167.000000,477.307007,-0.005195,-0.140907
168.000000,477.307007,0.039673,-0.105853
169.000000,477.307007,0.083651,-0.073915
170.000000,477.307007,0.125750,-0.030720
171.000000,477.307007,0.165027,0.001988
172.000000,477.307007,0.200602,0.041339
173.000000,477.307007,0.231676,0.079687
174.000000,477.307007,0.257548,0.109916
175.000000,477.307007,0.277638,0.147352
176.000000,477.307007,0.291499,0.178246
177.000000,477.307007,0.298819,0.198409
178.000000,477.307007,0.299436,0.225170
179.000000,477.307007,0.293324,0.245270
180.000000,477.307007,0.280632,0.248705
181.000000,477.307007,0.261644,0.257158
182.000000,477.307007,0.236785,0.266991
183.000000,477.307007,0.206610,0.251386
184.000000,477.307007,0.171796,0.235584
185.000000,477.307007,0.133128,0.224501
186.000000,477.307007,0.091473,0.195582
187.000000,477.307007,0.047765,0.170773
188.000000,477.307007,0.002984,0.141543
189.000000,477.307007,-0.041863,0.100116
190.000000,477.307007,-0.085771,0.063926
191.000000,477.307007,-0.127755,0.029216
192.000000,477.307007,-0.166871,-0.011638
193.000000,477.307007,-0.202240,-0.041895
194.000000,477.307007,-0.233071,-0.084343
195.000000,477.307007,-0.258673,-0.112098
196.000000,477.307007,-0.278471,-0.144302
197.000000,477.307007,-0.292015,-0.183355
198.000000,477.307007,-0.299005,-0.205484
199.000000,477.307007,-0.299287,-0.221547
200.000000,477.307007,-0.292853,-0.243480
201.000000,477.307007,-0.279848,-0.257494
202.000000,477.307007,-0.260556,-0.251910
203.000000,477.307007,-0.235419,-0.254934
204.000000,477.307007,-0.205000,-0.252441
205.000000,477.307007,-0.169981,-0.308460
206.000000,477.307007,-0.131145,-0.221905
207.000000,477.307007,-0.089365,-0.178930
208.000000,477.307007,-0.045581,-0.155302
0.000000,498.487000,0.018449,-0.129380
1.000000,498.487000,0.064923,-0.092425
2.000000,498.487000,0.109808,-0.053088
3.000000,498.487000,0.152006,-0.009979
4.000000,498.487000,0.190486,0.022884
5.000000,498.487000,0.224300,0.064540
6.000000,498.487000,0.252625,0.105321
7.000000,498.487000,0.274768,0.135838
8.000000,498.487000,0.290189,0.170480
9.000000,498.487000,0.298504,0.201067
10.000000,498.487000,0.299511,0.217230
11.000000,498.487000,0.293191,0.232684
12.000000,498.487000,0.279697,0.254190
13.000000,498.487000,0.259356,0.257186
14.000000,498.487000,0.232663,0.260425
15.000000,498.487000,0.200279,0.255830
16.000000,498.487000,0.162995,0.235011
17.000000,498.487000,0.121721,0.215036
18.000000,498.487000,0.077465,0.189420
19.000000,498.487000,0.031315,0.163653
20.000000,498.487000,-0.015601,0.134217
21.000000,498.487000,-0.062137,0.091328
22.000000,498.487000,-0.107150,0.054492
23.000000,498.487000,-0.149540,0.019755
24.000000,498.487000,-0.188272,-0.025099
25.000000,498.487000,-0.222398,-0.062329
26.000000,498.487000,-0.251077,-0.098999
27.000000,498.487000,-0.273610,-0.137379
28.000000,498.487000,-0.289449,-0.162409
29.000000,498.487000,-0.298207,-0.189559
30.000000,498.487000,-0.299662,-0.219898
31.000000,498.487000,-0.293781,-0.238307
32.000000,498.487000,-0.280713,-0.254942
33.000000,498.487000,-0.260777,-0.259854
34.000000,498.487000,-0.234456,-0.252528
35.000000,498.487000,-0.202394,-0.252954
36.000000,498.487000,-0.165381,-0.239920
37.000000,498.487000,-0.124321,-0.214079
38.000000,498.487000,-0.080218,-0.195263
39.000000,498.487000,-0.034150,-0.163742
40.000000,498.487000,0.012752,-0.124674
41.000000,498.487000,0.059343,-0.095343
42.000000,498.487000,0.104482,-0.056455
43.000000,498.487000,0.147062,-0.011954
44.000000,498.487000,0.186042,0.019911
45.000000,498.487000,0.220471,0.058419
46.000000,498.487000,0.249507,0.099946
47.000000,498.487000,0.272430,0.129658
48.000000,498.487000,0.288686,0.165266
49.000000,498.487000,0.297879,0.192600
50.000000,498.487000,0.299784,0.220204
51.000000,498.487000,0.294348,0.239364
52.000000,498.487000,0.281706,0.243157
53.000000,498.487000,0.262172,0.258446
54.000000,498.487000,0.236224,0.264045
55.000000,498.487000,0.204492,0.246172
56.000000,498.487000,0.167753,0.237151
57.000000,498.487000,0.126910,0.222875
58.000000,498.487000,0.082962,0.193048
59.000000,498.487000,0.036983,0.166906
60.000000,498.487000,-0.009902,0.140649
61.000000,498.487000,-0.056544,0.085162
62.000000,498.487000,-0.101803,0.055226
63.000000,498.487000,-0.144571,0.026069
64.000000,498.487000,-0.183798,-0.019665
65.000000,498.487000,-0.218527,-0.057422
66.000000,498.487000,-0.247909,-0.088366
67.000000,498.487000,-0.271226,-0.130686
68.000000,498.487000,-0.287899,-0.161969
69.000000,498.487000,-0.297527,-0.189912
70.000000,498.487000,-0.299875,-0.214391
71.000000,498.487000,-0.294887,-0.240327
72.000000,498.487000,-0.282676,-0.252721
73.000000,498.487000,-0.263547,-0.255694
74.000000,498.487000,-0.237969,-0.249729
75.000000,498.487000,-0.206569,-0.251287
76.000000,498.487000,-0.170111,-0.235760
77.000000,498.487000,-0.129489,-0.216787
78.000000,498.487000,-0.085698,-0.199730
79.000000,498.487000,-0.039811,-0.172676
80.000000,498.487000,0.007051,-0.132935
81.000000,498.487000,0.053741,-0.103824
82.000000,498.487000,0.099115,-0.062636
83.000000,498.487000,0.142064,-0.018281
84.000000,498.487000,0.181537,0.014477
85.000000,498.487000,0.216564,0.053732
86.000000,498.487000,0.246291,0.094380
87.000000,498.487000,0.269992,0.126304
88.000000,498.487000,0.287088,0.163539
89.000000,498.487000,0.297150,0.186854
90.000000,498.487000,0.299942,0.213056
91.000000,498.487000,0.295395,0.222888
92.000000,498.487000,0.283620,0.244839
93.000000,498.487000,0.264899,0.258286
94.000000,498.487000,0.239695,0.266771
95.000000,498.487000,0.208626,0.256073
96.000000,498.487000,0.172453,0.243244
97.000000,498.487000,0.132056,0.229188
98.000000,498.487000,0.088428,0.195802
99.000000,498.487000,0.042636,0.169059
100.000000,498.487000,-0.004200,0.139829
101.000000,498.487000,-0.050933,0.100789
102.000000,498.487000,-0.096419,0.062886
103.000000,498.487000,-0.139545,0.024515
104.000000,498.487000,-0.179257,-0.014611
105.000000,498.487000,-0.214583,-0.052748
106.000000,498.487000,-0.244652,-0.097025
107.000000,498.487000,-0.268735,-0.131433
108.000000,498.487000,-0.286244,-0.153135
109.000000,498.487000,-0.296749,-0.189096
110.000000,498.487000,-0.299983,-0.210685
111.000000,498.487000,-0.295878,-0.227714
112.000000,498.487000,-0.284534,-0.247053
113.000000,498.487000,-0.266228,-0.258681
114.000000,498.487000,-0.241400,-0.253843
115.000000,498.487000,-0.210666,-0.255534
116.000000,498.487000,-0.174777,-0.280430
117.000000,498.487000,-0.134612,-0.222367
118.000000,498.487000,-0.091150,-0.191016
119.000000,498.487000,-0.045457,-0.162848
120.000000,498.487000,0.001348,-0.130182
121.000000,498.487000,0.048120,-0.102931
122.000000,498.487000,0.093715,-0.066209
123.000000,498.487000,0.137014,-0.023408
124.000000,498.487000,0.176961,0.010683
125.000000,498.487000,0.212578,0.050378
126.000000,498.487000,0.242993,0.083787
127.000000,498.487000,0.267456,0.125557
128.000000,498.487000,0.285376,0.159951
129.000000,498.487000,0.296313,0.183601
130.000000,498.487000,0.300000,0.210816
131.000000,498.487000,0.296337,0.237082
132.000000,498.487000,0.285424,0.243945
133.000000,498.487000,0.267527,0.254185
134.000000,498.487000,0.243085,0.261630
135.000000,498.487000,0.212688,0.250786
136.000000,498.487000,0.177087,0.245324
137.000000,498.487000,0.137153,0.228075
138.000000,498.487000,0.093863,0.200489
139.000000,498.487000,0.048274,0.173893
140.000000,498.487000,0.001504,0.139623
141.000000,498.487000,-0.045302,0.104290
142.000000,498.487000,-0.091001,0.071206
143.000000,498.487000,-0.134472,0.030590
144.000000,498.487000,-0.174650,-0.012018
145.000000,498.487000,-0.210555,-0.046522
146.000000,498.487000,-0.241308,-0.091770
147.000000,498.487000,-0.266155,-0.126539
148.000000,498.487000,-0.284484,-0.144389
149.000000,498.487000,-0.295852,-0.184776
150.000000,498.487000,-0.299982,-0.211812
151.000000,498.487000,-0.296771,-0.225868
152.000000,498.487000,-0.286290,-0.253000
153.000000,498.487000,-0.268805,-0.256235
154.000000,498.487000,-0.244743,-0.251309
155.000000,498.487000,-0.214692,-0.250920
156.000000,498.487000,-0.179382,-0.242994
157.000000,498.487000,-0.139683,-0.227041
158.000000,498.487000,-0.096567,-0.205984
159.000000,498.487000,-0.051087,-0.173436
160.000000,498.487000,-0.004356,-0.148728
161.000000,498.487000,0.042481,-0.111645
162.000000,498.487000,0.088278,-0.069063
163.000000,498.487000,0.131917,-0.038793
164.000000,498.487000,0.172325,0.003522
165.000000,498.487000,0.208514,0.047950
166.000000,498.487000,0.239601,0.081148
167.000000,498.487000,0.264826,0.117210
168.000000,498.487000,0.283569,0.159177
169.000000,498.487000,0.295367,0.187628
170.000000,498.487000,0.299939,0.208722
171.000000,498.487000,0.297172,0.231122
172.000000,498.487000,0.287132,0.242378
173.000000,498.487000,0.270060,0.256339
174.000000,498.487000,0.246380,0.262524
175.000000,498.487000,0.216672,0.249819
176.000000,498.487000,0.181662,0.244431
177.000000,498.487000,0.142201,0.225628
178.000000,498.487000,0.099262,0.200709
179.000000,498.487000,0.053895,0.178947
180.000000,498.487000,0.007208,0.138697
181.000000,498.487000,-0.039656,0.109036
182.000000,498.487000,-0.085549,0.082353
183.000000,498.487000,-0.129348,0.034718
184.000000,498.487000,-0.169983,-0.007785
185.000000,498.487000,-0.206456,-0.042009
186.000000,498.487000,-0.237874,-0.087303
187.000000,498.487000,-0.263472,-0.119846
188.000000,498.487000,-0.282624,-0.146029
189.000000,498.487000,-0.294857,-0.180162
190.000000,498.487000,-0.299871,-0.208691
191.000000,498.487000,-0.297547,-0.225868
192.000000,498.487000,-0.287944,-0.248020
193.000000,498.487000,-0.271292,-0.256015
194.000000,498.487000,-0.247996,-0.256803
195.000000,498.487000,-0.218634,-0.264761
196.000000,498.487000,-0.183921,-0.243227
197.000000,498.487000,-0.144708,-0.236287
198.000000,498.487000,-0.101950,-0.206291
199.000000,498.487000,-0.056697,-0.172497
0.000000,520.606018,0.044786,-0.110985
1.000000,520.606018,0.092487,-0.064257
2.000000,520.606018,0.137722,-0.034179
3.000000,520.606018,0.179279,0.008649
4.000000,520.606018,0.216050,0.052404
5.000000,520.606018,0.247058,0.086948
6.000000,520.606018,0.271470,0.127317
7.000000,520.606018,0.288634,0.162150
8.000000,520.606018,0.298100,0.189328
9.000000,520.606018,0.299606,0.215636
10.000000,520.606018,0.293114,0.235309
11.000000,520.606018,0.278803,0.252426
12.000000,520.606018,0.257049,0.258332
13.000000,520.606018,0.228432,0.247638
14.000000,520.606018,0.193721,0.228217
15.000000,520.606018,0.153839,0.242310
16.000000,520.606018,0.109850,0.218357
17.000000,520.606018,0.062930,0.191541
18.000000,520.606018,0.014330,0.159704
19.000000,520.606018,-0.034652,0.120284
20.000000,520.606018,-0.082710,0.082307
21.000000,520.606018,-0.128561,0.044143
22.000000,520.606018,-0.170977,0.000196
23.000000,520.606018,-0.208833,-0.037561
24.000000,520.606018,-0.241117,-0.075125
25.000000,520.606018,-0.266960,-0.114238
26.000000,520.606018,-0.285682,-0.145901
27.000000,520.606018,-0.296781,-0.185284
28.000000,520.606018,-0.299952,-0.210818
29.000000,520.606018,-0.295121,-0.228127
30.000000,520.606018,-0.282417,-0.248620
31.000000,520.606018,-0.262168,-0.256148
32.000000,520.606018,-0.234926,-0.252189
33.000000,520.606018,-0.201416,-0.254040
34.000000,520.606018,-0.162524,-0.241867
35.000000,520.606018,-0.119298,-0.214854
36.000000,520.606018,-0.072889,-0.194970
37.000000,520.606018,-0.024532,-0.160475
38.000000,520.606018,0.024478,-0.125275
39.000000,520.606018,0.072837,-0.093630
40.000000,520.606018,0.119249,-0.049541
41.000000,520.606018,0.162479,-0.009200
42.000000,520.606018,0.201376,0.031145
43.000000,520.606018,0.234892,0.074120
44.000000,520.606018,0.262142,0.113961
45.000000,520.606018,0.282399,0.139998
46.000000,520.606018,0.295112,0.181100
47.000000,520.606018,0.299951,0.198908
48.000000,520.606018,0.296788,0.226444
49.000000,520.606018,0.285698,0.248403
50.000000,520.606018,0.266984,0.254139
51.000000,520.606018,0.241149,0.259765
52.000000,520.606018,0.208872,0.259697
53.000000,520.606018,0.171022,0.240298
54.000000,520.606018,0.128609,0.220923
55.000000,520.606018,0.082762,0.200320
56.000000,520.606018,0.034706,0.167754
57.000000,520.606018,-0.014276,0.135651
58.000000,520.606018,-0.062877,0.100620
59.000000,520.606018,-0.109799,0.055546
60.000000,520.606018,-0.153793,0.016003
61.000000,520.606018,-0.193680,-0.026120
62.000000,520.606018,-0.228397,-0.066255
63.000000,520.606018,-0.257021,-0.103952
64.000000,520.606018,-0.278783,-0.142813
65.000000,520.606018,-0.293102,-0.168795
66.000000,520.606018,-0.299603,-0.191258
67.000000,520.606018,-0.298106,-0.233359
68.000000,520.606018,-0.288649,-0.238967
69.000000,520.606018,-0.271493,-0.243869
70.000000,520.606018,-0.247089,-0.252780
71.000000,520.606018,-0.216087,-0.250801
72.000000,520.606018,-0.179322,-0.239782
73.000000,520.606018,-0.137770,-0.228379
74.000000,520.606018,-0.092539,-0.211372
75.000000,520.606018,-0.044839,-0.176304
76.000000,520.606018,0.004057,-0.141480
77.000000,520.606018,0.052845,-0.101785
78.000000,520.606018,0.100223,-0.070882
79.000000,520.606018,0.144927,-0.027719
80.000000,520.606018,0.185760,0.020882
81.000000,520.606018,0.221637,0.047519
82.000000,520.606018,0.251601,0.093628
83.000000,520.606018,0.274844,0.135522
84.000000,520.606018,0.290755,0.160767
85.000000,520.606018,0.298908,0.194515
86.000000,520.606018,0.299076,0.226962
87.000000,520.606018,0.291267,0.236124
88.000000,520.606018,0.275687,0.249045
89.000000,520.606018,0.252741,0.260883
90.000000,520.606018,0.223053,0.252719
91.000000,520.606018,0.187415,0.248371
92.000000,520.606018,0.146769,0.232102
93.000000,520.606018,0.102209,0.206289
94.000000,520.606018,0.054921,0.183780
95.000000,520.606018,0.006166,0.144291
96.000000,520.606018,-0.042752,0.111863
97.000000,520.606018,-0.090531,0.079439
98.000000,520.606018,-0.135891,0.031672
99.000000,520.606018,-0.177626,-0.002131
100.000000,520.606018,-0.214622,-0.041189
101.000000,520.606018,-0.245885,-0.087376
102.000000,520.606018,-0.270587,-0.127139
103.000000,520.606018,-0.288072,-0.154290
104.000000,520.606018,-0.297861,-0.192290
105.000000,520.606018,-0.299702,-0.215312
106.000000,520.606018,-0.293549,-0.227728
107.000000,520.606018,-0.279554,-0.248020
108.000000,520.606018,-0.258100,-0.256235
109.000000,520.606018,-0.229762,-0.257329
110.000000,520.606018,-0.195286,-0.250627
111.000000,520.606018,-0.155599,-0.235860
112.000000,520.606018,-0.111761,-0.221112
113.000000,520.606018,-0.064938,-0.187089
114.000000,520.606018,-0.016383,-0.157983
115.000000,520.606018,0.032610,-0.127405
116.000000,520.606018,0.080732,-0.084943
117.000000,520.606018,0.126699,-0.035389
118.000000,520.606018,0.169286,0.000123
119.000000,520.606018,0.207353,0.039378
120.000000,520.606018,0.239885,0.110347
121.000000,520.606018,0.266018,0.114923
122.000000,520.606018,0.285049,0.141831
123.000000,520.606018,0.296469,0.178598
124.000000,520.606018,0.299981,0.202056
125.000000,520.606018,0.295485,0.228657
126.000000,520.606018,0.283100,0.242823
127.000000,520.606018,0.263163,0.251972
128.000000,520.606018,0.236200,0.256618
129.000000,520.606018,0.202931,0.244151
130.000000,520.606018,0.164249,0.234777
131.000000,520.606018,0.121183,0.223108
132.000000,520.606018,0.074880,0.193502
133.000000,520.606018,0.026580,0.165426
134.000000,520.606018,-0.022429,0.131055
135.000000,520.606018,-0.070840,0.089555
136.000000,520.606018,-0.117360,0.052325
137.000000,520.606018,-0.160749,0.013048
138.000000,520.606018,-0.199844,-0.031353
139.000000,520.606018,-0.233608,-0.071863
140.000000,520.606018,-0.261139,-0.107713
141.000000,520.606018,-0.281695,-0.147500
142.000000,520.606018,-0.294736,-0.174316
143.000000,520.606018,-0.299913,-0.200926
144.000000,520.606018,-0.297078,-0.229199
145.000000,520.606018,-0.286318,-0.243301
146.000000,520.606018,-0.267920,-0.254888
147.000000,520.606018,-0.242363,-0.260234
148.000000,520.606018,-0.210342,-0.242055
149.000000,520.606018,-0.172710,-0.241986
150.000000,520.606018,-0.130462,-0.225946
151.000000,520.606018,-0.084735,-0.195359
152.000000,520.606018,-0.036747,-0.173322
153.000000,520.606018,0.012222,-0.140014
154.000000,520.606018,0.060865,-0.096406
155.000000,520.606018,0.107886,-0.062975
156.000000,520.606018,0.152023,-0.020819
157.000000,520.606018,0.192105,0.029115
158.000000,520.606018,0.227062,0.060907
159.000000,520.606018,0.255953,0.096002
160.000000,520.606018,0.278015,0.133309
161.000000,520.606018,0.292662,0.170053
162.000000,520.606018,0.299490,0.201108
163.000000,520.606018,0.298327,0.218256
164.000000,520.606018,0.289206,0.235818
165.000000,520.606018,0.272360,0.255024
166.000000,520.606018,0.248247,0.255779
167.000000,520.606018,0.217511,0.253072
168.000000,520.606018,0.180966,0.250323
169.000000,520.606018,0.139591,0.223777
170.000000,520.606018,0.094493,0.205148
171.000000,520.606018,0.046871,0.180752
172.000000,520.606018,-0.002002,0.136952
173.000000,520.606018,-0.050821,0.108349
174.000000,520.606018,-0.098283,0.067811
175.000000,520.606018,-0.143122,0.027571
176.000000,520.606018,-0.184143,-0.014946
177.000000,520.606018,-0.220248,-0.051649
178.000000,520.606018,-0.250472,-0.096984
179.000000,520.606018,-0.274015,-0.130887
180.000000,520.606018,-0.290243,-0.164621
181.000000,520.606018,-0.298722,-0.195877
182.000000,520.606018,-0.299232,-0.211867
183.000000,520.606018,-0.291754,-0.239013
184.000000,520.606018,-0.276486,-0.253027
185.000000,520.606018,-0.253843,-0.254136
186.000000,520.606018,-0.224424,-0.252707
187.000000,520.606018,-0.189012,-0.252954
188.000000,520.606018,-0.148559,-0.229661
189.000000,520.606018,-0.104140,-0.209031
190.000000,520.606018,-0.056940,-0.183543
191.000000,520.606018,-0.008221,-0.145883
0.000000,543.706970,0.003966,-0.146707
1.000000,543.706970,0.054898,-0.106600
2.000000,543.706970,0.104232,-0.075249
3.000000,543.706970,0.150531,-0.024540
4.000000,543.706970,0.192450,0.021602
5.000000,543.706970,0.228766,0.056220
6.000000,543.706970,0.258425,0.101275
7.000000,543.706970,0.280562,0.138656
8.000000,543.706970,0.294534,0.164253
9.000000,543.706970,0.299933,0.201414
10.000000,543.706970,0.296603,0.217276
11.000000,543.706970,0.284641,0.243858
12.000000,543.706970,0.264394,0.256971
13.000000,543.706970,0.236452,0.251386
14.000000,543.706970,0.201626,0.253218
15.000000,543.706970,0.160931,0.249283
16.000000,543.706970,0.115553,0.217230
17.000000,543.706970,0.066812,0.191161
18.000000,543.706970,0.016127,0.162971
19.000000,543.706970,-0.035027,0.122071
20.000000,543.706970,-0.085162,0.084461
21.000000,543.706970,-0.132819,0.046823
22.000000,543.706970,-0.176609,-0.000697
23.000000,543.706970,-0.215260,-0.038600
24.000000,543.706970,-0.247647,-0.081351
25.000000,543.706970,-0.272825,-0.126145
26.000000,543.706970,-0.290063,-0.155582
27.000000,543.706970,-0.298856,-0.193284
28.000000,543.706970,-0.298951,-0.217378
29.000000,543.706970,-0.290345,-0.230307
30.000000,543.706970,-0.273289,-0.252107
31.000000,543.706970,-0.248279,-0.253921
32.000000,543.706970,-0.216043,-0.245656
33.000000,543.706970,-0.177519,-0.245266
34.000000,543.706970,-0.133829,-0.231306
35.000000,543.706970,-0.086243,-0.199753
36.000000,543.706970,-0.036147,-0.178595
37.000000,543.706970,0.015001,-0.137114
38.000000,543.706970,0.065714,-0.096846
39.000000,543.706970,0.114513,-0.058961
40.000000,543.706970,0.159978,-0.019046
41.000000,543.706970,0.200788,0.028410
42.000000,543.706970,0.235753,0.070500
43.000000,543.706970,0.263856,0.111675
44.000000,543.706970,0.284281,0.140585
45.000000,543.706970,0.296431,0.175400
46.000000,543.706970,0.299954,0.208594
47.000000,543.706970,0.294747,0.223117
48.000000,543.706970,0.280961,0.243844
49.000000,543.706970,0.258998,0.260517
50.000000,543.706970,0.229497,0.255326
51.000000,543.706970,0.193315,0.247184
52.000000,543.706970,0.151506,0.237375
53.000000,543.706970,0.105287,0.212616
54.000000,543.706970,0.056005,0.187807
55.000000,543.706970,0.005093,0.153303
56.000000,543.706970,-0.045967,0.114177
57.000000,543.706970,-0.095690,0.076493
58.000000,543.706970,-0.142627,0.032744
59.000000,543.706970,-0.185413,-0.013878
60.000000,543.706970,-0.222803,-0.048529
61.000000,543.706970,-0.253709,-0.100764
62.000000,543.706970,-0.277232,-0.131593
63.000000,543.706970,-0.292684,-0.155550
64.000000,543.706970,-0.299616,-0.149974
65.000000,543.706970,-0.297827,-0.217465
66.000000,543.706970,-0.287371,-0.241482
67.000000,543.706970,-0.268550,-0.266314
68.000000,543.706970,-0.241914,-0.264715
69.000000,543.706970,-0.208237,-0.252949
70.000000,543.706970,-0.168500,-0.246013
71.000000,543.706970,-0.123858,-0.238541
72.000000,543.706970,-0.075611,-0.199066
73.000000,543.706970,-0.025164,-0.166248
74.000000,543.706970,0.026017,-0.127153
75.000000,543.706970,0.076440,-0.093350
76.000000,543.706970,0.124639,-0.044387
77.000000,543.706970,0.169209,-0.001439
78.000000,543.706970,0.208854,0.030851
79.000000,543.706970,0.242420,0.075174
80.000000,543.706970,0.268930,0.120041
81.000000,543.706970,0.287614,0.148186
82.000000,543.706970,0.297927,0.182607
83.000000,543.706970,0.299568,0.215201
84.000000,543.706970,0.292491,0.233004
85.000000,543.706970,0.276901,0.248078
86.000000,543.706970,0.253252,0.257017
87.000000,543.706970,0.222232,0.252792
88.000000,543.706970,0.184742,0.245471
89.000000,543.706970,0.141875,0.232042
90.000000,543.706970,0.094879,0.209790
91.000000,543.706970,0.045122,0.181320
92.000000,543.706970,-0.005948,0.142211
93.000000,543.706970,-0.056845,0.103529
94.000000,543.706970,-0.106087,0.066565
95.000000,543.706970,-0.152242,0.017684
96.000000,543.706970,-0.193966,-0.024599
97.000000,543.706970,-0.230045,-0.054137
98.000000,543.706970,-0.259429,-0.098097
99.000000,543.706970,-0.281262,-0.137187
100.000000,543.706970,-0.294909,-0.163517
101.000000,543.706970,-0.299970,-0.200697
102.000000,543.706970,-0.296300,-0.225506
103.000000,543.706970,-0.284007,-0.235315
104.000000,543.706970,-0.263448,-0.256427
105.000000,543.706970,-0.235222,-0.260101
106.000000,543.706970,-0.200150,-0.252629
107.000000,543.706970,-0.159253,-0.241326
108.000000,543.706970,-0.113720,-0.215926
109.000000,543.706970,-0.064877,-0.190897
110.000000,543.706970,-0.014146,-0.167755
111.000000,543.706970,0.036997,-0.117514
112.000000,543.706970,0.087064,-0.081722
113.000000,543.706970,0.134596,-0.039861
114.000000,543.706970,0.178210,0.003527
115.000000,543.706970,0.216637,0.039478
116.000000,543.706970,0.248759,0.085954
117.000000,543.706970,0.273640,0.133809
118.000000,543.706970,0.290558,0.154586
119.000000,543.706970,0.299019,0.187881
120.000000,543.706970,0.298777,0.216841
121.000000,543.706970,0.289840,0.233151
122.000000,543.706970,0.272466,0.246584
123.000000,543.706970,0.247163,0.252064
124.000000,543.706970,0.214666,0.257553
125.000000,543.706970,0.175919,0.245750
126.000000,543.706970,0.132052,0.221757
127.000000,543.706970,0.084342,0.199582
128.000000,543.706970,0.034178,0.175039
129.000000,543.706970,-0.016981,0.134051
130.000000,543.706970,-0.067646,0.095928
131.000000,543.706970,-0.116341,0.065951
132.000000,543.706970,-0.161651,0.013217
133.000000,543.706970,-0.202256,-0.027806
134.000000,543.706970,-0.236975,-0.064931
135.000000,543.706970,-0.264797,-0.114018
136.000000,543.706970,-0.284912,-0.146121
137.000000,543.706970,-0.296734,-0.173931
138.000000,543.706970,-0.299917,-0.204417
139.000000,543.706970,-0.294372,-0.226106
140.000000,543.706970,-0.280259,-0.245921
141.000000,543.706970,-0.257990,-0.255314
142.000000,543.706970,-0.228211,-0.251341
143.000000,543.706970,-0.191791,-0.254287
144.000000,543.706970,-0.149789,-0.237840
145.000000,543.706970,-0.103428,-0.211340
146.000000,543.706970,-0.054056,-0.179489
147.000000,543.706970,-0.003110,-0.151541
148.000000,543.706970,0.047927,-0.114407
149.000000,543.706970,0.097569,-0.075629
150.000000,543.706970,0.144370,-0.031834
151.000000,543.706970,0.186969,0.014234
152.000000,543.706970,0.224126,0.050786
153.000000,543.706970,0.254760,0.091754
154.000000,543.706970,0.277979,0.132476
155.000000,543.706970,0.293108,0.162466
156.000000,543.706970,0.299706,0.196654
157.000000,543.706970,0.297581,0.224409
158.000000,543.706970,0.286795,0.239171
159.000000,543.706970,0.267662,0.236523
160.000000,543.706970,0.240739,0.249452
161.000000,543.706970,0.206809,0.255005
162.000000,543.706970,0.166858,0.249283
163.000000,543.706970,0.122050,0.224671
164.000000,543.706970,0.073691,0.196668
165.000000,543.706970,0.023187,0.166911
166.000000,543.706970,-0.027991,0.126011
167.000000,543.706970,-0.078355,0.091754
168.000000,543.706970,-0.126438,0.050397
169.000000,543.706970,-0.170841,0.001090
170.000000,543.706970,-0.210272,-0.029520
171.000000,543.706970,-0.243583,-0.076971
172.000000,543.706970,-0.269806,-0.116771
173.000000,543.706970,-0.288176,-0.153195
174.000000,543.706970,-0.298157,-0.192184
175.000000,543.706970,-0.299459,-0.214244
176.000000,543.706970,-0.292045,-0.230220
177.000000,543.706970,-0.276131,-0.254274
178.000000,543.706970,-0.252181,-0.255181
179.000000,543.706970,-0.220892,-0.250929
180.000000,543.706970,-0.183173,-0.245340
181.000000,543.706970,-0.140123,-0.227733
182.000000,543.706970,-0.092995,-0.199973
0.000000,567.833008,0.047525,-0.119232
1.000000,567.833008,0.099330,-0.075977
2.000000,567.833008,0.147986,-0.036640
3.000000,567.833008,0.191940,0.009703
4.000000,567.833008,0.229808,0.059858
5.000000,567.833008,0.260377,0.061974
6.000000,567.833008,0.282686,0.134097
7.000000,567.833008,0.296020,0.183798
8.000000,567.833008,0.299960,0.208969
9.000000,567.833008,0.294380,0.229330
10.000000,567.833008,0.279456,0.251510
11.000000,567.833008,0.255664,0.246772
12.000000,567.833008,0.223755,0.252765
13.000000,567.833008,0.184748,0.249650
14.000000,567.833008,0.139873,0.232111
15.000000,567.833008,0.090563,0.213849
16.000000,567.833008,0.038375,0.178919
17.000000,567.833008,-0.015030,0.142078
18.000000,567.833008,-0.067957,0.106695
19.000000,567.833008,-0.118728,0.060132
20.000000,567.833008,-0.165730,0.016777
21.000000,567.833008,-0.207472,-0.021080
22.000000,567.833008,-0.242630,-0.074282
23.000000,567.833008,-0.270086,-0.117605
24.000000,567.833008,-0.288972,-0.143569
25.000000,567.833008,-0.298683,-0.184996
26.000000,567.833008,-0.298919,-0.211958
27.000000,567.833008,-0.289662,-0.224974
28.000000,567.833008,-0.271219,-0.245413
29.000000,567.833008,-0.244158,-0.252954
30.000000,567.833008,-0.209357,-0.243576
31.000000,567.833008,-0.167904,-0.241693
32.000000,567.833008,-0.121127,-0.223573
33.000000,567.833008,-0.070503,-0.197146
34.000000,567.833008,-0.017643,-0.166101
35.000000,567.833008,0.035778,-0.127593
36.000000,567.833008,0.088063,-0.086565
37.000000,567.833008,0.137554,-0.046014
38.000000,567.833008,0.182677,0.001488
39.000000,567.833008,0.222006,0.043772
40.000000,567.833008,0.254283,0.086788
41.000000,567.833008,0.278497,0.122969
42.000000,567.833008,0.293863,0.160166
43.000000,567.833008,0.299912,0.194661
44.000000,567.833008,0.296432,0.225321
45.000000,567.833008,0.283552,0.237618
46.000000,567.833008,0.261666,0.249645
47.000000,567.833008,0.231480,0.258804
48.000000,567.833008,0.193945,0.246845
49.000000,567.833008,0.150255,0.235204
50.000000,567.833008,0.101796,0.214981
51.000000,567.833008,0.050106,0.186355
52.000000,567.833008,-0.003174,0.149491
53.000000,567.833008,-0.056354,0.109714
54.000000,567.833008,-0.107746,0.068640
55.000000,567.833008,-0.155715,0.031397
56.000000,567.833008,-0.198747,-0.017246
57.000000,567.833008,-0.235465,-0.062242
58.000000,567.833008,-0.264716,-0.097492
59.000000,567.833008,-0.285559,-0.151880
60.000000,567.833008,-0.297344,-0.174902
61.000000,567.833008,-0.299688,-0.199153
62.000000,567.833008,-0.292522,-0.227559
63.000000,567.833008,-0.276072,-0.241500
64.000000,567.833008,-0.250859,-0.246329
65.000000,567.833008,-0.217685,-0.257467
66.000000,567.833008,-0.177600,-0.243141
67.000000,567.833008,-0.131882,-0.218794
68.000000,567.833008,-0.081974,-0.204051
69.000000,567.833008,-0.029467,-0.175736
70.000000,567.833008,0.023976,-0.141755
71.000000,567.833008,0.076659,-0.101451
72.000000,567.833008,0.126907,-0.055882
73.000000,567.833008,0.173130,-0.014992
74.000000,567.833008,0.213854,0.033138
75.000000,567.833008,0.247794,0.084039
76.000000,567.833008,0.273868,0.117384
77.000000,567.833008,0.291250,0.160212
78.000000,567.833008,0.299389,0.186786
79.000000,567.833008,0.298023,0.213290
80.000000,567.833008,0.287203,0.234984
81.000000,567.833008,0.267261,0.250689
82.000000,567.833008,0.238844,0.254506
83.000000,567.833008,0.202839,0.251945
84.000000,567.833008,0.160403,0.240729
85.000000,567.833008,0.112871,0.217303
86.000000,567.833008,0.061759,0.192861
87.000000,567.833008,0.008686,0.159012
88.000000,567.833008,-0.044663,0.121017
89.000000,567.833008,-0.096593,0.083833
90.000000,567.833008,-0.145458,0.033678
91.000000,567.833008,-0.189707,-0.011432
92.000000,567.833008,-0.227934,-0.046916
93.000000,567.833008,-0.258928,-0.094070
94.000000,567.833008,-0.281701,-0.132940
95.000000,567.833008,-0.295539,-0.159123
96.000000,567.833008,-0.299989,-0.201444
97.000000,567.833008,-0.294928,-0.223646
98.000000,567.833008,-0.280495,-0.237849
99.000000,567.833008,-0.257168,-0.253527
100.000000,567.833008,-0.225673,-0.253334
101.000000,567.833008,-0.187020,-0.246169
102.000000,567.833008,-0.142428,-0.233886
103.000000,567.833008,-0.093318,-0.208779
104.000000,567.833008,-0.041245,-0.185096
105.000000,567.833008,0.012137,-0.145800
106.000000,567.833008,0.065134,-0.103819
107.000000,567.833008,0.116063,-0.066168
108.000000,567.833008,0.163310,-0.021026
109.000000,567.833008,0.205370,0.026742
110.000000,567.833008,0.240919,0.069387
111.000000,567.833008,0.268812,0.109096
112.000000,567.833008,0.288183,0.149950
113.000000,567.833008,0.298398,0.176234
114.000000,567.833008,0.299150,0.210949
115.000000,567.833008,0.290402,0.235735
116.000000,567.833008,0.272441,0.243345
117.000000,567.833008,0.245830,0.254772
118.000000,567.833008,0.211419,0.254277
119.000000,567.833008,0.170297,0.240665
120.000000,567.833008,0.123769,0.225596
121.000000,567.833008,0.073315,0.197488
122.000000,567.833008,0.020532,0.163053
123.000000,567.833008,-0.032902,0.131449
124.000000,567.833008,-0.085290,0.085688
125.000000,567.833008,-0.134975,0.048165
126.000000,567.833008,-0.180371,0.007321
127.000000,567.833008,-0.220048,-0.043333
128.000000,567.833008,-0.252735,-0.086070
129.000000,567.833008,-0.277405,-0.121774
130.000000,567.833008,-0.293268,-0.163494
131.000000,567.833008,-0.299825,-0.192917
132.000000,567.833008,-0.296865,-0.216640
133.000000,567.833008,-0.284482,-0.239613
134.000000,567.833008,-0.263073,-0.248648
135.000000,567.833008,-0.233310,-0.253449
136.000000,567.833008,-0.196147,-0.251667
137.000000,567.833008,-0.152753,-0.234674
138.000000,567.833008,-0.104516,-0.213365
139.000000,567.833008,-0.052958,-0.191337
140.000000,567.833008,0.000279,-0.150322
141.000000,567.833008,0.053507,-0.116318
142.000000,567.833008,0.105038,-0.071556
143.000000,567.833008,0.153234,-0.026015
144.000000,567.833008,0.196567,0.012470
145.000000,567.833008,0.233661,0.059019
146.000000,567.833008,0.263339,0.105380
147.000000,567.833008,0.284660,0.137025
148.000000,567.833008,0.296943,0.172780
149.000000,567.833008,0.299807,0.201213
150.000000,567.833008,0.293149,0.220057
151.000000,567.833008,0.277195,0.239891
152.000000,567.833008,0.252434,0.252724
153.000000,567.833008,0.219669,0.258153
154.000000,567.833008,0.179925,0.250964
155.000000,567.833008,0.134476,0.226810
156.000000,567.833008,0.084756,0.203229
157.000000,567.833008,0.032347,0.170805
158.000000,567.833008,-0.021089,0.134872
159.000000,567.833008,-0.073855,0.104936
160.000000,567.833008,-0.124278,0.060444
161.000000,567.833008,-0.170755,0.009643
162.000000,567.833008,-0.211815,-0.030267
163.000000,567.833008,-0.246149,-0.072225
164.000000,567.833008,-0.272676,-0.122645
165.000000,567.833008,-0.290541,-0.153855
166.000000,567.833008,-0.299193,-0.181372
167.000000,567.833008,-0.298340,-0.213718
168.000000,567.833008,-0.288026,-0.231833
169.000000,567.833008,-0.268565,-0.249289
170.000000,567.833008,-0.240584,-0.251960
171.000000,567.833008,-0.204964,-0.250815
172.000000,567.833008,-0.162841,-0.245381
173.000000,567.833008,-0.115549,-0.222212
174.000000,567.833008,-0.064589,-0.196518
175.000000,567.833008,-0.011580,-0.164388
0.000000,593.028992,0.020894,-0.142987
1.000000,593.028992,0.075966,-0.097519
2.000000,593.028992,0.128410,-0.063195
3.000000,593.028992,0.176407,-0.012559
4.000000,593.028992,0.218299,0.043850
5.000000,593.028992,0.252636,0.076314
6.000000,593.028992,0.278232,0.118396
7.000000,593.028992,0.294199,0.161111
8.000000,593.028992,0.299980,0.190075
9.000000,593.028992,0.295379,0.216602
10.000000,593.028992,0.280556,0.241549
11.000000,593.028992,0.256024,0.249145
12.000000,593.028992,0.222633,0.254318
13.000000,593.028992,0.181535,0.239157
14.000000,593.028992,0.134153,0.229197
15.000000,593.028992,0.082128,0.210688
16.000000,593.028992,0.027262,0.173934
17.000000,593.028992,-0.028548,0.139311
18.000000,593.028992,-0.083371,0.101220
19.000000,593.028992,-0.135307,0.037252
20.000000,593.028992,-0.182560,0.008649
21.000000,593.028992,-0.223494,-0.024375
22.000000,593.028992,-0.256695,-0.083436
23.000000,593.028992,-0.281013,-0.124239
24.000000,593.028992,-0.295606,-0.159650
25.000000,593.028992,-0.299963,-0.197577
26.000000,593.028992,-0.293939,-0.225506
27.000000,593.028992,-0.277745,-0.234715
28.000000,593.028992,-0.251938,-0.250773
29.000000,593.028992,-0.217414,-0.248208
30.000000,593.028992,-0.175361,-0.247021
31.000000,593.028992,-0.127239,-0.228979
32.000000,593.028992,-0.074715,-0.197632
33.000000,593.028992,-0.019605,-0.175035
34.000000,593.028992,0.036183,-0.135167
35.000000,593.028992,0.090721,-0.086052
36.000000,593.028992,0.142116,-0.046453
37.000000,593.028992,0.188593,0.000242
38.000000,593.028992,0.228544,0.045636
39.000000,593.028992,0.260586,0.087695
40.000000,593.028992,0.283611,0.153358
41.000000,593.028992,0.296817,0.172345
42.000000,593.028992,0.299749,0.190968
43.000000,593.028992,0.292308,0.218316
44.000000,593.028992,0.274752,0.242663
45.000000,593.028992,0.247688,0.248032
46.000000,593.028992,0.212051,0.250451
47.000000,593.028992,0.169072,0.238544
48.000000,593.028992,0.120243,0.222430
49.000000,593.028992,0.067253,0.201767
50.000000,593.028992,0.011936,0.163213
51.000000,593.028992,-0.043795,0.128897
52.000000,593.028992,-0.098010,0.087979
53.000000,593.028992,-0.148832,0.035392
54.000000,593.028992,-0.194503,-0.004445
55.000000,593.028992,-0.233444,-0.043649
56.000000,593.028992,-0.264306,-0.096530
57.000000,593.028992,-0.286022,-0.131900
58.000000,593.028992,-0.297834,-0.169244
59.000000,593.028992,-0.299338,-0.206277
60.000000,593.028992,-0.290485,-0.227293
61.000000,593.028992,-0.271579,-0.244909
62.000000,593.028992,-0.243275,-0.254347
63.000000,593.028992,-0.206548,-0.249101
64.000000,593.028992,-0.162673,-0.239814
65.000000,593.028992,-0.113168,-0.222358
66.000000,593.028992,-0.059747,-0.193165
67.000000,593.028992,-0.004259,-0.164915
68.000000,593.028992,0.051378,-0.126906
69.000000,593.028992,0.105236,-0.074891
70.000000,593.028992,0.155451,-0.040126
71.000000,593.028992,0.200286,0.014976
72.000000,593.028992,0.238191,0.052404
73.000000,593.028992,0.267854,0.099149
74.000000,593.028992,0.288244,0.142944
75.000000,593.028992,0.298655,0.186405
76.000000,593.028992,0.298732,0.208003
77.000000,593.028992,0.288472,0.233270
78.000000,593.028992,0.268229,0.245723
79.000000,593.028992,0.238702,0.254652
80.000000,593.028992,0.200910,0.256471
81.000000,593.028992,0.156167,0.233137
82.000000,593.028992,0.106019,0.214316
83.000000,593.028992,0.052202,0.192233
84.000000,593.028992,-0.003421,0.153399
85.000000,593.028992,-0.058927,0.116023
86.000000,593.028992,-0.112392,0.080905
87.000000,593.028992,-0.161968,0.021551
88.000000,593.028992,-0.205938,-0.020073
89.000000,593.028992,-0.242783,-0.055997
90.000000,593.028992,-0.271226,-0.110371
91.000000,593.028992,-0.290276,-0.152215
92.000000,593.028992,-0.299282,-0.177505
93.000000,593.028992,-0.297931,-0.209924
94.000000,593.028992,-0.286270,-0.232873
95.000000,593.028992,-0.264703,-0.242228
96.000000,593.028992,-0.233971,-0.255314
97.000000,593.028992,-0.195141,-0.248881
98.000000,593.028992,-0.149558,-0.240387
99.000000,593.028992,-0.098800,-0.217598
100.000000,593.028992,-0.044623,-0.181417
101.000000,593.028992,0.011099,-0.153154
102.000000,593.028992,0.066437,-0.110838
103.000000,593.028992,0.119475,-0.062544
104.000000,593.028992,0.168379,-0.026065
105.000000,593.028992,0.211455,0.024643
106.000000,593.028992,0.247215,0.077405
107.000000,593.028992,0.274417,0.110983
108.000000,593.028992,0.292119,0.154852
109.000000,593.028992,0.299713,0.189012
110.000000,593.028992,0.296935,0.208896
111.000000,593.028992,0.283881,0.232450
112.000000,593.028992,0.261003,0.244976
113.000000,593.028992,0.229087,0.251005
114.000000,593.028992,0.189244,0.248064
115.000000,593.028992,0.142853,0.228964
116.000000,593.028992,0.091517,0.211489
117.000000,593.028992,0.037015,0.181526
118.000000,593.028992,-0.018770,0.145212
119.000000,593.028992,-0.073904,0.103749
120.000000,593.028992,-0.126480,0.065204
121.000000,593.028992,-0.174679,0.012397
122.000000,593.028992,-0.216834,-0.031233
123.000000,593.028992,-0.251486,-0.069618
124.000000,593.028992,-0.277429,-0.118705
125.000000,593.028992,-0.293771,-0.153855
126.000000,593.028992,-0.299947,-0.184945
127.000000,593.028992,-0.295744,-0.218258
128.000000,593.028992,-0.281306,-0.237707
129.000000,593.028992,-0.257130,-0.249142
130.000000,593.028992,-0.224053,-0.261788
131.000000,593.028992,-0.183223,-0.245088
132.000000,593.028992,-0.136053,-0.238820
133.000000,593.028992,-0.084174,-0.208371
134.000000,593.028992,-0.029382,-0.167430
135.000000,593.028992,0.026428,-0.143033
136.000000,593.028992,0.081322,-0.102578
137.000000,593.028992,0.133402,-0.047443
138.000000,593.028992,0.180866,-0.009778
139.000000,593.028992,0.222071,0.037518
140.000000,593.028992,0.255589,0.087892
141.000000,593.028992,0.280259,0.123037
142.000000,593.028992,0.295230,0.157752
143.000000,593.028992,0.299986,0.196453
144.000000,593.028992,0.294360,0.218050
145.000000,593.028992,0.278547,0.235804
146.000000,593.028992,0.253089,0.250263
147.000000,593.028992,0.218872,0.253832
148.000000,593.028992,0.177083,0.249177
149.000000,593.028992,0.129165,0.227543
150.000000,593.028992,0.076776,0.203902
151.000000,593.028992,0.021730,0.176912
152.000000,593.028992,-0.034069,0.132191
153.000000,593.028992,-0.088687,0.091241
154.000000,593.028992,-0.140237,0.047203
155.000000,593.028992,-0.186934,-0.002411
156.000000,593.028992,-0.227163,0.084919
157.000000,593.028992,-0.259525,-0.080559
158.000000,593.028992,-0.282906,-0.167568
159.000000,593.028992,-0.296497,-0.200711
160.000000,593.028992,-0.299828,-0.215733
161.000000,593.028992,-0.292783,-0.238192
162.000000,593.028992,-0.275603,-0.251548
163.000000,593.028992,-0.248882,-0.253582
164.000000,593.028992,-0.213549,-0.248767
165.000000,593.028992,-0.170826,-0.242568
166.000000,593.028992,-0.122192,-0.230692
167.000000,593.028992,-0.069328,-0.204211
0.000000,619.343018,0.031383,-0.145667
1.000000,619.343018,0.088476,-0.092759
2.000000,619.343018,0.142230,-0.051594
3.000000,619.343018,0.190618,-0.003858
4.000000,619.343018,0.231811,0.044157
5.000000,619.343018,0.264254,0.086128
6.000000,619.343018,0.286724,0.134377
7.000000,619.343018,0.298374,0.167579
8.000000,619.343018,0.298765,0.199215
9.000000,619.343018,0.287881,0.224455
10.000000,619.343018,0.266134,0.243725
11.000000,619.343018,0.234342,0.255385
12.000000,619.343018,0.193703,0.253003
13.000000,619.343018,0.145756,0.234791
14.000000,619.343018,0.092308,0.212516
15.000000,619.343018,0.035378,0.188119
16.000000,619.343018,-0.022888,0.141859
17.000000,619.343018,-0.080291,0.106782
18.000000,619.343018,-0.134664,0.062597
19.000000,619.343018,-0.183953,0.012690
20.000000,619.343018,-0.226300,-0.035407
21.000000,619.343018,-0.260107,-0.081205
22.000000,619.343018,-0.284099,-0.125779
23.000000,619.343018,-0.297370,-0.163842
24.000000,619.343018,-0.299419,-0.196844
25.000000,619.343018,-0.290166,-0.224965
26.000000,619.343018,-0.269961,-0.237821
27.000000,619.343018,-0.239569,-0.254040
28.000000,619.343018,-0.200136,-0.250567
29.000000,619.343018,-0.153151,-0.233601
30.000000,619.343018,-0.100387,-0.218331
31.000000,619.343018,-0.043833,-0.192244
32.000000,619.343018,0.014375,-0.148563
33.000000,619.343018,0.072041,-0.113945
34.000000,619.343018,0.126987,-0.064496
35.000000,619.343018,0.177141,-0.010914
36.000000,619.343018,0.220610,0.027498
37.000000,619.343018,0.255755,0.075160
38.000000,619.343018,0.281249,0.118722
39.000000,619.343018,0.296125,0.154133
40.000000,619.343018,0.299825,0.189654
41.000000,619.343018,0.292211,0.216250
42.000000,619.343018,0.273570,0.243111
43.000000,619.343018,0.244606,0.257484
44.000000,619.343018,0.206411,0.248339
45.000000,619.343018,0.160426,0.246378
46.000000,619.343018,0.108384,0.226962
47.000000,619.343018,0.052253,0.192228
48.000000,619.343018,-0.005850,0.158572
49.000000,619.343018,-0.063732,0.120481
50.000000,619.343018,-0.119208,0.071101
51.000000,619.343018,-0.170187,0.022930
52.000000,619.343018,-0.214745,-0.019395
53.000000,619.343018,-0.251194,-0.066622
54.000000,619.343018,-0.278164,-0.112712
55.000000,619.343018,-0.294636,-0.156122
56.000000,619.343018,-0.299990,-0.201224
57.000000,619.343018,-0.294024,-0.215032
58.000000,619.343018,-0.276962,-0.235379
59.000000,619.343018,-0.249448,-0.243347
60.000000,619.343018,-0.212516,-0.245862
61.000000,619.343018,-0.167565,-0.244666
62.000000,619.343018,-0.116292,-0.226092
63.000000,619.343018,-0.060630,-0.190072
64.000000,619.343018,-0.002679,-0.168255
65.000000,619.343018,0.055372,-0.126920
66.000000,619.343018,0.111335,-0.074978
67.000000,619.343018,0.163095,-0.034926
68.000000,619.343018,0.208699,0.016603
69.000000,619.343018,0.246427,0.067211
70.000000,619.343018,0.274856,0.110017
71.000000,619.343018,0.292913,0.147631
72.000000,619.343018,0.299917,0.181512
73.000000,619.343018,0.295602,0.212163
74.000000,619.343018,0.280127,0.235190
75.000000,619.343018,0.254082,0.242804
76.000000,619.343018,0.218449,0.249512
77.000000,619.343018,0.174572,0.254071
78.000000,619.343018,0.124107,0.227057
79.000000,619.343018,0.068959,0.200988
80.000000,619.343018,0.011207,0.172125
81.000000,619.343018,-0.046967,0.130698
82.000000,619.343018,-0.103369,0.083127
83.000000,619.343018,-0.155869,0.042283
84.000000,619.343018,-0.202487,-0.010818
85.000000,619.343018,-0.241465,-0.056308
86.000000,619.343018,-0.271331,-0.096699
87.000000,619.343018,-0.290956,-0.146680
88.000000,619.343018,-0.299597,-0.172236
89.000000,619.343018,-0.296933,-0.206799
90.000000,619.343018,-0.283064,-0.235966
91.000000,619.343018,-0.258513,-0.253861
92.000000,619.343018,-0.224207,-0.249087
93.000000,619.343018,-0.181440,-0.243493
94.000000,619.343018,-0.131823,-0.227627
95.000000,619.343018,-0.077231,-0.211784
96.000000,619.343018,-0.019725,-0.176689
97.000000,619.343018,0.038524,-0.127575
98.000000,619.343018,0.095320,-0.063474
99.000000,619.343018,0.148520,-0.049835
100.000000,619.343018,0.196115,-0.005934
101.000000,619.343018,0.236308,0.040812
102.000000,619.343018,0.267581,0.091081
103.000000,619.343018,0.288756,0.135962
104.000000,619.343018,0.299034,0.170800
105.000000,619.343018,0.298029,0.225843
106.000000,619.343018,0.285776,0.224236
107.000000,619.343018,0.262740,0.235451
108.000000,619.343018,0.229785,0.245970
109.000000,619.343018,0.188157,0.243405
110.000000,619.343018,0.139430,0.233064
111.000000,619.343018,0.085441,0.213208
112.000000,619.343018,0.028228,0.177508
113.000000,619.343018,-0.030051,0.140571
114.000000,619.343018,-0.087196,0.102553
115.000000,619.343018,-0.141050,0.048779
116.000000,619.343018,-0.189580,0.005822
117.000000,619.343018,-0.230955,-0.040676
118.000000,619.343018,-0.263615,-0.090876
119.000000,619.343018,-0.286327,-0.130640
120.000000,619.343018,-0.298234,-0.164557
121.000000,619.343018,-0.298888,-0.202410
122.000000,619.343018,-0.288257,-0.223866
123.000000,619.343018,-0.266747,-0.243108
124.000000,619.343018,-0.235172,-0.254494
125.000000,619.343018,-0.194723,-0.245088
126.000000,619.343018,-0.146925,-0.218079
127.000000,619.343018,-0.093583,-0.217598
128.000000,619.343018,-0.036708,-0.187964
129.000000,619.343018,0.021553,-0.157914
130.000000,619.343018,0.078999,-0.111805
131.000000,619.343018,0.133464,-0.057183
132.000000,619.343018,0.182892,-0.013498
133.000000,619.343018,0.225419,0.033944
134.000000,619.343018,0.259440,0.087746
135.000000,619.343018,0.283671,0.122071
136.000000,619.343018,0.297191,0.159685
137.000000,619.343018,0.299496,0.194373
138.000000,619.343018,0.290500,0.221023
139.000000,619.343018,0.270541,0.245544
140.000000,619.343018,0.240373,0.247670
141.000000,619.343018,0.201134,0.247212
142.000000,619.343018,0.154304,0.242850
143.000000,619.343018,0.101648,0.217436
144.000000,619.343018,0.045158,0.186414
145.000000,619.343018,-0.013037,0.156291
146.000000,619.343018,-0.070739,0.110763
147.000000,619.343018,-0.125772,0.065273
148.000000,619.343018,-0.176060,0.024208
149.000000,619.343018,-0.219703,-0.028672
150.000000,619.343018,-0.255052,-0.070296
151.000000,619.343018,-0.280776,-0.114407
152.000000,619.343018,-0.295904,-0.155454
153.000000,619.343018,-0.299866,-0.193811
154.000000,619.343018,-0.292513,-0.216567
155.000000,619.343018,-0.274121,-0.244226
156.000000,619.343018,-0.245382,-0.250581
157.000000,619.343018,-0.207380,-0.251955
158.000000,619.343018,-0.161554,-0.247053
159.000000,619.343018,-0.109631,-0.224480
160.000000,619.343018,-0.053571,-0.195364
0.000000,646.825012,0.024277,-0.154501
1.000000,646.825012,0.084122,-0.108639
2.000000,646.825012,0.140504,-0.063208
3.000000,646.825012,0.191104,-0.010758
4.000000,646.825012,0.233842,0.047657
5.000000,646.825012,0.266954,0.085542
6.000000,646.825012,0.289087,0.132237
7.000000,646.825012,0.299314,0.177998
8.000000,646.825012,0.297234,0.197809
9.000000,646.825012,0.282914,0.223676
10.000000,646.825012,0.256958,0.246749
11.000000,646.825012,0.220425,0.245952
12.000000,646.825012,0.174822,0.245398
13.000000,646.825012,0.122026,0.232469
14.000000,646.825012,0.064206,0.206289
15.000000,646.825012,0.003746,0.175226
16.000000,646.825012,-0.056868,0.129850
17.000000,646.825012,-0.115144,0.077194
18.000000,646.825012,-0.168679,0.034576
19.000000,646.825012,-0.215274,-0.019078
20.000000,646.825012,-0.253011,-0.077356
21.000000,646.825012,-0.280334,-0.105546
22.000000,646.825012,-0.296126,-0.149800
23.000000,646.825012,-0.299725,-0.245601
24.000000,646.825012,-0.290999,-0.207486
25.000000,646.825012,-0.270289,-0.221451
26.000000,646.825012,-0.238463,-0.231306
27.000000,646.825012,-0.196820,-0.233455
28.000000,646.825012,-0.147080,-0.233066
29.000000,646.825012,-0.091287,-0.213305
30.000000,646.825012,-0.031737,-0.184785
31.000000,646.825012,0.029119,-0.150180
32.000000,646.825012,0.088775,-0.101932
33.000000,646.825012,0.144782,-0.058769
34.000000,646.825012,0.194825,-0.008371
35.000000,646.825012,0.236856,0.043804
36.000000,646.825012,0.269137,0.086875
37.000000,646.825012,0.290344,0.132911
38.000000,646.825012,0.299605,0.177412
39.000000,646.825012,0.296533,0.204883
40.000000,646.825012,0.281264,0.230897
41.000000,646.825012,0.254414,0.253003
42.000000,646.825012,0.217101,0.251606
43.000000,646.825012,0.170849,0.244578
44.000000,646.825012,0.117569,0.230975
45.000000,646.825012,0.059451,0.199596
46.000000,646.825012,-0.001114,0.164372
47.000000,646.825012,-0.061634,0.123848
48.000000,646.825012,-0.119615,0.075861
49.000000,646.825012,-0.172678,0.030430
50.000000,646.825012,-0.218630,-0.022006
51.000000,646.825012,-0.255591,-0.067822
52.000000,646.825012,-0.282028,-0.110513
53.000000,646.825012,-0.296864,-0.160067
54.000000,646.825012,-0.299482,-0.187923
55.000000,646.825012,-0.289775,-0.211353
56.000000,646.825012,-0.268147,-0.240726
57.000000,646.825012,-0.235480,-0.249908
58.000000,646.825012,-0.193129,-0.243649
59.000000,646.825012,-0.142823,-0.236859
60.000000,646.825012,-0.086645,-0.214272
61.000000,646.825012,-0.026900,-0.180478
62.000000,646.825012,0.033952,-0.143707
63.000000,646.825012,0.093407,-0.100438
64.000000,646.825012,0.149017,-0.050842
65.000000,646.825012,0.198498,-0.003158
66.000000,646.825012,0.239806,0.050071
67.000000,646.825012,0.271252,0.090435
68.000000,646.825012,0.291528,0.133584
69.000000,646.825012,0.299814,0.181146
70.000000,646.825012,0.295758,0.204589
71.000000,646.825012,0.279534,0.228070
72.000000,646.825012,0.251807,0.248463
73.000000,646.825012,0.213715,0.246099
74.000000,646.825012,0.166833,0.245104
75.000000,646.825012,0.113081,0.228295
76.000000,646.825012,0.054679,0.198629
77.000000,646.825012,-0.005975,0.163479
78.000000,646.825012,-0.066382,0.114388
79.000000,646.825012,-0.124057,0.071994
80.000000,646.825012,-0.176628,0.034984
81.000000,646.825012,-0.221932,-0.022267
82.000000,646.825012,-0.258099,-0.073622
83.000000,646.825012,-0.283652,-0.116300
84.000000,646.825012,-0.297523,-0.158294
85.000000,646.825012,-0.299160,-0.197737
86.000000,646.825012,-0.288479,-0.214840
87.000000,646.825012,-0.265931,-0.242059
88.000000,646.825012,-0.232439,-0.249307
89.000000,646.825012,-0.189381,-0.242902
90.000000,646.825012,-0.138532,-0.235219
91.000000,646.825012,-0.081980,-0.209732
92.000000,646.825012,-0.022056,-0.179145
93.000000,646.825012,0.038777,-0.144747
94.000000,646.825012,0.098014,-0.099838
95.000000,646.825012,0.153216,-0.046476
96.000000,646.825012,0.202115,-0.000404
97.000000,646.825012,0.242696,0.056412
98.000000,646.825012,0.273289,0.097747
99.000000,646.825012,0.292640,0.139325
100.000000,646.825012,0.299942,0.179606
101.000000,646.825012,0.294909,0.205089
102.000000,646.825012,0.277732,0.230237
103.000000,646.825012,0.249132,0.250263
104.000000,646.825012,0.210277,0.249379
105.000000,646.825012,0.162770,0.242204
106.000000,646.825012,0.108565,0.227108
107.000000,646.825012,0.049892,0.193722
108.000000,646.825012,-0.010833,0.161252
109.000000,646.825012,-0.071113,0.120408
110.000000,646.825012,-0.128468,0.070061
111.000000,646.825012,-0.180533,0.017496
112.000000,646.825012,-0.225172,-0.025048
113.000000,646.825012,-0.260543,-0.078749
114.000000,646.825012,-0.285193,-0.122979
115.000000,646.825012,-0.298110,-0.163036
116.000000,646.825012,-0.298754,-0.195717
117.000000,646.825012,-0.287112,-0.220540
118.000000,646.825012,-0.263645,-0.248854
119.000000,646.825012,-0.229337,-0.246320
120.000000,646.825012,-0.185587,-0.238055
121.000000,646.825012,-0.134202,-0.231572
122.000000,646.825012,-0.077294,-0.212852
123.000000,646.825012,-0.017205,-0.174004
124.000000,646.825012,0.043592,-0.138273
125.000000,646.825012,0.102594,-0.098418
126.000000,646.825012,0.157378,-0.037029
127.000000,646.825012,0.205679,0.004956
128.000000,646.825012,0.245523,0.054625
129.000000,646.825012,0.275258,0.102187
130.000000,646.825012,0.293669,0.141185
131.000000,646.825012,0.299995,0.182667
132.000000,646.825012,0.293975,0.205808
133.000000,646.825012,0.275861,0.230911
134.000000,646.825012,0.246389,0.249984
135.000000,646.825012,0.206785,0.246845
136.000000,646.825012,0.158665,0.237898
137.000000,646.825012,0.104020,0.221088
138.000000,646.825012,0.045093,0.189108
139.000000,646.825012,-0.015689,0.157532
140.000000,646.825012,-0.075826,0.121155
141.000000,646.825012,-0.132842,0.067380
142.000000,646.825012,-0.184394,0.016163
143.000000,646.825012,-0.228353,-0.028095
144.000000,646.825012,-0.262921,-0.081722
145.000000,646.825012,-0.286663,-0.132060
146.000000,646.825012,-0.298615,-0.161130
147.000000,646.825012,-0.298274,-0.201297
148.000000,646.825012,-0.285661,-0.218446
149.000000,646.825012,-0.261294,-0.243961
150.000000,646.825012,-0.226171,-0.245940
151.000000,646.825012,-0.181746,-0.245628
152.000000,646.825012,-0.129836,-0.235966
153.000000,646.825012,-0.072588,-0.209645
0.000000,675.526001,0.061153,-0.124001
1.000000,675.526001,0.121645,-0.082616
2.000000,675.526001,0.176676,-0.030340
3.000000,675.526001,0.223780,0.022495
4.000000,675.526001,0.260847,0.067380
5.000000,675.526001,0.286205,0.116683
6.000000,675.526001,0.298721,0.164084
7.000000,675.526001,0.297837,0.193942
8.000000,675.526001,0.283590,0.219356
9.000000,675.526001,0.256612,0.245416
10.000000,675.526001,0.218124,0.247065
11.000000,675.526001,0.169851,0.245017
12.000000,675.526001,0.113953,0.224409
13.000000,675.526001,0.052943,0.199215
14.000000,675.526001,-0.010442,0.167318
15.000000,675.526001,-0.073359,0.118570
16.000000,675.526001,-0.132983,0.070340
17.000000,675.526001,-0.186641,0.034256
18.000000,675.526001,-0.231928,-0.030532
19.000000,675.526001,-0.266802,-0.079597
20.000000,675.526001,-0.289707,-0.124674
21.000000,675.526001,-0.299617,-0.167288
22.000000,675.526001,-0.296078,-0.197604
23.000000,675.526001,-0.279254,-0.224901
24.000000,675.526001,-0.249904,-0.245120
25.000000,675.526001,-0.209340,-0.248574
26.000000,675.526001,-0.159380,-0.240882
27.000000,675.526001,-0.102270,-0.225332
28.000000,675.526001,-0.040572,-0.192931
29.000000,675.526001,0.022947,-0.160388
30.000000,675.526001,0.085436,-0.110385
31.000000,675.526001,0.144092,-0.023188
32.000000,675.526001,0.196283,-0.015945
33.000000,675.526001,0.239664,0.028084
34.000000,675.526001,0.272294,0.083219
35.000000,675.526001,0.292711,0.128471
36.000000,675.526001,0.299984,0.170480
37.000000,675.526001,0.293801,0.211407
38.000000,675.526001,0.274439,0.231144
39.000000,675.526001,0.242759,0.244504
40.000000,675.526001,0.200186,0.247863
41.000000,675.526001,0.148633,0.235905
42.000000,675.526001,0.090411,0.217422
43.000000,675.526001,0.028130,0.187093
44.000000,675.526001,-0.035411,0.151013
45.000000,675.526001,-0.097365,0.107369
46.000000,675.526001,-0.154949,0.054552
47.000000,675.526001,-0.205579,0.001076
48.000000,675.526001,-0.246988,-0.048162
49.000000,675.526001,-0.277315,-0.100324
50.000000,675.526001,-0.295194,-0.142460
51.000000,675.526001,-0.299831,-0.176978
52.000000,675.526001,-0.291019,-0.217365
53.000000,675.526001,-0.269140,-0.234060
54.000000,675.526001,-0.235189,-0.240749
55.000000,675.526001,-0.190688,-0.251067
56.000000,675.526001,-0.137627,-0.236667
57.000000,675.526001,-0.078392,-0.212993
58.000000,675.526001,-0.015640,-0.181876
59.000000,675.526001,0.047815,-0.141507
60.000000,675.526001,0.109123,-0.093025
61.000000,675.526001,0.165535,-0.043040
62.000000,675.526001,0.214522,0.013235
63.000000,675.526001,0.253880,0.059706
64.000000,675.526001,0.281846,0.106356
65.000000,675.526001,0.297169,0.151677
66.000000,675.526001,0.299158,0.185388
67.000000,675.526001,0.287720,0.217056
68.000000,675.526001,0.263375,0.242883
69.000000,675.526001,0.227215,0.245879
70.000000,675.526001,0.180854,0.244811
71.000000,675.526001,0.126380,0.234695
72.000000,675.526001,0.066238,0.208003
73.000000,675.526001,0.003122,0.171960
74.000000,675.526001,-0.060134,0.130382
75.000000,675.526001,-0.120692,0.081588
76.000000,675.526001,-0.175836,0.035351
77.000000,675.526001,-0.223086,-0.017640
78.000000,675.526001,-0.260328,-0.066182
79.000000,675.526001,-0.285893,-0.114146
80.000000,675.526001,-0.298625,-0.162088
81.000000,675.526001,-0.297958,-0.196697
82.000000,675.526001,-0.283925,-0.218267
83.000000,675.526001,-0.257153,-0.247420
84.000000,675.526001,-0.218837,-0.247520
85.000000,675.526001,-0.170706,-0.246329
86.000000,675.526001,-0.114916,-0.227632
87.000000,675.526001,-0.053967,-0.207565
88.000000,675.526001,0.009402,-0.156077
89.000000,675.526001,0.072350,-0.112978
90.000000,675.526001,0.132051,-0.071789
91.000000,675.526001,0.185825,-0.026455
92.000000,675.526001,0.231264,0.026531
93.000000,675.526001,0.266328,0.080433
94.000000,675.526001,0.289435,0.122323
95.000000,675.526001,0.299559,0.165586
96.000000,675.526001,0.296246,0.203407
97.000000,675.526001,0.279635,0.221990
98.000000,675.526001,0.250476,0.246231
99.000000,675.526001,0.210083,0.250776
100.000000,675.526001,0.160262,0.246625
101.000000,675.526001,0.103248,0.224497
102.000000,675.526001,0.041603,0.194446
103.000000,675.526001,-0.021909,0.153166
104.000000,675.526001,-0.084438,0.111322
105.000000,675.526001,-0.143177,0.066244
106.000000,675.526001,-0.195494,0.010830
107.000000,675.526001,-0.239039,-0.037267
108.000000,675.526001,-0.271855,-0.084778
109.000000,675.526001,-0.292476,-0.130686
110.000000,675.526001,-0.299978,-0.171356
111.000000,675.526001,-0.294010,-0.214698
112.000000,675.526001,-0.274855,-0.234193
113.000000,675.526001,-0.243370,-0.241321
114.000000,675.526001,-0.200961,-0.247640
115.000000,675.526001,-0.149535,-0.241560
116.000000,675.526001,-0.091402,-0.216040
117.000000,675.526001,-0.029166,-0.187603
118.000000,675.526001,0.034378,-0.148421
119.000000,675.526001,0.096379,-0.097666
120.000000,675.526001,0.154058,-0.057174
121.000000,675.526001,0.204821,-0.001998
122.000000,675.526001,0.246394,0.051583
123.000000,675.526001,0.276915,0.095502
124.000000,675.526001,0.295010,0.140484
125.000000,675.526001,0.299863,0.185979
126.000000,675.526001,0.291266,0.211796
127.000000,675.526001,0.269603,0.235117
128.000000,675.526001,0.235834,0.238791
129.000000,675.526001,0.191488,0.241398
130.000000,675.526001,0.138552,0.236656
131.000000,675.526001,0.079396,0.211210
132.000000,675.526001,0.016679,0.183954
133.000000,675.526001,-0.046787,0.146756
134.000000,675.526001,-0.108154,0.090595
135.000000,675.526001,-0.164666,0.041458
136.000000,675.526001,-0.213791,-0.003400
137.000000,675.526001,-0.253326,-0.060441
138.000000,675.526001,-0.281489,-0.108465
139.000000,675.526001,-0.297023,-0.143949
140.000000,675.526001,-0.299233,-0.186563
141.000000,675.526001,-0.288016,-0.219852
142.000000,675.526001,-0.263871,-0.237761
143.000000,675.526001,-0.227890,-0.248693
144.000000,675.526001,-0.181685,-0.246274
145.000000,675.526001,-0.127324,-0.235993
146.000000,675.526001,-0.067251,-0.208371
147.000000,675.526001,-0.004162,-0.170784
0.000000,705.500977,0.017066,-0.165189
1.000000,705.500977,0.082489,-0.121165
2.000000,705.500977,0.143877,-0.070136
3.000000,705.500977,0.198227,-0.021388
4.000000,705.500977,0.242879,0.033605
5.000000,705.500977,0.275649,0.088634
6.000000,705.500977,0.294934,0.137969
7.000000,705.500977,0.299787,0.176161
8.000000,705.500977,0.289973,0.210729
9.000000,705.500977,0.265974,0.241242
10.000000,705.500977,0.228962,0.244018
11.000000,705.500977,0.180749,0.245324
12.000000,705.500977,0.123694,0.231868
13.000000,705.500977,0.060587,0.205323
14.000000,705.500977,-0.005484,0.173673
15.000000,705.500977,-0.071287,0.125576
16.000000,705.500977,-0.133602,0.080094
17.000000,705.500977,-0.189381,0.029830
18.000000,705.500977,-0.235895,-0.029799
19.000000,705.500977,-0.270868,-0.078689
20.000000,705.500977,-0.292590,-0.121907
21.000000,705.500977,-0.299998,-0.170408
22.000000,705.500977,-0.292729,-0.201764
23.000000,705.500977,-0.271138,-0.221327
24.000000,705.500977,-0.236280,-0.247126
25.000000,705.500977,-0.189864,-0.243507
26.000000,705.500977,-0.134159,-0.231448
27.000000,705.500977,-0.071891,-0.216691
28.000000,705.500977,-0.006106,-0.179896
29.000000,705.500977,0.059977,-0.128175
30.000000,705.500977,0.123126,-0.088870
31.000000,705.500977,0.180252,-0.041354
32.000000,705.500977,0.228558,0.016708
33.000000,705.500977,0.265684,0.071320
34.000000,705.500977,0.289811,0.120463
35.000000,705.500977,0.299760,0.157225
36.000000,705.500977,0.295044,0.196169
37.000000,705.500977,0.275893,0.229962
38.000000,705.500977,0.243245,0.243198
39.000000,705.500977,0.198696,0.244664
40.000000,705.500977,0.144424,0.243556
41.000000,705.500977,0.083088,0.218343
42.000000,705.500977,0.017687,0.187367
43.000000,705.500977,-0.048579,0.150917
44.000000,705.500977,-0.112468,0.099369
45.000000,705.500977,-0.170855,0.045105
46.000000,705.500977,-0.220882,-0.015674
47.000000,705.500977,-0.260104,-0.063048
48.000000,705.500977,-0.286600,-0.108392
49.000000,705.500977,-0.299075,-0.155903
50.000000,705.500977,-0.296919,-0.189243
51.000000,705.500977,-0.280236,-0.215252
52.000000,705.500977,-0.249844,-0.245441
53.000000,705.500977,-0.207228,-0.250187
54.000000,705.500977,-0.154473,-0.237821
55.000000,705.500977,-0.094161,-0.223018
56.000000,705.500977,-0.029242,-0.195364
57.000000,705.500977,0.037108,-0.148109
58.000000,705.500977,0.101642,-0.110298
59.000000,705.500977,0.161203,-0.050655
60.000000,705.500977,0.212877,0.002180
61.000000,705.500977,0.254136,0.047739
62.000000,705.500977,0.282962,0.105742
63.000000,705.500977,0.297945,0.145716
64.000000,705.500977,0.298352,0.184861
65.000000,705.500977,0.284162,0.217042
66.000000,705.500977,0.256070,0.235043
67.000000,705.500977,0.215451,0.250332
68.000000,705.500977,0.164290,0.248050
69.000000,705.500977,0.105092,0.223924
70.000000,705.500977,0.040752,0.197722
71.000000,705.500977,-0.025582,0.164098
72.000000,705.500977,-0.090665,0.111730
73.000000,705.500977,-0.151311,0.063559
74.000000,705.500977,-0.204555,0.015875
75.000000,705.500977,-0.247791,-0.043187
76.000000,705.500977,-0.278904,-0.094624
77.000000,705.500977,-0.296372,-0.137475
78.000000,705.500977,-0.299340,-0.186109
79.000000,705.500977,-0.287665,-0.213379
80.000000,705.500977,-0.261915,-0.237468
81.000000,705.500977,-0.223353,-0.245940
82.000000,705.500977,-0.173863,-0.241734
83.000000,705.500977,-0.115867,-0.229167
84.000000,705.500977,-0.052202,-0.203684
85.000000,705.500977,0.014017,-0.164970
86.000000,705.500977,0.079550,-0.125252
87.000000,705.500977,0.141192,-0.073709
88.000000,705.500977,0.195927,-0.014254
89.000000,705.500977,0.241075,0.032638
90.000000,705.500977,0.274429,0.083947
91.000000,705.500977,0.294356,0.134849
92.000000,705.500977,0.299883,0.172441
93.000000,705.500977,0.290739,0.205749
94.000000,705.500977,0.267371,0.235735
95.000000,705.500977,0.230922,0.240518
96.000000,705.500977,0.183176,0.244578
97.000000,705.500977,0.126469,0.239909
98.000000,705.500977,0.063574,0.204956
99.000000,705.500977,-0.002431,0.170099
100.000000,705.500977,-0.068317,0.130716
101.000000,705.500977,-0.130862,0.083814
102.000000,705.500977,-0.187004,0.034810
103.000000,705.500977,-0.233998,-0.028086
104.000000,705.500977,-0.269544,-0.076609
105.000000,705.500977,-0.291903,-0.119007
106.000000,705.500977,-0.299979,-0.169515
107.000000,705.500977,-0.293380,-0.202804
108.000000,705.500977,-0.272427,-0.219467
109.000000,705.500977,-0.238147,-0.240653
110.000000,705.500977,-0.192217,-0.244400
111.000000,705.500977,-0.136882,-0.229515
112.000000,705.500977,-0.074851,-0.210744
113.000000,705.500977,-0.009158,-0.182650
114.000000,705.500977,0.056983,-0.143276
115.000000,705.500977,0.120336,-0.097277
116.000000,705.500977,0.177802,-0.039421
117.000000,705.500977,0.226570,0.017015
118.000000,705.500977,0.264254,0.070647
119.000000,705.500977,0.289009,0.119862
120.000000,705.500977,0.299626,0.156799
121.000000,705.500977,0.295584,0.193035
122.000000,705.500977,0.277079,0.228689
123.000000,705.500977,0.245018,0.237251
124.000000,705.500977,0.200971,0.249278
125.000000,705.500977,0.147092,0.240056
126.000000,705.500977,0.086017,0.215297
127.000000,705.500977,0.020734,0.184614
128.000000,705.500977,-0.045563,0.150170
129.000000,705.500977,-0.109632,0.094315
130.000000,705.500977,-0.168336,0.047038
131.000000,705.500977,-0.218805,-0.003620
132.000000,705.500977,-0.258570,-0.061788
133.000000,705.500977,-0.285684,-0.102371
134.000000,705.500977,-0.298823,-0.152329
135.000000,705.500977,-0.297342,-0.200184
136.000000,705.500977,-0.281314,-0.220759
137.000000,705.500977,-0.251523,-0.239246
138.000000,705.500977,-0.209426,-0.245427
139.000000,705.500977,-0.157082,-0.240355
140.000000,705.500977,-0.097054,-0.225098
0.000000,736.806030,0.019368,-0.171755
1.000000,736.806030,0.087531,-0.126173
2.000000,736.806030,0.151026,-0.064784
3.000000,736.806030,0.206463,-0.018258
4.000000,736.806030,0.250887,0.042498
5.000000,736.806030,0.281928,0.097866
6.000000,736.806030,0.297931,0.141859
7.000000,736.806030,0.298044,0.183940
8.000000,736.806030,0.282258,0.211201
9.000000,736.806030,0.251417,0.232111
10.000000,736.806030,0.207162,0.243450
11.000000,736.806030,0.151856,0.247945
12.000000,736.806030,0.088452,0.219970
13.000000,736.806030,0.020329,0.191340
14.000000,736.806030,-0.048877,0.145359
15.000000,736.806030,-0.115477,0.101435
16.000000,736.806030,-0.175919,0.054937
17.000000,736.806030,-0.226975,-0.009031
18.000000,736.806030,-0.265923,-0.064936
19.000000,736.806030,-0.290686,-0.111507
20.000000,736.806030,-0.299944,-0.158881
21.000000,736.806030,-0.293204,-0.193884
22.000000,736.806030,-0.270824,-0.214780
23.000000,736.806030,-0.233998,-0.245413
24.000000,736.806030,-0.184690,-0.247754
25.000000,736.806030,-0.125528,-0.234481
26.000000,736.806030,-0.059671,-0.209631
27.000000,736.806030,0.009368,-0.173290
28.000000,736.806030,0.077907,-0.131753
29.000000,736.806030,0.142291,-0.080769
30.000000,736.806030,0.199086,-0.020187
31.000000,736.806030,0.245263,0.028991
32.000000,736.806030,0.278352,0.089455
33.000000,736.806030,0.296595,0.138423
34.000000,736.806030,0.299017,0.176161
35.000000,736.806030,0.285490,0.206042
36.000000,736.806030,0.256735,0.236629
37.000000,736.806030,0.214286,0.238511
38.000000,736.806030,0.160407,0.240784
39.000000,736.806030,0.097968,0.222714
40.000000,736.806030,0.030305,0.193869
41.000000,736.806030,-0.038974,0.152172
42.000000,736.806030,-0.106174,0.108908
43.000000,736.806030,-0.167711,0.060980
44.000000,736.806030,-0.220302,0.004608
45.000000,736.806030,-0.261144,-0.054508
46.000000,736.806030,-0.288053,-0.107484
47.000000,736.806030,-0.299596,-0.151742
48.000000,736.806030,-0.295158,-0.192656
49.000000,736.806030,-0.274977,-0.220292
50.000000,736.806030,-0.240129,-0.233221
51.000000,736.806030,-0.192473,-0.243480
52.000000,736.806030,-0.134550,-0.228860
53.000000,736.806030,-0.069449,-0.207047
54.000000,736.806030,-0.000642,-0.180529
55.000000,736.806030,0.068197,-0.140834
56.000000,736.806030,0.133399,-0.087252
57.000000,736.806030,0.191485,-0.034853
58.000000,736.806030,0.239358,0.024337
59.000000,736.806030,0.274464,0.073873
60.000000,736.806030,0.294931,0.126377
61.000000,736.806030,0.299661,0.174026
62.000000,736.806030,0.288407,0.202862
63.000000,736.806030,0.261770,0.227704
64.000000,736.806030,0.221170,0.248843
65.000000,736.806030,0.168774,0.234571
66.000000,736.806030,0.107375,0.230824
67.000000,736.806030,0.040248,0.210220
68.000000,736.806030,-0.029027,0.163140
69.000000,736.806030,-0.096753,0.115496
70.000000,736.806030,-0.159317,0.069218
71.000000,736.806030,-0.213383,0.003463
72.000000,736.806030,-0.256068,-0.048428
73.000000,736.806030,-0.285094,-0.097139
74.000000,736.806030,-0.298914,-0.150254
75.000000,736.806030,-0.296788,-0.184964
76.000000,736.806030,-0.278828,-0.217772
77.000000,736.806030,-0.245996,-0.236419
78.000000,736.806030,-0.200043,-0.256935
79.000000,736.806030,-0.143420,-0.241619
80.000000,736.806030,-0.079148,-0.215298
81.000000,736.806030,-0.010652,-0.177944
82.000000,736.806030,0.058412,-0.142886
83.000000,736.806030,0.124360,-0.092617
84.000000,736.806030,0.183673,-0.033162
85.000000,736.806030,0.233190,0.012397
86.000000,736.806030,0.270268,0.069360
87.000000,736.806030,0.292930,0.125768
88.000000,736.806030,0.299968,0.161426
89.000000,736.806030,0.291006,0.198821
90.000000,736.806030,0.266516,0.224969
91.000000,736.806030,0.227811,0.241558
92.000000,736.806030,0.176955,0.253571
93.000000,736.806030,0.116661,0.225390
94.000000,736.806030,0.050144,0.203975
95.000000,736.806030,-0.019048,0.174452
96.000000,736.806030,-0.087225,0.122891
97.000000,736.806030,-0.150748,0.070633
98.000000,736.806030,-0.206230,0.021235
99.000000,736.806030,-0.250710,-0.039613
100.000000,736.806030,-0.281818,-0.091944
101.000000,736.806030,-0.297894,-0.135689
102.000000,736.806030,-0.298081,-0.186783
103.000000,736.806030,-0.282368,-0.214419
104.000000,736.806030,-0.251592,-0.235315
105.000000,736.806030,-0.207393,-0.245120
106.000000,736.806030,-0.152133,-0.208339
107.000000,736.806030,-0.088758,-0.219967
108.000000,736.806030,-0.020650,-0.202630
109.000000,736.806030,0.048560,-0.156695
110.000000,736.806030,0.115181,-0.104131
111.000000,736.806030,0.175659,-0.053688
112.000000,736.806030,0.226764,0.009194
113.000000,736.806030,0.265773,0.056820
114.000000,736.806030,0.290606,0.113563
115.000000,736.806030,0.299938,0.164611
116.000000,736.806030,0.293272,0.194762
117.000000,736.806030,0.270963,0.222710
118.000000,736.806030,0.234201,0.244962
119.000000,736.806030,0.184942,0.242232
120.000000,736.806030,0.125819,0.266138
121.000000,736.806030,0.059986,0.212227
122.000000,736.806030,-0.009047,0.164780
123.000000,736.806030,-0.077597,0.116683
124.000000,736.806030,-0.142009,0.072145
125.000000,736.806030,-0.198847,0.019017
126.000000,736.806030,-0.245076,-0.031027
127.000000,736.806030,-0.278231,-0.092764
128.000000,736.806030,-0.296546,-0.133746
129.000000,736.806030,-0.299042,-0.170110
130.000000,736.806030,-0.285589,-0.212224
131.000000,736.806030,-0.256902,-0.235466
132.000000,736.806030,-0.214512,-0.238362
133.000000,736.806030,-0.160678,-0.240579
134.000000,736.806030,-0.098272,-0.221259
0.000000,769.500000,0.003301,-0.172818
1.000000,769.500000,0.075019,-0.139166
2.000000,769.500000,0.142374,-0.086964
3.000000,769.500000,0.201452,-0.023788
4.000000,769.500000,0.248808,0.021771
5.000000,769.500000,0.281697,0.084387
6.000000,769.500000,0.298207,0.138496
7.000000,769.500000,0.297370,0.179881
8.000000,769.500000,0.279238,0.216075
9.000000,769.500000,0.244870,0.230576
10.000000,769.500000,0.196260,0.240065
11.000000,769.500000,0.136234,0.238677
12.000000,769.500000,0.068287,0.211723
13.000000,769.500000,-0.003631,0.179194
14.000000,769.500000,-0.075338,0.145496
15.000000,769.500000,-0.142664,0.078101
16.000000,769.500000,-0.201696,0.027250
17.000000,769.500000,-0.248993,-0.021401
18.000000,769.500000,-0.281810,-0.090803
19.000000,769.500000,-0.298242,-0.135034
20.000000,769.500000,-0.297327,-0.174604
21.000000,769.500000,-0.279117,-0.209777
22.000000,769.500000,-0.244679,-0.231906
23.000000,769.500000,-0.196012,-0.242815
24.000000,769.500000,-0.135940,-0.235746
25.000000,769.500000,-0.067966,-0.213685
26.000000,769.500000,0.003961,-0.185536
27.000000,769.500000,0.075658,-0.137393
28.000000,769.500000,0.142954,-0.080311
29.000000,769.500000,0.201938,-0.032539
30.000000,769.500000,0.249178,0.025771
31.000000,769.500000,0.281923,0.091099
32.000000,769.500000,0.298276,0.129291
33.000000,769.500000,0.297285,0.180820
34.000000,769.500000,0.278997,0.219741
35.000000,769.500000,0.244487,0.237765
36.000000,769.500000,0.195761,0.246364
37.000000,769.500000,0.135646,0.239456
38.000000,769.500000,0.067644,0.213656
39.000000,769.500000,-0.004291,0.182154
40.000000,769.500000,-0.075978,0.136196
41.000000,769.500000,-0.143244,0.083375
42.000000,769.500000,-0.202182,0.031250
43.000000,769.500000,-0.249364,-0.034060
44.000000,769.500000,-0.282036,-0.089250
45.000000,769.500000,-0.298310,-0.133948
46.000000,769.500000,-0.297240,-0.182609
47.000000,769.500000,-0.278876,-0.213365
48.000000,769.500000,-0.244295,-0.228988
49.000000,769.500000,-0.195510,-0.244373
50.000000,769.500000,-0.135353,-0.234206
51.000000,769.500000,-0.067323,-0.207413
52.000000,769.500000,0.004621,-0.181129
53.000000,769.500000,0.076297,-0.136147
54.000000,769.500000,0.143534,-0.078698
55.000000,769.500000,0.202425,-0.031206
56.000000,769.500000,0.249546,0.030444
57.000000,769.500000,0.282149,0.089766
58.000000,769.500000,0.298345,0.131371
59.000000,769.500000,0.297193,0.180733
60.000000,769.500000,0.278755,0.211008
61.000000,769.500000,0.244103,0.233518
62.000000,769.500000,0.195259,0.245224
63.000000,769.500000,0.135059,0.232331
64.000000,769.500000,0.067001,0.212822
65.000000,769.500000,-0.004951,0.182772
66.000000,769.500000,-0.076617,0.137391
67.000000,769.500000,-0.143825,0.085808
68.000000,769.500000,-0.202668,0.033729
69.000000,769.500000,-0.249728,-0.035073
70.000000,769.500000,-0.282263,-0.086744
71.000000,769.500000,-0.298379,-0.127575
72.000000,769.500000,-0.297147,-0.180236
73.000000,769.500000,-0.278634,-0.219106
74.000000,769.500000,-0.243912,-0.233881
75.000000,769.500000,-0.195008,-0.243186
76.000000,769.500000,-0.134764,-0.235640
77.000000,769.500000,-0.066680,-0.217612
78.000000,769.500000,0.005281,-0.182856
79.000000,769.500000,0.076935,-0.129494
80.000000,769.500000,0.144115,-0.082689
81.000000,769.500000,0.202911,-0.026913
82.000000,769.500000,0.249910,0.034329
83.000000,769.500000,0.282376,0.085981
84.000000,769.500000,0.298414,0.134317
85.000000,769.500000,0.297100,0.181499
86.000000,769.500000,0.278513,0.213217
87.000000,769.500000,0.243720,0.234310
88.000000,769.500000,0.194756,0.242736
89.000000,769.500000,0.134468,0.233224
90.000000,769.500000,0.066358,0.216896
91.000000,769.500000,-0.005611,0.176559
92.000000,769.500000,-0.077254,0.136791
93.000000,769.500000,-0.144405,0.087187
94.000000,769.500000,-0.203155,0.024524
95.000000,769.500000,-0.250092,-0.032040
96.000000,769.500000,-0.282488,-0.083225
97.000000,769.500000,-0.298448,-0.139606
98.000000,769.500000,-0.297054,-0.178476
99.000000,769.500000,-0.278388,-0.208673
100.000000,769.500000,-0.243528,-0.234999
101.000000,769.500000,-0.194505,-0.242247
102.000000,769.500000,-0.134173,-0.235168
103.000000,769.500000,-0.066036,-0.216325
104.000000,769.500000,0.005941,-0.182503
105.000000,769.500000,0.077573,-0.131441
106.000000,769.500000,0.144695,-0.082029
107.000000,769.500000,0.203398,-0.020086
108.000000,769.500000,0.250273,0.026943
109.000000,769.500000,0.282597,0.083741
110.000000,769.500000,0.298482,0.137410
111.000000,769.500000,0.297008,0.176087
112.000000,769.500000,0.278264,0.207169
113.000000,769.500000,0.243336,0.240729
114.000000,769.500000,0.194254,0.242905
115.000000,769.500000,0.133877,0.236697
116.000000,769.500000,0.065715,0.226068
117.000000,769.500000,-0.006271,0.175341
118.000000,769.500000,-0.077891,0.132150
119.000000,769.500000,-0.144983,0.087892
120.000000,769.500000,-0.203641,0.023704
121.000000,769.500000,-0.250455,-0.031980
122.000000,769.500000,-0.282707,-0.080911
123.000000,769.500000,-0.298517,-0.139166
124.000000,769.500000,-0.296961,-0.181990
125.000000,769.500000,-0.278139,-0.214785
126.000000,769.500000,-0.243145,-0.235233
127.000000,769.500000,-0.194002,-0.238861
128.000000,769.500000,-0.133581,-0.239906
0.000000,803.645020,0.042795,-0.164021
1.000000,803.645020,0.115610,-0.113532
2.000000,803.645020,0.181096,-0.055103
3.000000,803.645020,0.235098,0.000563
4.000000,803.645020,0.274198,0.065406
5.000000,803.645020,0.295905,0.113329
6.000000,803.645020,0.298859,0.161119
7.000000,803.645020,0.282857,0.207421
8.000000,803.645020,0.248924,0.226311
9.000000,803.645020,0.199208,0.238864
10.000000,803.645020,0.136859,0.243409
11.000000,803.645020,0.065836,0.215970
12.000000,803.645020,-0.009364,0.181787
13.000000,803.645020,-0.083970,0.141543
14.000000,803.645020,-0.153250,0.081368
15.000000,803.645020,-0.212815,0.027250
16.000000,803.645020,-0.258887,-0.029442
17.000000,803.645020,-0.288541,-0.091990
18.000000,803.645020,-0.299908,-0.143514
19.000000,803.645020,-0.292249,-0.185238
20.000000,803.645020,-0.266068,-0.221758
21.000000,803.645020,-0.223013,-0.236154
22.000000,803.645020,-0.165820,-0.245601
23.000000,803.645020,-0.098113,-0.228759
24.000000,803.645020,-0.024185,-0.197338
25.000000,803.645020,0.051277,-0.163641
26.000000,803.645020,0.123486,-0.110092
27.000000,803.645020,0.187868,-0.044763
28.000000,803.645020,0.240336,0.005557
29.000000,803.645020,0.277567,0.068100
30.000000,803.645020,0.297200,0.129489
31.000000,803.645020,0.297985,0.169614
32.000000,803.645020,0.279884,0.214229
33.000000,803.645020,0.244028,0.232015
34.000000,803.645020,0.192706,0.234791
35.000000,803.645020,0.129162,0.234237
36.000000,803.645020,0.057430,0.218554
37.000000,803.645020,-0.017943,0.177347
38.000000,803.645020,-0.092178,0.134157
39.000000,803.645020,-0.160572,0.073433
40.000000,803.645020,-0.218779,0.015664
41.000000,803.645020,-0.263119,-0.040562
42.000000,803.645020,-0.290774,-0.102857
43.000000,803.645020,-0.299993,-0.150194
44.000000,803.645020,-0.290194,-0.187465
45.000000,803.645020,-0.261990,-0.223458
46.000000,803.645020,-0.217181,-0.236140
47.000000,803.645020,-0.158595,-0.233382
48.000000,803.645020,-0.089958,-0.226739
49.000000,803.645020,-0.015616,-0.201544
50.000000,803.645020,0.059716,-0.146703
51.000000,803.645020,0.131263,-0.099210
52.000000,803.645020,0.194484,-0.040241
53.000000,803.645020,0.245380,0.019668
54.000000,803.645020,0.280710,0.071174
55.000000,803.645020,0.298247,0.132004
56.000000,803.645020,0.296872,0.171786
57.000000,803.645020,0.276674,0.207329
58.000000,803.645020,0.238936,0.234663
59.000000,803.645020,0.186044,0.236564
60.000000,803.645020,0.121360,0.233064
61.000000,803.645020,0.048979,0.213208
62.000000,803.645020,-0.026507,0.172367
63.000000,803.645020,-0.100312,0.124943
64.000000,803.645020,-0.167757,0.075325
65.000000,803.645020,-0.224568,0.007563
66.000000,803.645020,-0.267134,-0.051988
67.000000,803.645020,-0.292770,-0.099380
68.000000,803.645020,-0.299836,-0.156054
69.000000,803.645020,-0.287896,-0.193664
70.000000,803.645020,-0.257701,-0.216860
71.000000,803.645020,-0.211165,-0.239540
72.000000,803.645020,-0.151244,-0.238087
73.000000,803.645020,-0.081729,-0.227687
74.000000,803.645020,-0.007034,-0.191777
75.000000,803.645020,0.068107,-0.145841
76.000000,803.645020,0.138930,-0.099444
77.000000,803.645020,0.200944,-0.036653
78.000000,803.645020,0.250216,0.027196
79.000000,803.645020,0.283628,0.076241
80.000000,803.645020,0.299049,0.130524
81.000000,803.645020,0.295517,0.176738
82.000000,803.645020,0.273241,0.212543
83.000000,803.645020,0.233644,0.239524
84.000000,803.645020,0.179233,0.249576
85.000000,803.645020,0.113456,0.232111
86.000000,803.645020,0.040487,0.204621
87.000000,803.645020,-0.035050,0.167438
88.000000,803.645020,-0.108365,0.114997
89.000000,803.645020,-0.174807,0.064439
90.000000,803.645020,-0.230167,-0.000812
91.000000,803.645020,-0.270935,-0.055094
92.000000,803.645020,-0.294520,-0.106339
93.000000,803.645020,-0.299439,-0.160961
94.000000,803.645020,-0.285362,-0.198557
95.000000,803.645020,-0.253200,-0.220874
96.000000,803.645020,-0.204979,-0.242659
97.000000,803.645020,-0.143764,-0.238893
98.000000,803.645020,-0.073434,-0.218721
99.000000,803.645020,0.001553,-0.188423
100.000000,803.645020,0.076443,-0.147601
101.000000,803.645020,0.146483,-0.084205
102.000000,803.645020,0.207238,-0.028379
103.000000,803.645020,0.254851,0.030444
104.000000,803.645020,0.286306,0.088199
105.000000,803.645020,0.299611,0.132631
106.000000,803.645020,0.293913,0.183633
107.000000,803.645020,0.269588,0.214142
108.000000,803.645020,0.228161,0.235451
109.000000,803.645020,0.172273,0.245517
110.000000,803.645020,0.105460,0.225490
111.000000,803.645020,0.031962,0.205382
112.000000,803.645020,-0.043564,0.162238
113.000000,803.645020,-0.116326,0.108230
114.000000,803.645020,-0.181717,0.056046
115.000000,803.645020,-0.235580,-0.001086
116.000000,803.645020,-0.274511,-0.062975
117.000000,803.645020,-0.296034,-0.114045
118.000000,803.645020,-0.298787,-0.159723
119.000000,803.645020,-0.282599,-0.205384
120.000000,803.645020,-0.248488,-0.226326
121.000000,803.645020,-0.198628,-0.236502
122.000000,803.645020,-0.136168,-0.237679
123.000000,803.645020,-0.065078,-0.219266
0.000000,839.304993,0.066971,-0.154496
1.000000,839.304993,0.140872,-0.100031
2.000000,839.304993,0.205034,-0.038468
3.000000,839.304993,0.255025,0.018917
4.000000,839.304993,0.287387,0.075554
5.000000,839.304993,0.299884,0.136356
6.000000,839.304993,0.291652,0.179588
7.000000,839.304993,0.263261,0.217803
8.000000,839.304993,0.216672,0.240056
9.000000,839.304993,0.155106,0.241485
10.000000,839.304993,0.082819,0.223603
11.000000,839.304993,0.004807,0.197493
12.000000,839.304993,-0.073537,0.154586
13.000000,839.304993,-0.146798,0.093834
14.000000,839.304993,-0.209913,0.038196
15.000000,839.304993,-0.258516,-0.026739
16.000000,839.304993,-0.289253,-0.085557
17.000000,839.304993,-0.299991,-0.143908
18.000000,839.304993,-0.289999,-0.186270
19.000000,839.304993,-0.259955,-0.212879
20.000000,839.304993,-0.211948,-0.238353
21.000000,839.304993,-0.149285,-0.238513
22.000000,839.304993,-0.076308,-0.217447
23.000000,839.304993,0.001947,-0.190723
24.000000,839.304993,0.080067,-0.144101
25.000000,839.304993,0.152650,-0.088366
26.000000,839.304993,0.214687,-0.032173
27.000000,839.304993,0.261876,0.034618
28.000000,839.304993,0.290973,0.092433
29.000000,839.304993,0.299947,0.139032
30.000000,839.304993,0.288197,0.190634
31.000000,839.304993,0.256518,0.224208
32.000000,839.304993,0.207115,0.235978
33.000000,839.304993,0.143390,0.237357
34.000000,839.304993,0.069757,0.218156
35.000000,839.304993,-0.008700,0.187088
36.000000,839.304993,-0.086554,0.143137
37.000000,839.304993,-0.158425,0.080181
38.000000,839.304993,-0.219347,0.023764
39.000000,839.304993,-0.265105,-0.028388
40.000000,839.304993,-0.292540,-0.097570
41.000000,839.304993,-0.299752,-0.151468
42.000000,839.304993,-0.286246,-0.185165
43.000000,839.304993,-0.252953,-0.223018
44.000000,839.304993,-0.202175,-0.237927
45.000000,839.304993,-0.137422,-0.234202
46.000000,839.304993,-0.063170,-0.216544
47.000000,839.304993,0.015448,-0.186297
48.000000,839.304993,0.092998,-0.136729
49.000000,839.304993,0.164121,-0.081209
50.000000,839.304993,0.223898,-0.016586
51.000000,839.304993,0.268201,0.041650
52.000000,839.304993,0.293961,0.097289
53.000000,839.304993,0.299407,0.154605
54.000000,839.304993,0.284151,0.190881
55.000000,839.304993,0.249260,0.225550
56.000000,839.304993,0.197134,0.244903
57.000000,839.304993,0.131386,0.233605
58.000000,839.304993,0.056552,0.213189
59.000000,839.304993,-0.022189,0.187006
60.000000,839.304993,-0.099395,0.130551
61.000000,839.304993,-0.169734,0.073900
62.000000,839.304993,-0.228335,0.019815
63.000000,839.304993,-0.271161,-0.045560
64.000000,839.304993,-0.295234,-0.107278
65.000000,839.304993,-0.298909,-0.157410
66.000000,839.304993,-0.281913,-0.199584
67.000000,839.304993,-0.245439,-0.225139
68.000000,839.304993,-0.191993,-0.240107
69.000000,839.304993,-0.125280,-0.235306
70.000000,839.304993,-0.049905,-0.209759
71.000000,839.304993,0.028918,-0.179942
72.000000,839.304993,0.105742,-0.129586
73.000000,839.304993,0.175259,-0.063730
74.000000,839.304993,0.232658,-0.012151
75.000000,839.304993,0.273979,0.052252
76.000000,839.304993,0.296358,0.117288
77.000000,839.304993,0.298255,0.158526
78.000000,839.304993,0.279534,0.204855
79.000000,839.304993,0.241491,0.231122
80.000000,839.304993,0.186756,0.237691
81.000000,839.304993,0.119111,0.232450
82.000000,839.304993,0.043234,0.212974
83.000000,839.304993,-0.035632,0.169014
84.000000,839.304993,-0.112036,0.124783
85.000000,839.304993,-0.180694,0.059752
86.000000,839.304993,-0.236864,0.002863
87.000000,839.304993,-0.276659,-0.051356
88.000000,839.304993,-0.297334,-0.119818
89.000000,839.304993,-0.297451,-0.167755
90.000000,839.304993,-0.277013,-0.200339
91.000000,839.304993,-0.237422,-0.234472
92.000000,839.304993,-0.181425,-0.238000
93.000000,839.304993,-0.112882,-0.233601
94.000000,839.304993,-0.036540,-0.208211
95.000000,839.304993,0.042329,-0.169849
96.000000,839.304993,0.118274,-0.110320
97.000000,839.304993,0.186039,-0.051667
98.000000,839.304993,0.240951,0.006262
99.000000,839.304993,0.279200,0.064238
100.000000,839.304993,0.298158,0.115817
101.000000,839.304993,0.296498,0.175300
102.000000,839.304993,0.274351,0.202368
103.000000,839.304993,0.233234,0.223850
104.000000,839.304993,0.176000,0.241737
105.000000,839.304993,0.106597,0.224583
106.000000,839.304993,0.029828,0.202482
107.000000,839.304993,-0.049004,0.168565
108.000000,839.304993,-0.124449,0.112623
109.000000,839.304993,-0.191290,0.053072
110.000000,839.304993,-0.244911,-0.007487
111.000000,839.304993,-0.281600,-0.068482
112.000000,839.304993,-0.298827,-0.121706
113.000000,839.304993,-0.295396,-0.166197
114.000000,839.304993,-0.271547,-0.211711
115.000000,839.304993,-0.228928,-0.231833
116.000000,839.304993,-0.170485,-0.234715
117.000000,839.304993,-0.100257,-0.232099
118.000000,839.304993,-0.023099,-0.204385
0.000000,876.546997,0.074872,-0.157987
1.000000,876.546997,0.151043,-0.096411
2.000000,876.546997,0.215828,-0.022148
3.000000,876.546997,0.264354,0.025491
4.000000,876.546997,0.292956,0.089894
5.000000,876.546997,0.299486,0.146303
6.000000,876.546997,0.283448,0.187615
7.000000,876.546997,0.246049,0.220396
8.000000,876.546997,0.190113,0.234342
9.000000,876.546997,0.119847,0.231584
10.000000,876.546997,0.040554,0.213762
11.000000,876.546997,-0.041797,0.167066
12.000000,876.546997,-0.120999,0.121310
13.000000,876.546997,-0.191081,0.071179
14.000000,876.546997,-0.246766,-0.000991
15.000000,876.546997,-0.283857,-0.061508
16.000000,876.546997,-0.299555,-0.118274
17.000000,876.546997,-0.292687,-0.173835
18.000000,876.546997,-0.263756,-0.209952
19.000000,876.546997,-0.214956,-0.225868
20.000000,876.546997,-0.149954,-0.239906
21.000000,876.546997,-0.073655,-0.223573
22.000000,876.546997,0.008194,-0.187699
23.000000,876.546997,0.089426,-0.149287
24.000000,876.546997,0.163921,-0.086964
25.000000,876.546997,0.226061,-0.021988
26.000000,876.546997,0.271172,0.038365
27.000000,876.546997,0.295841,0.098068
28.000000,876.546997,0.298224,0.152612
29.000000,876.546997,0.278131,0.193708
30.000000,876.546997,0.237082,0.226916
31.000000,876.546997,0.178168,0.235978
32.000000,876.546997,0.105826,0.231644
33.000000,876.546997,0.025513,0.212754
34.000000,876.546997,-0.056724,0.175267
35.000000,876.546997,-0.134689,0.112963
36.000000,876.546997,-0.202500,0.052404
37.000000,876.546997,-0.255056,-0.017365
38.000000,876.546997,-0.288390,-0.076843
39.000000,876.546997,-0.299993,-0.130182
40.000000,876.546997,-0.288993,-0.181876
41.000000,876.546997,-0.256212,-0.217992
42.000000,876.546997,-0.204131,-0.230307
43.000000,876.546997,-0.136661,-0.236786
44.000000,876.546997,-0.058897,-0.212425
45.000000,876.546997,0.023306,-0.186210
46.000000,876.546997,0.103753,-0.139033
47.000000,876.546997,0.176382,-0.076444
48.000000,876.546997,0.235718,-0.015725
49.000000,876.546997,0.277296,0.050319
50.000000,876.546997,0.297973,0.115354
51.000000,876.546997,0.296205,0.158306
52.000000,876.546997,0.272107,0.199421
53.000000,876.546997,0.227511,0.229188
54.000000,876.546997,0.165769,0.233898
55.000000,876.546997,0.091537,0.227617
56.000000,876.546997,0.010407,0.205534
57.000000,876.546997,-0.071507,0.156739
58.000000,876.546997,-0.148035,0.099562
59.000000,876.546997,-0.213404,0.041870
60.000000,876.546997,-0.262697,-0.023326
61.000000,876.546997,-0.292189,-0.081850
62.000000,876.546997,-0.299669,-0.144834
63.000000,876.546997,-0.284564,-0.188583
64.000000,876.546997,-0.248018,-0.215807
65.000000,876.546997,-0.192784,-0.237299
66.000000,876.546997,-0.123020,-0.234573
67.000000,876.546997,-0.043989,-0.207560
68.000000,876.546997,0.038359,-0.176369
69.000000,876.546997,0.117816,-0.121633
70.000000,876.546997,0.188394,-0.062777
71.000000,876.546997,0.244777,-0.005091
72.000000,876.546997,0.282715,0.060352
73.000000,876.546997,0.299348,0.119675
74.000000,876.546997,0.293428,0.169014
75.000000,876.546997,0.265391,0.208782
76.000000,876.546997,0.217363,0.227016
77.000000,876.546997,0.152949,0.238131
78.000000,876.546997,0.077014,0.229742
79.000000,876.546997,-0.004726,0.192008
80.000000,876.546997,-0.086109,0.148612
81.000000,876.546997,-0.161004,0.093780
82.000000,876.546997,-0.223765,0.024158
83.000000,876.546997,-0.269669,-0.039040
84.000000,876.546997,-0.295246,-0.094986
85.000000,876.546997,-0.298582,-0.153901
86.000000,876.546997,-0.279412,-0.191877
87.000000,876.546997,-0.239192,-0.222221
88.000000,876.546997,-0.180947,-0.239613
89.000000,876.546997,-0.109066,-0.230120
90.000000,876.546997,-0.028968,-0.203386
91.000000,876.546997,0.053314,-0.167741
92.000000,876.546997,0.131580,-0.112052
93.000000,876.546997,0.199927,-0.060702
94.000000,876.546997,0.253213,0.006510
95.000000,876.546997,0.287414,0.078853
96.000000,876.546997,0.299961,0.125791
97.000000,876.546997,0.289904,0.174947
98.000000,876.546997,0.258000,0.217661
99.000000,876.546997,0.206659,0.231964
100.000000,876.546997,0.139740,0.233870
101.000000,876.546997,0.062295,0.227255
102.000000,876.546997,-0.019846,0.183528
103.000000,876.546997,-0.100491,0.138331
104.000000,876.546997,-0.173563,0.082165
105.000000,876.546997,-0.233557,0.008750
106.000000,876.546997,-0.275953,-0.047535
107.000000,876.546997,-0.297551,-0.106426
108.000000,876.546997,-0.296735,-0.171535
109.000000,876.546997,-0.273549,-0.194864
110.000000,876.546997,-0.229759,-0.229286
111.000000,876.546997,-0.168649,-0.234119
112.000000,876.546997,-0.094835,-0.219000
113.000000,876.546997,-0.013873,-0.205897
0.000000,915.442017,0.065318,-0.166248
1.000000,915.442017,0.145686,-0.109139
2.000000,915.442017,0.214088,-0.045949
3.000000,915.442017,0.264904,0.018797
4.000000,915.442017,0.293959,0.082894
5.000000,915.442017,0.298873,0.134143
6.000000,915.442017,0.279229,0.187615
7.000000,915.442017,0.236656,0.223576
8.000000,915.442017,0.174637,0.227117
9.000000,915.442017,0.098277,0.227557
10.000000,915.442017,0.013843,0.211421
11.000000,915.442017,-0.071727,0.160386
12.000000,915.442017,-0.151407,0.105155
13.000000,915.442017,-0.218647,0.049430
14.000000,915.442017,-0.267933,-0.025919
15.000000,915.442017,-0.295202,-0.085324
16.000000,915.442017,-0.298229,-0.135689
17.000000,915.442017,-0.276755,-0.194516
18.000000,915.442017,-0.232550,-0.217905
19.000000,915.442017,-0.169243,-0.231668
20.000000,915.442017,-0.092032,-0.230459
21.000000,915.442017,-0.007263,-0.199391
22.000000,915.442017,0.078103,-0.153250
23.000000,915.442017,0.157055,-0.105464
24.000000,915.442017,0.223103,-0.040841
25.000000,915.442017,0.270827,0.025496
26.000000,915.442017,0.296305,0.091855
27.000000,915.442017,0.297442,0.146651
28.000000,915.442017,0.274151,0.185887
29.000000,915.442017,0.228334,0.227410
30.000000,915.442017,0.163767,0.242530
31.000000,915.442017,0.085743,0.225271
32.000000,915.442017,0.000679,0.201062
33.000000,915.442017,-0.084441,0.150550
34.000000,915.442017,-0.162625,0.096249
35.000000,915.442017,-0.227453,0.032904
36.000000,915.442017,-0.273593,-0.028548
37.000000,915.442017,-0.297267,-0.097204
38.000000,915.442017,-0.296513,-0.150061
39.000000,915.442017,-0.271410,-0.189999
40.000000,915.442017,-0.224009,-0.228525
41.000000,915.442017,-0.158209,-0.235480
42.000000,915.442017,-0.079414,-0.227526
43.000000,915.442017,0.005905,-0.196170
44.000000,915.442017,0.090740,-0.149122
45.000000,915.442017,0.168118,-0.095343
46.000000,915.442017,0.231691,-0.027206
47.000000,915.442017,0.276228,0.044450
48.000000,915.442017,0.298078,0.048999
49.000000,915.442017,0.295443,0.157532
50.000000,915.442017,0.268537,0.216548
51.000000,915.442017,0.219578,0.238438
52.000000,915.442017,0.152577,0.247111
53.000000,915.442017,0.073047,0.232835
54.000000,915.442017,-0.012486,0.192302
55.000000,915.442017,-0.096993,0.143984
56.000000,915.442017,-0.173531,0.087613
57.000000,915.442017,-0.235816,0.020204
58.000000,915.442017,-0.278732,-0.042261
59.000000,915.442017,-0.298748,-0.108525
60.000000,915.442017,-0.294232,-0.157108
61.000000,915.442017,-0.265537,-0.195858
62.000000,915.442017,-0.215038,-0.229039
63.000000,915.442017,-0.146871,-0.231219
64.000000,915.442017,-0.066642,-0.217754
65.000000,915.442017,0.019062,-0.193183
66.000000,915.442017,0.103199,-0.144701
67.000000,915.442017,0.178862,-0.077878
68.000000,915.442017,0.239828,-0.020119
69.000000,915.442017,0.281101,0.045471
70.000000,915.442017,0.299276,0.112821
71.000000,915.442017,0.292873,0.161280
72.000000,915.442017,0.262411,0.207229
73.000000,915.442017,0.210394,0.231955
74.000000,915.442017,0.141097,0.241925
75.000000,915.442017,0.060207,0.220016
76.000000,915.442017,-0.025628,0.185581
77.000000,915.442017,-0.109356,0.134931
78.000000,915.442017,-0.184104,0.077139
79.000000,915.442017,-0.243726,0.008603
80.000000,915.442017,-0.283330,-0.053248
81.000000,915.442017,-0.299662,-0.111053
82.000000,915.442017,-0.291375,-0.168108
83.000000,915.442017,-0.259160,-0.206378
84.000000,915.442017,-0.205649,-0.225941
85.000000,915.442017,-0.135252,-0.235073
86.000000,915.442017,-0.053742,-0.217992
87.000000,915.442017,0.032181,-0.179365
88.000000,915.442017,0.115462,-0.133293
89.000000,915.442017,0.189256,-0.080343
90.000000,915.442017,0.247509,-0.006653
91.000000,915.442017,0.285425,0.061947
92.000000,915.442017,0.299902,0.119643
93.000000,915.442017,0.289738,0.167800
94.000000,915.442017,0.255779,0.209409
95.000000,915.442017,0.200807,0.235689
96.000000,915.442017,0.129341,0.228244
97.000000,915.442017,0.047252,0.216089
98.000000,915.442017,-0.038719,0.184179
99.000000,915.442017,-0.121512,0.126011
100.000000,915.442017,-0.194319,0.066460
101.000000,915.442017,-0.251169,0.007761
102.000000,915.442017,-0.287384,-0.069668
103.000000,915.442017,-0.299994,-0.121559
104.000000,915.442017,-0.287963,-0.167604
105.000000,915.442017,-0.252275,-0.212678
106.000000,915.442017,-0.195870,-0.232653
107.000000,915.442017,-0.123369,-0.232007
108.000000,915.442017,-0.040739,-0.211271
0.000000,956.062988,0.036344,-0.187309
1.000000,956.062988,0.122819,-0.134301
2.000000,956.062988,0.198300,-0.077063
3.000000,956.062988,0.256022,-0.007038
4.000000,956.062988,0.290823,0.064925
5.000000,956.062988,0.299583,0.124751
6.000000,956.062988,0.281520,0.176953
7.000000,956.062988,0.238251,0.219521
8.000000,956.062988,0.173648,0.228024
9.000000,956.062988,0.093498,0.225390
10.000000,956.062988,0.004976,0.206867
11.000000,956.062988,-0.083992,0.157706
12.000000,956.062988,-0.165438,0.107455
13.000000,956.062988,-0.232074,0.043923
14.000000,956.062988,-0.277926,-0.032099
15.000000,956.062988,-0.298901,-0.098051
16.000000,956.062988,-0.293103,-0.157983
17.000000,956.062988,-0.261071,-0.197797
18.000000,956.062988,-0.205656,-0.220613
19.000000,956.062988,-0.131832,-0.233226
20.000000,956.062988,-0.046201,-0.220132
21.000000,956.062988,0.043565,-0.178678
22.000000,956.062988,0.129430,-0.133206
23.000000,956.062988,0.203708,-0.067689
24.000000,956.062988,0.259744,0.006647
25.000000,956.062988,0.292525,0.065594
26.000000,956.062988,0.299113,0.128810
27.000000,956.062988,0.278920,0.182538
28.000000,956.062988,0.233753,0.215223
29.000000,956.062988,0.167655,0.235130
30.000000,956.062988,0.086548,0.225101
31.000000,956.062988,-0.002310,0.198702
32.000000,956.062988,-0.090962,0.158865
33.000000,956.062988,-0.171467,0.096487
34.000000,956.062988,-0.236623,0.029651
35.000000,956.062988,-0.280587,-0.032154
36.000000,956.062988,-0.299436,-0.103677
37.000000,956.062988,-0.291464,-0.159715
38.000000,956.062988,-0.257405,-0.199959
39.000000,956.062988,-0.200290,-0.226885
40.000000,956.062988,-0.125248,-0.233460
41.000000,956.062988,-0.038988,-0.210167
42.000000,956.062988,0.050761,-0.178375
43.000000,956.062988,0.135965,-0.128926
44.000000,956.062988,0.208997,-0.054444
45.000000,956.062988,0.263313,0.005103
46.000000,956.062988,0.294055,0.072113
47.000000,956.062988,0.298467,0.137529
48.000000,956.062988,0.276154,0.180848
49.000000,956.062988,0.229118,0.212736
50.000000,956.062988,0.161564,0.249210
51.000000,956.062988,0.079546,0.225711
52.000000,956.062988,-0.009595,0.195614
53.000000,956.062988,-0.097878,0.145611
54.000000,956.062988,-0.177395,0.089102
55.000000,956.062988,-0.241033,0.027590
56.000000,956.062988,-0.283082,-0.044974
57.000000,956.062988,-0.299794,-0.106371
58.000000,956.062988,-0.289653,-0.158143
59.000000,956.062988,-0.253586,-0.205530
60.000000,956.062988,-0.194807,-0.228026
61.000000,956.062988,-0.118590,-0.227801
62.000000,956.062988,-0.031753,-0.218551
63.000000,956.062988,0.057927,-0.174609
64.000000,956.062988,0.142420,-0.126241
65.000000,956.062988,0.214162,-0.056501
66.000000,956.062988,0.266727,0.016090
67.000000,956.062988,0.295411,0.086032
68.000000,956.062988,0.297644,0.138958
69.000000,956.062988,0.273226,0.185654
70.000000,956.062988,0.224347,0.221308
71.000000,956.062988,0.155377,0.379345
72.000000,956.062988,0.072498,0.225230
73.000000,956.062988,-0.016875,0.149798
74.000000,956.062988,-0.104737,0.108170
75.000000,956.062988,-0.183218,0.066299
76.000000,956.062988,-0.245300,0.002950
77.000000,956.062988,-0.285410,-0.054361
78.000000,956.062988,-0.299975,-0.110160
79.000000,956.062988,-0.287671,-0.177028
80.000000,956.062988,-0.249618,-0.207418
81.000000,956.062988,-0.189209,-0.221474
82.000000,956.062988,-0.111863,-0.232246
83.000000,956.062988,-0.024498,-0.206011
84.000000,956.062988,0.065059,-0.167237
85.000000,956.062988,0.148790,-0.119232
86.000000,956.062988,0.219200,-0.054082
87.000000,956.062988,0.269983,0.015888
88.000000,956.062988,0.296592,0.081441
89.000000,956.062988,0.296646,0.143678
90.000000,956.062988,0.270137,0.182461
91.000000,956.062988,0.219444,0.219823
92.000000,956.062988,0.149099,0.239410
93.000000,956.062988,0.065406,0.222444
94.000000,956.062988,-0.024144,0.194368
95.000000,956.062988,-0.111533,0.145936
96.000000,956.062988,-0.188933,0.079435
97.000000,956.062988,-0.249422,0.012370
98.000000,956.062988,-0.287570,-0.049977
99.000000,956.062988,-0.299979,-0.116918
100.000000,956.062988,-0.285520,-0.173349
101.000000,956.062988,-0.245503,-0.201833
102.000000,956.062988,-0.183499,-0.231206
103.000000,956.062988,-0.105069,-0.233020
0.000000,998.486023,0.078893,-0.165890
1.000000,998.486023,0.164353,-0.111118
2.000000,998.486023,0.233774,-0.040474
3.000000,998.486023,0.280378,0.025684
4.000000,998.486023,0.299624,0.097875
5.000000,998.486023,0.289622,0.156304
6.000000,998.486023,0.251362,0.195362
7.000000,998.486023,0.188564,0.223910
8.000000,998.486023,0.107368,0.236189
9.000000,998.486023,0.015692,0.228024
10.000000,998.486023,-0.077515,0.170480
11.000000,998.486023,-0.163158,0.111561
12.000000,998.486023,-0.232875,0.034938
13.000000,998.486023,-0.279872,-0.031087
14.000000,998.486023,-0.299546,-0.093653
15.000000,998.486023,-0.289994,-0.155014
16.000000,998.486023,-0.252135,-0.199391
17.000000,998.486023,-0.189673,-0.222807
18.000000,998.486023,-0.108699,-0.231132
19.000000,998.486023,-0.017117,-0.209892
20.000000,998.486023,0.076136,-0.173496
21.000000,998.486023,0.161957,-0.114178
22.000000,998.486023,0.231977,-0.040722
23.000000,998.486023,0.279350,0.023264
24.000000,998.486023,0.299467,0.093555
25.000000,998.486023,0.290354,0.159704
26.000000,998.486023,0.252906,0.199229
27.000000,998.486023,0.190777,0.228143
28.000000,998.486023,0.110028,0.230902
29.000000,998.486023,0.018542,0.204356
30.000000,998.486023,-0.074754,0.170099
31.000000,998.486023,-0.160756,0.116614
32.000000,998.486023,-0.231066,0.044239
33.000000,998.486023,-0.278828,-0.024320
34.000000,998.486023,-0.299377,-0.091032
35.000000,998.486023,-0.290709,-0.151147
36.000000,998.486023,-0.253673,-0.194938
37.000000,998.486023,-0.191875,-0.230486
38.000000,998.486023,-0.111356,-0.231659
39.000000,998.486023,-0.019966,-0.204852
40.000000,998.486023,0.073371,-0.172942
41.000000,998.486023,0.159547,-0.114412
42.000000,998.486023,0.230153,-0.041862
43.000000,998.486023,0.278299,0.020804
44.000000,998.486023,0.299281,0.092428
45.000000,998.486023,0.291062,0.154490
46.000000,998.486023,0.254429,0.195802
47.000000,998.486023,0.192972,0.225010
48.000000,998.486023,0.112678,0.230975
49.000000,998.486023,0.021390,0.209043
50.000000,998.486023,-0.071986,0.171960
51.000000,998.486023,-0.158337,0.116788
52.000000,998.486023,-0.229237,0.050932
53.000000,998.486023,-0.277761,-0.020540
54.000000,998.486023,-0.299185,-0.092223
55.000000,998.486023,-0.291400,-0.152347
56.000000,998.486023,-0.255185,-0.193852
57.000000,998.486023,-0.194061,-0.224278
58.000000,998.486023,-0.114000,-0.227879
59.000000,998.486023,-0.022813,-0.205553
60.000000,998.486023,0.070600,-0.172649
61.000000,998.486023,0.157125,-0.115906
62.000000,998.486023,0.228311,-0.045436
63.000000,998.486023,0.277223,0.016264
64.000000,998.486023,0.299071,0.088181
65.000000,998.486023,0.291738,0.152777
66.000000,998.486023,0.255931,0.194908
67.000000,998.486023,0.195147,0.222183
68.000000,998.486023,0.115319,0.227722
69.000000,998.486023,0.024236,0.220584
70.000000,998.486023,-0.069213,0.176486
71.000000,998.486023,-0.155905,0.114383
72.000000,998.486023,-0.227386,0.050845
73.000000,998.486023,-0.276670,-0.015354
74.000000,998.486023,-0.298957,-0.094963
75.000000,998.486023,-0.292067,-0.152801
76.000000,998.486023,-0.256672,-0.192679
77.000000,998.486023,-0.196231,-0.223765
78.000000,998.486023,-0.116635,-0.230340
79.000000,998.486023,-0.025659,-0.204513
80.000000,998.486023,0.067822,-0.170115
81.000000,998.486023,0.154685,-0.118439
82.000000,998.486023,0.226450,-0.048116
83.000000,998.486023,0.276116,0.016337
84.000000,998.486023,0.298836,0.081707
85.000000,998.486023,0.292388,0.142376
86.000000,998.486023,0.257411,0.195129
87.000000,998.486023,0.197305,0.232290
88.000000,998.486023,0.117950,0.226883
89.000000,998.486023,0.027080,0.209629
90.000000,998.486023,-0.066432,0.200214
91.000000,998.486023,-0.153460,0.117237
92.000000,998.486023,-0.225511,0.043845
93.000000,998.486023,-0.275557,-0.018354
94.000000,998.486023,-0.298704,-0.089910
95.000000,998.486023,-0.292709,-0.149388
96.000000,998.486023,-0.258137,-0.190379
97.000000,998.486023,-0.198380,-0.225698
98.000000,998.486023,-0.119259,-0.228259
99.000000,998.486023,-0.028501,-0.211133
0.000000,1042.791016,0.010172,-0.202410
1.000000,1042.791016,0.106106,-0.156462
2.000000,1042.791016,0.190755,-0.089859
3.000000,1042.791016,0.255114,-0.021832
4.000000,1042.791016,0.292334,0.049118
5.000000,1042.791016,0.298463,0.115895
6.000000,1042.791016,0.272847,0.163067
7.000000,1042.791016,0.218203,0.209148
8.000000,1042.791016,0.140354,0.225990
9.000000,1042.791016,0.047575,0.221757
10.000000,1042.791016,-0.050265,0.197667
11.000000,1042.791016,-0.142757,0.132265
12.000000,1042.791016,-0.220067,0.068027
13.000000,1042.791016,-0.273967,0.000027
14.000000,1042.791016,-0.298725,-0.079716
15.000000,1042.791016,-0.291712,-0.141347
16.000000,1042.791016,-0.253669,-0.186805
17.000000,1042.791016,-0.188641,-0.221158
18.000000,1042.791016,-0.103552,-0.228333
19.000000,1042.791016,-0.007447,-0.202653
20.000000,1042.791016,0.089450,-0.167888
21.000000,1042.791016,0.176832,-0.115466
22.000000,1042.791016,0.245409,0.008201
23.000000,1042.791016,0.287877,0.036725
24.000000,1042.791016,0.299725,0.094801
25.000000,1042.791016,0.279696,0.148905
26.000000,1042.791016,0.229914,0.191555
27.000000,1042.791016,0.155676,0.226315
28.000000,1042.791016,0.064881,0.220730
29.000000,1042.791016,-0.032816,0.198161
30.000000,1042.791016,-0.127022,0.147650
31.000000,1042.791016,-0.207717,0.076681
32.000000,1042.791016,-0.266322,0.005896
33.000000,1042.791016,-0.296592,-0.062177
34.000000,1042.791016,-0.295317,-0.127112
35.000000,1042.791016,-0.262634,-0.183690
36.000000,1042.791016,-0.202011,-0.211427
37.000000,1042.791016,-0.119901,-0.230459
38.000000,1042.791016,-0.025040,-0.215165
39.000000,1042.791016,0.072487,-0.176144
40.000000,1042.791016,0.162301,-0.121312
41.000000,1042.791016,0.234853,-0.052529
42.000000,1042.791016,0.282428,0.017570
43.000000,1042.791016,0.299955,0.095942
44.000000,1042.791016,0.285580,0.157418
45.000000,1042.791016,0.240832,0.196769
46.000000,1042.791016,0.170462,0.225097
47.000000,1042.791016,0.081963,0.220795
48.000000,1042.791016,-0.015254,0.197589
49.000000,1042.791016,-0.110849,0.161326
50.000000,1042.791016,-0.194652,0.107094
51.000000,1042.791016,-0.257752,0.021258
52.000000,1042.791016,-0.293438,-0.056455
53.000000,1042.791016,-0.297906,-0.116047
54.000000,1042.791016,-0.270690,-0.176809
55.000000,1042.791016,-0.214685,-0.211738
56.000000,1042.791016,-0.135838,-0.225048
57.000000,1042.791016,-0.042546,-0.223838
58.000000,1042.791016,0.055272,-0.180717
59.000000,1042.791016,0.147211,-0.132394
60.000000,1042.791016,0.223490,-0.062388
61.000000,1042.791016,0.276000,0.010262
62.000000,1042.791016,0.299152,0.077194
63.000000,1042.791016,0.290481,0.143632
64.000000,1042.791016,0.250915,0.196100
65.000000,1042.791016,0.184662,0.217684
66.000000,1042.791016,0.098763,0.228597
67.000000,1042.791016,0.002361,0.212227
68.000000,1042.791016,-0.094294,0.164634
69.000000,1042.791016,-0.180917,0.102769
70.000000,1042.791016,-0.248296,0.038562
71.000000,1042.791016,-0.289268,-0.044153
72.000000,1042.791016,-0.299469,-0.110999
73.000000,1042.791016,-0.277814,-0.162697
74.000000,1042.791016,-0.226613,-0.208064
75.000000,1042.791016,-0.151308,-0.227220
76.000000,1042.791016,-0.059905,-0.228007
77.000000,1042.791016,0.037867,-0.192436
78.000000,1042.791016,0.131614,-0.138987
79.000000,1042.791016,0.211357,-0.077297
80.000000,1042.791016,0.268621,-0.000711
81.000000,1042.791016,0.297316,0.074679
82.000000,1042.791016,0.294381,0.136585
83.000000,1042.791016,0.260135,0.185141
84.000000,1042.791016,0.198222,0.217661
85.000000,1042.791016,0.115223,0.265419
86.000000,1042.791016,0.019967,0.209836
87.000000,1042.791016,-0.077412,0.163717
88.000000,1042.791016,-0.166558,0.102283
89.000000,1042.791016,-0.237984,0.040345
90.000000,1042.791016,-0.284099,-0.020728
91.000000,1042.791016,-0.299999,-0.100104
92.000000,1042.791016,-0.283982,-0.158468
93.000000,1042.791016,-0.237761,-0.205965
94.000000,1042.791016,-0.166253,-0.222578
0.000000,1089.062988,0.018253,-0.203377
1.000000,1089.062988,0.117658,-0.157428
2.000000,1089.062988,0.203423,-0.089039
3.000000,1089.062988,0.265607,-0.019005
4.000000,1089.062988,0.297002,0.056559
5.000000,1089.062988,0.293968,0.126602
6.000000,1089.062988,0.256858,0.181741
7.000000,1089.062988,0.189972,0.217335
8.000000,1089.062988,0.101064,0.219136
9.000000,1089.062988,0.000438,0.208662
10.000000,1089.062988,-0.100237,0.168579
11.000000,1089.062988,-0.189291,0.100643
12.000000,1089.062988,-0.256403,0.033211
13.000000,1089.062988,-0.293792,-0.039402
14.000000,1089.062988,-0.297125,-0.109991
15.000000,1089.062988,-0.266016,-0.169102
16.000000,1089.062988,-0.204069,-0.207267
17.000000,1089.062988,-0.118464,-0.229345
18.000000,1089.062988,-0.019127,-0.216879
19.000000,1089.062988,0.082426,-0.171704
20.000000,1089.062988,0.174424,-0.120492
21.000000,1089.062988,0.246202,-0.046788
22.000000,1089.062988,0.289441,0.034636
23.000000,1089.062988,0.299128,0.100262
24.000000,1089.062988,0.274140,0.161532
25.000000,1089.062988,0.217372,0.193328
26.000000,1089.062988,0.135404,0.222577
27.000000,1089.062988,0.037741,0.231603
28.000000,1089.062988,-0.064296,0.184128
29.000000,1089.062988,-0.158879,0.124797
30.000000,1089.062988,-0.235046,0.064311
31.000000,1089.062988,-0.283966,-0.019078
32.000000,1089.062988,-0.299969,-0.089937
33.000000,1089.062988,-0.281200,-0.145809
34.000000,1089.062988,-0.229830,-0.192070
35.000000,1089.062988,-0.151818,-0.223573
36.000000,1089.062988,-0.056209,-0.215820
37.000000,1089.062988,0.045916,-0.196977
38.000000,1089.062988,0.142718,-0.148274
39.000000,1089.062988,0.222976,-0.072797
40.000000,1089.062988,0.277388,0.002423
41.000000,1089.062988,0.299645,0.103854
42.000000,1089.062988,0.287165,0.132984
43.000000,1089.062988,0.241394,0.185228
44.000000,1089.062988,0.167643,0.217161
45.000000,1089.062988,0.074458,0.219617
46.000000,1089.062988,-0.027357,0.199055
47.000000,1089.062988,-0.126002,0.157244
48.000000,1089.062988,-0.210040,0.082408
49.000000,1089.062988,-0.269732,0.013483
50.000000,1089.062988,-0.298156,-0.059350
51.000000,1089.062988,-0.292013,-0.132766
52.000000,1089.062988,-0.252021,-0.183763
53.000000,1089.062988,-0.182816,-0.211500
54.000000,1089.062988,-0.092418,-0.230385
55.000000,1089.062988,0.008693,-0.208252
56.000000,1089.062988,0.108796,-0.163623
57.000000,1089.062988,0.196289,-0.099444
58.000000,1089.062988,0.261029,-0.020847
59.000000,1089.062988,0.295506,0.047139
60.000000,1089.062988,0.295728,0.120563
61.000000,1089.062988,0.261670,0.178905
62.000000,1089.062988,0.197279,0.213217
63.000000,1089.062988,0.110019,0.225390
64.000000,1089.062988,0.010006,0.217808
65.000000,1089.062988,-0.091168,0.170580
66.000000,1089.062988,-0.181775,0.113783
67.000000,1089.062988,-0.251309,0.040349
68.000000,1089.062988,-0.291709,-0.035146
69.000000,1089.062988,-0.298294,-0.109065
70.000000,1089.062988,-0.270301,-0.162917
71.000000,1089.062988,-0.210975,-0.208064
72.000000,1089.062988,-0.127193,-0.227820
73.000000,1089.062988,-0.028666,-0.223513
74.000000,1089.062988,0.073185,-0.181436
75.000000,1089.062988,0.166553,-0.123300
76.000000,1089.062988,0.240612,-0.055314
77.000000,1089.062988,0.286779,0.021084
78.000000,1089.062988,0.299702,0.102934
79.000000,1089.062988,0.277883,0.157266
80.000000,1089.062988,0.223853,0.202849
81.000000,1089.062988,0.143873,0.227108
82.000000,1089.062988,0.047215,0.218123
83.000000,1089.062988,-0.054918,0.189081
84.000000,1089.062988,-0.150684,0.136182
85.000000,1089.062988,-0.228981,0.065520
86.000000,1089.062988,-0.280735,-0.010479
87.000000,1089.062988,-0.299945,-0.077278
88.000000,1089.062988,-0.284386,-0.147427
89.000000,1089.062988,-0.235861,-0.197164
90.000000,1089.062988,-0.159994,-0.226047
0.000000,1137.386963,0.008489,-0.208691
1.000000,1137.386963,0.112839,-0.163503
2.000000,1137.386963,0.202934,-0.109478
3.000000,1137.386963,0.267394,-0.021800
4.000000,1137.386963,0.298076,0.059459
5.000000,1137.386963,0.291104,0.123624
6.000000,1137.386963,0.247358,0.179226
7.000000,1137.386963,0.172361,0.210009
8.000000,1137.386963,0.075593,0.219516
9.000000,1137.386963,-0.030724,0.206427
10.000000,1137.386963,-0.133160,0.152946
11.000000,1137.386963,-0.218774,0.089381
12.000000,1137.386963,-0.276752,0.015128
13.000000,1137.386963,-0.299770,-0.073242
14.000000,1137.386963,-0.284920,-0.142841
15.000000,1137.386963,-0.234075,-0.185912
16.000000,1137.386963,-0.153660,-0.219005
17.000000,1137.386963,-0.053835,-0.218739
18.000000,1137.386963,0.052790,-0.190952
19.000000,1137.386963,0.152746,-0.141700
20.000000,1137.386963,0.233407,-0.069870
21.000000,1137.386963,0.284583,0.007770
22.000000,1137.386963,0.299810,0.083888
23.000000,1137.386963,0.277164,0.153844
24.000000,1137.386963,0.219501,0.194615
25.000000,1137.386963,0.134111,0.219809
26.000000,1137.386963,0.031781,0.219594
27.000000,1137.386963,-0.074564,0.180921
28.000000,1137.386963,-0.171489,0.129850
29.000000,1137.386963,-0.246752,0.059917
30.000000,1137.386963,-0.290844,0.007371
31.000000,1137.386963,-0.298196,-0.100878
32.000000,1137.386963,-0.267877,-0.164864
33.000000,1137.386963,-0.203716,-0.214845
34.000000,1137.386963,-0.113822,-0.226179
35.000000,1137.386963,-0.009551,-0.213713
36.000000,1137.386963,0.095927,-0.175929
37.000000,1137.386963,0.189287,-0.109606
38.000000,1137.386963,0.258736,-0.044094
39.000000,1137.386963,0.295501,0.037751
40.000000,1137.386963,0.294938,0.115441
41.000000,1137.386963,0.257112,0.164487
42.000000,1137.386963,0.186808,0.206715
43.000000,1137.386963,0.092906,0.225175
44.000000,1137.386963,-0.012732,0.204063
45.000000,1137.386963,-0.116761,0.165046
46.000000,1137.386963,-0.206040,0.105527
47.000000,1137.386963,-0.269293,0.025418
48.000000,1137.386963,-0.298528,-0.057202
49.000000,1137.386963,-0.290050,-0.123854
50.000000,1137.386963,-0.244929,-0.183736
51.000000,1137.386963,-0.168869,-0.224173
52.000000,1137.386963,-0.071477,-0.221886
53.000000,1137.386963,0.034944,-0.196537
54.000000,1137.386963,0.136950,-0.145768
55.000000,1137.386963,0.221657,-0.090143
56.000000,1137.386963,0.278364,-0.008898
57.000000,1137.386963,0.299908,0.073699
58.000000,1137.386963,0.283562,0.137699
59.000000,1137.386963,0.231395,0.189974
60.000000,1137.386963,0.149998,0.225321
61.000000,1137.386963,0.049653,0.220804
62.000000,1137.386963,-0.056963,0.191834
63.000000,1137.386963,-0.156384,0.141763
64.000000,1137.386963,-0.236051,0.067380
65.000000,1137.386963,-0.285900,-0.008692
66.000000,1137.386963,-0.299631,-0.079958
67.000000,1137.386963,-0.275509,-0.154120
68.000000,1137.386963,-0.216584,-0.197604
69.000000,1137.386963,-0.130300,-0.224054
70.000000,1137.386963,-0.027556,-0.213498
71.000000,1137.386963,0.078669,-0.181550
72.000000,1137.386963,0.174956,-0.130333
73.000000,1137.386963,0.249143,-0.054435
74.000000,1137.386963,0.291858,0.032336
75.000000,1137.386963,0.297701,0.102503
76.000000,1137.386963,0.265937,0.171300
77.000000,1137.386963,0.200578,0.211334
78.000000,1137.386963,0.109883,0.218050
79.000000,1137.386963,0.005307,0.211842
80.000000,1137.386963,-0.099940,0.177105
81.000000,1137.386963,-0.192562,0.106296
82.000000,1137.386963,-0.260861,0.033944
83.000000,1137.386963,-0.296206,-0.035609
84.000000,1137.386963,-0.294129,-0.119598
85.000000,1137.386963,-0.254897,-0.175956
86.000000,1137.386963,-0.183466,-0.214666
0.000000,1187.855957,0.089812,-0.177482
1.000000,1187.855957,0.187986,-0.125586
2.000000,1187.855957,0.260281,-0.044616
3.000000,1187.855957,0.296754,0.034118
4.000000,1187.855957,0.292369,0.114223
5.000000,1187.855957,0.247746,0.168372
6.000000,1187.855957,0.169018,0.210229
7.000000,1187.855957,0.067025,0.222829
8.000000,1187.855957,-0.044195,0.196169
9.000000,1187.855957,-0.149330,0.147645
10.000000,1187.855957,-0.233912,0.080466
11.000000,1187.855957,-0.286292,-0.003744
12.000000,1187.855957,-0.299265,-0.082717
13.000000,1187.855957,-0.271047,-0.141636
14.000000,1187.855957,-0.205513,-0.193256
15.000000,1187.855957,-0.111695,-0.217099
16.000000,1187.855957,-0.002499,-0.208980
17.000000,1187.855957,0.107041,-0.177409
18.000000,1187.855957,0.201846,-0.113752
19.000000,1187.855957,0.268864,-0.027802
20.000000,1187.855957,0.298880,0.047812
21.000000,1187.855957,0.287745,0.121810
22.000000,1187.855957,0.237007,0.177146
23.000000,1187.855957,0.153644,0.211870
24.000000,1187.855957,0.049131,0.220675
25.000000,1187.855957,-0.062146,0.188875
26.000000,1187.855957,-0.164866,0.139165
27.000000,1187.855957,-0.244894,0.070945
28.000000,1187.855957,-0.291211,-0.014905
29.000000,1187.855957,-0.297441,-0.091871
30.000000,1187.855957,-0.262733,-0.155770
31.000000,1187.855957,-0.191852,-0.205384
32.000000,1187.855957,-0.094567,-0.220966
33.000000,1187.855957,0.015736,-0.200646
34.000000,1187.855957,0.123873,-0.168108
35.000000,1187.855957,0.214961,-0.097831
36.000000,1187.855957,0.276454,-0.014707
37.000000,1187.855957,0.299900,0.057553
38.000000,1187.855957,0.282057,0.134904
39.000000,1187.855957,0.225392,0.187193
40.000000,1187.855957,0.137702,0.210976
41.000000,1187.855957,0.031055,0.217922
42.000000,1187.855957,-0.079866,0.183294
43.000000,1187.855957,-0.179792,0.128971
44.000000,1187.855957,-0.254971,0.057924
45.000000,1187.855957,-0.295053,-0.030752
46.000000,1187.855957,-0.294517,-0.107045
47.000000,1187.855957,-0.253448,-0.159197
48.000000,1187.855957,-0.177482,-0.208357
49.000000,1187.855957,-0.077091,-0.219325
50.000000,1187.855957,0.033913,-0.195959
51.000000,1187.855957,0.140248,-0.154794
52.000000,1187.855957,0.227281,-0.084884
53.000000,1187.855957,0.283023,0.004260
54.000000,1187.855957,0.299812,0.070281
55.000000,1187.855957,0.275326,0.141231
56.000000,1187.855957,0.212944,0.187120
57.000000,1187.855957,0.121251,0.216556
58.000000,1187.855957,0.012865,0.221716
59.000000,1187.855957,-0.097292,0.176381
60.000000,1187.855957,-0.194054,0.112230
61.000000,1187.855957,-0.264106,0.044157
62.000000,1187.855957,-0.297804,-0.046527
63.000000,1187.855957,-0.290505,-0.114632
64.000000,1187.855957,-0.243224,-0.171324
65.000000,1187.855957,-0.162456,-0.214611
66.000000,1187.855957,-0.059330,-0.218212
67.000000,1187.855957,0.051965,-0.187625
68.000000,1187.855957,0.156105,-0.150327
69.000000,1187.855957,0.238762,-0.078483
70.000000,1187.855957,0.288545,0.013268
71.000000,1187.855957,0.298615,0.087022
72.000000,1187.855957,0.267578,0.151498
73.000000,1187.855957,0.199709,0.198194
74.000000,1187.855957,0.104351,0.217450
75.000000,1187.855957,-0.005373,0.211082
76.000000,1187.855957,-0.114357,0.165573
77.000000,1187.855957,-0.207598,0.101889
78.000000,1187.855957,-0.272264,0.033376
79.000000,1187.855957,-0.299455,-0.053967
80.000000,1187.855957,-0.285419,-0.128399
81.000000,1187.855957,-0.232102,-0.178838
82.000000,1187.855957,-0.146830,-0.214684
83.000000,1187.855957,-0.041349,-0.210772
0.000000,1240.564941,0.045601,-0.198938
1.000000,1240.564941,0.154839,-0.146849
2.000000,1240.564941,0.240855,-0.082323
3.000000,1240.564941,0.290744,0.002615
4.000000,1240.564941,0.297028,0.088639
5.000000,1240.564941,0.258767,0.150266
6.000000,1240.564941,0.181696,0.199788
7.000000,1240.564941,0.077370,0.214774
8.000000,1240.564941,-0.038558,0.199742
9.000000,1240.564941,-0.148702,0.158105
10.000000,1240.564941,-0.236547,0.082174
11.000000,1240.564941,-0.288910,0.000109
12.000000,1240.564941,-0.297942,-0.079638
13.000000,1240.564941,-0.262292,-0.148087
14.000000,1240.564941,-0.187305,-0.190823
15.000000,1240.564941,-0.084221,-0.208600
16.000000,1240.564941,0.031492,-0.206204
17.000000,1240.564941,0.142482,-0.158615
18.000000,1240.564941,0.232105,-0.082492
19.000000,1240.564941,0.286913,-0.010818
20.000000,1240.564941,0.298690,0.073227
21.000000,1240.564941,0.265670,0.148163
22.000000,1240.564941,0.192808,0.189182
23.000000,1240.564941,0.091025,0.214889
24.000000,1240.564941,-0.024409,0.204874
25.000000,1240.564941,-0.136182,0.161426
26.000000,1240.564941,-0.227532,0.099181
27.000000,1240.564941,-0.284756,0.008942
28.000000,1240.564941,-0.299269,-0.070502
29.000000,1240.564941,-0.268900,-0.130594
30.000000,1240.564941,-0.198203,-0.193403
31.000000,1240.564941,-0.097778,-0.216045
32.000000,1240.564941,0.017313,-0.202946
33.000000,1240.564941,0.129805,-0.167141
34.000000,1240.564941,0.222831,-0.100204
35.000000,1240.564941,0.282439,-0.014707
36.000000,1240.564941,0.299680,0.059793
37.000000,1240.564941,0.271978,0.136617
38.000000,1240.564941,0.203486,0.192806
39.000000,1240.564941,0.104476,0.211723
40.000000,1240.564941,-0.010206,0.207082
41.000000,1240.564941,-0.123356,0.171392
42.000000,1240.564941,-0.218005,0.104803
43.000000,1240.564941,-0.279961,0.028497
44.000000,1240.564941,-0.299923,-0.060175
45.000000,1240.564941,-0.274903,-0.136720
46.000000,1240.564941,-0.208655,-0.184171
47.000000,1240.564941,-0.111114,-0.216544
48.000000,1240.564941,0.003094,-0.212105
49.000000,1240.564941,0.116837,-0.168571
50.000000,1240.564941,0.213057,-0.106724
51.000000,1240.564941,0.277325,-0.031307
52.000000,1240.564941,0.299997,0.057164
53.000000,1240.564941,0.277674,0.128838
54.000000,1240.564941,0.213707,0.186767
55.000000,1240.564941,0.117690,0.219668
56.000000,1240.564941,0.004019,0.210756
57.000000,1240.564941,-0.110253,0.169879
58.000000,1240.564941,-0.207989,0.111368
59.000000,1240.564941,-0.274533,0.034265
60.000000,1240.564941,-0.299903,-0.042495
61.000000,1240.564941,-0.280288,-0.131579
62.000000,1240.564941,-0.218639,-0.181963
63.000000,1240.564941,-0.124199,-0.206359
64.000000,1240.564941,-0.011131,-0.214011
65.000000,1240.564941,0.103606,-0.182123
66.000000,1240.564941,0.202804,-0.112327
67.000000,1240.564941,0.271587,-0.040360
68.000000,1240.564941,0.299640,0.043098
69.000000,1240.564941,0.282746,0.124802
70.000000,1240.564941,0.223448,0.178094
71.000000,1240.564941,0.130639,0.219136
72.000000,1240.564941,0.018237,0.208960
73.000000,1240.564941,-0.096902,0.177494
74.000000,1240.564941,-0.197506,0.121956
75.000000,1240.564941,-0.268489,0.044331
76.000000,1240.564941,-0.299206,-0.038207
77.000000,1240.564941,-0.285045,-0.112286
78.000000,1240.564941,-0.228132,-0.182916
79.000000,1240.564941,-0.137006,-0.212618
0.000000,1295.612061,0.097865,-0.184510
1.000000,1295.612061,0.202135,-0.126388
2.000000,1295.612061,0.273376,-0.049807
3.000000,1295.612061,0.299949,0.045178
4.000000,1295.612061,0.277512,0.119162
5.000000,1295.612061,0.209731,0.176307
6.000000,1295.612061,0.107679,0.211829
7.000000,1295.612061,-0.011969,0.202981
8.000000,1295.612061,-0.129659,0.172060
9.000000,1295.612061,-0.226163,0.111661
10.000000,1295.612061,-0.285714,0.019984
11.000000,1295.612061,-0.298582,-0.060762
12.000000,1295.612061,-0.262659,-0.133522
13.000000,1295.612061,-0.183817,-0.192890
14.000000,1295.612061,-0.074942,-0.215312
15.000000,1295.612061,0.046178,-0.196999
16.000000,1295.612061,0.159753,-0.163348
17.000000,1295.612061,0.247227,-0.083990
18.000000,1295.612061,0.294303,0.004494
19.000000,1295.612061,0.293288,0.086128
20.000000,1295.612061,0.244353,0.160052
21.000000,1295.612061,0.155492,0.199541
22.000000,1295.612061,0.041224,0.212910
23.000000,1295.612061,-0.079781,0.196567
24.000000,1295.612061,-0.187750,0.134111
25.000000,1295.612061,-0.265039,0.056353
26.000000,1295.612061,-0.299022,-0.022208
27.000000,1295.612061,-0.284147,-0.107017
28.000000,1295.612061,-0.222843,-0.171255
29.000000,1295.612061,-0.125127,-0.200046
30.000000,1295.612061,-0.006964,-0.212824
31.000000,1295.612061,0.112336,-0.179296
32.000000,1295.612061,0.213280,-0.115007
33.000000,1295.612061,0.279375,-0.035966
34.000000,1295.612061,0.299822,0.050085
35.000000,1295.612061,0.271280,0.128375
36.000000,1295.612061,0.198408,0.185681
37.000000,1295.612061,0.093117,0.211535
38.000000,1295.612061,-0.027387,0.201341
39.000000,1295.612061,-0.143417,0.157033
40.000000,1295.612061,-0.236013,0.097307
41.000000,1295.612061,-0.290047,0.006963
42.000000,1295.612061,-0.296685,-0.072523
43.000000,1295.612061,-0.254845,-0.137388
44.000000,1295.612061,-0.171365,-0.189229
45.000000,1295.612061,-0.059885,-0.210918
46.000000,1295.612061,0.061380,-0.197292
47.000000,1295.612061,0.172618,-0.150180
48.000000,1295.612061,0.255648,-0.074470
49.000000,1295.612061,0.296905,0.018101
50.000000,1295.612061,0.289650,0.094535
51.000000,1295.612061,0.235067,0.165559
52.000000,1295.612061,0.142076,0.202867
53.000000,1295.612061,0.025869,0.210829
54.000000,1295.612061,-0.094566,0.187500
55.000000,1295.612061,-0.199548,0.125324
56.000000,1295.612061,-0.271923,0.046832
57.000000,1295.612061,-0.299868,-0.032241
58.000000,1295.612061,-0.278817,-0.120112
59.000000,1295.612061,-0.212208,-0.177129
60.000000,1295.612061,-0.110921,-0.201833
61.000000,1295.612061,0.008489,-0.209704
62.000000,1295.612061,0.126510,-0.173569
63.000000,1295.612061,0.223860,-0.103773
64.000000,1295.612061,0.284634,-0.032246
65.000000,1295.612061,0.298901,0.060206
66.000000,1295.612061,0.264323,0.139682
67.000000,1295.612061,0.186556,0.190222
68.000000,1295.612061,0.078309,0.212955
69.000000,1295.612061,-0.042734,0.200567
70.000000,1295.612061,-0.156795,0.152346
71.000000,1295.612061,-0.245238,0.086527
72.000000,1295.612061,-0.293607,-0.001971
73.000000,1295.612061,-0.294000,-0.084270
74.000000,1295.612061,-0.246356,-0.139088
75.000000,1295.612061,-0.158459,-0.200170
76.000000,1295.612061,-0.044670,-0.213145
0.000000,1353.102051,0.012203,-0.207725
1.000000,1353.102051,0.134735,-0.172424
2.000000,1353.102051,0.233281,-0.106138
3.000000,1353.102051,0.290307,-0.016746
4.000000,1353.102051,0.295660,0.069607
5.000000,1353.102051,0.248383,0.141771
6.000000,1353.102051,0.156899,0.196993
7.000000,1353.102051,0.037485,0.205629
8.000000,1353.102051,-0.088600,0.187894
9.000000,1353.102051,-0.198917,0.136856
10.000000,1353.102051,-0.273824,0.051533
11.000000,1353.102051,-0.299992,-0.034133
12.000000,1353.102051,-0.272768,-0.107860
13.000000,1353.102051,-0.196984,-0.177482
14.000000,1353.102051,-0.086143,-0.209512
15.000000,1353.102051,0.040033,-0.198859
16.000000,1353.102051,0.159081,-0.159554
17.000000,1353.102051,0.249816,-0.088604
18.000000,1353.102051,0.296084,0.001227
19.000000,1353.102051,0.289647,0.083448
20.000000,1353.102051,0.231660,0.154911
21.000000,1353.102051,0.132433,0.190194
22.000000,1353.102051,0.009635,0.208369
23.000000,1353.102051,-0.114879,0.185173
24.000000,1353.102051,-0.218942,0.119464
25.000000,1353.102051,-0.284036,0.039011
26.000000,1353.102051,-0.298576,-0.043943
27.000000,1353.102051,-0.259964,-0.131126
28.000000,1353.102051,-0.175084,-0.188597
29.000000,1353.102051,-0.059039,-0.204586
30.000000,1353.102051,0.067515,-0.199803
31.000000,1353.102051,0.182053,-0.149021
32.000000,1353.102051,0.264184,-0.064857
33.000000,1353.102051,0.299290,0.018124
34.000000,1353.102051,0.281130,0.101275
35.000000,1353.102051,0.212922,0.167378
36.000000,1353.102051,0.106819,0.207329
37.000000,1353.102051,-0.018298,0.210115
38.000000,1353.102051,-0.140157,0.167813
39.000000,1353.102051,-0.237070,0.104422
40.000000,1353.102051,-0.291787,0.020209
41.000000,1353.102051,-0.294562,-0.073535
42.000000,1353.102051,-0.244911,-0.146181
43.000000,1353.102051,-0.151665,-0.189999
44.000000,1353.102051,-0.031422,-0.215651
45.000000,1353.102051,0.094413,-0.189344
46.000000,1353.102051,0.203442,-0.127135
47.000000,1353.102051,0.276259,-0.052487
48.000000,1353.102051,0.299909,0.036097
49.000000,1353.102051,0.270167,0.123015
50.000000,1353.102051,0.192341,0.179134
51.000000,1353.102051,0.080280,0.212135
52.000000,1353.102051,-0.046072,0.200654
53.000000,1353.102051,-0.164224,0.155026
54.000000,1353.102051,-0.253144,0.085780
55.000000,1353.102051,-0.297003,-0.009851
56.000000,1353.102051,-0.288002,-0.090744
57.000000,1353.102051,-0.227733,-0.149662
58.000000,1353.102051,-0.126929,-0.201810
59.000000,1353.102051,-0.003534,-0.211958
60.000000,1353.102051,0.120491,-0.178618
61.000000,1353.102051,0.223068,-0.115805
62.000000,1353.102051,0.285945,-0.033167
63.000000,1353.102051,0.297916,0.060811
64.000000,1353.102051,0.256865,0.130551
65.000000,1353.102051,0.170093,0.187734
66.000000,1353.102051,0.053043,0.213194
67.000000,1353.102051,-0.073448,0.195729
68.000000,1353.102051,-0.186865,0.143911
69.000000,1353.102051,-0.267019,0.067605
70.000000,1353.102051,-0.299650,-0.022052
71.000000,1353.102051,-0.278938,-0.101785
72.000000,1353.102051,-0.208579,-0.171622
0.000000,1413.141968,0.031336,-0.199831
1.000000,1413.141968,0.156445,-0.162550
2.000000,1413.141968,0.251225,-0.102184
3.000000,1413.141968,0.297298,-0.011299
4.000000,1413.141968,0.285728,0.091246
5.000000,1413.141968,0.218763,0.155993
6.000000,1413.141968,0.109387,0.196581
7.000000,1413.141968,-0.021197,0.201547
8.000000,1413.141968,-0.147673,0.170053
9.000000,1413.141968,-0.245518,0.103415
10.000000,1413.141968,-0.295760,0.011343
11.000000,1413.141968,-0.288663,-0.075043
12.000000,1413.141968,-0.225601,-0.145122
13.000000,1413.141968,-0.118801,-0.201063
14.000000,1413.141968,0.011033,-0.206378
15.000000,1413.141968,0.138728,-0.165744
16.000000,1413.141968,0.239526,-0.109184
17.000000,1413.141968,0.293885,-0.019779
18.000000,1413.141968,0.291268,0.072938
19.000000,1413.141968,0.232182,0.144685
20.000000,1413.141968,0.128079,0.196214
21.000000,1413.141968,-0.000856,0.208140
22.000000,1413.141968,-0.129624,0.175561
23.000000,1413.141968,-0.233260,0.113769
24.000000,1413.141968,-0.291674,0.024263
25.000000,1413.141968,-0.293541,-0.065215
26.000000,1413.141968,-0.238493,-0.137888
27.000000,1413.141968,-0.137207,-0.196230
28.000000,1413.141968,-0.009321,-0.205851
29.000000,1413.141968,0.120371,-0.176158
30.000000,1413.141968,0.226728,-0.122425
31.000000,1413.141968,0.289130,-0.036887
32.000000,1413.141968,0.295470,0.062084
33.000000,1413.141968,0.244527,0.131371
34.000000,1413.141968,0.146178,0.189374
35.000000,1413.141968,0.019488,0.214307
36.000000,1413.141968,-0.110981,0.183001
37.000000,1413.141968,-0.219935,0.125603
38.000000,1413.141968,-0.286245,0.045870
39.000000,1413.141968,-0.297059,-0.046234
40.000000,1413.141968,-0.250282,-0.129687
41.000000,1413.141968,-0.154981,-0.192464
42.000000,1413.141968,-0.029633,-0.210011
43.000000,1413.141968,0.101462,-0.183951
44.000000,1413.141968,0.212884,-0.135813
45.000000,1413.141968,0.283033,-0.049308
46.000000,1413.141968,0.298309,0.048170
47.000000,1413.141968,0.255751,0.126538
48.000000,1413.141968,0.163608,0.184467
49.000000,1413.141968,0.039743,0.214014
50.000000,1413.141968,-0.091826,0.185681
51.000000,1413.141968,-0.205591,0.137584
52.000000,1413.141968,-0.279497,0.058057
53.000000,1413.141968,-0.299217,-0.036786
54.000000,1413.141968,-0.260925,-0.120226
55.000000,1413.141968,-0.172042,-0.181358
56.000000,1413.141968,-0.049807,-0.210744
57.000000,1413.141968,0.082084,-0.194044
58.000000,1413.141968,0.198062,-0.146107
59.000000,1413.141968,0.275642,-0.062095
60.000000,1413.141968,0.299779,0.014775
61.000000,1413.141968,0.265794,0.111657
62.000000,1413.141968,0.180279,0.180454
63.000000,1413.141968,0.059814,0.215801
64.000000,1413.141968,-0.072249,0.201309
65.000000,1413.141968,-0.190307,0.149198
66.000000,1413.141968,-0.271465,0.073758
67.000000,1413.141968,-0.299992,-0.021159
68.000000,1413.141968,-0.270359,-0.105345
69.000000,1413.141968,-0.188311,-0.168351
0.000000,1475.847046,0.033635,-0.161451
1.000000,1475.847046,0.163402,-0.168928
2.000000,1475.847046,0.258665,-0.107352
3.000000,1475.847046,0.299311,-0.012540
4.000000,1475.847046,0.276761,0.077501
5.000000,1475.847046,0.195773,0.156478
6.000000,1475.847046,0.073445,0.194414
7.000000,1475.847046,-0.064389,0.196315
8.000000,1475.847046,-0.188627,0.160551
9.000000,1475.847046,-0.273039,0.074967
10.000000,1475.847046,-0.299800,-0.013365
11.000000,1475.847046,-0.263253,-0.100259
12.000000,1475.847046,-0.171123,-0.176955
13.000000,1475.847046,-0.042862,-0.205484
14.000000,1475.847046,0.094450,-0.189032
15.000000,1475.847046,0.211820,-0.142813
16.000000,1475.847046,0.284461,-0.056088
17.000000,1475.847046,0.297041,0.040496
18.000000,1475.847046,0.246902,0.122071
19.000000,1475.847046,0.144631,0.181333
20.000000,1475.847046,0.011817,0.205240
21.000000,1475.847046,-0.123489,0.183001
22.000000,1475.847046,-0.232721,0.125223
23.000000,1475.847046,-0.292816,0.033651
24.000000,1475.847046,-0.291083,-0.057481
25.000000,1475.847046,-0.227884,-0.146075
26.000000,1475.847046,-0.116571,-0.193476
27.000000,1475.847046,0.019355,-0.202131
28.000000,1475.847046,0.151197,-0.167604
29.000000,1475.847046,0.251112,-0.107764
30.000000,1475.847046,0.298003,-0.009879
31.000000,1475.847046,0.281974,0.084699
32.000000,1475.847046,0.206407,0.138065
33.000000,1475.847046,0.087257,0.195028
34.000000,1475.847046,-0.050319,0.211407
35.000000,1475.847046,-0.177268,0.164107
36.000000,1475.847046,-0.266788,0.087141
37.000000,1475.847046,-0.299979,0.000920
38.000000,1475.847046,-0.269826,-0.095417
39.000000,1475.847046,-0.182699,-0.166582
40.000000,1475.847046,-0.056997,-0.202392
41.000000,1475.847046,0.080739,-0.198397
42.000000,1475.847046,0.201431,-0.146955
43.000000,1475.847046,0.279586,-0.073036
44.000000,1475.847046,0.298708,0.032318
45.000000,1475.847046,0.254760,0.121022
46.000000,1475.847046,0.157020,0.176761
47.000000,1475.847046,0.026124,0.202922
48.000000,1475.847046,-0.110287,0.192366
49.000000,1475.847046,-0.223411,0.127944
50.000000,1475.847046,-0.289363,0.047405
51.000000,1475.847046,-0.294219,-0.043503
52.000000,1475.847046,-0.236945,-0.133513
53.000000,1475.847046,-0.129643,-0.187337
54.000000,1475.847046,0.005032,-0.203826
55.000000,1475.847046,0.138646,-0.179942
56.000000,1475.847046,0.242986,-0.111012
57.000000,1475.847046,0.296016,-0.033607
58.000000,1475.847046,0.286544,0.070794
59.000000,1475.847046,0.216571,0.148264
60.000000,1475.847046,0.100869,0.190748
61.000000,1475.847046,-0.036134,0.208355
62.000000,1475.847046,-0.165505,0.171378
63.000000,1475.847046,-0.259930,0.093569
64.000000,1475.847046,-0.299473,0.003215
65.000000,1475.847046,-0.275783,-0.082712
66.000000,1475.847046,-0.193858,-0.162674
0.000000,1541.334961,0.017592,-0.206305
1.000000,1541.334961,0.154984,-0.174742
2.000000,1541.334961,0.256740,-0.105899
3.000000,1541.334961,0.299467,-0.018478
4.000000,1541.334961,0.273334,0.081867
5.000000,1541.334961,0.184359,0.158064
6.000000,1541.334961,0.052991,0.194835
7.000000,1541.334961,-0.090561,0.197635
8.000000,1541.334961,-0.213287,0.149276
9.000000,1541.334961,-0.286978,0.059940
10.000000,1541.334961,-0.294679,-0.035627
11.000000,1541.334961,-0.234629,-0.115301
12.000000,1541.334961,-0.120630,-0.182916
13.000000,1541.334961,0.021105,-0.204151
14.000000,1541.334961,0.157988,-0.174944
15.000000,1541.334961,0.258543,-0.103531
16.000000,1541.334961,0.299656,-0.010946
17.000000,1541.334961,0.271865,0.077267
18.000000,1541.334961,0.181570,0.154866
19.000000,1541.334961,0.049522,0.202120
20.000000,1541.334961,-0.093911,0.189855
21.000000,1541.334961,-0.215748,0.147118
22.000000,1541.334961,-0.287984,0.067138
23.000000,1541.334961,-0.293999,-0.038720
24.000000,1541.334961,-0.232419,-0.125353
25.000000,1541.334961,-0.117398,-0.179511
26.000000,1541.334961,0.024615,-0.203744
27.000000,1541.334961,0.160970,-0.173276
28.000000,1541.334961,0.260311,-0.096626
29.000000,1541.334961,0.299804,-0.012458
30.000000,1541.334961,0.270357,0.082674
31.000000,1541.334961,0.178755,0.153478
32.000000,1541.334961,0.046047,0.198922
33.000000,1541.334961,-0.097248,0.194634
34.000000,1541.334961,-0.218180,0.138651
35.000000,1541.334961,-0.288949,0.059179
36.000000,1541.334961,-0.293279,-0.032402
37.000000,1541.334961,-0.230177,-0.127552
38.000000,1541.334961,-0.114151,-0.185170
39.000000,1541.334961,0.028122,-0.196326
40.000000,1541.334961,0.163930,-0.176369
41.000000,1541.334961,0.262043,-0.101024
42.000000,1541.334961,0.299911,-0.007047
43.000000,1541.334961,0.268813,0.083902
44.000000,1541.334961,0.175915,0.157825
45.000000,1541.334961,0.042565,0.200847
46.000000,1541.334961,-0.100571,0.192155
47.000000,1541.334961,-0.220581,0.140337
48.000000,1541.334961,-0.289876,0.053778
49.000000,1541.334961,-0.292519,-0.005265
50.000000,1541.334961,-0.227903,-0.124560
51.000000,1541.334961,-0.110888,-0.192216
52.000000,1541.334961,0.031625,-0.212091
53.000000,1541.334961,0.166867,-0.174064
54.000000,1541.334961,0.263738,-0.103150
55.000000,1541.334961,0.299976,-0.006158
56.000000,1541.334961,0.267232,0.128201
57.000000,1541.334961,0.173051,0.157560
58.000000,1541.334961,0.039077,0.192054
59.000000,1541.334961,-0.103880,0.183065
60.000000,1541.334961,-0.222952,0.134432
61.000000,1541.334961,-0.290762,0.049572
62.000000,1541.334961,-0.291718,-0.044763
63.000000,1541.334961,-0.225598,-0.130686
0.000000,1609.728027,0.128829,-0.186283
1.000000,1609.728027,0.243947,-0.123854
2.000000,1609.728027,0.297996,-0.041767
3.000000,1609.728027,0.277446,0.059839
4.000000,1609.728027,0.187441,0.148983
5.000000,1609.728027,0.050509,0.189402
6.000000,1609.728027,-0.099066,0.193915
7.000000,1609.728027,-0.223840,0.148236
8.000000,1609.728027,-0.292580,0.062767
9.000000,1609.728027,-0.288076,-0.039054
10.000000,1609.728027,-0.211451,-0.124294
11.000000,1609.728027,-0.081894,-0.181876
12.000000,1609.728027,0.068163,-0.196798
13.000000,1609.728027,0.201158,-0.163815
14.000000,1609.728027,0.283795,-0.080696
15.000000,1609.728027,0.295384,0.023782
16.000000,1609.728027,0.233029,0.104290
17.000000,1609.728027,0.112339,0.168926
18.000000,1609.728027,-0.036476,0.203600
19.000000,1609.728027,-0.176159,0.171401
20.000000,1609.728027,-0.271741,0.100762
21.000000,1609.728027,-0.299297,0.007467
22.000000,1609.728027,-0.251928,-0.092663
23.000000,1609.728027,-0.141492,-0.160402
24.000000,1609.728027,0.004368,-0.195139
25.000000,1609.728027,0.149132,-0.182769
26.000000,1609.728027,0.256563,-0.121119
27.000000,1609.728027,0.299767,-0.022661
28.000000,1609.728027,0.267929,0.075934
29.000000,1609.728027,0.169013,0.154838
30.000000,1609.728027,0.027789,0.187954
31.000000,1609.728027,-0.120391,0.187015
32.000000,1609.728027,-0.238434,0.133763
33.000000,1609.728027,-0.296788,0.042232
34.000000,1609.728027,-0.280840,-0.058008
35.000000,1609.728027,-0.194590,-0.133522
36.000000,1609.728027,-0.059627,-0.187749
37.000000,1609.728027,0.090265,-0.185917
38.000000,1609.728027,0.217560,-0.141269
39.000000,1609.728027,0.290388,-0.069228
40.000000,1609.728027,0.290523,0.031410
41.000000,1609.728027,0.217929,0.123835
42.000000,1609.728027,0.090779,0.180028
43.000000,1609.728027,-0.059098,0.198001
44.000000,1609.728027,-0.194179,0.163278
45.000000,1609.728027,-0.280650,0.086275
46.000000,1609.728027,-0.296864,-0.009746
47.000000,1609.728027,-0.238763,-0.109725
48.000000,1609.728027,-0.120885,-0.169982
49.000000,1609.728027,0.027252,-0.196298
50.000000,1609.728027,0.168566,-0.178742
51.000000,1609.728027,0.267684,-0.105551
52.000000,1609.728027,0.299790,-0.005627
53.000000,1609.728027,0.256843,0.084121
54.000000,1609.728027,0.149600,0.161399
55.000000,1609.728027,0.004908,0.197273
56.000000,1609.728027,-0.141015,0.178987
57.000000,1609.728027,-0.251636,0.127170
58.000000,1609.728027,-0.299260,0.035736
59.000000,1609.728027,-0.271969,-0.066622
60.000000,1609.728027,-0.176594,-0.147234
61.000000,1609.728027,-0.037011,-0.190732
0.000000,1681.156006,0.080917,-0.193504
1.000000,1681.156006,0.215466,-0.150863
2.000000,1681.156006,0.291297,-0.075849
3.000000,1681.156006,0.287744,0.024643
4.000000,1681.156006,0.205775,0.125168
5.000000,1681.156006,0.067729,0.172221
6.000000,1681.156006,-0.088775,0.191308
7.000000,1681.156006,-0.221086,0.157170
8.000000,1681.156006,-0.293146,0.067454
9.000000,1681.156006,-0.285320,-0.030647
10.000000,1681.156006,-0.199738,-0.123300
11.000000,1681.156006,-0.059723,-0.182549
12.000000,1681.156006,0.096567,-0.190631
13.000000,1681.156006,0.226541,-0.150634
14.000000,1681.156006,0.294779,-0.060762
15.000000,1681.156006,0.282684,0.040143
16.000000,1681.156006,0.193552,0.124604
17.000000,1681.156006,0.051673,0.182534
18.000000,1681.156006,-0.104288,0.342981
19.000000,1681.156006,-0.231830,0.142825
20.000000,1681.156006,-0.296194,0.020571
21.000000,1681.156006,-0.279839,-0.074071
22.000000,1681.156006,-0.187222,-0.159394
23.000000,1681.156006,-0.043584,-0.202438
24.000000,1681.156006,0.111930,-0.193572
25.000000,1681.156006,0.236941,-0.147500
26.000000,1681.156006,0.297381,-0.057509
27.000000,1681.156006,0.276778,0.045751
28.000000,1681.156006,0.180749,0.132924
29.000000,1681.156006,0.035463,0.187193
30.000000,1681.156006,-0.119488,0.182328
31.000000,1681.156006,-0.241876,0.134331
32.000000,1681.156006,-0.298347,0.052344
33.000000,1681.156006,-0.273514,-0.053747
34.000000,1681.156006,-0.174143,-0.136587
35.000000,1681.156006,-0.027315,-0.182485
36.000000,1681.156006,0.126958,-0.181495
37.000000,1681.156006,0.246632,-0.134214
38.000000,1681.156006,0.299094,-0.042316
39.000000,1681.156006,0.270048,0.055546
40.000000,1681.156006,0.167408,0.141231
41.000000,1681.156006,0.019147,0.189026
42.000000,1681.156006,-0.134334,0.184114
43.000000,1681.156006,-0.251206,0.136310
44.000000,1681.156006,-0.299620,0.030384
45.000000,1681.156006,-0.266382,-0.066855
46.000000,1681.156006,-0.160550,-0.142208
47.000000,1681.156006,-0.010964,-0.191543
48.000000,1681.156006,0.141609,-0.184276
49.000000,1681.156006,0.255591,-0.118201
50.000000,1681.156006,0.299919,-0.031866
51.000000,1681.156006,0.262513,0.067206
52.000000,1681.156006,0.153568,0.152923
53.000000,1681.156006,0.002773,0.191115
54.000000,1681.156006,-0.148777,0.179253
55.000000,1681.156006,-0.259782,0.123235
56.000000,1681.156006,-0.299992,0.021844
57.000000,1681.156006,-0.258448,-0.071863
58.000000,1681.156006,-0.146473,-0.149589
0.000000,1755.753052,0.007344,-0.185889
1.000000,1755.753052,0.163419,-0.178930
2.000000,1755.753052,0.271021,-0.114261
3.000000,1755.753052,0.298235,-0.024659
4.000000,1755.753052,0.236989,0.080887
5.000000,1755.753052,0.105450,0.156524
6.000000,1755.753052,-0.057366,0.184568
7.000000,1755.753052,-0.203166,0.165545
8.000000,1755.753052,-0.288705,0.087755
9.000000,1755.753052,-0.288610,-0.016485
10.000000,1755.753052,-0.202911,-0.101593
11.000000,1755.753052,-0.057026,-0.172048
12.000000,1755.753052,0.105774,-0.185917
13.000000,1755.753052,0.237200,-0.140376
14.000000,1755.753052,0.298271,-0.061935
15.000000,1755.753052,0.270871,0.042131
16.000000,1755.753052,0.163128,0.139902
17.000000,1755.753052,0.006998,0.180848
18.000000,1755.753052,-0.151208,0.179180
19.000000,1755.753052,-0.264565,0.128668
20.000000,1755.753052,-0.299448,0.027351
21.000000,1755.753052,-0.245511,-0.073196
22.000000,1755.753052,-0.118754,-0.152929
23.000000,1755.753052,0.043227,-0.196830
24.000000,1755.753052,0.192385,-0.170610
25.000000,1755.753052,0.284479,-0.099545
26.000000,1755.753052,0.292193,0.002042
27.000000,1755.753052,0.213240,0.103474
28.000000,1755.753052,0.071038,0.168574
29.000000,1755.753052,-0.092235,0.193621
30.000000,1755.753052,-0.228150,0.157024
31.000000,1755.753052,-0.296393,0.065520
32.000000,1755.753052,-0.276723,-0.034880
33.000000,1755.753052,-0.174974,-0.119768
34.000000,1755.753052,-0.021325,-0.179562
35.000000,1755.753052,0.138650,-0.183617
36.000000,1755.753052,0.257501,-0.124674
37.000000,1755.753052,0.299974,-0.040507
38.000000,1755.753052,0.253472,0.061392
39.000000,1755.753052,0.131786,0.144997
40.000000,1755.753052,-0.028989,0.187835
41.000000,1755.753052,-0.181164,0.178713
42.000000,1755.753052,-0.279603,0.104569
43.000000,1755.753052,-0.295109,0.004196
44.000000,1755.753052,-0.223082,-0.084778
45.000000,1755.753052,-0.084887,-0.167581
46.000000,1755.753052,0.078486,-0.191497
47.000000,1755.753052,0.218579,-0.152430
48.000000,1755.753052,0.293839,-0.080682
49.000000,1755.753052,0.281944,0.024424
50.000000,1755.753052,0.186420,0.121228
51.000000,1755.753052,0.035603,0.169834
52.000000,1755.753052,-0.125776,0.187587
53.000000,1755.753052,-0.249848,0.139536
54.000000,1755.753052,-0.299813,0.047739
55.000000,1755.753052,-0.260851,-0.057055
0.000000,1833.661011,0.079284,-0.182943
1.000000,1833.661011,0.224093,-0.151829
2.000000,1833.661011,0.296572,-0.082616
3.000000,1833.661011,0.273326,0.023530
4.000000,1833.661011,0.161858,0.124055
5.000000,1833.661011,-0.001853,0.174301
6.000000,1833.661011,-0.164965,0.177467
7.000000,1833.661011,-0.274832,0.119588
8.000000,1833.661011,-0.295991,0.025564
9.000000,1833.661011,-0.221613,-0.086070
10.000000,1833.661011,-0.075704,-0.156576
11.000000,1833.661011,0.094640,-0.179195
12.000000,1833.661011,0.234439,-0.151042
13.000000,1833.661011,0.298568,-0.071570
14.000000,1833.661011,0.266328,0.031804
15.000000,1833.661011,0.148123,0.131303
16.000000,1833.661011,-0.017889,0.177201
17.000000,1833.661011,-0.178127,0.175840
18.000000,1833.661011,-0.280870,0.117888
19.000000,1833.661011,-0.292956,0.012470
20.000000,1833.661011,-0.210485,-0.090904
21.000000,1833.661011,-0.060075,-0.155110
22.000000,1833.661011,0.109725,-0.190503
23.000000,1833.661011,0.244108,-0.147308
24.000000,1833.661011,0.299701,-0.057417
25.000000,1833.661011,0.258559,0.046099
26.000000,1833.661011,0.133962,0.136251
27.000000,1833.661011,-0.033875,0.179373
28.000000,1833.661011,-0.190779,0.168413
29.000000,1833.661011,-0.286106,0.111748
30.000000,1833.661011,-0.289086,0.000549
31.000000,1833.661011,-0.198758,-0.099971
32.000000,1833.661011,-0.044275,-0.162757
33.000000,1833.661011,0.124497,-0.185289
34.000000,1833.661011,0.253084,-0.137700
35.000000,1833.661011,0.299983,-0.045436
36.000000,1833.661011,0.250056,-0.009265
37.000000,1833.661011,0.119418,0.139898
38.000000,1833.661011,-0.049763,0.202853
39.000000,1833.661011,-0.202883,0.169687
40.000000,1833.661011,-0.290518,0.104702
41.000000,1833.661011,-0.284382,0.005534
42.000000,1833.661011,-0.186456,-0.100031
43.000000,1833.661011,-0.028347,-0.166582
44.000000,1833.661011,0.138912,-0.185051
45.000000,1833.661011,0.261335,-0.135006
46.000000,1833.661011,0.299407,-0.037735
47.000000,1833.661011,0.240840,0.062240
48.000000,1833.661011,0.104535,0.146752
49.000000,1833.661011,-0.065511,0.188426
50.000000,1833.661011,-0.214410,0.162773
51.000000,1833.661011,-0.294104,0.086481
52.000000,1833.661011,-0.278869,-0.022148
53.000000,1833.661011,-0.173624,-0.112378
0.000000,1915.025024,0.135887,-0.183882
1.000000,1915.025024,0.263402,-0.136161
2.000000,1915.025024,0.298419,-0.049761
3.000000,1915.025024,0.228643,0.061713
4.000000,1915.025024,0.078575,0.149377
5.000000,1915.025024,-0.099085,0.178694
6.000000,1915.025024,-0.241950,0.152625
7.000000,1915.025024,-0.299851,0.074358
8.000000,1915.025024,-0.252455,-0.038866
9.000000,1915.025024,-0.116406,-0.140454
10.000000,1915.025024,0.060520,-0.174004
11.000000,1915.025024,0.216194,-0.163494
12.000000,1915.025024,0.295949,-0.091504
13.000000,1915.025024,0.271777,0.018701
14.000000,1915.025024,0.152167,0.112770
15.000000,1915.025024,-0.020879,0.173820
16.000000,1915.025024,-0.186593,0.173692
17.000000,1915.025024,-0.286782,0.109343
18.000000,1915.025024,-0.286265,0.008416
19.000000,1915.025024,-0.185221,-0.095618
20.000000,1915.025024,-0.019134,-0.165135
21.000000,1915.025024,0.153672,-0.175457
22.000000,1915.025024,0.272515,-0.133966
23.000000,1915.025024,0.295660,-0.038440
24.000000,1915.025024,0.214981,0.075046
25.000000,1915.025024,0.058807,0.152653
26.000000,1915.025024,-0.118017,0.183354
27.000000,1915.025024,-0.253399,0.146156
28.000000,1915.025024,-0.299797,0.058680
29.000000,1915.025024,-0.240916,-0.050128
30.000000,1915.025024,-0.097434,-0.132935
31.000000,1915.025024,0.080262,-0.179342
32.000000,1915.025024,0.229773,-0.161149
33.000000,1915.025024,0.298596,-0.079592
34.000000,1915.025024,0.262562,0.023704
35.000000,1915.025024,0.134327,0.124636
36.000000,1915.025024,-0.041079,0.174745
37.000000,1915.025024,-0.202059,0.167007
38.000000,1915.025024,-0.292083,0.105802
39.000000,1915.025024,-0.279538,-0.007785
40.000000,1915.025024,-0.168830,-0.106591
41.000000,1915.025024,0.001166,-0.162376
42.000000,1915.025024,0.170751,-0.177702
43.000000,1915.025024,0.280375,-0.121779
44.000000,1915.025024,0.291541,-0.015821
45.000000,1915.025024,0.200329,0.082261
46.000000,1915.025024,0.038768,0.160432
47.000000,1915.025024,-0.136406,0.182612
48.000000,1915.025024,-0.263680,0.136498
49.000000,1915.025024,-0.298359,0.047405
50.000000,1915.025024,-0.228265,-0.059864
51.000000,1915.025024,-0.078013,-0.147500
0.000000,2000.000000,0.176334,-0.172456
1.000000,2000.000000,0.285312,-0.113367
2.000000,2000.000000,0.285311,-0.021759
3.000000,2000.000000,0.176332,0.080887
4.000000,2000.000000,-0.000001,0.157711
5.000000,2000.000000,-0.176334,0.171694
6.000000,2000.000000,-0.285312,0.122689
7.000000,2000.000000,-0.285311,0.018037
8.000000,2000.000000,-0.176332,-0.083230
9.000000,2000.000000,0.000002,-0.153749
10.000000,2000.000000,0.176335,-0.175022
11.000000,2000.000000,0.285312,-0.119172
12.000000,2000.000000,0.285311,-0.012994
13.000000,2000.000000,0.176332,0.084121
14.000000,2000.000000,-0.000002,0.158645
15.000000,2000.000000,-0.176335,0.173385
16.000000,2000.000000,-0.285312,0.125411
17.000000,2000.000000,-0.285311,0.020997
18.000000,2000.000000,-0.176332,-0.084792
19.000000,2000.000000,0.000002,-0.160887
20.000000,2000.000000,0.176335,-0.173349
21.000000,2000.000000,0.285312,-0.119154
22.000000,2000.000000,0.285311,-0.023472
23.000000,2000.000000,0.176332,0.086980
24.000000,2000.000000,-0.000002,0.156785
25.000000,2000.000000,-0.176335,0.173174
26.000000,2000.000000,-0.285312,0.126836
27.000000,2000.000000,-0.285311,0.020731
28.000000,2000.000000,-0.176332,-0.087697
29.000000,2000.000000,0.000002,-0.154876
30.000000,2000.000000,0.176335,-0.176442
31.000000,2000.000000,0.285312,-0.125793
32.000000,2000.000000,0.285311,-0.015381
33.000000,2000.000000,0.176332,0.081221
34.000000,2000.000000,-0.000002,0.157972
35.000000,2000.000000,-0.176335,0.174805
36.000000,2000.000000,-0.285312,0.118570
37.000000,2000.000000,-0.285311,0.027764
38.000000,2000.000000,-0.176332,-0.084558
39.000000,2000.000000,0.000002,-0.156874
40.000000,2000.000000,0.176335,-0.171943
41.000000,2000.000000,0.285313,-0.125600
42.000000,2000.000000,0.285311,-0.025186
43.000000,2000.000000,0.176331,0.090013
44.000000,2000.000000,-0.000002,0.155773
45.000000,2000.000000,-0.176335,0.170860
46.000000,2000.000000,-0.285313,0.123248
47.000000,2000.000000,-0.285311,0.021404
48.000000,2000.000000,-0.176331,-0.088517
49.000000,2000.000000,0.000003,-0.153689
