I0,I1,I2,I3
0.000000,100.000000,0.009426,-0.048370
1.000000,100.000000,0.018840,-0.036667
2.000000,100.000000,0.028235,-0.035650
3.000000,100.000000,0.037602,-0.024783
4.000000,100.000000,0.046933,-0.006363
5.000000,100.000000,0.056216,-0.014332
6.000000,100.000000,0.065445,-0.004193
7.000000,100.000000,0.074608,0.018079
8.000000,100.000000,0.083700,0.015832
9.000000,100.000000,0.092706,0.026684
10.000000,100.000000,0.101623,0.045527
11.000000,100.000000,0.110438,0.036279
12.000000,100.000000,0.119145,0.053989
13.000000,100.000000,0.127735,0.070692
14.000000,100.000000,0.136197,0.064731
15.000000,100.000000,0.144528,0.077010
16.000000,100.000000,0.152712,0.088713
17.000000,100.000000,0.160750,0.093755
18.000000,100.000000,0.168624,0.104173
19.000000,100.000000,0.176336,0.099173
20.000000,100.000000,0.183872,0.110481
21.000000,100.000000,0.191226,0.127184
22.000000,100.000000,0.198394,0.121925
23.000000,100.000000,0.205362,0.135782
24.000000,100.000000,0.212134,0.150053
25.000000,100.000000,0.218689,0.145231
26.000000,100.000000,0.225033,0.156083
27.000000,100.000000,0.231152,0.172209
28.000000,100.000000,0.237045,0.166251
29.000000,100.000000,0.242704,0.177242
30.000000,100.000000,0.248122,0.191512
31.000000,100.000000,0.253299,0.181118
32.000000,100.000000,0.258219,0.196399
33.000000,100.000000,0.262893,0.203815
34.000000,100.000000,0.267298,0.204709
35.000000,100.000000,0.271447,0.192119
36.000000,100.000000,0.275323,0.212267
37.000000,100.000000,0.278930,0.221578
38.000000,100.000000,0.282262,0.237137
39.000000,100.000000,0.285313,0.228873
40.000000,100.000000,0.288088,0.237445
41.000000,100.000000,0.290570,0.249284
42.000000,100.000000,0.292774,0.239744
43.000000,100.000000,0.294682,0.238442
44.000000,100.000000,0.296303,0.256858
45.000000,100.000000,0.297631,0.247037
46.000000,100.000000,0.298664,0.254883
47.000000,100.000000,0.299406,0.269151
48.000000,100.000000,0.299847,0.259187
49.000000,100.000000,0.300000,0.263316
50.000000,100.000000,0.299846,0.273153
51.000000,100.000000,0.299405,0.262189
52.000000,100.000000,0.298663,0.266891
53.000000,100.000000,0.297630,0.275731
54.000000,100.000000,0.296302,0.261761
55.000000,100.000000,0.294681,0.269747
56.000000,100.000000,0.292773,0.267020
57.000000,100.000000,0.290569,0.268193
58.000000,100.000000,0.288086,0.270029
59.000000,100.000000,0.285311,0.262613
60.000000,100.000000,0.282260,0.260324
61.000000,100.000000,0.278928,0.271019
62.000000,100.000000,0.275321,0.254757
63.000000,100.000000,0.271444,0.262322
64.000000,100.000000,0.267296,0.266868
65.000000,100.000000,0.262890,0.253756
66.000000,100.000000,0.258216,0.257173
67.000000,100.000000,0.253295,0.261288
68.000000,100.000000,0.248118,0.242458
69.000000,100.000000,0.242700,0.243011
70.000000,100.000000,0.237041,0.243412
71.000000,100.000000,0.231148,0.229304
72.000000,100.000000,0.225030,0.224854
73.000000,100.000000,0.218684,0.231978
74.000000,100.000000,0.212130,0.222300
75.000000,100.000000,0.205358,0.222277
76.000000,100.000000,0.198390,0.214547
77.000000,100.000000,0.191222,0.204136
78.000000,100.000000,0.183867,0.206687
79.000000,100.000000,0.176331,0.188547
80.000000,100.000000,0.168620,0.189690
81.000000,100.000000,0.160745,0.189806
82.000000,100.000000,0.152707,0.170684
83.000000,100.000000,0.144523,0.166954
84.000000,100.000000,0.136192,0.169353
85.000000,100.000000,0.127730,0.150526
86.000000,100.000000,0.119140,0.148505
87.000000,100.000000,0.110433,0.154052
88.000000,100.000000,0.101617,0.137366
89.000000,100.000000,0.092700,0.129626
90.000000,100.000000,0.083694,0.132744
91.000000,100.000000,0.074603,0.115776
92.000000,100.000000,0.065440,0.106893
93.000000,100.000000,0.056210,0.106439
94.000000,100.000000,0.046927,0.092755
95.000000,100.000000,0.037596,0.089733
96.000000,100.000000,0.028229,0.082434
97.000000,100.000000,0.018834,0.069018
98.000000,100.000000,0.009420,0.071712
99.000000,100.000000,-0.000003,0.049857
100.000000,100.000000,-0.009426,0.047852
101.000000,100.000000,-0.018840,0.046680
102.000000,100.000000,-0.028235,0.023841
103.000000,100.000000,-0.037603,0.021826
104.000000,100.000000,-0.046933,0.023367
105.000000,100.000000,-0.056217,-0.002467
106.000000,100.000000,-0.065446,-0.067833
107.000000,100.000000,-0.074609,-0.002228
108.000000,100.000000,-0.083700,-0.011330
109.000000,100.000000,-0.092706,-0.016068
110.000000,100.000000,-0.101623,-0.018242
111.000000,100.000000,-0.110439,-0.042360
112.000000,100.000000,-0.119145,-0.050385
113.000000,100.000000,-0.127735,-0.046982
114.000000,100.000000,-0.136198,-0.071385
115.000000,100.000000,-0.144529,-0.074837
116.000000,100.000000,-0.152712,-0.074721
117.000000,100.000000,-0.160750,-0.095552
118.000000,100.000000,-0.168625,-0.098431
119.000000,100.000000,-0.176336,-0.102593
120.000000,100.000000,-0.183872,-0.110853
121.000000,100.000000,-0.191227,-0.117596
122.000000,100.000000,-0.198394,-0.136167
123.000000,100.000000,-0.205363,-0.142171
124.000000,100.000000,-0.212134,-0.140196
125.000000,100.000000,-0.218689,-0.156315
126.000000,100.000000,-0.225034,-0.155474
127.000000,100.000000,-0.231152,-0.155931
128.000000,100.000000,-0.237045,-0.173906
129.000000,100.000000,-0.242704,-0.174923
130.000000,100.000000,-0.248122,-0.172951
131.000000,100.000000,-0.253299,-0.196639
132.000000,100.000000,-0.258219,-0.195943
133.000000,100.000000,-0.262893,-0.192967
134.000000,100.000000,-0.267299,-0.202215
135.000000,100.000000,-0.271447,-0.206241
136.000000,100.000000,-0.275323,-0.217549
137.000000,100.000000,-0.278930,-0.227956
138.000000,100.000000,-0.282263,-0.222830
139.000000,100.000000,-0.285313,-0.236687
140.000000,100.000000,-0.288088,-0.241541
141.000000,100.000000,-0.290570,-0.235564
142.000000,100.000000,-0.292774,-0.248112
143.000000,100.000000,-0.294682,-0.243834
144.000000,100.000000,-0.296303,-0.245865
145.000000,100.000000,-0.297631,-0.257120
146.000000,100.000000,-0.298664,-0.255421
147.000000,100.000000,-0.299406,-0.250732
148.000000,100.000000,-0.299847,-0.266699
149.000000,100.000000,-0.300000,-0.261855
150.000000,100.000000,-0.299846,-0.253164
151.000000,100.000000,-0.299405,-0.270705
152.000000,100.000000,-0.298663,-0.269293
153.000000,100.000000,-0.297630,-0.260311
154.000000,100.000000,-0.296302,-0.274423
155.000000,100.000000,-0.294680,-0.267150
156.000000,100.000000,-0.292773,-0.263594
157.000000,100.000000,-0.290569,-0.275996
158.000000,100.000000,-0.288086,-0.267011
159.000000,100.000000,-0.285311,-0.271726
160.000000,100.000000,-0.282260,-0.269565
161.000000,100.000000,-0.278928,-0.259724
162.000000,100.000000,-0.275321,-0.270990
163.000000,100.000000,-0.271444,-0.261848
164.000000,100.000000,-0.267296,-0.251868
165.000000,100.000000,-0.262890,-0.257548
166.000000,100.000000,-0.258216,-0.248840
167.000000,100.000000,-0.253295,-0.242866
168.000000,100.000000,-0.248118,-0.251402
169.000000,100.000000,-0.242700,-0.234533
170.000000,100.000000,-0.237041,-0.230716
171.000000,100.000000,-0.231148,-0.240968
172.000000,100.000000,-0.225029,-0.232121
173.000000,100.000000,-0.218684,-0.221280
174.000000,100.000000,-0.212130,-0.227383
175.000000,100.000000,-0.205358,-0.226830
176.000000,100.000000,-0.198389,-0.212410
177.000000,100.000000,-0.191222,-0.211082
178.000000,100.000000,-0.183867,-0.199806
179.000000,100.000000,-0.176331,-0.194100
180.000000,100.000000,-0.168619,-0.196785
181.000000,100.000000,-0.160744,-0.180794
182.000000,100.000000,-0.152707,-0.183783
183.000000,100.000000,-0.144523,-0.171053
184.000000,100.000000,-0.136192,-0.158926
185.000000,100.000000,-0.127729,-0.163608
186.000000,100.000000,-0.119139,-0.151468
187.000000,100.000000,-0.110433,-0.137628
188.000000,100.000000,-0.101617,-0.142876
189.000000,100.000000,-0.092700,-0.129739
190.000000,100.000000,-0.083694,-0.121472
191.000000,100.000000,-0.074602,-0.120574
192.000000,100.000000,-0.065439,-0.106721
193.000000,100.000000,-0.056210,-0.090880
194.000000,100.000000,-0.046926,-0.099270
195.000000,100.000000,-0.037596,-0.087563
196.000000,100.000000,-0.028229,-0.070861
197.000000,100.000000,-0.018834,-0.076679
198.000000,100.000000,-0.009420,-0.064831
199.000000,100.000000,0.000003,-0.055689
200.000000,100.000000,0.009426,-0.047512
201.000000,100.000000,0.018840,-0.034951
202.000000,100.000000,0.028235,-0.038513
203.000000,100.000000,0.037603,-0.026353
204.000000,100.000000,0.046933,-0.008222
205.000000,100.000000,0.056217,-0.013335
206.000000,100.000000,0.065446,0.000237
207.000000,100.000000,0.074609,0.018079
208.000000,100.000000,0.083700,0.006684
209.000000,100.000000,0.092707,0.025256
210.000000,100.000000,0.101624,0.041097
211.000000,100.000000,0.110439,0.040424
212.000000,100.000000,0.119146,0.050560
213.000000,100.000000,0.127736,0.069976
214.000000,100.000000,0.136198,0.068021
215.000000,100.000000,0.144529,0.077583
216.000000,100.000000,0.152713,0.093143
217.000000,100.000000,0.160750,0.085320
218.000000,100.000000,0.168625,0.100743
219.000000,100.000000,0.176336,0.110309
220.000000,100.000000,0.183872,0.110912
221.000000,100.000000,0.191227,0.124046
222.000000,100.000000,0.198395,0.123625
223.000000,100.000000,0.205363,0.132787
224.000000,100.000000,0.212134,0.147915
225.000000,100.000000,0.218689,0.150235
226.000000,100.000000,0.225034,0.156802
227.000000,100.000000,0.231152,0.169641
228.000000,100.000000,0.237045,0.164250
229.000000,100.000000,0.242704,0.180678
230.000000,100.000000,0.248122,0.189369
231.000000,100.000000,0.253299,0.180406
232.000000,100.000000,0.258220,0.195975
233.000000,100.000000,0.262893,0.209385
234.000000,100.000000,0.267299,0.199421
235.000000,100.000000,0.271447,0.211985
236.000000,100.000000,0.275324,0.226256
237.000000,100.000000,0.278930,0.215292
238.000000,100.000000,0.282263,0.226567
239.000000,100.000000,0.285313,0.236554
240.000000,100.000000,0.288088,0.233737
241.000000,100.000000,0.290570,0.241580
242.000000,100.000000,0.292774,0.241000
243.000000,100.000000,0.294682,0.244029
244.000000,100.000000,0.296303,0.256301
245.000000,100.000000,0.297631,0.245742
246.000000,100.000000,0.298664,0.250745
247.000000,100.000000,0.299406,0.264157
248.000000,100.000000,0.299847,0.256901
249.000000,100.000000,0.300000,0.260035
250.000000,100.000000,0.299846,0.270300
251.000000,100.000000,0.299405,0.261334
252.000000,100.000000,0.298663,0.264319
253.000000,100.000000,0.297630,0.271013
254.000000,100.000000,0.296302,0.265194
255.000000,100.000000,0.294680,0.265748
256.000000,100.000000,0.292773,0.275012
257.000000,100.000000,0.290569,0.266337
258.000000,100.000000,0.288086,0.265174
259.000000,100.000000,0.285311,0.268866
260.000000,100.000000,0.282260,0.262332
261.000000,100.000000,0.278927,0.268031
262.000000,100.000000,0.275321,0.263302
263.000000,100.000000,0.271444,0.256324
264.000000,100.000000,0.267296,0.256162
265.000000,100.000000,0.262890,0.248024
266.000000,100.000000,0.258216,0.253034
267.000000,100.000000,0.253295,0.255579
268.000000,100.000000,0.248118,0.247610
269.000000,100.000000,0.242700,0.243591
270.000000,100.000000,0.237041,0.247422
271.000000,100.000000,0.231148,0.225875
272.000000,100.000000,0.225029,0.228860
273.000000,100.000000,0.218684,0.231405
274.000000,100.000000,0.212129,0.216866
275.000000,100.000000,0.205358,0.218850
276.000000,100.000000,0.198389,0.220965
277.000000,100.000000,0.191221,0.207429
278.000000,100.000000,0.183867,0.202691
279.000000,100.000000,0.176331,0.199948
280.000000,100.000000,0.168619,0.181691
281.000000,100.000000,0.160744,0.183388
282.000000,100.000000,0.152706,0.181649
283.000000,100.000000,0.144523,0.165532
284.000000,100.000000,0.136191,0.160794
285.000000,100.000000,0.127729,0.154642
286.000000,100.000000,0.119139,0.148800
287.000000,100.000000,0.110432,0.151494
288.000000,100.000000,0.101617,0.132932
289.000000,100.000000,0.092700,0.128493
290.000000,100.000000,0.083694,0.127893
291.000000,100.000000,0.074602,0.110776
292.000000,100.000000,0.065439,0.108901
293.000000,100.000000,0.056210,0.109872
294.000000,100.000000,0.046926,0.091469
295.000000,100.000000,0.037596,0.084733
296.000000,100.000000,0.028228,0.087421
297.000000,100.000000,0.018833,0.064731
298.000000,100.000000,0.009419,0.065857
299.000000,100.000000,-0.000004,0.064115
300.000000,100.000000,-0.009427,0.040997
301.000000,100.000000,-0.018841,0.040835
302.000000,100.000000,-0.028236,0.036097
303.000000,100.000000,-0.037603,0.019119
304.000000,100.000000,-0.046934,0.016667
305.000000,100.000000,-0.056217,0.002798
306.000000,100.000000,-0.065446,-0.007050
307.000000,100.000000,-0.074609,-0.003213
308.000000,100.000000,-0.083701,-0.024918
309.000000,100.000000,-0.092707,-0.034935
310.000000,100.000000,-0.101624,-0.065874
311.000000,100.000000,-0.110439,-0.048794
312.000000,100.000000,-0.119146,-0.049232
313.000000,100.000000,-0.127736,-0.046833
314.000000,100.000000,-0.136198,-0.068379
315.000000,100.000000,-0.144529,-0.074545
316.000000,100.000000,-0.152713,-0.073147
317.000000,100.000000,-0.160750,-0.094406
318.000000,100.000000,-0.168625,-0.098001
319.000000,100.000000,-0.176336,-0.096026
320.000000,100.000000,-0.183873,-0.119001
321.000000,100.000000,-0.191227,-0.120591
322.000000,100.000000,-0.198395,-0.123331
323.000000,100.000000,-0.205363,-0.143880
324.000000,100.000000,-0.212135,-0.138039
325.000000,100.000000,-0.218689,-0.148768
326.000000,100.000000,-0.225034,-0.161040
327.000000,100.000000,-0.231153,-0.157488
328.000000,100.000000,-0.237046,-0.181344
329.000000,100.000000,-0.242704,-0.180920
330.000000,100.000000,-0.248122,-0.176944
331.000000,100.000000,-0.253299,-0.195065
332.000000,100.000000,-0.258220,-0.195794
333.000000,100.000000,-0.262893,-0.193822
334.000000,100.000000,-0.267299,-0.211221
335.000000,100.000000,-0.271447,-0.209667
336.000000,100.000000,-0.275324,-0.205406
337.000000,100.000000,-0.278930,-0.225806
338.000000,100.000000,-0.282263,-0.230256
339.000000,100.000000,-0.285313,-0.222708
340.000000,100.000000,-0.288088,-0.239818
341.000000,100.000000,-0.290570,-0.240123
342.000000,100.000000,-0.292774,-0.235719
343.000000,100.000000,-0.294682,-0.248685
344.000000,100.000000,-0.296304,-0.250706
345.000000,100.000000,-0.297631,-0.253449
346.000000,100.000000,-0.298664,-0.258982
347.000000,100.000000,-0.299406,-0.255712
348.000000,100.000000,-0.299847,-0.262011
349.000000,100.000000,-0.300000,-0.269993
350.000000,100.000000,-0.299846,-0.260294
351.000000,100.000000,-0.299405,-0.270417
352.000000,100.000000,-0.298663,-0.273717
353.000000,100.000000,-0.297630,-0.261020
354.000000,100.000000,-0.296302,-0.273419
355.000000,100.000000,-0.294680,-0.269718
356.000000,100.000000,-0.292773,-0.261596
357.000000,100.000000,-0.290569,-0.270132
358.000000,100.000000,-0.288086,-0.266288
359.000000,100.000000,-0.285311,-0.259168
360.000000,100.000000,-0.282260,-0.269274
361.000000,100.000000,-0.278927,-0.261858
362.000000,100.000000,-0.275321,-0.254165
363.000000,100.000000,-0.271444,-0.267703
364.000000,100.000000,-0.267295,-0.256855
365.000000,100.000000,-0.262889,-0.251726
366.000000,100.000000,-0.258216,-0.261842
367.000000,100.000000,-0.253295,-0.247849
368.000000,100.000000,-0.248118,-0.247992
369.000000,100.000000,-0.242700,-0.247117
370.000000,100.000000,-0.237041,-0.237277
371.000000,100.000000,-0.231148,-0.244109
372.000000,100.000000,-0.225029,-0.234682
373.000000,100.000000,-0.218684,-0.218410
374.000000,100.000000,-0.212129,-0.226664
375.000000,100.000000,-0.205357,-0.214955
376.000000,100.000000,-0.198389,-0.201115
377.000000,100.000000,-0.191221,-0.211797
378.000000,100.000000,-0.183867,-0.204521
379.000000,100.000000,-0.176330,-0.189538
380.000000,100.000000,-0.168619,-0.196354
381.000000,100.000000,-0.160744,-0.181646
382.000000,100.000000,-0.152706,-0.168803
383.000000,100.000000,-0.144522,-0.172763
384.000000,100.000000,-0.136191,-0.165775
385.000000,100.000000,-0.127729,-0.157210
386.000000,100.000000,-0.119139,-0.156180
387.000000,100.000000,-0.110432,-0.143903
388.000000,100.000000,-0.101617,-0.143320
389.000000,100.000000,-0.092700,-0.133447
390.000000,100.000000,-0.083693,-0.119034
391.000000,100.000000,-0.074602,-0.125862
392.000000,100.000000,-0.065439,-0.110432
393.000000,100.000000,-0.056210,-0.098593
394.000000,100.000000,-0.046926,-0.098839
395.000000,100.000000,-0.037596,-0.088846
396.000000,100.000000,-0.028228,-0.075006
397.000000,100.000000,-0.018833,-0.077534
398.000000,100.000000,-0.009419,-0.066540
399.000000,100.000000,0.000004,-0.047697
400.000000,100.000000,0.009427,-0.050226
401.000000,100.000000,0.018841,-0.036803
402.000000,100.000000,0.028236,-0.023391
403.000000,100.000000,0.037603,-0.027778
404.000000,100.000000,0.046934,-0.014783
405.000000,100.000000,0.056217,0.002636
406.000000,100.000000,0.065447,-0.003329
407.000000,100.000000,0.074609,0.010664
408.000000,100.000000,0.083701,0.021956
409.000000,100.000000,0.092707,0.024265
410.000000,100.000000,0.101624,0.037823
411.000000,100.000000,0.110439,0.036703
412.000000,100.000000,0.119146,0.042276
413.000000,100.000000,0.127736,0.066553
414.000000,100.000000,0.136198,0.064591
415.000000,100.000000,0.144529,0.069011
416.000000,100.000000,0.152713,0.089425
417.000000,100.000000,0.160751,0.086181
418.000000,100.000000,0.168625,0.099319
419.000000,100.000000,0.176337,0.111585
420.000000,100.000000,0.183873,0.109341
421.000000,100.000000,0.191227,0.124480
422.000000,100.000000,0.198395,0.134891
423.000000,100.000000,0.205363,0.132647
424.000000,100.000000,0.212135,0.146928
425.000000,100.000000,0.218689,0.153770
426.000000,100.000000,0.225034,0.154237
427.000000,100.000000,0.231153,0.162796
428.000000,100.000000,0.237046,0.172666
429.000000,100.000000,0.242705,0.173249
430.000000,100.000000,0.248122,0.186665
431.000000,100.000000,0.253299,0.182692
432.000000,100.000000,0.258220,0.192403
433.000000,100.000000,0.262893,0.208675
434.000000,100.000000,0.267299,0.202996
435.000000,100.000000,0.271447,0.210272
436.000000,100.000000,0.275324,0.223112
437.000000,100.000000,0.278930,0.216438
438.000000,100.000000,0.282263,0.224139
439.000000,100.000000,0.285313,0.241985
440.000000,100.000000,0.288088,0.229019
441.000000,100.000000,0.290571,0.237150
442.000000,100.000000,0.292774,0.250851
443.000000,100.000000,0.294682,0.241742
444.000000,100.000000,0.296304,0.250589
445.000000,100.000000,0.297631,0.253435
446.000000,100.000000,0.298664,0.253465
447.000000,100.000000,0.299406,0.261593
448.000000,100.000000,0.299847,0.254035
449.000000,100.000000,0.300000,0.259608
450.000000,100.000000,0.299846,0.269018
451.000000,100.000000,0.299405,0.260764
452.000000,100.000000,0.298663,0.267040
453.000000,100.000000,0.297630,0.274303
454.000000,100.000000,0.296302,0.264478
455.000000,100.000000,0.294680,0.268037
456.000000,100.000000,0.292773,0.275585
457.000000,100.000000,0.290568,0.261477
458.000000,100.000000,0.288086,0.266606
459.000000,100.000000,0.285311,0.271725
460.000000,100.000000,0.282260,0.262620
461.000000,100.000000,0.278927,0.267179
462.000000,100.000000,0.275321,0.267007
463.000000,100.000000,0.271444,0.259330
464.000000,100.000000,0.267295,0.258024
465.000000,100.000000,0.262889,0.252001
466.000000,100.000000,0.258216,0.250606
467.000000,100.000000,0.253295,0.254158
468.000000,100.000000,0.248118,0.234161
469.000000,100.000000,0.242700,0.238591
470.000000,100.000000,0.237041,0.238134
471.000000,100.000000,0.231148,0.228880
472.000000,100.000000,0.225029,0.233727
473.000000,100.000000,0.218684,0.232694
474.000000,100.000000,0.212129,0.220441
475.000000,100.000000,0.205357,0.216849
476.000000,100.000000,0.198389,0.219537
477.000000,100.000000,0.191221,0.204567
478.000000,100.000000,0.183866,0.201976
479.000000,100.000000,0.176330,0.203808
480.000000,100.000000,0.168619,0.186552
481.000000,100.000000,0.160744,0.185674
482.000000,100.000000,0.152706,0.178362
483.000000,100.000000,0.144522,0.165105
484.000000,100.000000,0.136191,0.162368
485.000000,100.000000,0.127729,0.154642
486.000000,100.000000,0.119139,0.144798
487.000000,100.000000,0.110432,0.150351
488.000000,100.000000,0.101616,0.133217
489.000000,100.000000,0.092699,0.128350
490.000000,100.000000,0.083693,0.130037
491.000000,100.000000,0.074601,0.112062
492.000000,100.000000,0.065438,0.101896
493.000000,100.000000,0.056209,0.109729
494.000000,100.000000,0.046926,0.088756
495.000000,100.000000,0.037595,0.087165
496.000000,100.000000,0.028228,0.086277
497.000000,100.000000,0.018833,0.065592
498.000000,100.000000,0.009419,0.064141
499.000000,100.000000,-0.000004,0.064685
500.000000,100.000000,-0.009427,0.044284
501.000000,100.000000,-0.018841,0.039407
502.000000,100.000000,-0.028236,0.039096
503.000000,100.000000,-0.037604,0.018834
504.000000,100.000000,-0.046934,0.011379
505.000000,100.000000,-0.056218,0.008079
506.000000,100.000000,-0.065447,-0.006619
507.000000,100.000000,-0.074610,-0.013789
508.000000,100.000000,-0.083701,-0.024786
509.000000,100.000000,-0.092708,-0.028358
510.000000,100.000000,-0.101624,-0.027668
511.000000,100.000000,-0.110440,-0.053513
512.000000,100.000000,-0.119147,-0.054526
513.000000,100.000000,-0.127736,-0.053555
514.000000,100.000000,-0.136199,-0.046210
515.000000,100.000000,-0.144530,-0.078551
516.000000,100.000000,-0.152713,-0.082726
517.000000,100.000000,-0.160751,-0.099985
518.000000,100.000000,-0.168626,-0.105721
519.000000,100.000000,-0.176337,-0.099173
520.000000,100.000000,-0.183873,-0.119716
521.000000,100.000000,-0.191227,-0.125882
522.000000,100.000000,-0.198395,-0.124050
523.000000,100.000000,-0.205364,-0.142022
524.000000,100.000000,-0.212135,-0.141899
525.000000,100.000000,-0.218690,-0.152637
526.000000,100.000000,-0.225034,-0.163042
527.000000,100.000000,-0.231153,-0.157485
528.000000,100.000000,-0.237046,-0.174346
529.000000,100.000000,-0.242705,-0.178773
530.000000,100.000000,-0.248122,-0.178799
531.000000,100.000000,-0.253299,-0.196354
532.000000,100.000000,-0.258220,-0.195506
533.000000,100.000000,-0.262893,-0.192676
534.000000,100.000000,-0.267299,-0.210651
535.000000,100.000000,-0.271447,-0.213954
536.000000,100.000000,-0.275324,-0.204262
537.000000,100.000000,-0.278930,-0.227953
538.000000,100.000000,-0.282263,-0.222821
539.000000,100.000000,-0.285313,-0.222708
540.000000,100.000000,-0.288089,-0.238821
541.000000,100.000000,-0.290571,-0.237552
542.000000,100.000000,-0.292774,-0.234288
543.000000,100.000000,-0.294682,-0.249115
544.000000,100.000000,-0.296304,-0.247992
545.000000,100.000000,-0.297631,-0.253008
546.000000,100.000000,-0.298664,-0.262700
547.000000,100.000000,-0.299406,-0.256573
548.000000,100.000000,-0.299847,-0.264999
549.000000,100.000000,-0.300000,-0.265705
550.000000,100.000000,-0.299846,-0.260871
551.000000,100.000000,-0.299405,-0.270990
552.000000,100.000000,-0.298663,-0.269999
553.000000,100.000000,-0.297630,-0.259734
554.000000,100.000000,-0.296302,-0.273419
555.000000,100.000000,-0.294680,-0.270433
556.000000,100.000000,-0.292772,-0.262455
557.000000,100.000000,-0.290568,-0.272564
558.000000,100.000000,-0.288086,-0.263429
559.000000,100.000000,-0.285310,-0.257740
560.000000,100.000000,-0.282260,-0.272421
561.000000,100.000000,-0.278927,-0.264433
562.000000,100.000000,-0.275321,-0.246153
563.000000,100.000000,-0.271443,-0.266133
564.000000,100.000000,-0.267295,-0.266007
565.000000,100.000000,-0.262889,-0.260009
566.000000,100.000000,-0.258215,-0.257127
567.000000,100.000000,-0.253295,-0.246425
568.000000,100.000000,-0.248117,-0.253124
569.000000,100.000000,-0.242700,-0.245693
570.000000,100.000000,-0.237041,-0.233138
571.000000,100.000000,-0.231147,-0.239533
572.000000,100.000000,-0.225029,-0.234401
573.000000,100.000000,-0.218683,-0.224133
574.000000,100.000000,-0.212129,-0.226094
575.000000,100.000000,-0.205357,-0.215959
576.000000,100.000000,-0.198389,-0.201976
577.000000,100.000000,-0.191221,-0.208080
578.000000,100.000000,-0.183866,-0.197374
579.000000,100.000000,-0.176330,-0.188534
580.000000,100.000000,-0.168618,-0.194926
581.000000,100.000000,-0.160743,-0.182507
582.000000,100.000000,-0.152706,-0.176364
583.000000,100.000000,-0.144522,-0.172909
584.000000,100.000000,-0.136191,-0.163207
585.000000,100.000000,-0.127728,-0.167047
586.000000,100.000000,-0.119138,-0.154324
587.000000,100.000000,-0.110432,-0.135623
588.000000,100.000000,-0.101616,-0.139732
589.000000,100.000000,-0.092699,-0.131594
590.000000,100.000000,-0.083693,-0.113610
591.000000,100.000000,-0.074601,-0.123288
592.000000,100.000000,-0.065438,-0.110724
593.000000,100.000000,-0.056209,-0.093451
594.000000,100.000000,-0.046925,-0.099266
595.000000,100.000000,-0.037595,-0.092706
596.000000,100.000000,-0.028228,-0.072862
597.000000,100.000000,-0.018832,-0.079535
598.000000,100.000000,-0.009419,-0.061826
599.000000,100.000000,0.000005,-0.043695
600.000000,100.000000,0.009428,-0.052512
601.000000,100.000000,0.018842,-0.040236
602.000000,100.000000,0.028237,0.002198
603.000000,100.000000,0.037604,-0.028636
604.000000,100.000000,0.046934,-0.017930
605.000000,100.000000,0.056218,-0.007646
606.000000,100.000000,0.065447,-0.002616
607.000000,100.000000,0.074610,0.011373
608.000000,100.000000,0.083701,0.005107
609.000000,100.000000,0.092708,0.050722
610.000000,100.000000,0.101625,0.040103
611.000000,100.000000,0.110440,0.032134
612.000000,100.000000,0.119147,0.046845
613.000000,100.000000,0.127737,0.062544
614.000000,100.000000,0.136199,0.059870
615.000000,100.000000,0.144530,0.077156
616.000000,100.000000,0.152714,0.094713
617.000000,100.000000,0.160751,0.079889
618.000000,100.000000,0.168626,0.095598
619.000000,100.000000,0.176337,0.111300
620.000000,100.000000,0.183873,0.113201
621.000000,100.000000,0.191228,0.123765
622.000000,100.000000,0.198396,0.130183
623.000000,100.000000,0.205364,0.136219
624.000000,100.000000,0.212135,0.145921
625.000000,100.000000,0.218690,0.140785
626.000000,100.000000,0.225035,0.152945
627.000000,100.000000,0.231153,0.168647
628.000000,100.000000,0.237046,0.165393
629.000000,100.000000,0.242705,0.176533
630.000000,100.000000,0.248122,0.188229
631.000000,100.000000,0.253300,0.183550
632.000000,100.000000,0.258220,0.194401
633.000000,100.000000,0.262893,0.211243
634.000000,100.000000,0.267299,0.201995
635.000000,100.000000,0.271447,0.210842
636.000000,100.000000,0.275324,0.223397
637.000000,100.000000,0.278930,0.217154
638.000000,100.000000,0.282263,0.228714
639.000000,100.000000,0.285313,0.236266
640.000000,100.000000,0.288089,0.230590
641.000000,100.000000,0.290571,0.235434
642.000000,100.000000,0.292774,0.242001
643.000000,100.000000,0.294682,0.243455
644.000000,100.000000,0.296304,0.255586
645.000000,100.000000,0.297631,0.248173
646.000000,100.000000,0.298664,0.253173
647.000000,100.000000,0.299406,0.264585
648.000000,100.000000,0.299847,0.254472
649.000000,100.000000,0.300000,0.260890
650.000000,100.000000,0.299846,0.272013
651.000000,100.000000,0.299405,0.261192
652.000000,100.000000,0.298663,0.266178
653.000000,100.000000,0.297630,0.274727
654.000000,100.000000,0.296302,0.255897
655.000000,100.000000,0.294680,0.267891
656.000000,100.000000,0.292772,0.277875
657.000000,100.000000,0.290568,0.262905
658.000000,100.000000,0.288086,0.271751
659.000000,100.000000,0.285310,0.268591
660.000000,100.000000,0.282260,0.261616
661.000000,100.000000,0.278927,0.267600
662.000000,100.000000,0.275320,0.259316
663.000000,100.000000,0.271443,0.259754
664.000000,100.000000,0.267295,0.259012
665.000000,100.000000,0.262889,0.283487
666.000000,100.000000,0.258215,0.251454
667.000000,100.000000,0.253294,0.254287
668.000000,100.000000,0.248117,0.235742
669.000000,100.000000,0.242699,0.240732
670.000000,100.000000,0.237040,0.242273
671.000000,100.000000,0.231147,0.224447
672.000000,100.000000,0.225028,0.227860
673.000000,100.000000,0.218683,0.234407
674.000000,100.000000,0.212129,0.216866
675.000000,100.000000,0.205357,0.214845
676.000000,100.000000,0.198388,0.219537
677.000000,100.000000,0.191220,0.203424
678.000000,100.000000,0.183866,0.198974
679.000000,100.000000,0.176330,0.200525
680.000000,100.000000,0.168618,0.188126
681.000000,100.000000,0.160743,0.183242
682.000000,100.000000,0.152705,0.175804
683.000000,100.000000,0.144521,0.169677
684.000000,100.000000,0.136190,0.168080
685.000000,100.000000,0.127728,0.153091
686.000000,100.000000,0.119138,0.149082
687.000000,100.000000,0.110431,0.151199
688.000000,100.000000,0.101616,0.132508
689.000000,100.000000,0.092699,0.126203
690.000000,100.000000,0.083692,0.130176
691.000000,100.000000,0.074601,0.104769
692.000000,100.000000,0.065438,0.111330
693.000000,100.000000,0.056209,0.111442
694.000000,100.000000,0.046925,0.094186
695.000000,100.000000,0.037595,0.089879
696.000000,100.000000,0.028227,0.088706
697.000000,100.000000,0.018832,0.067733
698.000000,100.000000,0.009418,0.062425
699.000000,100.000000,-0.000005,0.057541
700.000000,100.000000,-0.009428,0.045427
701.000000,100.000000,-0.018842,0.042690
702.000000,100.000000,-0.028237,0.027539
703.000000,100.000000,-0.037604,0.019543
704.000000,100.000000,-0.046935,0.018805
705.000000,100.000000,-0.056218,-0.001182
706.000000,100.000000,-0.065447,-0.002480
707.000000,100.000000,-0.074610,-0.000509
708.000000,100.000000,-0.083702,-0.030634
709.000000,100.000000,-0.092708,-0.028507
710.000000,100.000000,-0.101625,-0.027966
711.000000,100.000000,-0.110440,-0.043503
712.000000,100.000000,-0.119147,-0.050388
713.000000,100.000000,-0.127737,-0.052131
714.000000,100.000000,-0.136199,-0.070245
715.000000,100.000000,-0.144530,-0.078270
716.000000,100.000000,-0.152714,-0.075861
717.000000,100.000000,-0.160751,-0.091261
718.000000,100.000000,-0.168626,-0.100147
719.000000,100.000000,-0.176337,-0.108305
720.000000,100.000000,-0.183874,-0.118861
721.000000,100.000000,-0.191228,-0.117884
722.000000,100.000000,-0.198396,-0.134590
723.000000,100.000000,-0.205364,-0.138026
724.000000,100.000000,-0.212136,-0.138625
725.000000,100.000000,-0.218690,-0.157889
726.000000,100.000000,-0.225035,-0.159619
727.000000,100.000000,-0.231153,-0.159648
728.000000,100.000000,-0.237046,-0.185486
729.000000,100.000000,-0.242705,-0.177209
730.000000,100.000000,-0.248123,-0.171948
731.000000,100.000000,-0.253300,-0.189777
732.000000,100.000000,-0.258220,-0.196085
733.000000,100.000000,-0.262894,-0.191682
734.000000,100.000000,-0.267299,-0.206221
735.000000,100.000000,-0.271447,-0.207811
736.000000,100.000000,-0.275324,-0.206406
737.000000,100.000000,-0.278931,-0.224951
738.000000,100.000000,-0.282263,-0.224829
739.000000,100.000000,-0.285313,-0.236130
740.000000,100.000000,-0.288089,-0.233960
741.000000,100.000000,-0.290571,-0.233983
742.000000,100.000000,-0.292774,-0.249264
743.000000,100.000000,-0.294682,-0.251981
744.000000,100.000000,-0.296304,-0.244003
745.000000,100.000000,-0.297631,-0.258121
746.000000,100.000000,-0.298664,-0.256275
747.000000,100.000000,-0.299406,-0.251302
748.000000,100.000000,-0.299847,-0.266842
749.000000,100.000000,-0.300000,-0.259854
750.000000,100.000000,-0.299846,-0.257594
751.000000,100.000000,-0.299405,-0.271275
752.000000,100.000000,-0.298663,-0.266431
753.000000,100.000000,-0.297630,-0.257882
754.000000,100.000000,-0.296302,-0.271275
755.000000,100.000000,-0.294680,-0.270294
756.000000,100.000000,-0.292772,-0.266745
757.000000,100.000000,-0.290568,-0.276281
758.000000,100.000000,-0.288086,-0.265148
759.000000,100.000000,-0.285310,-0.260162
760.000000,100.000000,-0.282260,-0.271278
761.000000,100.000000,-0.278927,-0.262720
762.000000,100.000000,-0.275320,-0.266007
763.000000,100.000000,-0.271443,-0.263704
764.000000,100.000000,-0.267295,-0.254579
765.000000,100.000000,-0.262889,-0.266272
766.000000,100.000000,-0.258215,-0.255414
767.000000,100.000000,-0.253294,-0.202553
768.000000,100.000000,-0.248117,-0.250971
769.000000,100.000000,-0.242699,-0.250981
770.000000,100.000000,-0.237040,-0.238002
771.000000,100.000000,-0.231147,-0.244394
772.000000,100.000000,-0.225028,-0.233115
773.000000,100.000000,-0.218683,-0.220707
774.000000,100.000000,-0.212128,-0.228954
775.000000,100.000000,-0.205357,-0.217248
776.000000,100.000000,-0.198388,-0.205694
777.000000,100.000000,-0.191220,-0.210939
778.000000,100.000000,-0.183866,-0.200803
779.000000,100.000000,-0.176329,-0.192248
780.000000,100.000000,-0.168618,-0.195211
781.000000,100.000000,-0.160743,-0.179933
782.000000,100.000000,-0.152705,-0.181513
783.000000,100.000000,-0.144521,-0.175910
784.000000,100.000000,-0.136190,-0.159778
785.000000,100.000000,-0.127728,-0.167475
786.000000,100.000000,-0.119138,-0.153754
787.000000,100.000000,-0.110431,-0.143629
788.000000,100.000000,-0.101616,-0.146163
789.000000,100.000000,-0.092699,-0.129590
790.000000,100.000000,-0.083692,-0.117185
791.000000,100.000000,-0.074601,-0.121860
792.000000,100.000000,-0.065438,-0.109007
793.000000,100.000000,-0.056208,-0.094452
794.000000,100.000000,-0.046925,-0.100413
795.000000,100.000000,-0.037594,-0.086848
796.000000,100.000000,-0.028227,-0.067286
797.000000,100.000000,-0.018832,-0.076822
798.000000,100.000000,-0.009418,-0.063542
799.000000,100.000000,0.000005,-0.052270
800.000000,100.000000,0.009428,-0.050511
801.000000,100.000000,0.018842,-0.036664
802.000000,100.000000,0.028237,-0.029951
803.000000,100.000000,0.037605,-0.028066
804.000000,100.000000,0.046935,-0.013935
805.000000,100.000000,0.056218,-0.013342
806.000000,100.000000,0.065448,0.038834
807.000000,100.000000,0.074611,0.015796
808.000000,100.000000,0.083702,0.007257
809.000000,100.000000,0.092708,0.020256
810.000000,100.000000,0.101625,0.039526
811.000000,100.000000,0.110441,0.030278
812.000000,100.000000,0.119147,0.048704
813.000000,100.000000,0.127737,0.067408
814.000000,100.000000,0.136199,0.060297
815.000000,100.000000,0.144530,0.077868
816.000000,100.000000,0.152714,0.090707
817.000000,100.000000,0.160752,0.090611
818.000000,100.000000,0.168626,0.101602
819.000000,100.000000,0.176338,0.108444
820.000000,100.000000,0.183874,0.107052
821.000000,100.000000,0.191228,0.124189
822.000000,100.000000,0.198396,0.125627
823.000000,100.000000,0.205364,0.131498
824.000000,100.000000,0.212136,0.154923
825.000000,100.000000,0.218690,0.144661
826.000000,100.000000,0.225035,0.156659
827.000000,100.000000,0.231154,0.172785
828.000000,100.000000,0.237046,0.164820
829.000000,100.000000,0.242705,0.174813
830.000000,100.000000,0.248123,0.187937
831.000000,100.000000,0.253300,0.185267
832.000000,100.000000,0.258220,0.197831
833.000000,100.000000,0.262894,0.210528
834.000000,100.000000,0.267300,0.200422
835.000000,100.000000,0.271448,0.212128
836.000000,100.000000,0.275324,0.220113
837.000000,100.000000,0.278931,0.220583
838.000000,100.000000,0.282263,0.229569
839.000000,100.000000,0.285313,0.231706
840.000000,100.000000,0.288089,0.229301
841.000000,100.000000,0.290571,0.241716
842.000000,100.000000,0.292775,0.236451
843.000000,100.000000,0.294682,0.243452
844.000000,100.000000,0.296304,0.253432
845.000000,100.000000,0.297631,0.248038
846.000000,100.000000,0.298664,0.258034
847.000000,100.000000,0.299406,0.264293
848.000000,100.000000,0.299847,0.254757
849.000000,100.000000,0.300000,0.261460
850.000000,100.000000,0.299846,0.270867
851.000000,100.000000,0.299405,0.258186
852.000000,100.000000,0.298663,0.265032
853.000000,100.000000,0.297630,0.273011
854.000000,100.000000,0.296302,0.264190
855.000000,100.000000,0.294680,0.269608
856.000000,100.000000,0.292772,0.277447
857.000000,100.000000,0.290568,0.258617
858.000000,100.000000,0.288086,0.264028
859.000000,100.000000,0.285310,0.267878
860.000000,100.000000,0.282260,0.264618
861.000000,100.000000,0.278927,0.266168
862.000000,100.000000,0.275320,0.258750
863.000000,100.000000,0.271443,0.260324
864.000000,100.000000,0.267295,0.263157
865.000000,100.000000,0.262889,0.248038
866.000000,100.000000,0.258215,0.249883
867.000000,100.000000,0.253294,0.254999
868.000000,100.000000,0.248117,0.243177
869.000000,100.000000,0.242699,0.242587
870.000000,100.000000,0.237040,0.252282
871.000000,100.000000,0.231147,0.228873
872.000000,100.000000,0.225028,0.231574
873.000000,100.000000,0.218683,0.229543
874.000000,100.000000,0.212128,0.218579
875.000000,100.000000,0.205356,0.215988
876.000000,100.000000,0.198388,0.215249
877.000000,100.000000,0.191220,0.199706
878.000000,100.000000,0.183865,0.204689
879.000000,100.000000,0.176329,0.194107
880.000000,100.000000,0.168618,0.188408
881.000000,100.000000,0.160743,0.186811
882.000000,100.000000,0.152705,0.171109
883.000000,100.000000,0.144521,0.170529
884.000000,100.000000,0.136190,0.170930
885.000000,100.000000,0.127728,0.155668
886.000000,100.000000,0.119138,0.151507
887.000000,100.000000,0.110431,0.152621
888.000000,100.000000,0.101615,0.134221
889.000000,100.000000,0.092698,0.128913
890.000000,100.000000,0.083692,0.130746
891.000000,100.000000,0.074600,0.104196
892.000000,100.000000,0.065437,0.104464
893.000000,100.000000,0.056208,0.109441
894.000000,100.000000,0.046924,0.090469
895.000000,100.000000,0.037594,0.089591
896.000000,100.000000,0.028227,0.081854
897.000000,100.000000,0.018832,0.068017
898.000000,100.000000,0.009418,0.064707
899.000000,100.000000,-0.000005,0.049426
900.000000,100.000000,-0.009428,0.047995
901.000000,100.000000,-0.018842,0.045109
902.000000,100.000000,-0.028237,0.024414
903.000000,100.000000,-0.037605,0.009819
904.000000,100.000000,-0.046935,0.020080
905.000000,100.000000,-0.056219,-0.001751
906.000000,100.000000,-0.065448,-0.000913
907.000000,100.000000,-0.074611,-0.001228
908.000000,100.000000,-0.083702,-0.023918
909.000000,100.000000,-0.092709,-0.026081
910.000000,100.000000,-0.101625,-0.026823
911.000000,100.000000,-0.110441,-0.047939
912.000000,100.000000,-0.119148,-0.050815
913.000000,100.000000,-0.127737,-0.051269
914.000000,100.000000,-0.136200,-0.073820
915.000000,100.000000,-0.144531,-0.099147
916.000000,100.000000,-0.152714,-0.084426
917.000000,100.000000,-0.160752,-0.090980
918.000000,100.000000,-0.168627,-0.095148
919.000000,100.000000,-0.176338,-0.107424
920.000000,100.000000,-0.183874,-0.110144
921.000000,100.000000,-0.191228,-0.116035
922.000000,100.000000,-0.198396,-0.131154
923.000000,100.000000,-0.205364,-0.131452
924.000000,100.000000,-0.212136,-0.136200
925.000000,100.000000,-0.218690,-0.154745
926.000000,100.000000,-0.225035,-0.154334
927.000000,100.000000,-0.231154,-0.156507
928.000000,100.000000,-0.237047,-0.175046
929.000000,100.000000,-0.242705,-0.180927
930.000000,100.000000,-0.248123,-0.172378
931.000000,100.000000,-0.253300,-0.189774
932.000000,100.000000,-0.258221,-0.195943
933.000000,100.000000,-0.262894,-0.193683
934.000000,100.000000,-0.267300,-0.210223
935.000000,100.000000,-0.271448,-0.210528
936.000000,100.000000,-0.275324,-0.214835
937.000000,100.000000,-0.278931,-0.226383
938.000000,100.000000,-0.282263,-0.222400
939.000000,100.000000,-0.285313,-0.231260
940.000000,100.000000,-0.288089,-0.240398
941.000000,100.000000,-0.290571,-0.236133
942.000000,100.000000,-0.292775,-0.248539
943.000000,100.000000,-0.294682,-0.251696
944.000000,100.000000,-0.296304,-0.248151
945.000000,100.000000,-0.297631,-0.257263
946.000000,100.000000,-0.298664,-0.254705
947.000000,100.000000,-0.299406,-0.251159
948.000000,100.000000,-0.299847,-0.267846
949.000000,100.000000,-0.300000,-0.266146
950.000000,100.000000,-0.299846,-0.254307
951.000000,100.000000,-0.299405,-0.268846
952.000000,100.000000,-0.298663,-0.266434
953.000000,100.000000,-0.297630,-0.257451
954.000000,100.000000,-0.296302,-0.273422
955.000000,100.000000,-0.294680,-0.270867
956.000000,100.000000,-0.292772,-0.269313
957.000000,100.000000,-0.290568,-0.273280
958.000000,100.000000,-0.288086,-0.263721
959.000000,100.000000,-0.285310,-0.271013
960.000000,100.000000,-0.282259,-0.271424
961.000000,100.000000,-0.278927,-0.257007
962.000000,100.000000,-0.275320,-0.266275
963.000000,100.000000,-0.271443,-0.259990
964.000000,100.000000,-0.267295,-0.250295
965.000000,100.000000,-0.262889,-0.260407
966.000000,100.000000,-0.258215,-0.250126
967.000000,100.000000,-0.253294,-0.242866
968.000000,100.000000,-0.248117,-0.252117
969.000000,100.000000,-0.242699,-0.244698
970.000000,100.000000,-0.237040,-0.233145
971.000000,100.000000,-0.231147,-0.240106
972.000000,100.000000,-0.225028,-0.230401
973.000000,100.000000,-0.218683,-0.220849
974.000000,100.000000,-0.212128,-0.226667
975.000000,100.000000,-0.205356,-0.217963
976.000000,100.000000,-0.198388,-0.206118
977.000000,100.000000,-0.191220,-0.211370
978.000000,100.000000,-0.183865,-0.200237
979.000000,100.000000,-0.176329,-0.192802
980.000000,100.000000,-0.168617,-0.195071
981.000000,100.000000,-0.160742,-0.170930
982.000000,100.000000,-0.152705,-0.189207
983.000000,100.000000,-0.144521,-0.178634
984.000000,100.000000,-0.136190,-0.160218
985.000000,100.000000,-0.127727,-0.164897
986.000000,100.000000,-0.119137,-0.154331
987.000000,100.000000,-0.110430,-0.137346
988.000000,100.000000,-0.101615,-0.144878
989.000000,100.000000,-0.092698,-0.137174
990.000000,100.000000,-0.083692,-0.118616
991.000000,100.000000,-0.074600,-0.120571
992.000000,100.000000,-0.065437,-0.108723
993.000000,100.000000,-0.056208,-0.095168
994.000000,100.000000,-0.046924,-0.095837
995.000000,100.000000,-0.037594,-0.085274
996.000000,100.000000,-0.028226,-0.072004
997.000000,100.000000,-0.018831,-0.075390
998.000000,100.000000,-0.009417,-0.063973
999.000000,100.000000,0.000006,-0.051123
0.000000,104.436996,0.004780,-0.057230
1.000000,104.436996,0.014618,-0.046518
2.000000,104.436996,0.024439,-0.031392
3.000000,104.436996,0.034234,-0.032065
4.000000,104.436996,0.043993,-0.019928
5.000000,104.436996,0.053704,-0.002371
6.000000,104.436996,0.063357,-0.080678
7.000000,104.436996,0.072943,0.005521
8.000000,104.436996,0.082448,0.035660
9.000000,104.436996,0.091866,0.025984
10.000000,104.436996,0.101186,0.042409
11.000000,104.436996,0.110395,0.057253
12.000000,104.436996,0.119486,0.052862
13.000000,104.436996,0.128450,0.065711
14.000000,104.436996,0.137273,0.071709
15.000000,104.436996,0.145949,0.074879
16.000000,104.436996,0.154470,0.088583
17.000000,104.436996,0.162822,0.085886
18.000000,104.436996,0.170999,0.092748
19.000000,104.436996,0.178995,0.112595
20.000000,104.436996,0.186795,0.115922
21.000000,104.436996,0.194394,0.132780
22.000000,104.436996,0.201787,0.138897
23.000000,104.436996,0.208959,0.135364
24.000000,104.436996,0.215907,0.147644
25.000000,104.436996,0.222625,0.159913
26.000000,104.436996,0.229101,0.155953
27.000000,104.436996,0.235330,0.166231
28.000000,104.436996,0.241308,0.178074
29.000000,104.436996,0.247025,0.170681
30.000000,104.436996,0.252474,0.186532
31.000000,104.436996,0.257656,0.192954
32.000000,104.436996,0.262558,0.196416
33.000000,104.436996,0.267175,0.208977
34.000000,104.436996,0.271509,0.204703
35.000000,104.436996,0.275549,0.214427
36.000000,104.436996,0.279289,0.229414
37.000000,104.436996,0.282733,0.219871
38.000000,104.436996,0.285873,0.230152
39.000000,104.436996,0.288700,0.243419
40.000000,104.436996,0.291221,0.239602
41.000000,104.436996,0.293429,0.244015
42.000000,104.436996,0.295316,0.254854
43.000000,104.436996,0.296889,0.250894
44.000000,104.436996,0.298145,0.254022
45.000000,104.436996,0.299073,0.263574
46.000000,104.436996,0.299684,0.255612
47.000000,104.436996,0.299975,0.261742
48.000000,104.436996,0.299935,0.270300
49.000000,104.436996,0.299577,0.249747
50.000000,104.436996,0.298900,0.264598
51.000000,104.436996,0.297893,0.265029
52.000000,104.436996,0.296570,0.268478
53.000000,104.436996,0.294932,0.272600
54.000000,104.436996,0.292967,0.262616
55.000000,104.436996,0.290692,0.270045
56.000000,104.436996,0.288108,0.275164
57.000000,104.436996,0.285206,0.260618
58.000000,104.436996,0.282000,0.265466
59.000000,104.436996,0.278495,0.278163
60.000000,104.436996,0.274683,0.260907
61.000000,104.436996,0.270578,0.258743
62.000000,104.436996,0.266187,0.265721
63.000000,104.436996,0.261502,0.250324
64.000000,104.436996,0.256537,0.251162
65.000000,104.436996,0.251301,0.258283
66.000000,104.436996,0.245789,0.243459
67.000000,104.436996,0.240013,0.241726
68.000000,104.436996,0.233982,0.242273
69.000000,104.436996,0.227696,0.227730
70.000000,104.436996,0.221165,0.230712
71.000000,104.436996,0.214399,0.221270
72.000000,104.436996,0.207399,0.216004
73.000000,104.436996,0.200176,0.216555
74.000000,104.436996,0.192740,0.205276
75.000000,104.436996,0.185095,0.199842
76.000000,104.436996,0.177249,0.204676
77.000000,104.436996,0.169215,0.184123
78.000000,104.436996,0.160998,0.188258
79.000000,104.436996,0.152606,0.186224
80.000000,104.436996,0.144053,0.164966
81.000000,104.436996,0.135343,0.167235
82.000000,104.436996,0.126486,0.166063
83.000000,104.436996,0.117495,0.150377
84.000000,104.436996,0.108378,0.152650
85.000000,104.436996,0.099142,0.146044
86.000000,104.436996,0.089801,0.125355
87.000000,104.436996,0.080363,0.124338
88.000000,104.436996,0.070838,0.121737
89.000000,104.436996,0.061237,0.102907
90.000000,104.436996,0.051571,0.103603
91.000000,104.436996,0.041848,0.093722
92.000000,104.436996,0.032080,0.079743
93.000000,104.436996,0.022279,0.075579
94.000000,104.436996,0.012453,0.097019
95.000000,104.436996,0.002613,0.057577
96.000000,104.436996,-0.007229,0.051832
97.000000,104.436996,-0.017063,0.032992
98.000000,104.436996,-0.026879,0.030838
99.000000,104.436996,-0.036667,0.028662
100.000000,104.436996,-0.046414,0.010687
101.000000,104.436996,-0.056111,0.011817
102.000000,104.436996,-0.065749,0.005780
103.000000,104.436996,-0.075315,-0.015624
104.000000,104.436996,-0.084800,-0.017215
105.000000,104.436996,-0.094196,-0.017387
106.000000,104.436996,-0.103487,-0.038215
107.000000,104.436996,-0.112668,-0.043238
108.000000,104.436996,-0.121730,-0.048267
109.000000,104.436996,-0.130657,-0.065812
110.000000,104.436996,-0.139445,-0.068691
111.000000,104.436996,-0.148086,-0.073140
112.000000,104.436996,-0.156563,-0.088690
113.000000,104.436996,-0.164873,-0.091284
114.000000,104.436996,-0.173008,-0.105866
115.000000,104.436996,-0.180953,-0.110283
116.000000,104.436996,-0.188704,-0.113739
117.000000,104.436996,-0.196255,-0.123437
118.000000,104.436996,-0.203591,-0.132307
119.000000,104.436996,-0.210708,-0.132191
120.000000,104.436996,-0.217602,-0.155172
121.000000,104.436996,-0.224259,-0.155331
122.000000,104.436996,-0.230673,-0.154645
123.000000,104.436996,-0.236843,-0.171331
124.000000,104.436996,-0.242755,-0.177067
125.000000,104.436996,-0.248405,-0.133354
126.000000,104.436996,-0.253791,-0.192494
127.000000,104.436996,-0.258902,-0.202947
128.000000,104.436996,-0.263732,-0.198829
129.000000,104.436996,-0.268282,-0.216085
130.000000,104.436996,-0.272542,-0.217533
131.000000,104.436996,-0.276505,-0.214265
132.000000,104.436996,-0.280176,-0.228241
133.000000,104.436996,-0.283544,-0.230547
134.000000,104.436996,-0.286603,-0.233410
135.000000,104.436996,-0.289357,-0.240825
136.000000,104.436996,-0.291801,-0.238562
137.000000,104.436996,-0.293925,-0.250832
138.000000,104.436996,-0.295738,-0.248979
139.000000,104.436996,-0.297234,-0.214408
140.000000,104.436996,-0.298403,-0.259264
141.000000,104.436996,-0.299255,-0.274721
142.000000,104.436996,-0.299789,-0.254304
143.000000,104.436996,-0.299991,-0.267127
144.000000,104.436996,-0.299876,-0.265858
145.000000,104.436996,-0.299442,-0.258167
146.000000,104.436996,-0.298676,-0.270562
147.000000,104.436996,-0.297594,-0.268435
148.000000,104.436996,-0.296196,-0.259883
149.000000,104.436996,-0.294470,-0.268131
150.000000,104.436996,-0.292431,-0.267720
151.000000,104.436996,-0.290082,-0.262455
152.000000,104.436996,-0.287412,-0.284001
153.000000,104.436996,-0.284437,-0.267580
154.000000,104.436996,-0.281160,-0.264158
155.000000,104.436996,-0.277573,-0.267991
156.000000,104.436996,-0.273690,-0.254718
157.000000,104.436996,-0.269517,-0.264993
158.000000,104.436996,-0.265046,-0.260275
159.000000,104.436996,-0.260293,-0.247147
160.000000,104.436996,-0.255264,-0.256547
161.000000,104.436996,-0.249954,-0.247982
162.000000,104.436996,-0.244377,-0.236859
163.000000,104.436996,-0.238540,-0.243821
164.000000,104.436996,-0.232442,-0.235975
165.000000,104.436996,-0.226094,-0.230998
166.000000,104.436996,-0.219507,-0.232529
167.000000,104.436996,-0.212680,-0.219822
168.000000,104.436996,-0.205624,-0.212271
169.000000,104.436996,-0.198349,-0.215372
170.000000,104.436996,-0.190859,-0.209528
171.000000,104.436996,-0.183162,-0.197255
172.000000,104.436996,-0.175271,-0.203219
173.000000,104.436996,-0.167190,-0.185509
174.000000,104.436996,-0.158928,-0.192089
175.000000,104.436996,-0.150497,-0.181202
176.000000,104.436996,-0.141903,-0.166640
177.000000,104.436996,-0.133155,-0.168475
178.000000,104.436996,-0.124266,-0.158045
179.000000,104.436996,-0.115242,-0.140915
180.000000,104.436996,-0.106093,-0.145594
181.000000,104.436996,-0.096831,-0.136458
182.000000,104.436996,-0.087466,-0.118901
183.000000,104.436996,-0.078004,-0.127294
184.000000,104.436996,-0.068460,-0.114587
185.000000,104.436996,-0.058842,-0.097599
186.000000,104.436996,-0.049160,-0.106562
187.000000,104.436996,-0.039426,-0.090280
188.000000,104.436996,-0.029649,-0.077862
189.000000,104.436996,-0.019840,-0.080539
190.000000,104.436996,-0.010010,-0.065119
191.000000,104.436996,-0.000169,-0.061826
192.000000,104.436996,0.009672,-0.056378
193.000000,104.436996,0.019503,-0.038960
194.000000,104.436996,0.029313,-0.037642
195.000000,104.436996,0.039091,-0.022927
196.000000,104.436996,0.048827,-0.004939
197.000000,104.436996,0.058511,-0.009475
198.000000,104.436996,0.068131,-0.002484
199.000000,104.436996,0.077678,0.017503
200.000000,104.436996,0.087143,0.013546
201.000000,104.436996,0.096512,0.028827
202.000000,104.436996,0.105778,0.047528
203.000000,104.436996,0.114931,0.040142
204.000000,104.436996,0.123958,0.056852
205.000000,104.436996,0.132853,0.072550
206.000000,104.436996,0.141607,0.068163
207.000000,104.436996,0.150205,0.078869
208.000000,104.436996,0.158642,0.093000
209.000000,104.436996,0.166911,0.095187
210.000000,104.436996,0.174997,0.104176
211.000000,104.436996,0.182896,0.109454
212.000000,104.436996,0.190600,0.115773
213.000000,104.436996,0.198096,0.132767
214.000000,104.436996,0.205378,0.128068
215.000000,104.436996,0.212443,0.137217
216.000000,104.436996,0.219277,0.154489
217.000000,104.436996,0.225873,0.152955
218.000000,104.436996,0.232230,0.154800
219.000000,104.436996,0.238335,0.176361
220.000000,104.436996,0.244181,0.173401
221.000000,104.436996,0.249769,0.181390
222.000000,104.436996,0.255086,0.199090
223.000000,104.436996,0.260126,0.193129
224.000000,104.436996,0.264890,0.201691
225.000000,104.436996,0.269367,0.214245
226.000000,104.436996,0.273552,0.207426
227.000000,104.436996,0.277446,0.223138
228.000000,104.436996,0.281041,0.226833
229.000000,104.436996,0.284330,0.225583
230.000000,104.436996,0.287317,0.233572
231.000000,104.436996,0.289995,0.234145
232.000000,104.436996,0.292356,0.240596
233.000000,104.436996,0.294406,0.250294
234.000000,104.436996,0.296141,0.241027
235.000000,104.436996,0.297551,0.247740
236.000000,104.436996,0.298645,0.259293
237.000000,104.436996,0.299420,0.251609
238.000000,104.436996,0.299866,0.248879
239.000000,104.436996,0.299994,0.268581
240.000000,104.436996,0.299801,0.260476
241.000000,104.436996,0.299278,0.264605
242.000000,104.436996,0.298438,0.272583
243.000000,104.436996,0.297280,0.260191
244.000000,104.436996,0.295793,0.268610
245.000000,104.436996,0.293993,0.278017
246.000000,104.436996,0.291880,0.259760
247.000000,104.436996,0.289444,0.268749
248.000000,104.436996,0.286702,0.274442
249.000000,104.436996,0.283655,0.263905
250.000000,104.436996,0.280294,0.263743
251.000000,104.436996,0.276635,0.268017
252.000000,104.436996,0.272683,0.255612
253.000000,104.436996,0.268430,0.266026
254.000000,104.436996,0.263891,0.252882
255.000000,104.436996,0.259072,0.245314
256.000000,104.436996,0.253968,0.256725
257.000000,104.436996,0.248592,0.243889
258.000000,104.436996,0.242952,0.241590
259.000000,104.436996,0.237046,0.248853
260.000000,104.436996,0.230886,0.229450
261.000000,104.436996,0.224481,0.228575
262.000000,104.436996,0.217831,0.235123
263.000000,104.436996,0.210946,0.213864
264.000000,104.436996,0.203837,0.215991
265.000000,104.436996,0.196506,0.217105
266.000000,104.436996,0.188963,0.205428
267.000000,104.436996,0.181220,0.202407
268.000000,104.436996,0.173279,0.198948
269.000000,104.436996,0.165151,0.185409
270.000000,104.436996,0.156848,0.182387
271.000000,104.436996,0.148375,0.181075
272.000000,104.436996,0.139740,0.162530
273.000000,104.436996,0.130958,0.162511
274.000000,104.436996,0.122034,0.156497
275.000000,104.436996,0.112977,0.151374
276.000000,104.436996,0.103800,0.142916
277.000000,104.436996,0.094512,0.130073
278.000000,104.436996,0.085120,0.123632
279.000000,104.436996,0.075638,0.126034
280.000000,104.436996,0.066074,0.105627
281.000000,104.436996,0.056439,0.105183
282.000000,104.436996,0.046743,0.104438
283.000000,104.436996,0.036997,0.083892
284.000000,104.436996,0.027211,0.079157
285.000000,104.436996,0.017396,0.081129
286.000000,104.436996,0.007562,0.053724
287.000000,104.436996,-0.002280,0.053561
288.000000,104.436996,-0.012119,0.057107
289.000000,104.436996,-0.021946,0.033562
290.000000,104.436996,-0.031749,0.033257
291.000000,104.436996,-0.041517,-0.005230
292.000000,104.436996,-0.051242,0.008251
293.000000,104.436996,-0.060910,0.002086
294.000000,104.436996,-0.070514,-0.003206
295.000000,104.436996,-0.080042,-0.013627
296.000000,104.436996,-0.089482,-0.013365
297.000000,104.436996,-0.098827,-0.033354
298.000000,104.436996,-0.108067,-0.038795
299.000000,104.436996,-0.117188,-0.040825
300.000000,104.436996,-0.126184,-0.062949
301.000000,104.436996,-0.135046,-0.067110
302.000000,104.436996,-0.143760,-0.065997
303.000000,104.436996,-0.152319,-0.088259
304.000000,104.436996,-0.160718,-0.090277
305.000000,104.436996,-0.168939,-0.090592
306.000000,104.436996,-0.176980,-0.108706
307.000000,104.436996,-0.184833,-0.114872
308.000000,104.436996,-0.192484,-0.111469
309.000000,104.436996,-0.199927,-0.134444
310.000000,104.436996,-0.207159,-0.135319
311.000000,104.436996,-0.214165,-0.141057
312.000000,104.436996,-0.220939,-0.157034
313.000000,104.436996,-0.227480,-0.155911
314.000000,104.436996,-0.233772,-0.165493
315.000000,104.436996,-0.239812,-0.139460
316.000000,104.436996,-0.245598,-0.173077
317.000000,104.436996,-0.251117,-0.198213
318.000000,104.436996,-0.256364,-0.199935
319.000000,104.436996,-0.261339,-0.195817
320.000000,104.436996,-0.266031,-0.214223
321.000000,104.436996,-0.270434,-0.209948
322.000000,104.436996,-0.274550,-0.206834
323.000000,104.436996,-0.278369,-0.221088
324.000000,104.436996,-0.281886,-0.226538
325.000000,104.436996,-0.285103,-0.223566
326.000000,104.436996,-0.288013,-0.240106
327.000000,104.436996,-0.290609,-0.237837
328.000000,104.436996,-0.292896,-0.235434
329.000000,104.436996,-0.294869,-0.253691
330.000000,104.436996,-0.296519,-0.249705
331.000000,104.436996,-0.297854,-0.246153
332.000000,104.436996,-0.298870,-0.259410
333.000000,104.436996,-0.299558,-0.256713
334.000000,104.436996,-0.299928,-0.265867
335.000000,104.436996,-0.299979,-0.268850
336.000000,104.436996,-0.299698,-0.259151
337.000000,104.436996,-0.299100,-0.269993
338.000000,104.436996,-0.298183,-0.269141
339.000000,104.436996,-0.296936,-0.260304
340.000000,104.436996,-0.295375,-0.275851
341.000000,104.436996,-0.293500,-0.269144
342.000000,104.436996,-0.291300,-0.258880
343.000000,104.436996,-0.288791,-0.265410
344.000000,104.436996,-0.285976,-0.265715
345.000000,104.436996,-0.282844,-0.260311
346.000000,104.436996,-0.279412,-0.272421
347.000000,104.436996,-0.275684,-0.266434
348.000000,104.436996,-0.271650,-0.252306
349.000000,104.436996,-0.267328,-0.261984
350.000000,104.436996,-0.262722,-0.256998
351.000000,104.436996,-0.257827,-0.250013
352.000000,104.436996,-0.252656,-0.252405
353.000000,104.436996,-0.247217,-0.246706
354.000000,104.436996,-0.241507,-0.251991
355.000000,104.436996,-0.235538,-0.243257
356.000000,104.436996,-0.229320,-0.231700
357.000000,104.436996,-0.222850,-0.236104
358.000000,104.436996,-0.216140,-0.226677
359.000000,104.436996,-0.209202,-0.211121
360.000000,104.436996,-0.202035,-0.219517
361.000000,104.436996,-0.194650,-0.209667
362.000000,104.436996,-0.187059,-0.193968
363.000000,104.436996,-0.179264,-0.202073
364.000000,104.436996,-0.171276,-0.193368
365.000000,104.436996,-0.163105,-0.184816
366.000000,104.436996,-0.154758,-0.187060
367.000000,104.436996,-0.146243,-0.173352
368.000000,104.436996,-0.137573,-0.162365
369.000000,104.436996,-0.128754,-0.164042
370.000000,104.436996,-0.119795,-0.153910
371.000000,104.436996,-0.110709,-0.153055
372.000000,104.436996,-0.101503,-0.147171
373.000000,104.436996,-0.092187,-0.127608
374.000000,104.436996,-0.082773,-0.130726
375.000000,104.436996,-0.073270,-0.127300
376.000000,104.436996,-0.063687,-0.103308
377.000000,104.436996,-0.054036,-0.107987
378.000000,104.436996,-0.044327,-0.098425
379.000000,104.436996,-0.034570,-0.081010
380.000000,104.436996,-0.024776,-0.082826
381.000000,104.436996,-0.014955,-0.069831
382.000000,104.436996,-0.005118,-0.055132
383.000000,104.436996,0.004724,-0.059231
384.000000,104.436996,0.014561,-0.045096
385.000000,104.436996,0.024383,-0.033970
386.000000,104.436996,0.034178,-0.029922
387.000000,104.436996,0.043937,-0.016072
388.000000,104.436996,0.053648,-0.002656
389.000000,104.436996,0.063302,-0.009763
390.000000,104.436996,0.072888,0.005803
391.000000,104.436996,0.082394,0.014653
392.000000,104.436996,0.091812,0.018831
393.000000,104.436996,0.101133,0.031534
394.000000,104.436996,0.110342,0.036557
395.000000,104.436996,0.119434,0.053001
396.000000,104.436996,0.128399,0.060838
397.000000,104.436996,0.137223,0.058730
398.000000,104.436996,0.145900,0.070012
399.000000,104.436996,0.154422,0.090999
400.000000,104.436996,0.162774,0.088182
401.000000,104.436996,0.170953,0.098460
402.000000,104.436996,0.178950,0.118304
403.000000,104.436996,0.186751,0.113632
404.000000,104.436996,0.194351,0.124338
405.000000,104.436996,0.201745,0.137893
406.000000,104.436996,0.208919,0.131362
407.000000,104.436996,0.215868,0.146216
408.000000,104.436996,0.222588,0.157342
409.000000,104.436996,0.229065,0.156669
410.000000,104.436996,0.235295,0.167660
411.000000,104.436996,0.241275,0.175221
412.000000,104.436996,0.246993,0.174253
413.000000,104.436996,0.252444,0.185956
414.000000,104.436996,0.257627,0.188262
415.000000,104.436996,0.262531,0.195839
416.000000,104.436996,0.267149,0.208251
417.000000,104.436996,0.271485,0.205574
418.000000,104.436996,0.275527,0.210849
419.000000,104.436996,0.279269,0.227118
420.000000,104.436996,0.282715,0.221441
421.000000,104.436996,0.285856,0.230434
422.000000,104.436996,0.288685,0.241842
423.000000,104.436996,0.291207,0.234022
424.000000,104.436996,0.293417,0.244728
425.000000,104.436996,0.295306,0.255138
426.000000,104.436996,0.296881,0.246460
427.000000,104.436996,0.298138,0.248160
428.000000,104.436996,0.299068,0.261291
429.000000,104.436996,0.299681,0.253896
430.000000,104.436996,0.299974,0.261453
431.000000,104.436996,0.299936,0.260310
432.000000,104.436996,0.299580,0.260900
433.000000,104.436996,0.298905,0.273600
434.000000,104.436996,0.297900,0.260758
435.000000,104.436996,0.296578,0.264611
436.000000,104.436996,0.294942,0.273590
437.000000,104.436996,0.292979,0.265336
438.000000,104.436996,0.290706,0.266324
439.000000,104.436996,0.288124,0.276016
440.000000,104.436996,0.285223,0.261049
441.000000,104.436996,0.282019,0.263176
442.000000,104.436996,0.278517,0.264436
443.000000,104.436996,0.274706,0.260761
444.000000,104.436996,0.270603,0.261172
445.000000,104.436996,0.266213,0.262716
446.000000,104.436996,0.261529,0.251036
447.000000,104.436996,0.256567,0.253448
448.000000,104.436996,0.251332,0.251424
449.000000,104.436996,0.245821,0.242743
450.000000,104.436996,0.240047,0.243724
451.000000,104.436996,0.234018,0.237429
452.000000,104.436996,0.227733,0.232018
453.000000,104.436996,0.221203,0.229278
454.000000,104.436996,0.214439,0.217860
455.000000,104.436996,0.207440,0.215428
456.000000,104.436996,0.200218,0.219974
457.000000,104.436996,0.192783,0.203712
458.000000,104.436996,0.185139,0.205415
459.000000,104.436996,0.177294,0.204812
460.000000,104.436996,0.169262,0.186698
461.000000,104.436996,0.161046,0.184965
462.000000,104.436996,0.152655,0.188083
463.000000,104.436996,0.144102,0.167964
464.000000,104.436996,0.135393,0.165658
465.000000,104.436996,0.126537,0.168776
466.000000,104.436996,0.117547,0.149376
467.000000,104.436996,0.108430,0.142780
468.000000,104.436996,0.099195,0.142472
469.000000,104.436996,0.089855,0.125497
470.000000,104.436996,0.080417,0.123188
471.000000,104.436996,0.070892,0.108894
472.000000,104.436996,0.061292,0.103188
473.000000,104.436996,0.051626,0.106456
474.000000,104.436996,0.041904,0.090326
475.000000,104.436996,0.032137,0.087599
476.000000,104.436996,0.022335,0.084280
477.000000,104.436996,0.012509,0.061729
478.000000,104.436996,0.002670,0.057567
479.000000,104.436996,-0.007173,0.057538
480.000000,104.436996,-0.017007,0.039138
481.000000,104.436996,-0.026823,0.034115
482.000000,104.436996,-0.036611,0.034374
483.000000,104.436996,-0.046358,0.012400
484.000000,104.436996,-0.056056,0.002231
485.000000,104.436996,-0.065694,0.004498
486.000000,104.436996,-0.075260,-0.010336
487.000000,104.436996,-0.084746,-0.012931
488.000000,104.436996,-0.094142,-0.028941
489.000000,104.436996,-0.103434,-0.040365
490.000000,104.436996,-0.112616,-0.037674
491.000000,104.436996,-0.121678,-0.060093
492.000000,104.436996,-0.130607,-0.063963
493.000000,104.436996,-0.139395,-0.060702
494.000000,104.436996,-0.148037,-0.083969
495.000000,104.436996,-0.156515,-0.083412
496.000000,104.436996,-0.164826,-0.084157
497.000000,104.436996,-0.172962,-0.106702
498.000000,104.436996,-0.180908,-0.108865
499.000000,104.436996,-0.188660,-0.118328
500.000000,104.436996,-0.196212,-0.128149
501.000000,104.436996,-0.203550,-0.132171
502.000000,104.436996,-0.210668,-0.132628
503.000000,104.436996,-0.217564,-0.151458
504.000000,104.436996,-0.224221,-0.153764
505.000000,104.436996,-0.230637,-0.150497
506.000000,104.436996,-0.236808,-0.170904
507.000000,104.436996,-0.242722,-0.174071
508.000000,104.436996,-0.248373,-0.182226
509.000000,104.436996,-0.253761,-0.193355
510.000000,104.436996,-0.258873,-0.186370
511.000000,104.436996,-0.263705,-0.204365
512.000000,104.436996,-0.268257,-0.209660
513.000000,104.436996,-0.272518,-0.207543
514.000000,104.436996,-0.276484,-0.222662
515.000000,104.436996,-0.280156,-0.222532
516.000000,104.436996,-0.283525,-0.217701
517.000000,104.436996,-0.286586,-0.234384
518.000000,104.436996,-0.289343,-0.233400
519.000000,104.436996,-0.291788,-0.236286
520.000000,104.436996,-0.293914,-0.253688
521.000000,104.436996,-0.295729,-0.249417
522.000000,104.436996,-0.297226,-0.241153
523.000000,104.436996,-0.298397,-0.261411
524.000000,104.436996,-0.299252,-0.258426
525.000000,104.436996,-0.299786,-0.251448
526.000000,104.436996,-0.299991,-0.272279
527.000000,104.436996,-0.299878,-0.264290
528.000000,104.436996,-0.299445,-0.257591
529.000000,104.436996,-0.298681,-0.270278
530.000000,104.436996,-0.297601,-0.265291
531.000000,104.436996,-0.296205,-0.270009
532.000000,104.436996,-0.294480,-0.271566
533.000000,104.436996,-0.292444,-0.263157
534.000000,104.436996,-0.290097,-0.272991
535.000000,104.436996,-0.287428,-0.271000
536.000000,104.436996,-0.284455,-0.260735
537.000000,104.436996,-0.281180,-0.267700
538.000000,104.436996,-0.277594,-0.262140
539.000000,104.436996,-0.273713,-0.258737
540.000000,104.436996,-0.269542,-0.262412
541.000000,104.436996,-0.265073,-0.254135
542.000000,104.436996,-0.260321,-0.247588
543.000000,104.436996,-0.255294,-0.255692
544.000000,104.436996,-0.249985,-0.248847
545.000000,104.436996,-0.244409,-0.238436
546.000000,104.436996,-0.238574,-0.247399
547.000000,104.436996,-0.232478,-0.236124
548.000000,104.436996,-0.226132,-0.233420
549.000000,104.436996,-0.219546,-0.230958
550.000000,104.436996,-0.212720,-0.223258
551.000000,104.436996,-0.205665,-0.229252
552.000000,104.436996,-0.198392,-0.215518
553.000000,104.436996,-0.190902,-0.202821
554.000000,104.436996,-0.183207,-0.211794
555.000000,104.436996,-0.175317,-0.194362
556.000000,104.436996,-0.167237,-0.178806
557.000000,104.436996,-0.158976,-0.186629
558.000000,104.436996,-0.150546,-0.179210
559.000000,104.436996,-0.141953,-0.165370
560.000000,104.436996,-0.133205,-0.177193
561.000000,104.436996,-0.124317,-0.158051
562.000000,104.436996,-0.115294,-0.136631
563.000000,104.436996,-0.106146,-0.142595
564.000000,104.436996,-0.096885,-0.136893
565.000000,104.436996,-0.087519,-0.116757
566.000000,104.436996,-0.078058,-0.124577
567.000000,104.436996,-0.068515,-0.112298
568.000000,104.436996,-0.058897,-0.101884
569.000000,104.436996,-0.049216,-0.101128
570.000000,104.436996,-0.039482,-0.092570
571.000000,104.436996,-0.029705,-0.085002
572.000000,104.436996,-0.019896,-0.077968
573.000000,104.436996,-0.010066,-0.063121
574.000000,104.436996,-0.000225,-0.065957
575.000000,104.436996,0.009616,-0.049805
576.000000,104.436996,0.019447,-0.030673
577.000000,104.436996,0.029257,-0.038927
578.000000,104.436996,0.039035,-0.023069
579.000000,104.436996,0.048771,-0.006801
580.000000,104.436996,0.058456,-0.015051
581.000000,104.436996,0.068076,-0.003915
582.000000,104.436996,0.077624,0.018503
583.000000,104.436996,0.087089,0.013546
584.000000,104.436996,0.096458,0.029540
585.000000,104.436996,0.105725,0.045812
586.000000,104.436996,0.114879,0.087454
587.000000,104.436996,0.123907,0.055278
588.000000,104.436996,0.132802,0.061116
589.000000,104.436996,0.141557,0.064022
590.000000,104.436996,0.150156,0.074008
591.000000,104.436996,0.158594,0.084856
592.000000,104.436996,0.166865,0.091181
593.000000,104.436996,0.174951,0.100028
594.000000,104.436996,0.182851,0.102609
595.000000,104.436996,0.190557,0.116627
596.000000,104.436996,0.198053,0.133903
597.000000,104.436996,0.205337,0.128648
598.000000,104.436996,0.212404,0.139645
599.000000,104.436996,0.219238,0.154771
600.000000,104.436996,0.225836,0.150665
601.000000,104.436996,0.232195,0.163233
602.000000,104.436996,0.238300,0.166205
603.000000,104.436996,0.244149,0.171254
604.000000,104.436996,0.249738,0.183395
605.000000,104.436996,0.255056,0.197374
606.000000,104.436996,0.260098,0.195704
607.000000,104.436996,0.264864,0.203407
608.000000,104.436996,0.269342,0.212960
609.000000,104.436996,0.273529,0.208427
610.000000,104.436996,0.277425,0.221992
611.000000,104.436996,0.281021,0.225126
612.000000,104.436996,0.284312,0.223440
613.000000,104.436996,0.287301,0.237859
614.000000,104.436996,0.289980,0.230152
615.000000,104.436996,0.292343,0.239592
616.000000,104.436996,0.294396,0.248002
617.000000,104.436996,0.296132,0.242746
618.000000,104.436996,0.297544,0.250599
619.000000,104.436996,0.298640,0.261434
620.000000,104.436996,0.299417,0.252898
621.000000,104.436996,0.299864,0.251735
622.000000,104.436996,0.299994,0.268727
623.000000,104.436996,0.299803,0.260903
624.000000,104.436996,0.299282,0.269038
625.000000,104.436996,0.298443,0.275585
626.000000,104.436996,0.297287,0.263332
627.000000,104.436996,0.295802,0.268176
628.000000,104.436996,0.294004,0.270012
629.000000,104.436996,0.291893,0.264906
630.000000,104.436996,0.289459,0.269031
631.000000,104.436996,0.286718,0.265449
632.000000,104.436996,0.283673,0.260900
633.000000,104.436996,0.280314,0.268458
634.000000,104.436996,0.276657,0.257607
635.000000,104.436996,0.272707,0.261755
636.000000,104.436996,0.268455,0.262583
637.000000,104.436996,0.263918,0.249466
638.000000,104.436996,0.259100,0.252312
639.000000,104.436996,0.253997,0.260576
640.000000,104.436996,0.248623,0.242604
641.000000,104.436996,0.242986,0.240013
642.000000,104.436996,0.237081,0.247133
643.000000,104.436996,0.230922,0.233880
644.000000,104.436996,0.224519,0.234579
645.000000,104.436996,0.217869,0.236551
646.000000,104.436996,0.210986,0.220298
647.000000,104.436996,0.203879,0.218562
648.000000,104.436996,0.196548,0.214103
649.000000,104.436996,0.189007,0.203566
650.000000,104.436996,0.181265,0.201545
651.000000,104.436996,0.173325,0.195382
652.000000,104.436996,0.165198,0.182404
653.000000,104.436996,0.156896,0.189246
654.000000,104.436996,0.148424,0.171095
655.000000,104.436996,0.139790,0.169962
656.000000,104.436996,0.131009,0.165645
657.000000,104.436996,0.122085,0.148806
658.000000,104.436996,0.113029,0.147796
659.000000,104.436996,0.103853,0.143476
660.000000,104.436996,0.094565,0.127217
661.000000,104.436996,0.085174,0.126057
662.000000,104.436996,0.075692,0.126886
663.000000,104.436996,0.066129,0.106482
664.000000,104.436996,0.056494,0.101462
665.000000,104.436996,0.046799,0.106578
666.000000,104.436996,0.037053,0.084034
667.000000,104.436996,0.027267,0.079869
668.000000,104.436996,0.017452,0.081987
669.000000,104.436996,0.007619,0.060870
670.000000,104.436996,-0.002224,0.057133
671.000000,104.436996,-0.012063,0.052114
672.000000,104.436996,-0.021890,0.036418
673.000000,104.436996,-0.031693,0.030964
674.000000,104.436996,-0.041462,0.017105
675.000000,104.436996,-0.051187,0.004961
676.000000,104.436996,-0.060855,0.008222
677.000000,104.436996,-0.070459,-0.010476
678.000000,104.436996,-0.079988,-0.015919
679.000000,104.436996,-0.089429,-0.011946
680.000000,104.436996,-0.098774,-0.035783
681.000000,104.436996,-0.108015,-0.005638
682.000000,104.436996,-0.117136,-0.038115
683.000000,104.436996,-0.126133,-0.065523
684.000000,104.436996,-0.134996,-0.070974
685.000000,104.436996,-0.143710,-0.068429
686.000000,104.436996,-0.152271,-0.090546
687.000000,104.436996,-0.160670,-0.091566
688.000000,104.436996,-0.168893,-0.091019
689.000000,104.436996,-0.176934,-0.113998
690.000000,104.436996,-0.184789,-0.115445
691.000000,104.436996,-0.192440,-0.115319
692.000000,104.436996,-0.199885,-0.132158
693.000000,104.436996,-0.207119,-0.135753
694.000000,104.436996,-0.214125,-0.148615
695.000000,104.436996,-0.220901,-0.154036
696.000000,104.436996,-0.227443,-0.152919
697.000000,104.436996,-0.233737,-0.167329
698.000000,104.436996,-0.239778,-0.172915
699.000000,104.436996,-0.245566,-0.168081
700.000000,104.436996,-0.251086,-0.191347
701.000000,104.436996,-0.256335,-0.196937
702.000000,104.436996,-0.261311,-0.194538
703.000000,104.436996,-0.266005,-0.206075
704.000000,104.436996,-0.270409,-0.206950
705.000000,104.436996,-0.274527,-0.204978
706.000000,104.436996,-0.278348,-0.224093
707.000000,104.436996,-0.281866,-0.222824
708.000000,104.436996,-0.285086,-0.219991
709.000000,104.436996,-0.287997,-0.239822
710.000000,104.436996,-0.290595,-0.239265
711.000000,104.436996,-0.292884,-0.239576
712.000000,104.436996,-0.294858,-0.249400
713.000000,104.436996,-0.296510,-0.248135
714.000000,104.436996,-0.297847,-0.252004
715.000000,104.436996,-0.298865,-0.257697
716.000000,104.436996,-0.299555,-0.257004
717.000000,104.436996,-0.299927,-0.264993
718.000000,104.436996,-0.299979,-0.260990
719.000000,104.436996,-0.299700,-0.258157
720.000000,104.436996,-0.299104,-0.281139
721.000000,104.436996,-0.298189,-0.271573
722.000000,104.436996,-0.296944,-0.257021
723.000000,104.436996,-0.295385,-0.269128
724.000000,104.436996,-0.293512,-0.268432
725.000000,104.436996,-0.291314,-0.256451
726.000000,104.436996,-0.288807,-0.270562
727.000000,104.436996,-0.285994,-0.267435
728.000000,104.436996,-0.282863,-0.256881
729.000000,104.436996,-0.279433,-0.269277
730.000000,104.436996,-0.275706,-0.262574
731.000000,104.436996,-0.271674,-0.256302
732.000000,104.436996,-0.267354,-0.263131
733.000000,104.436996,-0.262749,-0.251570
734.000000,104.436996,-0.257855,-0.263995
735.000000,104.436996,-0.252687,-0.252840
736.000000,104.436996,-0.247249,-0.237280
737.000000,104.436996,-0.241540,-0.249397
738.000000,104.436996,-0.235573,-0.238688
739.000000,104.436996,-0.229356,-0.224563
740.000000,104.436996,-0.222887,-0.233387
741.000000,104.436996,-0.216179,-0.225822
742.000000,104.436996,-0.209242,-0.214414
743.000000,104.436996,-0.202076,-0.218517
744.000000,104.436996,-0.194693,-0.210386
745.000000,104.436996,-0.187103,-0.198544
746.000000,104.436996,-0.179309,-0.202646
747.000000,104.436996,-0.171322,-0.193657
748.000000,104.436996,-0.163153,-0.188385
749.000000,104.436996,-0.154806,-0.187776
750.000000,104.436996,-0.146292,-0.174214
751.000000,104.436996,-0.137623,-0.170351
752.000000,104.436996,-0.128805,-0.166905
753.000000,104.436996,-0.119846,-0.147343
754.000000,104.436996,-0.110761,-0.152601
755.000000,104.436996,-0.101556,-0.138456
756.000000,104.436996,-0.092241,-0.126044
757.000000,104.436996,-0.082827,-0.130723
758.000000,104.436996,-0.073324,-0.120014
759.000000,104.436996,-0.063742,-0.103030
760.000000,104.436996,-0.054091,-0.108560
761.000000,104.436996,-0.044383,-0.096997
762.000000,104.436996,-0.034626,-0.079439
763.000000,104.436996,-0.024832,-0.083111
764.000000,104.436996,-0.015012,-0.068403
765.000000,104.436996,-0.005175,-0.052989
766.000000,104.436996,0.004668,-0.057518
767.000000,104.436996,0.014505,-0.044954
768.000000,104.436996,0.024327,-0.032396
769.000000,104.436996,0.034122,-0.034497
770.000000,104.436996,0.043882,-0.018361
771.000000,104.436996,0.053593,-0.006652
772.000000,104.436996,0.063247,-0.002328
773.000000,104.436996,0.072834,0.012377
774.000000,104.436996,0.082340,0.007814
775.000000,104.436996,0.091759,0.019543
776.000000,104.436996,0.101080,0.038247
777.000000,104.436996,0.110290,0.035852
778.000000,104.436996,0.119382,0.050139
779.000000,104.436996,0.128348,0.062547
780.000000,104.436996,0.137172,0.061732
781.000000,104.436996,0.145850,0.073011
782.000000,104.436996,0.154374,0.095860
783.000000,104.436996,0.162727,0.100475
784.000000,104.436996,0.170906,0.101174
785.000000,104.436996,0.178905,0.113729
786.000000,104.436996,0.186706,0.108483
787.000000,104.436996,0.194308,0.121906
788.000000,104.436996,0.201704,0.135610
789.000000,104.436996,0.208878,0.132932
790.000000,104.436996,0.215828,0.146209
791.000000,104.436996,0.222550,0.147932
792.000000,104.436996,0.229028,0.152803
793.000000,104.436996,0.235260,0.170078
794.000000,104.436996,0.241242,0.169969
795.000000,104.436996,0.246961,0.180538
796.000000,104.436996,0.252413,0.192947
797.000000,104.436996,0.257598,0.189557
798.000000,104.436996,0.262503,0.196976
799.000000,104.436996,0.267124,0.207383
800.000000,104.436996,0.271461,0.205282
801.000000,104.436996,0.275504,0.216988
802.000000,104.436996,0.279248,0.227114
803.000000,104.436996,0.282696,0.222011
804.000000,104.436996,0.285838,0.235434
805.000000,104.436996,0.288669,0.238847
806.000000,104.436996,0.291194,0.233592
807.000000,104.436996,0.293405,0.241577
808.000000,104.436996,0.295296,0.240010
809.000000,104.436996,0.296873,0.246457
810.000000,104.436996,0.298132,0.256868
811.000000,104.436996,0.299064,0.255042
812.000000,104.436996,0.299679,0.258034
813.000000,104.436996,0.299972,0.267298
814.000000,104.436996,0.299937,0.256901
815.000000,104.436996,0.299583,0.270323
816.000000,104.436996,0.298909,0.273584
817.000000,104.436996,0.297906,0.260191
818.000000,104.436996,0.296587,0.275187
819.000000,104.436996,0.294952,0.280303
820.000000,104.436996,0.292991,0.261477
821.000000,104.436996,0.290720,0.264747
822.000000,104.436996,0.288140,0.272726
823.000000,104.436996,0.285241,0.259472
824.000000,104.436996,0.282039,0.262457
825.000000,104.436996,0.278538,0.273733
826.000000,104.436996,0.274728,0.261331
827.000000,104.436996,0.270627,0.259164
828.000000,104.436996,0.266239,0.248164
829.000000,104.436996,0.261557,0.254035
830.000000,104.436996,0.256596,0.255582
831.000000,104.436996,0.251363,0.240029
832.000000,104.436996,0.245853,0.245162
833.000000,104.436996,0.240080,0.247422
834.000000,104.436996,0.234053,0.232737
835.000000,104.436996,0.227769,0.233721
836.000000,104.436996,0.221241,0.236408
837.000000,104.436996,0.214478,0.213864
838.000000,104.436996,0.207480,0.216561
839.000000,104.436996,0.200260,0.221395
840.000000,104.436996,0.192827,0.203281
841.000000,104.436996,0.185183,0.204978
842.000000,104.436996,0.177340,0.203384
843.000000,104.436996,0.169309,0.189554
844.000000,104.436996,0.161093,0.185959
845.000000,104.436996,0.152703,0.175376
846.000000,104.436996,0.144152,0.170963
847.000000,104.436996,0.135443,0.171082
848.000000,104.436996,0.126589,0.154810
849.000000,104.436996,0.117599,0.150798
850.000000,104.436996,0.108483,0.177232
851.000000,104.436996,0.099248,0.128933
852.000000,104.436996,0.089909,0.127485
853.000000,104.436996,0.080472,0.127456
854.000000,104.436996,0.070947,0.111058
855.000000,104.436996,0.061348,0.108182
856.000000,104.436996,0.051682,0.104720
857.000000,104.436996,0.041959,0.089753
858.000000,104.436996,0.032193,0.084303
859.000000,104.436996,0.022391,0.085850
860.000000,104.436996,0.012565,0.061729
861.000000,104.436996,0.002726,0.062998
862.000000,104.436996,-0.007116,0.053827
863.000000,104.436996,-0.016951,0.042137
864.000000,104.436996,-0.026767,0.036398
865.000000,104.436996,-0.036555,0.018957
866.000000,104.436996,-0.046302,0.009964
867.000000,104.436996,-0.056000,0.013228
868.000000,104.436996,-0.065639,-0.002752
869.000000,104.436996,-0.075206,-0.011628
870.000000,104.436996,-0.084692,-0.013375
871.000000,104.436996,-0.094089,0.007102
872.000000,104.436996,-0.103381,-0.036800
873.000000,104.436996,-0.112564,-0.042976
874.000000,104.436996,-0.121627,-0.064523
875.000000,104.436996,-0.130556,-0.065682
876.000000,104.436996,-0.139346,-0.062567
877.000000,104.436996,-0.147988,-0.083538
878.000000,104.436996,-0.156467,-0.087845
879.000000,104.436996,-0.164779,-0.084300
880.000000,104.436996,-0.172916,-0.108706
881.000000,104.436996,-0.180863,-0.111443
882.000000,104.436996,-0.188616,-0.114610
883.000000,104.436996,-0.196170,-0.132585
884.000000,104.436996,-0.203508,-0.134321
885.000000,104.436996,-0.210628,-0.140332
886.000000,104.436996,-0.217525,-0.148175
887.000000,104.436996,-0.224184,-0.150484
888.000000,104.436996,-0.230601,-0.169903
889.000000,104.436996,-0.236774,-0.172627
890.000000,104.436996,-0.242689,-0.168366
891.000000,104.436996,-0.248342,-0.185055
892.000000,104.436996,-0.253731,-0.189932
893.000000,104.436996,-0.258844,-0.187103
894.000000,104.436996,-0.263678,-0.204790
895.000000,104.436996,-0.268232,-0.205091
896.000000,104.436996,-0.272494,-0.204120
897.000000,104.436996,-0.276462,-0.224805
898.000000,104.436996,-0.280136,-0.221823
899.000000,104.436996,-0.283507,-0.218990
900.000000,104.436996,-0.286569,-0.236962
901.000000,104.436996,-0.289328,-0.234550
902.000000,104.436996,-0.291774,-0.229706
903.000000,104.436996,-0.293903,-0.248830
904.000000,104.436996,-0.295719,-0.248565
905.000000,104.436996,-0.297218,-0.251998
906.000000,104.436996,-0.298391,-0.256696
907.000000,104.436996,-0.299248,-0.254291
908.000000,104.436996,-0.299784,-0.262842
909.000000,104.436996,-0.299991,-0.266424
910.000000,104.436996,-0.299880,-0.256156
911.000000,104.436996,-0.299448,-0.271702
912.000000,104.436996,-0.298687,-0.271003
913.000000,104.436996,-0.297609,-0.260881
914.000000,104.436996,-0.296213,-0.273707
915.000000,104.436996,-0.294491,-0.269005
916.000000,104.436996,-0.292456,-0.257882
917.000000,104.436996,-0.290111,-0.272564
918.000000,104.436996,-0.287444,-0.266577
919.000000,104.436996,-0.284473,-0.261600
920.000000,104.436996,-0.281200,-0.273137
921.000000,104.436996,-0.277615,-0.260427
922.000000,104.436996,-0.273736,-0.258588
923.000000,104.436996,-0.269567,-0.259698
924.000000,104.436996,-0.265099,-0.255715
925.000000,104.436996,-0.260349,-0.260427
926.000000,104.436996,-0.255324,-0.254268
927.000000,104.436996,-0.250016,-0.245142
928.000000,104.436996,-0.244442,-0.256405
929.000000,104.436996,-0.238609,-0.244692
930.000000,104.436996,-0.232513,-0.226561
931.000000,104.436996,-0.226169,-0.239818
932.000000,104.436996,-0.219584,-0.225965
933.000000,104.436996,-0.212759,-0.215415
934.000000,104.436996,-0.205706,-0.224378
935.000000,104.436996,-0.198434,-0.214385
936.000000,104.436996,-0.190946,-0.201546
937.000000,104.436996,-0.183252,-0.207791
938.000000,104.436996,-0.175363,-0.199518
939.000000,104.436996,-0.167284,-0.183531
940.000000,104.436996,-0.159023,-0.186059
941.000000,104.436996,-0.150595,-0.178213
942.000000,104.436996,-0.142002,-0.165940
943.000000,104.436996,-0.133256,-0.168903
944.000000,104.436996,-0.124368,-0.155911
945.000000,104.436996,-0.115346,-0.150630
946.000000,104.436996,-0.106198,-0.147601
947.000000,104.436996,-0.096938,-0.132754
948.000000,104.436996,-0.087573,-0.134017
949.000000,104.436996,-0.078113,-0.119292
950.000000,104.436996,-0.068570,-0.104024
951.000000,104.436996,-0.058953,-0.112563
952.000000,104.436996,-0.049271,-0.070834
953.000000,104.436996,-0.039537,-0.083153
954.000000,104.436996,-0.029761,-0.092832
955.000000,104.436996,-0.019952,-0.081553
956.000000,104.436996,-0.010123,-0.063853
0.000000,109.070999,0.001758,-0.065669
1.000000,109.070999,0.012034,-0.047389
2.000000,109.070999,0.022297,-0.040100
3.000000,109.070999,0.032533,-0.035216
4.000000,109.070999,0.042730,-0.019799
5.000000,109.070999,0.052878,-0.016771
6.000000,109.070999,0.062964,-0.007911
7.000000,109.070999,0.072976,0.009789
8.000000,109.070999,0.082902,0.006827
9.000000,109.070999,0.092730,0.033840
10.000000,109.070999,0.102450,0.040670
11.000000,109.070999,0.112050,0.031561
12.000000,109.070999,0.121519,0.045414
13.000000,109.070999,0.130843,0.065831
14.000000,109.070999,0.140014,0.066447
15.000000,109.070999,0.149021,0.077295
16.000000,109.070999,0.157855,0.090992
17.000000,109.070999,0.166503,0.086609
18.000000,109.070999,0.174953,0.096602
19.000000,109.070999,0.183198,0.117307
20.000000,109.070999,0.191230,0.111346
21.000000,109.070999,0.199038,0.127910
22.000000,109.070999,0.206611,0.137048
23.000000,109.070999,0.213940,0.143369
24.000000,109.070999,0.221018,0.152498
25.000000,109.070999,0.227839,0.149085
26.000000,109.070999,0.234393,0.158806
27.000000,109.070999,0.240670,0.175651
28.000000,109.070999,0.246662,0.171400
29.000000,109.070999,0.252367,0.185114
30.000000,109.070999,0.257776,0.197808
31.000000,109.070999,0.262885,0.192986
32.000000,109.070999,0.267680,0.203122
33.000000,109.070999,0.272162,0.215819
34.000000,109.070999,0.276325,0.210859
35.000000,109.070999,0.280166,0.223280
36.000000,109.070999,0.283679,0.233691
37.000000,109.070999,0.286853,0.230020
38.000000,109.070999,0.289692,0.229573
39.000000,109.070999,0.292192,0.243419
40.000000,109.070999,0.294352,0.242743
41.000000,109.070999,0.296165,0.251586
42.000000,109.070999,0.297626,0.247726
43.000000,109.070999,0.298739,0.251749
44.000000,109.070999,0.299504,0.254867
45.000000,109.070999,0.299918,0.252179
46.000000,109.070999,0.299979,0.264326
47.000000,109.070999,0.299684,0.272162
48.000000,109.070999,0.299039,0.260333
49.000000,109.070999,0.298045,0.266897
50.000000,109.070999,0.296703,0.274873
51.000000,109.070999,0.295009,0.266768
52.000000,109.070999,0.292967,0.271755
53.000000,109.070999,0.290583,0.273014
54.000000,109.070999,0.287859,0.262762
55.000000,109.070999,0.284800,0.267033
56.000000,109.070999,0.281401,0.273869
57.000000,109.070999,0.277671,0.262332
58.000000,109.070999,0.273618,0.269177
59.000000,109.070999,0.269244,0.264008
60.000000,109.070999,0.264557,0.252322
61.000000,109.070999,0.259553,0.254303
62.000000,109.070999,0.254245,0.252736
63.000000,109.070999,0.248640,0.245599
64.000000,109.070999,0.242746,0.249864
65.000000,109.070999,0.236566,0.235023
66.000000,109.070999,0.230104,0.238015
67.000000,109.070999,0.223374,0.240702
68.000000,109.070999,0.216383,0.219010
69.000000,109.070999,0.209139,0.218566
70.000000,109.070999,0.201648,0.224971
71.000000,109.070999,0.193919,0.208858
72.000000,109.070999,0.185962,0.206409
73.000000,109.070999,0.177789,0.206098
74.000000,109.070999,0.169408,0.186125
75.000000,109.070999,0.160826,0.186821
76.000000,109.070999,0.152054,0.187082
77.000000,109.070999,0.143105,0.169250
78.000000,109.070999,0.133989,0.165228
79.000000,109.070999,0.124716,0.160069
80.000000,109.070999,0.115295,0.151948
81.000000,109.070999,0.105738,0.147206
82.000000,109.070999,0.096058,0.136077
83.000000,109.070999,0.086266,0.127064
84.000000,109.070999,0.076372,0.129897
85.000000,109.070999,0.066388,0.108344
86.000000,109.070999,0.056326,0.101323
87.000000,109.070999,0.046198,0.104438
88.000000,109.070999,0.036016,0.085893
89.000000,109.070999,0.025792,0.082590
90.000000,109.070999,0.015537,0.081844
91.000000,109.070999,0.005264,0.061729
92.000000,109.070999,-0.005015,0.057564
93.000000,109.070999,-0.015288,0.055821
94.000000,109.070999,-0.025544,0.033562
95.000000,109.070999,-0.035769,0.030255
96.000000,109.070999,-0.045952,0.027800
97.000000,109.070999,-0.056081,0.007966
98.000000,109.070999,-0.066145,0.004087
99.000000,109.070999,-0.076131,-0.003358
100.000000,109.070999,-0.086027,-0.021204
101.000000,109.070999,-0.095822,-0.022228
102.000000,109.070999,-0.105505,-0.041793
103.000000,109.070999,-0.115066,-0.045229
104.000000,109.070999,-0.124489,0.024835
105.000000,109.070999,-0.133766,-0.065951
106.000000,109.070999,-0.142886,-0.085559
107.000000,109.070999,-0.151840,-0.083445
108.000000,109.070999,-0.160617,-0.105277
109.000000,109.070999,-0.169202,-0.104720
110.000000,109.070999,-0.177588,-0.099889
111.000000,109.070999,-0.185767,-0.118431
112.000000,109.070999,-0.193729,-0.120163
113.000000,109.070999,-0.201465,-0.121048
114.000000,109.070999,-0.208959,-0.141879
115.000000,109.070999,-0.216210,-0.148903
116.000000,109.070999,-0.223208,-0.147780
117.000000,109.070999,-0.229945,-0.161468
118.000000,109.070999,-0.236413,-0.168207
119.000000,109.070999,-0.242599,-0.175218
120.000000,109.070999,-0.248501,-0.183776
121.000000,109.070999,-0.254113,-0.180797
122.000000,109.070999,-0.259429,-0.197500
123.000000,109.070999,-0.264438,-0.200224
124.000000,109.070999,-0.269134,-0.197964
125.000000,109.070999,-0.273516,-0.220800
126.000000,109.070999,-0.277578,-0.218099
127.000000,109.070999,-0.281316,-0.213268
128.000000,109.070999,-0.284720,-0.228238
129.000000,109.070999,-0.287789,-0.231972
130.000000,109.070999,-0.290521,-0.225282
131.000000,109.070999,-0.292914,-0.246398
132.000000,109.070999,-0.294965,-0.245987
133.000000,109.070999,-0.296665,-0.242011
134.000000,109.070999,-0.298016,-0.254692
135.000000,109.070999,-0.299019,-0.256425
136.000000,109.070999,-0.299673,-0.253157
137.000000,109.070999,-0.299978,-0.267272
138.000000,109.070999,-0.299923,-0.259575
139.000000,109.070999,-0.299517,-0.265294
140.000000,109.070999,-0.298762,-0.265132
141.000000,109.070999,-0.297658,-0.262726
142.000000,109.070999,-0.296205,-0.275711
143.000000,109.070999,-0.294398,-0.271573
144.000000,109.070999,-0.292248,-0.261878
145.000000,109.070999,-0.289756,-0.271417
146.000000,109.070999,-0.286926,-0.276152
147.000000,109.070999,-0.283758,-0.257594
148.000000,109.070999,-0.280253,-0.265984
149.000000,109.070999,-0.276421,-0.261139
150.000000,109.070999,-0.272266,-0.251732
151.000000,109.070999,-0.267793,-0.265271
152.000000,109.070999,-0.263003,-0.255424
153.000000,109.070999,-0.257902,-0.241153
154.000000,109.070999,-0.252500,-0.253118
155.000000,109.070999,-0.246803,-0.242986
156.000000,109.070999,-0.240818,-0.239291
157.000000,109.070999,-0.234546,-0.244109
158.000000,109.070999,-0.227998,-0.235123
159.000000,109.070999,-0.221185,-0.230845
160.000000,109.070999,-0.214113,-0.229384
161.000000,109.070999,-0.206791,-0.216969
162.000000,109.070999,-0.199221,-0.222529
163.000000,109.070999,-0.191419,-0.213663
164.000000,109.070999,-0.183393,-0.197818
165.000000,109.070999,-0.175153,-0.201927
166.000000,109.070999,-0.166708,-0.194077
167.000000,109.070999,-0.158063,-0.176520
168.000000,109.070999,-0.149234,-0.181911
169.000000,109.070999,-0.140231,-0.170775
170.000000,109.070999,-0.131064,-0.157793
171.000000,109.070999,-0.121743,-0.163754
172.000000,109.070999,-0.112277,-0.148330
173.000000,109.070999,-0.102680,-0.134918
174.000000,109.070999,-0.092963,-0.140020
175.000000,109.070999,-0.083138,-0.126883
176.000000,109.070999,-0.073214,-0.114468
177.000000,109.070999,-0.063203,-0.119143
178.000000,109.070999,-0.053119,-0.101864
179.000000,109.070999,-0.042973,-0.089001
180.000000,109.070999,-0.032776,-0.091980
181.000000,109.070999,-0.022541,-0.076275
182.000000,109.070999,-0.012279,-0.077256
183.000000,109.070999,-0.002003,-0.064675
184.000000,109.070999,0.008276,-0.046544
185.000000,109.070999,0.018545,-0.050795
186.000000,109.070999,0.028792,-0.038798
187.000000,109.070999,0.039005,-0.018096
188.000000,109.070999,0.049172,-0.021913
189.000000,109.070999,0.059282,-0.006201
190.000000,109.070999,0.069323,0.005210
191.000000,109.070999,0.079281,0.003964
192.000000,109.070999,0.089146,0.028543
193.000000,109.070999,0.098907,0.036233
194.000000,109.070999,0.108553,0.030557
195.000000,109.070999,0.118071,0.044838
196.000000,109.070999,0.127449,0.057253
197.000000,109.070999,0.136677,0.056152
198.000000,109.070999,0.145746,0.074863
199.000000,109.070999,0.154645,0.081576
200.000000,109.070999,0.163362,0.084173
201.000000,109.070999,0.171885,0.101595
202.000000,109.070999,0.180206,0.100472
203.000000,109.070999,0.188318,0.114195
204.000000,109.070999,0.196209,0.130183
205.000000,109.070999,0.203869,0.126932
206.000000,109.070999,0.211287,0.137071
207.000000,109.070999,0.218458,0.154198
208.000000,109.070999,0.225375,0.151812
209.000000,109.070999,0.232028,0.156798
210.000000,109.070999,0.238406,0.175072
211.000000,109.070999,0.244502,0.168107
212.000000,109.070999,0.250314,0.182387
213.000000,109.070999,0.255833,0.197089
214.000000,109.070999,0.261053,0.189554
215.000000,109.070999,0.265961,0.199401
216.000000,109.070999,0.270558,0.210531
217.000000,109.070999,0.274839,0.202565
218.000000,109.070999,0.278800,0.220418
219.000000,109.070999,0.282433,0.222840
220.000000,109.070999,0.285729,0.230590
221.000000,109.070999,0.288692,0.241004
222.000000,109.070999,0.291317,0.232299
223.000000,109.070999,0.293603,0.241020
224.000000,109.070999,0.295543,0.252146
225.000000,109.070999,0.297131,0.241746
226.000000,109.070999,0.298372,0.251026
227.000000,109.070999,0.299265,0.265151
228.000000,109.070999,0.299809,0.253756
229.000000,109.070999,0.299998,0.259316
230.000000,109.070999,0.299832,0.267295
231.000000,109.070999,0.299316,0.262332
232.000000,109.070999,0.298450,0.267318
233.000000,109.070999,0.297236,0.275585
234.000000,109.070999,0.295669,0.260473
235.000000,109.070999,0.293753,0.267176
236.000000,109.070999,0.291494,0.268011
237.000000,109.070999,0.288896,0.264906
238.000000,109.070999,0.285959,0.269889
239.000000,109.070999,0.282682,0.262166
240.000000,109.070999,0.279073,0.259041
241.000000,109.070999,0.275138,0.273458
242.000000,109.070999,0.270882,0.254608
243.000000,109.070999,0.266309,0.253316
244.000000,109.070999,0.261418,0.261295
245.000000,109.070999,0.256221,0.247179
246.000000,109.070999,0.250725,0.247594
247.000000,109.070999,0.244936,0.254426
248.000000,109.070999,0.238860,0.282483
249.000000,109.070999,0.232499,0.239012
250.000000,109.070999,0.225866,0.234553
251.000000,109.070999,0.218970,0.213721
252.000000,109.070999,0.211818,0.219994
253.000000,109.070999,0.204416,0.220537
254.000000,109.070999,0.196772,0.204424
255.000000,109.070999,0.188898,0.201833
256.000000,109.070999,0.180804,0.200813
257.000000,109.070999,0.172498,0.183119
258.000000,109.070999,0.163988,0.188530
259.000000,109.070999,0.155284,0.179962
260.000000,109.070999,0.146399,0.175108
261.000000,109.070999,0.137343,0.173365
262.000000,109.070999,0.128126,0.153667
263.000000,109.070999,0.118757,0.152796
264.000000,109.070999,0.109249,0.151481
265.000000,109.070999,0.099613,0.136796
266.000000,109.070999,0.089860,0.137067
267.000000,109.070999,0.080003,0.133890
268.000000,109.070999,0.070049,0.115206
269.000000,109.070999,0.060015,0.108036
270.000000,109.070999,0.049910,0.107009
271.000000,109.070999,0.039746,0.087036
272.000000,109.070999,0.029536,0.083014
273.000000,109.070999,0.019291,0.077706
274.000000,109.070999,0.009023,0.061298
275.000000,109.070999,-0.001255,0.060563
276.000000,109.070999,-0.011532,0.042551
277.000000,109.070999,-0.021795,0.034702
278.000000,109.070999,-0.032033,0.036819
279.000000,109.070999,-0.042232,0.013689
280.000000,109.070999,-0.052383,0.014822
281.000000,109.070999,-0.062472,0.012934
282.000000,109.070999,-0.072488,-0.008902
283.000000,109.070999,-0.082418,-0.014637
284.000000,109.070999,-0.092251,-0.017384
285.000000,109.070999,-0.101977,-0.036498
286.000000,109.070999,-0.111584,-0.042807
287.000000,109.070999,-0.121058,-0.044540
288.000000,109.070999,-0.130390,-0.072246
289.000000,109.070999,-0.139569,-0.063257
290.000000,109.070999,-0.148585,-0.068432
291.000000,109.070999,-0.157428,-0.089976
292.000000,109.070999,-0.166083,-0.090996
293.000000,109.070999,-0.174543,-0.093305
294.000000,109.070999,-0.182800,-0.113139
295.000000,109.070999,-0.190843,-0.114017
296.000000,109.070999,-0.198663,-0.125462
297.000000,109.070999,-0.206245,-0.138022
298.000000,109.070999,-0.213586,-0.138045
299.000000,109.070999,-0.220678,-0.153890
300.000000,109.070999,-0.227513,-0.157757
301.000000,109.070999,-0.234079,-0.157213
302.000000,109.070999,-0.240367,-0.174618
303.000000,109.070999,-0.246375,-0.175205
304.000000,109.070999,-0.252095,-0.174091
305.000000,109.070999,-0.257520,-0.196211
306.000000,109.070999,-0.262642,-0.195655
307.000000,109.070999,-0.267452,-0.193683
308.000000,109.070999,-0.271950,-0.216943
309.000000,109.070999,-0.276130,-0.215246
310.000000,109.070999,-0.279988,-0.221565
311.000000,109.070999,-0.283513,-0.228526
312.000000,109.070999,-0.286704,-0.232403
313.000000,109.070999,-0.289561,-0.229990
314.000000,109.070999,-0.292079,-0.241253
315.000000,109.070999,-0.294257,-0.243847
316.000000,109.070999,-0.296083,-0.252134
317.000000,109.070999,-0.297562,-0.254268
318.000000,109.070999,-0.298693,-0.247859
319.000000,109.070999,-0.299476,-0.268416
320.000000,109.070999,-0.299909,-0.263565
321.000000,109.070999,-0.299982,-0.255159
322.000000,109.070999,-0.299706,-0.270559
323.000000,109.070999,-0.299079,-0.262282
324.000000,109.070999,-0.298103,-0.256736
325.000000,109.070999,-0.296777,-0.270274
326.000000,109.070999,-0.295098,-0.269148
327.000000,109.070999,-0.293074,-0.259741
328.000000,109.070999,-0.290708,-0.276851
329.000000,109.070999,-0.288002,-0.269721
330.000000,109.070999,-0.284956,-0.255308
331.000000,109.070999,-0.281572,-0.268273
332.000000,109.070999,-0.277860,-0.261285
333.000000,109.070999,-0.273823,-0.256593
334.000000,109.070999,-0.269467,-0.265559
335.000000,109.070999,-0.264791,-0.258287
336.000000,109.070999,-0.259802,-0.256149
337.000000,109.070999,-0.254510,-0.259413
338.000000,109.070999,-0.248921,-0.247140
339.000000,109.070999,-0.243041,-0.255407
340.000000,109.070999,-0.236872,-0.245262
341.000000,109.070999,-0.230424,-0.226561
342.000000,109.070999,-0.223708,-0.236243
343.000000,109.070999,-0.216730,-0.225965
344.000000,109.070999,-0.209499,-0.213268
345.000000,109.070999,-0.202017,-0.219802
346.000000,109.070999,-0.194299,-0.206380
347.000000,109.070999,-0.186354,-0.197543
348.000000,109.070999,-0.178192,-0.202073
349.000000,109.070999,-0.169821,-0.193083
350.000000,109.070999,-0.161247,-0.173233
351.000000,109.070999,-0.152485,-0.186490
352.000000,109.070999,-0.143544,-0.175357
353.000000,109.070999,-0.134436,-0.167789
354.000000,109.070999,-0.125170,-0.166901
355.000000,109.070999,-0.115755,-0.151912
356.000000,109.070999,-0.106205,-0.150467
357.000000,109.070999,-0.096531,-0.138311
358.000000,109.070999,-0.086744,-0.123036
359.000000,109.070999,-0.076854,-0.130008
360.000000,109.070999,-0.066874,-0.124444
361.000000,109.070999,-0.056816,-0.103169
362.000000,109.070999,-0.046691,-0.105131
363.000000,109.070999,-0.036511,-0.091994
364.000000,109.070999,-0.026288,-0.074578
365.000000,109.070999,-0.016035,-0.079678
366.000000,109.070999,-0.005762,-0.064397
367.000000,109.070999,0.004517,-0.047555
368.000000,109.070999,0.014791,-0.080387
369.000000,109.070999,0.025047,-0.039520
370.000000,109.070999,0.035274,-0.019673
371.000000,109.070999,0.045459,-0.021201
372.000000,109.070999,0.055592,-0.009637
373.000000,109.070999,0.065659,0.002920
374.000000,109.070999,0.075649,0.004965
375.000000,109.070999,0.085549,0.057279
376.000000,109.070999,0.095350,0.023665
377.000000,109.070999,0.105039,0.022691
378.000000,109.070999,0.114605,0.038681
379.000000,109.070999,0.124035,0.039420
380.000000,109.070999,0.133320,0.051713
381.000000,109.070999,0.142449,0.064840
382.000000,109.070999,0.151411,0.072457
383.000000,109.070999,0.160195,0.085740
384.000000,109.070999,0.168789,0.101578
385.000000,109.070999,0.177186,0.098904
386.000000,109.070999,0.185376,0.114331
387.000000,109.070999,0.193350,0.130315
388.000000,109.070999,0.201094,0.123638
389.000000,109.070999,0.208601,0.133058
390.000000,109.070999,0.215864,0.151762
391.000000,109.070999,0.222876,0.146802
392.000000,109.070999,0.229627,0.157080
393.000000,109.070999,0.236104,0.165214
394.000000,109.070999,0.242304,0.171109
395.000000,109.070999,0.248222,0.184240
396.000000,109.070999,0.253849,0.181393
397.000000,109.070999,0.259180,0.185972
398.000000,109.070999,0.264201,0.199673
399.000000,109.070999,0.268913,0.200995
400.000000,109.070999,0.273311,0.209418
401.000000,109.070999,0.277390,0.221541
402.000000,109.070999,0.281143,0.214291
403.000000,109.070999,0.284561,0.229145
404.000000,109.070999,0.287647,0.242843
405.000000,109.070999,0.290397,0.231163
406.000000,109.070999,0.292808,0.239867
407.000000,109.070999,0.294873,0.251136
408.000000,109.070999,0.296589,0.244317
409.000000,109.070999,0.297958,0.252305
410.000000,109.070999,0.298980,0.255291
411.000000,109.070999,0.299652,0.253038
412.000000,109.070999,0.299969,0.263882
413.000000,109.070999,0.299932,0.256600
414.000000,109.070999,0.299545,0.258753
415.000000,109.070999,0.298808,0.271022
416.000000,109.070999,0.297722,0.262192
417.000000,109.070999,0.296281,0.276764
418.000000,109.070999,0.294493,0.274876
419.000000,109.070999,0.292360,0.262765
420.000000,109.070999,0.289887,0.262318
421.000000,109.070999,0.287074,0.275158
422.000000,109.070999,0.283918,0.260903
423.000000,109.070999,0.280430,0.264174
424.000000,109.070999,0.276615,0.269293
425.000000,109.070999,0.272477,0.255612
426.000000,109.070999,0.268019,0.257597
427.000000,109.070999,0.263241,0.260002
428.000000,109.070999,0.258156,0.249893
429.000000,109.070999,0.252770,0.252017
430.000000,109.070999,0.247088,0.246003
431.000000,109.070999,0.241116,0.242027
432.000000,109.070999,0.234857,0.240430
433.000000,109.070999,0.228323,0.227581
434.000000,109.070999,0.221523,0.227008
435.000000,109.070999,0.214465,0.227697
436.000000,109.070999,0.207152,0.213436
437.000000,109.070999,0.199595,0.208848
438.000000,109.070999,0.191804,0.215965
439.000000,109.070999,0.183790,0.202284
440.000000,109.070999,0.175561,0.199835
441.000000,109.070999,0.167123,0.202380
442.000000,109.070999,0.158489,0.182692
443.000000,109.070999,0.149669,0.177669
444.000000,109.070999,0.140675,0.179929
445.000000,109.070999,0.131517,0.160814
446.000000,109.070999,0.122201,0.159224
447.000000,109.070999,0.112742,0.155483
448.000000,109.070999,0.103152,0.136792
449.000000,109.070999,0.093441,0.134914
450.000000,109.070999,0.083620,0.114895
451.000000,109.070999,0.073700,0.114056
452.000000,109.070999,0.063694,0.110316
453.000000,109.070999,0.053613,0.099474
454.000000,109.070999,0.043470,0.097894
455.000000,109.070999,0.033276,0.095578
456.000000,109.070999,0.023042,0.073312
457.000000,109.070999,0.012781,0.073011
458.000000,109.070999,0.002505,0.069691
459.000000,109.070999,-0.007774,0.045715
460.000000,109.070999,-0.018043,0.038121
461.000000,109.070999,-0.028291,0.038807
462.000000,109.070999,-0.038506,0.024126
463.000000,109.070999,-0.048676,0.019533
464.000000,109.070999,-0.058790,0.015501
465.000000,109.070999,-0.068834,-0.004044
466.000000,109.070999,-0.078796,-0.008067
467.000000,109.070999,-0.088666,-0.011943
468.000000,109.070999,-0.098433,-0.030498
469.000000,109.070999,-0.108085,-0.035524
470.000000,109.070999,-0.117608,-0.039938
471.000000,109.070999,-0.126993,-0.056382
472.000000,109.070999,-0.136230,-0.059983
473.000000,109.070999,-0.145307,-0.080248
474.000000,109.070999,-0.154215,-0.081692
475.000000,109.070999,-0.162939,-0.081152
476.000000,109.070999,-0.171472,-0.104988
477.000000,109.070999,-0.179804,-0.109007
478.000000,109.070999,-0.187927,-0.108179
479.000000,109.070999,-0.195829,-0.129438
480.000000,109.070999,-0.203498,-0.131744
481.000000,109.070999,-0.210929,-0.133344
482.000000,109.070999,-0.218114,-0.148741
483.000000,109.070999,-0.225044,-0.152906
484.000000,109.070999,-0.231709,-0.158074
485.000000,109.070999,-0.238099,-0.172763
486.000000,109.070999,-0.244210,-0.173641
487.000000,109.070999,-0.250037,-0.176795
488.000000,109.070999,-0.255572,-0.189780
489.000000,109.070999,-0.260803,-0.187229
490.000000,109.070999,-0.265727,-0.208368
491.000000,109.070999,-0.270341,-0.210661
492.000000,109.070999,-0.274639,-0.205253
493.000000,109.070999,-0.278616,-0.223517
494.000000,109.070999,-0.282261,-0.220243
495.000000,109.070999,-0.285575,-0.220846
496.000000,109.070999,-0.288555,-0.238105
497.000000,109.070999,-0.291198,-0.240123
498.000000,109.070999,-0.293502,-0.239725
499.000000,109.070999,-0.295454,-0.248827
500.000000,109.070999,-0.297060,-0.249847
501.000000,109.070999,-0.298320,-0.243012
502.000000,109.070999,-0.299231,-0.260410
503.000000,109.070999,-0.299792,-0.255709
504.000000,109.070999,-0.299995,-0.261878
505.000000,109.070999,-0.299847,-0.270562
506.000000,109.070999,-0.299349,-0.261003
507.000000,109.070999,-0.298502,-0.268014
508.000000,109.070999,-0.297303,-0.271566
509.000000,109.070999,-0.295751,-0.261868
510.000000,109.070999,-0.293854,-0.273853
511.000000,109.070999,-0.291613,-0.269426
512.000000,109.070999,-0.289032,-0.265881
513.000000,109.070999,-0.286109,-0.270702
514.000000,109.070999,-0.282848,-0.271000
515.000000,109.070999,-0.279256,-0.253588
516.000000,109.070999,-0.275338,-0.265271
517.000000,109.070999,-0.271099,-0.256279
518.000000,109.070999,-0.266537,-0.245871
519.000000,109.070999,-0.261662,-0.263270
520.000000,109.070999,-0.256481,-0.255281
521.000000,109.070999,-0.251000,-0.242154
522.000000,109.070999,-0.245227,-0.249974
523.000000,109.070999,-0.239160,-0.246703
524.000000,109.070999,-0.232814,-0.235285
525.000000,109.070999,-0.226195,-0.233960
526.000000,109.070999,-0.219313,-0.226545
527.000000,109.070999,-0.212174,-0.227406
528.000000,109.070999,-0.204781,-0.221522
529.000000,109.070999,-0.197149,-0.214252
530.000000,109.070999,-0.189287,-0.214945
531.000000,109.070999,-0.181203,-0.202367
532.000000,109.070999,-0.172907,-0.190383
533.000000,109.070999,-0.164405,-0.194922
534.000000,109.070999,-0.155711,-0.186500
535.000000,109.070999,-0.146835,-0.168515
536.000000,109.070999,-0.137788,-0.175622
537.000000,109.070999,-0.128577,-0.167057
538.000000,109.070999,-0.119215,-0.145355
539.000000,109.070999,-0.109713,-0.152459
540.000000,109.070999,-0.100084,-0.139894
541.000000,109.070999,-0.090337,-0.119905
542.000000,109.070999,-0.080483,-0.130153
543.000000,109.070999,-0.070534,-0.116158
544.000000,109.070999,-0.060503,-0.075582
545.000000,109.070999,-0.050402,-0.097838
546.000000,109.070999,-0.040241,-0.097431
547.000000,109.070999,-0.030032,-0.090718
548.000000,109.070999,-0.019788,-0.085115
549.000000,109.070999,-0.009521,-0.070414
550.000000,109.070999,0.000757,-0.066673
551.000000,109.070999,0.011034,-0.026777
552.000000,109.070999,0.021298,-0.036392
553.000000,109.070999,0.031537,-0.045077
554.000000,109.070999,0.041739,-0.038655
555.000000,109.070999,0.051892,-0.014093
556.000000,109.070999,0.061985,-0.011765
557.000000,109.070999,0.072004,0.002089
558.000000,109.070999,0.081938,0.010495
559.000000,109.070999,0.091777,0.016975
560.000000,109.070999,0.101509,0.027823
561.000000,109.070999,0.111121,0.046812
562.000000,109.070999,0.120601,0.042140
563.000000,109.070999,0.129941,0.060139
564.000000,109.070999,0.139128,0.073412
565.000000,109.070999,0.148153,0.062444
566.000000,109.070999,0.157003,0.086158
567.000000,109.070999,0.165667,0.094017
568.000000,109.070999,0.174138,0.100617
569.000000,109.070999,0.182405,0.113033
570.000000,109.070999,0.190460,0.113056
571.000000,109.070999,0.198288,0.125491
572.000000,109.070999,0.205882,0.139619
573.000000,109.070999,0.213236,0.134082
574.000000,109.070999,0.220341,0.146792
575.000000,109.070999,0.227190,0.163061
576.000000,109.070999,0.233766,0.158389
577.000000,109.070999,0.240068,0.170953
578.000000,109.070999,0.246091,0.189226
579.000000,109.070999,0.251826,0.176258
580.000000,109.070999,0.257266,0.190538
581.000000,109.070999,0.262399,0.202092
582.000000,109.070999,0.267225,0.198990
583.000000,109.070999,0.271739,0.207695
584.000000,109.070999,0.275936,0.218539
585.000000,109.070999,0.279808,0.216720
586.000000,109.070999,0.283348,0.227995
587.000000,109.070999,0.286557,0.226567
588.000000,109.070999,0.289431,0.230586
589.000000,109.070999,0.291967,0.246719
590.000000,109.070999,0.294158,0.237167
591.000000,109.070999,0.296000,0.243449
592.000000,109.070999,0.297497,0.259005
593.000000,109.070999,0.298647,0.250324
594.000000,109.070999,0.299448,0.255026
595.000000,109.070999,0.299893,0.268150
596.000000,109.070999,0.299985,0.257043
597.000000,109.070999,0.299727,0.263316
598.000000,109.070999,0.299119,0.270440
599.000000,109.070999,0.298162,0.262620
600.000000,109.070999,0.296848,0.274472
601.000000,109.070999,0.295186,0.269011
602.000000,109.070999,0.293180,0.260615
603.000000,109.070999,0.290832,0.268889
604.000000,109.070999,0.288143,0.269025
605.000000,109.070999,0.285110,0.262901
606.000000,109.070999,0.281744,0.268740
607.000000,109.070999,0.278049,0.251752
608.000000,109.070999,0.274029,0.259608
609.000000,109.070999,0.269687,0.268445
610.000000,109.070999,0.265024,0.256473
611.000000,109.070999,0.260051,0.252600
612.000000,109.070999,0.254775,0.257143
613.000000,109.070999,0.249202,0.245463
614.000000,109.070999,0.243334,0.243873
615.000000,109.070999,0.237177,0.247276
616.000000,109.070999,0.230744,0.236739
617.000000,109.070999,0.224042,0.233860
618.000000,109.070999,0.217078,0.236693
619.000000,109.070999,0.209856,0.221438
620.000000,109.070999,0.202386,0.215130
621.000000,109.070999,0.194681,0.214394
622.000000,109.070999,0.186748,0.205713
623.000000,109.070999,0.178597,0.204974
624.000000,109.070999,0.170233,0.191824
625.000000,109.070999,0.161669,0.175250
626.000000,109.070999,0.152916,0.184949
627.000000,109.070999,0.143985,0.168107
628.000000,109.070999,0.134886,0.166096
629.000000,109.070999,0.125625,0.166354
630.000000,109.070999,0.116218,0.147521
631.000000,109.070999,0.106674,0.146504
632.000000,109.070999,0.097007,0.144188
633.000000,109.070999,0.087225,0.127932
634.000000,109.070999,0.077339,0.124341
635.000000,109.070999,0.067363,0.126313
636.000000,109.070999,0.057309,0.104481
637.000000,109.070999,0.047187,0.098457
638.000000,109.070999,0.037010,0.099143
639.000000,109.070999,0.026789,0.076884
640.000000,109.070999,0.016537,0.080439
641.000000,109.070999,0.006265,0.073554
642.000000,109.070999,-0.004014,0.053008
643.000000,109.070999,-0.014288,0.046554
644.000000,109.070999,-0.024546,0.041968
645.000000,109.070999,-0.034774,0.025981
646.000000,109.070999,-0.044962,0.025100
647.000000,109.070999,-0.055098,0.004958
648.000000,109.070999,-0.065168,-0.001476
649.000000,109.070999,-0.075162,-0.002934
650.000000,109.070999,-0.085067,-0.023056
651.000000,109.070999,-0.094873,-0.025929
652.000000,109.070999,-0.104569,-0.024388
653.000000,109.070999,-0.114139,-0.040783
654.000000,109.070999,-0.123576,-0.051670
655.000000,109.070999,-0.132869,-0.049268
656.000000,109.070999,-0.142006,-0.074536
657.000000,109.070999,-0.150978,-0.080986
658.000000,109.070999,-0.159768,-0.081586
659.000000,109.070999,-0.168373,-0.096268
660.000000,109.070999,-0.176780,-0.103719
661.000000,109.070999,-0.184981,-0.108176
662.000000,109.070999,-0.192965,-0.121005
663.000000,109.070999,-0.200719,-0.126744
664.000000,109.070999,-0.208239,-0.133891
665.000000,109.070999,-0.215515,-0.149460
666.000000,109.070999,-0.222540,-0.143049
667.000000,109.070999,-0.229302,-0.169045
668.000000,109.070999,-0.235792,-0.164479
669.000000,109.070999,-0.242007,-0.163078
670.000000,109.070999,-0.247940,-0.183057
671.000000,109.070999,-0.253583,-0.186361
672.000000,109.070999,-0.258924,-0.185532
673.000000,109.070999,-0.263961,-0.205933
674.000000,109.070999,-0.268689,-0.204663
675.000000,109.070999,-0.273104,-0.198829
676.000000,109.070999,-0.277200,-0.220230
677.000000,109.070999,-0.280965,-0.220249
678.000000,109.070999,-0.284400,-0.220133
679.000000,109.070999,-0.287504,-0.236104
680.000000,109.070999,-0.290272,-0.235550
681.000000,109.070999,-0.292700,-0.239003
682.000000,109.070999,-0.294778,-0.247687
683.000000,109.070999,-0.296512,-0.244705
684.000000,109.070999,-0.297900,-0.254562
685.000000,109.070999,-0.298940,-0.259844
686.000000,109.070999,-0.299628,-0.252004
687.000000,109.070999,-0.299960,-0.266842
688.000000,109.070999,-0.299941,-0.264280
689.000000,109.070999,-0.299573,-0.255447
690.000000,109.070999,-0.298854,-0.270417
691.000000,109.070999,-0.297782,-0.265715
692.000000,109.070999,-0.296358,-0.257166
693.000000,109.070999,-0.294588,-0.272706
694.000000,109.070999,-0.292473,-0.265003
695.000000,109.070999,-0.290017,-0.262885
696.000000,109.070999,-0.287217,-0.274280
697.000000,109.070999,-0.284078,-0.266292
698.000000,109.070999,-0.280608,-0.257591
699.000000,109.070999,-0.276810,-0.265271
700.000000,109.070999,-0.272688,-0.259145
701.000000,109.070999,-0.268242,-0.259718
702.000000,109.070999,-0.263480,-0.263273
703.000000,109.070999,-0.258411,-0.252432
704.000000,109.070999,-0.253040,-0.258840
705.000000,109.070999,-0.247374,-0.248983
706.000000,109.070999,-0.241411,-0.234997
707.000000,109.070999,-0.235167,-0.245109
708.000000,109.070999,-0.228648,-0.234116
709.000000,109.070999,-0.221862,-0.222420
710.000000,109.070999,-0.214815,-0.231667
711.000000,109.070999,-0.207512,-0.221820
712.000000,109.070999,-0.199967,-0.207407
713.000000,109.070999,-0.192189,-0.213795
714.000000,109.070999,-0.184186,-0.202662
715.000000,109.070999,-0.175966,-0.189823
716.000000,109.070999,-0.167537,-0.195211
717.000000,109.070999,-0.158913,-0.184648
718.000000,109.070999,-0.150103,-0.170947
719.000000,109.070999,-0.141117,-0.176480
720.000000,109.070999,-0.131964,-0.168634
721.000000,109.070999,-0.122656,-0.160069
722.000000,109.070999,-0.113204,-0.153032
723.000000,109.070999,-0.103621,-0.141329
724.000000,109.070999,-0.093916,-0.142035
725.000000,109.070999,-0.084099,-0.124726
726.000000,109.070999,-0.074184,-0.114315
727.000000,109.070999,-0.064181,-0.121572
728.000000,109.070999,-0.054104,-0.107142
729.000000,109.070999,-0.043964,-0.089873
730.000000,109.070999,-0.033771,-0.091689
731.000000,109.070999,-0.023539,-0.080838
732.000000,109.070999,-0.013279,-0.069999
733.000000,109.070999,-0.003004,-0.066812
734.000000,109.070999,0.007275,-0.056962
735.000000,109.070999,0.017546,-0.033258
736.000000,109.070999,0.027795,-0.037930
737.000000,109.070999,0.038012,-0.028225
738.000000,109.070999,0.048185,-0.009521
739.000000,109.070999,0.058301,-0.011907
740.000000,109.070999,0.068348,0.003228
741.000000,109.070999,0.078315,0.008076
742.000000,109.070999,0.088190,0.013543
743.000000,109.070999,0.097963,0.034682
744.000000,109.070999,0.107620,0.032976
745.000000,109.070999,0.117149,0.037419
746.000000,109.070999,0.126541,0.056693
747.000000,109.070999,0.135786,0.058727
748.000000,109.070999,0.144872,0.071586
749.000000,109.070999,0.153786,0.087570
750.000000,109.070999,0.162519,0.088328
751.000000,109.070999,0.171062,0.097175
752.000000,109.070999,0.179406,0.111873
753.000000,109.070999,0.187540,0.108483
754.000000,109.070999,0.195450,0.118049
755.000000,109.070999,0.203131,0.134891
756.000000,109.070999,0.210575,0.130646
757.000000,109.070999,0.217773,0.147929
758.000000,109.070999,0.224716,0.160629
759.000000,109.070999,0.231390,0.157955
760.000000,109.070999,0.237795,0.165228
761.000000,109.070999,0.243921,0.174223
762.000000,109.070999,0.249763,0.180687
763.000000,109.070999,0.255311,0.186529
764.000000,109.070999,0.260555,0.193404
765.000000,109.070999,0.265495,0.201704
766.000000,109.070999,0.270125,0.213400
767.000000,109.070999,0.274439,0.205571
768.000000,109.070999,0.278430,0.216283
769.000000,109.070999,0.282090,0.231266
770.000000,109.070999,0.285421,0.221157
771.000000,109.070999,0.288419,0.232150
772.000000,109.070999,0.291080,0.241415
773.000000,109.070999,0.293396,0.234880
774.000000,109.070999,0.295365,0.242587
775.000000,109.070999,0.296990,0.258998
776.000000,109.070999,0.298268,0.252895
777.000000,109.070999,0.299198,0.257597
778.000000,109.070999,0.299771,0.267149
779.000000,109.070999,0.299992,0.260045
780.000000,109.070999,0.299862,0.265459
781.000000,109.070999,0.299383,0.267868
782.000000,109.070999,0.298554,0.261473
783.000000,109.070999,0.297368,0.270893
784.000000,109.070999,0.295834,0.261881
785.000000,109.070999,0.293954,0.265761
786.000000,109.070999,0.291732,0.269167
787.000000,109.070999,0.289167,0.260045
788.000000,109.070999,0.286257,0.265327
789.000000,109.070999,0.283013,0.270015
790.000000,109.070999,0.279439,0.258475
791.000000,109.070999,0.275538,0.263176
792.000000,109.070999,0.271313,0.269727
793.000000,109.070999,0.266765,0.255327
794.000000,109.070999,0.261906,0.262461
795.000000,109.070999,0.256741,0.260715
796.000000,109.070999,0.251276,0.244890
797.000000,109.070999,0.245514,0.248445
798.000000,109.070999,0.239461,0.249420
799.000000,109.070999,0.233129,0.231733
800.000000,109.070999,0.226525,0.230570
801.000000,109.070999,0.219656,0.228271
802.000000,109.070999,0.212526,0.219722
803.000000,109.070999,0.205146,0.222989
804.000000,109.070999,0.197526,0.208848
805.000000,109.070999,0.189676,0.209567
806.000000,109.070999,0.181604,0.212257
807.000000,109.070999,0.173315,0.192274
808.000000,109.070999,0.164824,0.181682
809.000000,109.070999,0.156139,0.187656
810.000000,109.070999,0.147273,0.170254
811.000000,109.070999,0.138234,0.178534
812.000000,109.070999,0.129030,0.169207
813.000000,109.070999,0.119675,0.148091
814.000000,109.070999,0.110180,0.146643
815.000000,109.070999,0.100557,0.145328
816.000000,109.070999,0.090816,0.125785
817.000000,109.070999,0.080966,0.124338
818.000000,109.070999,0.071022,0.125739
819.000000,109.070999,0.060995,0.104481
820.000000,109.070999,0.050897,0.106608
821.000000,109.070999,0.040739,0.098719
822.000000,109.070999,0.030532,0.078027
823.000000,109.070999,0.020290,0.077722
824.000000,109.070999,0.010024,0.067279
825.000000,109.070999,-0.000254,0.050288
826.000000,109.070999,-0.010531,0.056838
827.000000,109.070999,-0.020796,0.036706
828.000000,109.070999,-0.031037,0.034410
829.000000,109.070999,-0.041241,0.031952
830.000000,109.070999,-0.051397,0.010829
831.000000,109.070999,-0.061493,0.005810
832.000000,109.070999,-0.071515,0.008639
833.000000,109.070999,-0.081455,-0.016625
834.000000,109.070999,-0.091299,-0.022218
835.000000,109.070999,-0.101036,-0.023248
836.000000,109.070999,-0.110653,-0.047363
837.000000,109.070999,-0.120140,-0.049672
838.000000,109.070999,-0.129487,-0.049414
839.000000,109.070999,-0.138683,-0.044212
840.000000,109.070999,-0.147716,-0.073694
841.000000,109.070999,-0.156573,-0.083008
842.000000,109.070999,-0.165247,-0.101132
843.000000,109.070999,-0.173728,-0.105012
844.000000,109.070999,-0.182007,-0.116588
845.000000,109.070999,-0.190070,-0.121724
846.000000,109.070999,-0.197909,-0.118603
847.000000,109.070999,-0.205516,-0.137873
848.000000,109.070999,-0.212883,-0.142032
849.000000,109.070999,-0.220001,-0.145491
850.000000,109.070999,-0.226859,-0.162038
851.000000,109.070999,-0.233449,-0.159480
852.000000,109.070999,-0.239766,-0.162942
853.000000,109.070999,-0.245803,-0.182911
854.000000,109.070999,-0.251554,-0.185360
855.000000,109.070999,-0.257005,-0.183531
856.000000,109.070999,-0.262153,-0.201499
857.000000,109.070999,-0.266996,-0.201519
858.000000,109.070999,-0.271527,-0.202261
859.000000,109.070999,-0.275741,-0.218374
860.000000,109.070999,-0.279625,-0.221681
861.000000,109.070999,-0.283181,-0.219842
862.000000,109.070999,-0.286408,-0.232959
863.000000,109.070999,-0.289300,-0.232552
864.000000,109.070999,-0.291852,-0.242840
865.000000,109.070999,-0.294057,-0.249692
866.000000,109.070999,-0.295917,-0.242283
867.000000,109.070999,-0.297433,-0.261408
868.000000,109.070999,-0.298601,-0.257418
869.000000,109.070999,-0.299417,-0.249155
870.000000,109.070999,-0.299878,-0.263413
871.000000,109.070999,-0.299988,-0.258137
872.000000,109.070999,-0.299749,-0.251448
873.000000,109.070999,-0.299159,-0.267415
874.000000,109.070999,-0.298215,-0.268435
875.000000,109.070999,-0.296918,-0.258883
876.000000,109.070999,-0.295275,-0.271991
877.000000,109.070999,-0.293287,-0.264575
878.000000,109.070999,-0.290957,-0.264310
879.000000,109.070999,-0.288280,-0.271278
880.000000,109.070999,-0.285264,-0.264148
881.000000,109.070999,-0.281916,-0.269873
882.000000,109.070999,-0.278238,-0.269565
883.000000,109.070999,-0.274235,-0.257293
884.000000,109.070999,-0.269904,-0.265275
885.000000,109.070999,-0.265257,-0.262992
886.000000,109.070999,-0.260301,-0.246862
887.000000,109.070999,-0.255041,-0.257690
888.000000,109.070999,-0.249482,-0.250984
889.000000,109.070999,-0.243624,-0.239291
890.000000,109.070999,-0.237483,-0.248112
891.000000,109.070999,-0.231064,-0.237691
892.000000,109.070999,-0.224376,-0.223423
893.000000,109.070999,-0.217423,-0.230812
894.000000,109.070999,-0.210211,-0.221823
895.000000,109.070999,-0.202755,-0.217989
896.000000,109.070999,-0.195061,-0.216943
897.000000,109.070999,-0.187140,-0.207954
898.000000,109.070999,-0.178997,-0.192679
899.000000,109.070999,-0.170643,-0.199071
900.000000,109.070999,-0.162089,-0.183935
901.000000,109.070999,-0.153347,-0.178657
902.000000,109.070999,-0.144425,-0.179343
903.000000,109.070999,-0.135331,-0.164065
904.000000,109.070999,-0.126078,-0.166905
905.000000,109.070999,-0.116678,-0.154897
906.000000,109.070999,-0.107141,-0.138768
907.000000,109.070999,-0.097480,-0.146021
908.000000,109.070999,-0.087702,-0.133023
909.000000,109.070999,-0.077821,-0.112894
910.000000,109.070999,-0.067850,-0.120286
911.000000,109.070999,-0.057799,-0.109007
912.000000,109.070999,-0.047680,-0.091307
913.000000,109.070999,-0.037505,-0.097123
914.000000,109.070999,-0.027286,-0.084989
915.000000,109.070999,-0.017035,-0.068001
0.000000,113.911003,0.001304,-0.053131
1.000000,113.911003,0.012037,-0.056518
2.000000,113.911003,0.022754,-0.043953
3.000000,113.911003,0.033442,-0.028818
4.000000,113.911003,0.044087,-0.036071
5.000000,113.911003,0.054676,-0.011930
6.000000,113.911003,0.065194,-0.009352
7.000000,113.911003,0.075629,-0.022069
8.000000,113.911003,0.085968,0.021522
9.000000,113.911003,0.096196,0.022409
10.000000,113.911003,0.106301,0.034553
11.000000,113.911003,0.116269,0.042959
12.000000,113.911003,0.126090,0.051007
13.000000,113.911003,0.135749,0.062716
14.000000,113.911003,0.145234,0.080131
15.000000,113.911003,0.154533,0.073027
16.000000,113.911003,0.163635,0.087878
17.000000,113.911003,0.172526,0.108725
18.000000,113.911003,0.181196,0.101336
19.000000,113.911003,0.189633,0.117618
20.000000,113.911003,0.197829,0.129030
21.000000,113.911003,0.205770,0.125928
22.000000,113.911003,0.213449,0.140494
23.000000,113.911003,0.220855,0.146199
24.000000,113.911003,0.227978,0.150089
25.000000,113.911003,0.234809,0.166652
26.000000,113.911003,0.241340,0.161815
27.000000,113.911003,0.247562,0.173819
28.000000,113.911003,0.253467,0.191237
29.000000,113.911003,0.259046,0.185412
30.000000,113.911003,0.264292,0.198122
31.000000,113.911003,0.269200,0.213248
32.000000,113.911003,0.273764,0.205716
33.000000,113.911003,0.277978,0.215852
34.000000,113.911003,0.281836,0.227545
35.000000,113.911003,0.285333,0.224732
36.000000,113.911003,0.288465,0.232720
37.000000,113.911003,0.291228,0.240126
38.000000,113.911003,0.293619,0.233737
39.000000,113.911003,0.295634,0.247590
40.000000,113.911003,0.297270,0.257855
41.000000,113.911003,0.298523,0.248034
42.000000,113.911003,0.299394,0.257597
43.000000,113.911003,0.299881,0.266006
44.000000,113.911003,0.299985,0.256470
45.000000,113.911003,0.299705,0.263027
46.000000,113.911003,0.299042,0.269303
47.000000,113.911003,0.297996,0.262332
48.000000,113.911003,0.296568,0.275754
49.000000,113.911003,0.294761,0.259744
50.000000,113.911003,0.292578,0.268332
51.000000,113.911003,0.290019,0.273597
52.000000,113.911003,0.287090,0.262477
53.000000,113.911003,0.283789,0.266612
54.000000,113.911003,0.280126,0.271158
55.000000,113.911003,0.276104,0.258332
56.000000,113.911003,0.271729,0.259031
57.000000,113.911003,0.267006,0.270297
58.000000,113.911003,0.261942,0.255327
59.000000,113.911003,0.256543,0.243585
60.000000,113.911003,0.250815,0.256855
61.000000,113.911003,0.244767,0.243174
62.000000,113.911003,0.238405,0.243870
63.000000,113.911003,0.231738,0.262855
64.000000,113.911003,0.224774,0.230305
65.000000,113.911003,0.217520,0.229142
66.000000,113.911003,0.209988,0.223407
67.000000,113.911003,0.202187,0.210001
68.000000,113.911003,0.194128,0.213268
69.000000,113.911003,0.185820,0.201121
70.000000,113.911003,0.177275,0.196986
71.000000,113.911003,0.168503,0.201820
72.000000,113.911003,0.159515,0.185124
73.000000,113.911003,0.150323,0.176963
74.000000,113.911003,0.140939,0.182225
75.000000,113.911003,0.131374,0.159674
76.000000,113.911003,0.121640,0.156798
77.000000,113.911003,0.111750,0.158627
78.000000,113.911003,0.101717,0.141799
79.000000,113.911003,0.091554,0.137207
80.000000,113.911003,0.081274,0.135892
81.000000,113.911003,0.070890,0.116780
82.000000,113.911003,0.060415,0.110326
83.000000,113.911003,0.049863,0.110727
84.000000,113.911003,0.039247,0.092470
85.000000,113.911003,0.028581,0.087732
86.000000,113.911003,0.017878,0.081278
87.000000,113.911003,0.007152,0.063014
88.000000,113.911003,-0.003583,0.060135
89.000000,113.911003,-0.014313,0.051839
90.000000,113.911003,-0.025025,0.038704
91.000000,113.911003,-0.035705,0.037108
92.000000,113.911003,-0.046339,0.016260
93.000000,113.911003,-0.056914,0.009676
94.000000,113.911003,-0.067416,0.006360
95.000000,113.911003,-0.077832,-0.002027
96.000000,113.911003,-0.088148,-0.018639
97.000000,113.911003,-0.098351,-0.018672
98.000000,113.911003,-0.108429,-0.040219
99.000000,113.911003,-0.118368,-0.042380
100.000000,113.911003,-0.128155,-0.044410
101.000000,113.911003,-0.137777,-0.067670
102.000000,113.911003,-0.147223,-0.072836
103.000000,113.911003,-0.156480,-0.071292
104.000000,113.911003,-0.165537,-0.092693
105.000000,113.911003,-0.174382,-0.097427
106.000000,113.911003,-0.183004,-0.101884
107.000000,113.911003,-0.191392,-0.116284
108.000000,113.911003,-0.199535,-0.119736
109.000000,113.911003,-0.207423,-0.133473
110.000000,113.911003,-0.215046,-0.143026
111.000000,113.911003,-0.222393,-0.144334
112.000000,113.911003,-0.229455,-0.161471
113.000000,113.911003,-0.236221,-0.163333
114.000000,113.911003,-0.242685,-0.166792
115.000000,113.911003,-0.248839,-0.186198
116.000000,113.911003,-0.254674,-0.187070
117.000000,113.911003,-0.260183,-0.182954
118.000000,113.911003,-0.265360,-0.200356
119.000000,113.911003,-0.270197,-0.202089
120.000000,113.911003,-0.274688,-0.203835
121.000000,113.911003,-0.278828,-0.218659
122.000000,113.911003,-0.282611,-0.221681
123.000000,113.911003,-0.286032,-0.224424
124.000000,113.911003,-0.289086,-0.234245
125.000000,113.911003,-0.291768,-0.234119
126.000000,113.911003,-0.294077,-0.236001
127.000000,113.911003,-0.296009,-0.245683
128.000000,113.911003,-0.297563,-0.243416
129.000000,113.911003,-0.298736,-0.255434
130.000000,113.911003,-0.299527,-0.259698
131.000000,113.911003,-0.299935,-0.252717
132.000000,113.911003,-0.299958,-0.263846
133.000000,113.911003,-0.299598,-0.265851
134.000000,113.911003,-0.298855,-0.262590
135.000000,113.911003,-0.297729,-0.273561
136.000000,113.911003,-0.296220,-0.269144
137.000000,113.911003,-0.294331,-0.257451
138.000000,113.911003,-0.292065,-0.273992
139.000000,113.911003,-0.289425,-0.267431
140.000000,113.911003,-0.286416,-0.260026
141.000000,113.911003,-0.283039,-0.275277
142.000000,113.911003,-0.279301,-0.265003
143.000000,113.911003,-0.275205,-0.254165
144.000000,113.911003,-0.270757,-0.266129
145.000000,113.911003,-0.265963,-0.252419
146.000000,113.911003,-0.260828,-0.246299
147.000000,113.911003,-0.255360,-0.257266
148.000000,113.911003,-0.249562,-0.250278
149.000000,113.911003,-0.243444,-0.246431
150.000000,113.911003,-0.237015,-0.245544
151.000000,113.911003,-0.230283,-0.235842
152.000000,113.911003,-0.223256,-0.236253
153.000000,113.911003,-0.215943,-0.230392
154.000000,113.911003,-0.208355,-0.211973
155.000000,113.911003,-0.200499,-0.222801
156.000000,113.911003,-0.192387,-0.212665
157.000000,113.911003,-0.184029,-0.198398
158.000000,113.911003,-0.175435,-0.204505
159.000000,113.911003,-0.166617,-0.190651
160.000000,113.911003,-0.157584,-0.176811
161.000000,113.911003,-0.148349,-0.186202
162.000000,113.911003,-0.138924,-0.176212
163.000000,113.911003,-0.129322,-0.157508
164.000000,113.911003,-0.119554,-0.161037
165.000000,113.911003,-0.109633,-0.148615
166.000000,113.911003,-0.099572,-0.134199
167.000000,113.911003,-0.089383,-0.137304
168.000000,113.911003,-0.079080,-0.124454
169.000000,113.911003,-0.068676,-0.130614
170.000000,113.911003,-0.058184,-0.112427
171.000000,113.911003,-0.047618,-0.096722
172.000000,113.911003,-0.036989,-0.095840
173.000000,113.911003,-0.026314,-0.081258
174.000000,113.911003,-0.015605,-0.071136
175.000000,113.911003,-0.004876,-0.071385
176.000000,113.911003,0.005859,-0.057386
177.000000,113.911003,0.016586,-0.037257
178.000000,113.911003,0.027293,-0.043934
179.000000,113.911003,0.037964,-0.033513
180.000000,113.911003,0.048587,-0.014097
181.000000,113.911003,0.059148,-0.014766
182.000000,113.911003,0.069633,-0.001059
183.000000,113.911003,0.080030,0.054108
184.000000,113.911003,0.090322,0.012542
185.000000,113.911003,0.100500,0.022532
186.000000,113.911003,0.110548,0.035239
187.000000,113.911003,0.120455,0.038565
188.000000,113.911003,0.130208,0.052269
189.000000,113.911003,0.139794,0.057418
190.000000,113.911003,0.149202,0.075025
191.000000,113.911003,0.158418,0.083862
192.000000,113.911003,0.167432,0.082460
193.000000,113.911003,0.176232,0.093318
194.000000,113.911003,0.184806,0.113593
195.000000,113.911003,0.193144,0.111488
196.000000,113.911003,0.201232,0.123055
197.000000,113.911003,0.209063,0.139897
198.000000,113.911003,0.216626,0.136799
199.000000,113.911003,0.223912,0.150649
200.000000,113.911003,0.230912,0.164631
201.000000,113.911003,0.237616,0.159386
202.000000,113.911003,0.244016,0.172951
203.000000,113.911003,0.250104,0.186221
204.000000,113.911003,0.255871,0.183408
205.000000,113.911003,0.261312,0.192539
206.000000,113.911003,0.266418,0.203669
207.000000,113.911003,0.271183,0.204567
208.000000,113.911003,0.275598,0.213698
209.000000,113.911003,0.279661,0.220272
210.000000,113.911003,0.283365,0.218864
211.000000,113.911003,0.286707,0.230852
212.000000,113.911003,0.289682,0.223721
213.000000,113.911003,0.292287,0.237302
214.000000,113.911003,0.294517,0.249715
215.000000,113.911003,0.296371,0.239887
216.000000,113.911003,0.297845,0.249168
217.000000,113.911003,0.298939,0.259717
218.000000,113.911003,0.299650,0.246752
219.000000,113.911003,0.299976,0.258601
220.000000,113.911003,0.299916,0.266294
221.000000,113.911003,0.299473,0.260045
222.000000,113.911003,0.298646,0.261318
223.000000,113.911003,0.297437,0.273869
224.000000,113.911003,0.295847,0.265048
225.000000,113.911003,0.293879,0.271609
226.000000,113.911003,0.291535,0.276443
227.000000,113.911003,0.288818,0.265764
228.000000,113.911003,0.285731,0.266602
229.000000,113.911003,0.282279,0.269300
230.000000,113.911003,0.278465,0.259330
231.000000,113.911003,0.274294,0.260453
232.000000,113.911003,0.269770,0.250162
233.000000,113.911003,0.264901,0.254751
234.000000,113.911003,0.259693,0.262017
235.000000,113.911003,0.254152,0.249608
236.000000,113.911003,0.248287,0.247597
237.000000,113.911003,0.242104,0.251428
238.000000,113.911003,0.235610,0.235169
239.000000,113.911003,0.228816,0.238727
240.000000,113.911003,0.221729,0.238698
241.000000,113.911003,0.214358,0.221153
242.000000,113.911003,0.206712,0.215275
243.000000,113.911003,0.198802,0.220822
244.000000,113.911003,0.190635,0.206286
245.000000,113.911003,0.182224,0.200548
246.000000,113.911003,0.173581,0.206953
247.000000,113.911003,0.164715,0.186552
248.000000,113.911003,0.155638,0.182530
249.000000,113.911003,0.146363,0.181082
250.000000,113.911003,0.136900,0.167676
251.000000,113.911003,0.127262,0.166941
252.000000,113.911003,0.117461,0.148071
253.000000,113.911003,0.107510,0.143939
254.000000,113.911003,0.097421,0.144771
255.000000,113.911003,0.087207,0.124785
256.000000,113.911003,0.076881,0.124059
257.000000,113.911003,0.066456,0.124033
258.000000,113.911003,0.055947,0.102052
259.000000,113.911003,0.045366,0.099749
260.000000,113.911003,0.034727,0.096430
261.000000,113.911003,0.024043,0.078030
262.000000,113.911003,0.013329,0.074154
263.000000,113.911003,0.002598,0.072550
264.000000,113.911003,-0.008137,0.051434
265.000000,113.911003,-0.018861,0.046842
266.000000,113.911003,-0.029561,0.042667
267.000000,113.911003,-0.040224,0.023552
268.000000,113.911003,-0.050834,0.017817
269.000000,113.911003,-0.061380,0.015216
270.000000,113.911003,-0.071847,-0.007189
271.000000,113.911003,-0.082221,-0.013497
272.000000,113.911003,-0.092491,-0.017377
273.000000,113.911003,-0.102642,-0.031499
274.000000,113.911003,-0.112662,-0.034524
275.000000,113.911003,-0.122538,-0.054096
276.000000,113.911003,-0.132257,-0.061100
277.000000,113.911003,-0.141807,-0.063128
278.000000,113.911003,-0.151176,-0.082965
279.000000,113.911003,-0.160350,-0.114428
280.000000,113.911003,-0.169318,-0.086013
281.000000,113.911003,-0.178070,-0.103842
282.000000,113.911003,-0.186593,-0.106148
283.000000,113.911003,-0.194878,-0.103746
284.000000,113.911003,-0.202913,-0.128010
285.000000,113.911003,-0.210689,-0.135892
286.000000,113.911003,-0.218195,-0.135491
287.000000,113.911003,-0.225422,-0.154748
288.000000,113.911003,-0.232360,-0.157197
289.000000,113.911003,-0.239002,-0.159933
290.000000,113.911003,-0.245338,-0.180340
291.000000,113.911003,-0.251357,-0.180648
292.000000,113.911003,-0.257054,-0.192656
293.000000,113.911003,-0.262422,-0.197646
294.000000,113.911003,-0.267455,-0.195240
295.000000,113.911003,-0.272145,-0.209796
296.000000,113.911003,-0.276487,-0.212523
297.000000,113.911003,-0.280475,-0.217695
298.000000,113.911003,-0.284104,-0.229812
299.000000,113.911003,-0.287370,-0.227396
300.000000,113.911003,-0.290268,-0.223708
301.000000,113.911003,-0.292794,-0.245109
302.000000,113.911003,-0.294947,-0.241697
303.000000,113.911003,-0.296719,-0.232429
304.000000,113.911003,-0.298110,-0.257120
305.000000,113.911003,-0.299120,-0.255566
306.000000,113.911003,-0.299747,-0.252160
307.000000,113.911003,-0.299991,-0.265844
308.000000,113.911003,-0.299851,-0.262289
309.000000,113.911003,-0.299327,-0.264734
310.000000,113.911003,-0.298421,-0.268850
311.000000,113.911003,-0.297132,-0.262723
312.000000,113.911003,-0.295463,-0.273140
313.000000,113.911003,-0.293417,-0.272713
314.000000,113.911003,-0.290994,-0.257869
315.000000,113.911003,-0.288197,-0.273704
316.000000,113.911003,-0.285030,-0.266570
317.000000,113.911003,-0.281499,-0.260023
318.000000,113.911003,-0.277607,-0.270278
319.000000,113.911003,-0.273360,-0.262428
320.000000,113.911003,-0.268763,-0.254450
321.000000,113.911003,-0.263823,-0.263270
322.000000,113.911003,-0.258545,-0.257283
323.000000,113.911003,-0.252936,-0.250874
324.000000,113.911003,-0.247004,-0.256408
325.000000,113.911003,-0.240755,-0.239410
326.000000,113.911003,-0.234199,-0.238141
327.000000,113.911003,-0.227340,-0.242111
328.000000,113.911003,-0.220190,-0.230551
329.000000,113.911003,-0.212758,-0.231830
330.000000,113.911003,-0.205054,-0.223669
331.000000,113.911003,-0.197088,-0.211542
332.000000,113.911003,-0.188869,-0.215227
333.000000,113.911003,-0.180409,-0.202371
334.000000,113.911003,-0.171719,-0.182954
335.000000,113.911003,-0.162808,-0.193494
336.000000,113.911003,-0.153689,-0.181212
337.000000,113.911003,-0.144373,-0.165085
338.000000,113.911003,-0.134873,-0.172902
339.000000,113.911003,-0.125198,-0.163913
340.000000,113.911003,-0.115363,-0.146213
341.000000,113.911003,-0.105381,-0.153171
342.000000,113.911003,-0.095264,-0.142038
343.000000,113.911003,-0.085025,-0.123907
344.000000,113.911003,-0.074677,-0.128868
345.000000,113.911003,-0.064234,-0.112440
346.000000,113.911003,-0.053709,-0.103308
347.000000,113.911003,-0.043114,-0.108564
348.000000,113.911003,-0.032465,-0.086854
349.000000,113.911003,-0.021774,-0.082984
350.000000,113.911003,-0.011055,-0.074539
351.000000,113.911003,-0.000321,-0.059695
352.000000,113.911003,0.010412,-0.064808
353.000000,113.911003,0.021133,-0.046806
354.000000,113.911003,0.031826,-0.026247
355.000000,113.911003,0.042478,-0.029922
356.000000,113.911003,0.053076,-0.017785
357.000000,113.911003,0.063606,0.001774
358.000000,113.911003,0.074055,-0.003040
359.000000,113.911003,0.084409,0.016671
360.000000,113.911003,0.094655,0.028655
361.000000,113.911003,0.104780,0.023410
362.000000,113.911003,0.114771,0.041836
363.000000,113.911003,0.124614,0.052684
364.000000,113.911003,0.134298,0.051719
365.000000,113.911003,0.143809,0.065711
366.000000,113.911003,0.153136,0.073004
367.000000,113.911003,0.162268,0.085174
368.000000,113.911003,0.171191,0.099590
369.000000,113.911003,0.179896,0.119503
370.000000,113.911003,0.188371,0.113480
371.000000,113.911003,0.196604,0.127035
372.000000,113.911003,0.204586,0.118924
373.000000,113.911003,0.212307,0.137352
374.000000,113.911003,0.219755,0.146332
375.000000,113.911003,0.226920,0.145659
376.000000,113.911003,0.233794,0.162229
377.000000,113.911003,0.240370,0.171636
378.000000,113.911003,0.246637,0.170396
379.000000,113.911003,0.252590,0.181387
380.000000,113.911003,0.258219,0.195230
381.000000,113.911003,0.263517,0.187695
382.000000,113.911003,0.268479,0.198543
383.000000,113.911003,0.273097,0.213397
384.000000,113.911003,0.277365,0.210285
385.000000,113.911003,0.281279,0.221703
386.000000,113.911003,0.284832,0.221137
387.000000,113.911003,0.288017,0.228585
388.000000,113.911003,0.290835,0.238996
389.000000,113.911003,0.293280,0.236169
390.000000,113.911003,0.295350,0.242736
391.000000,113.911003,0.297042,0.252574
392.000000,113.911003,0.298354,0.244605
393.000000,113.911003,0.299284,0.253598
394.000000,113.911003,0.299831,0.262577
395.000000,113.911003,0.299995,0.256613
396.000000,113.911003,0.299775,0.263746
397.000000,113.911003,0.299171,0.199653
398.000000,113.911003,0.298183,0.261046
399.000000,113.911003,0.296812,0.278759
400.000000,113.911003,0.295060,0.290598
401.000000,113.911003,0.292931,0.269197
402.000000,113.911003,0.290427,0.271609
403.000000,113.911003,0.287552,0.277308
404.000000,113.911003,0.284309,0.266334
405.000000,113.911003,0.280702,0.269031
406.000000,113.911003,0.276735,0.259310
407.000000,113.911003,0.272415,0.260327
408.000000,113.911003,0.267746,0.271168
409.000000,113.911003,0.262735,0.246606
410.000000,113.911003,0.257386,0.249313
411.000000,113.911003,0.251705,0.261152
412.000000,113.911003,0.245703,0.239887
413.000000,113.911003,0.239387,0.243445
414.000000,113.911003,0.232764,0.244274
415.000000,113.911003,0.225843,0.232452
416.000000,113.911003,0.218634,0.231720
417.000000,113.911003,0.211145,0.231975
418.000000,113.911003,0.203385,0.212718
419.000000,113.911003,0.195365,0.214560
420.000000,113.911003,0.187096,0.213102
421.000000,113.911003,0.178587,0.194560
422.000000,113.911003,0.169848,0.186251
423.000000,113.911003,0.160890,0.192228
424.000000,113.911003,0.151728,0.177686
425.000000,113.911003,0.142371,0.173521
426.000000,113.911003,0.132831,0.163071
427.000000,113.911003,0.123122,0.156381
428.000000,113.911003,0.113256,0.154499
429.000000,113.911003,0.103244,0.137932
430.000000,113.911003,0.093101,0.135500
431.000000,113.911003,0.082838,0.136902
432.000000,113.911003,0.072469,0.115637
433.000000,113.911003,0.062007,0.113476
434.000000,113.911003,0.051466,0.111588
435.000000,113.911003,0.040858,0.094186
436.000000,113.911003,0.030199,0.089451
437.000000,113.911003,0.019500,0.086420
438.000000,113.911003,0.008777,0.068448
439.000000,113.911003,-0.001957,0.062855
440.000000,113.911003,-0.012689,0.059112
441.000000,113.911003,-0.023405,0.035421
442.000000,113.911003,-0.034090,0.029397
443.000000,113.911003,-0.044733,0.029802
444.000000,113.911003,-0.055318,0.007682
445.000000,113.911003,-0.065832,0.005946
446.000000,113.911003,-0.076262,-0.006218
447.000000,113.911003,-0.086593,-0.019773
448.000000,113.911003,-0.096814,-0.023944
449.000000,113.911003,-0.106911,-0.040223
450.000000,113.911003,-0.116871,-0.047804
451.000000,113.911003,-0.126681,-0.046829
452.000000,113.911003,-0.136330,-0.066378
453.000000,113.911003,-0.145804,-0.074257
454.000000,113.911003,-0.155091,-0.071142
455.000000,113.911003,-0.164180,-0.092978
456.000000,113.911003,-0.173059,-0.095138
457.000000,113.911003,-0.181717,-0.098743
458.000000,113.911003,-0.190140,-0.116141
459.000000,113.911003,-0.198320,-0.123165
460.000000,113.911003,-0.206246,-0.123765
461.000000,113.911003,-0.213907,-0.144881
462.000000,113.911003,-0.221296,-0.156193
463.000000,113.911003,-0.228401,-0.149354
464.000000,113.911003,-0.235213,-0.162322
465.000000,113.911003,-0.241725,-0.166063
466.000000,113.911003,-0.247928,-0.175360
467.000000,113.911003,-0.253813,-0.186778
468.000000,113.911003,-0.259374,-0.185373
469.000000,113.911003,-0.264602,-0.204793
470.000000,113.911003,-0.269490,-0.205942
471.000000,113.911003,-0.274032,-0.207400
472.000000,113.911003,-0.278224,-0.220372
473.000000,113.911003,-0.282059,-0.224676
474.000000,113.911003,-0.285534,-0.218845
475.000000,113.911003,-0.288643,-0.237244
476.000000,113.911003,-0.291383,-0.236117
477.000000,113.911003,-0.293750,-0.234288
478.000000,113.911003,-0.295741,-0.252402
479.000000,113.911003,-0.297354,-0.242840
480.000000,113.911003,-0.298587,-0.240152
481.000000,113.911003,-0.299437,-0.260126
482.000000,113.911003,-0.299901,-0.257140
483.000000,113.911003,-0.299981,-0.253018
484.000000,113.911003,-0.299677,-0.265702
485.000000,113.911003,-0.298990,-0.269297
486.000000,113.911003,-0.297920,-0.272024
487.000000,113.911003,-0.296469,-0.267133
488.000000,113.911003,-0.294638,-0.262150
489.000000,113.911003,-0.292431,-0.272286
490.000000,113.911003,-0.289849,-0.269569
491.000000,113.911003,-0.286897,-0.261017
492.000000,113.911003,-0.283578,-0.272561
493.000000,113.911003,-0.279895,-0.266712
494.000000,113.911003,-0.275851,-0.252730
495.000000,113.911003,-0.271454,-0.261981
496.000000,113.911003,-0.266710,-0.259138
497.000000,113.911003,-0.261625,-0.246726
498.000000,113.911003,-0.256205,-0.259410
499.000000,113.911003,-0.250457,-0.245557
500.000000,113.911003,-0.244388,-0.239294
501.000000,113.911003,-0.238007,-0.246972
502.000000,113.911003,-0.231322,-0.239410
503.000000,113.911003,-0.224340,-0.230140
504.000000,113.911003,-0.217071,-0.232674
505.000000,113.911003,-0.209525,-0.225402
506.000000,113.911003,-0.201708,-0.221250
507.000000,113.911003,-0.193632,-0.217950
508.000000,113.911003,-0.185310,-0.206535
509.000000,113.911003,-0.176750,-0.206218
510.000000,113.911003,-0.167964,-0.197079
511.000000,113.911003,-0.158963,-0.178379
512.000000,113.911003,-0.149758,-0.181911
513.000000,113.911003,-0.140362,-0.170490
514.000000,113.911003,-0.130787,-0.153933
515.000000,113.911003,-0.121044,-0.165613
516.000000,113.911003,-0.111146,-0.150046
517.000000,113.911003,-0.101106,-0.136919
518.000000,113.911003,-0.090935,-0.139447
519.000000,113.911003,-0.080648,-0.126598
520.000000,113.911003,-0.070257,-0.115323
521.000000,113.911003,-0.059777,-0.115426
522.000000,113.911003,-0.049221,-0.101579
523.000000,113.911003,-0.038602,-0.094859
524.000000,113.911003,-0.027933,-0.086977
525.000000,113.911003,-0.017228,-0.072130
526.000000,113.911003,-0.006501,-0.074393
527.000000,113.911003,0.004234,-0.060388
528.000000,113.911003,0.014963,-0.045116
529.000000,113.911003,0.025674,-0.047936
530.000000,113.911003,0.036352,-0.033367
531.000000,113.911003,0.046983,-0.012808
532.000000,113.911003,0.057553,-0.029063
533.000000,113.911003,0.068050,-0.003915
534.000000,113.911003,0.078460,0.017933
535.000000,113.911003,0.088770,0.011833
536.000000,113.911003,0.098966,0.031402
537.000000,113.911003,0.109035,0.045669
538.000000,113.911003,0.118965,0.035421
539.000000,113.911003,0.128743,0.054277
540.000000,113.911003,0.138356,0.071692
541.000000,113.911003,0.147792,0.071311
542.000000,113.911003,0.157037,0.077868
543.000000,113.911003,0.166081,0.092570
544.000000,113.911003,0.174913,0.095614
545.000000,113.911003,0.183521,0.107894
546.000000,113.911003,0.191894,0.111893
547.000000,113.911003,0.200021,0.118774
548.000000,113.911003,0.207893,0.141484
549.000000,113.911003,0.215498,0.138939
550.000000,113.911003,0.222828,0.147796
551.000000,113.911003,0.229873,0.162922
552.000000,113.911003,0.236624,0.159389
553.000000,113.911003,0.243070,0.170526
554.000000,113.911003,0.249204,0.184508
555.000000,113.911003,0.255020,0.179975
556.000000,113.911003,0.260508,0.193543
557.000000,113.911003,0.265664,0.204666
558.000000,113.911003,0.270479,0.200564
559.000000,113.911003,0.274949,0.214987
560.000000,113.911003,0.279066,0.222111
561.000000,113.911003,0.282827,0.218436
562.000000,113.911003,0.286226,0.226995
563.000000,113.911003,0.289258,0.234281
564.000000,113.911003,0.291921,0.238310
565.000000,113.911003,0.294208,0.246007
566.000000,113.911003,0.296117,0.241166
567.000000,113.911003,0.297647,0.248028
568.000000,113.911003,0.298796,0.258866
569.000000,113.911003,0.299563,0.249754
570.000000,113.911003,0.299947,0.260463
571.000000,113.911003,0.299946,0.267153
572.000000,113.911003,0.299562,0.260761
573.000000,113.911003,0.298795,0.263604
574.000000,113.911003,0.297645,0.272583
575.000000,113.911003,0.296115,0.262192
576.000000,113.911003,0.294206,0.265320
577.000000,113.911003,0.291918,0.273869
578.000000,113.911003,0.289255,0.266337
579.000000,113.911003,0.286222,0.267891
580.000000,113.911003,0.282823,0.274015
581.000000,113.911003,0.279062,0.259472
582.000000,113.911003,0.274944,0.268749
583.000000,113.911003,0.270474,0.260155
584.000000,113.911003,0.265658,0.256324
585.000000,113.911003,0.260503,0.257448
586.000000,113.911003,0.255014,0.244161
587.000000,113.911003,0.249198,0.247743
588.000000,113.911003,0.243064,0.250003
589.000000,113.911003,0.236617,0.236597
590.000000,113.911003,0.229866,0.233724
591.000000,113.911003,0.222820,0.231836
592.000000,113.911003,0.215490,0.222870
593.000000,113.911003,0.207884,0.224427
594.000000,113.911003,0.200013,0.224255
595.000000,113.911003,0.191885,0.203854
596.000000,113.911003,0.183512,0.208125
597.000000,113.911003,0.174904,0.208526
598.000000,113.911003,0.166072,0.187410
599.000000,113.911003,0.157028,0.187248
600.000000,113.911003,0.147782,0.183226
601.000000,113.911003,0.138346,0.169107
602.000000,113.911003,0.128733,0.160652
603.000000,113.911003,0.118955,0.153647
604.000000,113.911003,0.109025,0.146514
605.000000,113.911003,0.098956,0.154781
606.000000,113.911003,0.088760,0.125928
607.000000,113.911003,0.078450,0.121631
608.000000,113.911003,0.068040,0.126177
609.000000,113.911003,0.057543,0.103768
610.000000,113.911003,0.046972,0.099176
611.000000,113.911003,0.036341,0.099004
612.000000,113.911003,0.025664,0.078458
613.000000,113.911003,0.014953,0.070721
614.000000,113.911003,0.004223,0.069260
615.000000,113.911003,-0.006512,0.050718
616.000000,113.911003,-0.017238,0.049701
617.000000,113.911003,-0.027943,0.047386
618.000000,113.911003,-0.038612,0.026554
619.000000,113.911003,-0.049231,0.021816
620.000000,113.911003,-0.059788,0.013795
621.000000,113.911003,-0.070267,-0.004902
622.000000,113.911003,-0.080658,-0.005210
623.000000,113.911003,-0.090945,-0.020644
624.000000,113.911003,-0.101115,-0.030356
625.000000,113.911003,-0.111156,-0.032814
626.000000,113.911003,-0.121053,-0.050653
627.000000,113.911003,-0.130796,-0.059529
628.000000,113.911003,-0.140372,-0.056700
629.000000,113.911003,-0.149767,-0.078677
630.000000,113.911003,-0.158971,-0.085556
631.000000,113.911003,-0.167972,-0.082726
632.000000,113.911003,-0.176758,-0.101844
633.000000,113.911003,-0.185318,-0.103434
634.000000,113.911003,-0.193640,-0.109180
635.000000,113.911003,-0.201715,-0.132297
636.000000,113.911003,-0.209532,-0.135176
637.000000,113.911003,-0.217079,-0.133629
638.000000,113.911003,-0.224347,-0.155033
639.000000,113.911003,-0.231328,-0.158770
640.000000,113.911003,-0.238014,-0.161928
641.000000,113.911003,-0.244395,-0.176911
642.000000,113.911003,-0.250463,-0.177362
643.000000,113.911003,-0.256210,-0.190648
644.000000,113.911003,-0.261630,-0.203796
645.000000,113.911003,-0.266715,-0.194813
646.000000,113.911003,-0.271459,-0.214080
647.000000,113.911003,-0.275855,-0.208517
648.000000,113.911003,-0.279899,-0.206976
649.000000,113.911003,-0.283581,-0.227807
650.000000,113.911003,-0.286900,-0.225822
651.000000,113.911003,-0.289852,-0.225995
652.000000,113.911003,-0.292433,-0.241392
653.000000,113.911003,-0.294640,-0.241982
654.000000,113.911003,-0.296470,-0.237578
655.000000,113.911003,-0.297921,-0.258979
656.000000,113.911003,-0.298991,-0.254423
657.000000,113.911003,-0.299677,-0.245729
658.000000,113.911003,-0.299981,-0.264844
659.000000,113.911003,-0.299901,-0.260288
660.000000,113.911003,-0.299437,-0.259589
661.000000,113.911003,-0.298586,-0.270135
662.000000,113.911003,-0.297353,-0.264436
663.000000,113.911003,-0.295740,-0.269721
664.000000,113.911003,-0.293748,-0.272852
665.000000,113.911003,-0.291380,-0.264158
666.000000,113.911003,-0.288640,-0.270132
667.000000,113.911003,-0.285530,-0.268425
668.000000,113.911003,-0.282056,-0.261736
669.000000,113.911003,-0.278220,-0.271417
670.000000,113.911003,-0.274028,-0.265858
671.000000,113.911003,-0.269485,-0.251159
672.000000,113.911003,-0.264598,-0.264986
673.000000,113.911003,-0.259368,-0.256709
674.000000,113.911003,-0.253807,-0.243012
675.000000,113.911003,-0.247922,-0.254403
676.000000,113.911003,-0.241719,-0.243271
677.000000,113.911003,-0.235207,-0.229427
678.000000,113.911003,-0.228394,-0.239537
679.000000,113.911003,-0.221289,-0.231405
680.000000,113.911003,-0.213900,-0.224126
681.000000,113.911003,-0.206238,-0.222380
682.000000,113.911003,-0.198312,-0.212678
683.000000,113.911003,-0.190132,-0.217098
684.000000,113.911003,-0.181709,-0.211088
685.000000,113.911003,-0.173051,-0.191241
686.000000,113.911003,-0.164171,-0.195065
687.000000,113.911003,-0.155082,-0.183640
688.000000,113.911003,-0.145794,-0.166225
689.000000,113.911003,-0.136320,-0.174622
690.000000,113.911003,-0.126672,-0.164771
691.000000,113.911003,-0.116861,-0.144354
692.000000,113.911003,-0.106901,-0.152459
693.000000,113.911003,-0.096804,-0.141180
694.000000,113.911003,-0.086583,-0.127767
695.000000,113.911003,-0.076252,-0.129153
696.000000,113.911003,-0.065822,-0.113302
697.000000,113.911003,-0.055307,-0.104597
698.000000,113.911003,-0.044722,-0.100986
699.000000,113.911003,-0.034080,-0.090854
700.000000,113.911003,-0.023394,-0.082700
701.000000,113.911003,-0.012679,-0.075397
702.000000,113.911003,-0.001947,-0.053830
703.000000,113.911003,0.008788,-0.061378
704.000000,113.911003,0.019511,-0.048519
705.000000,113.911003,0.030209,-0.030534
706.000000,113.911003,0.040869,-0.025492
707.000000,113.911003,0.051476,-0.019213
708.000000,113.911003,0.062018,0.001493
709.000000,113.911003,0.072479,-0.001755
710.000000,113.911003,0.082848,0.009524
711.000000,113.911003,0.093111,0.026366
712.000000,113.911003,0.103254,0.025839
713.000000,113.911003,0.113266,0.038118
714.000000,113.911003,0.123132,0.051537
715.000000,113.911003,0.132841,0.054721
716.000000,113.911003,0.142380,0.068998
717.000000,113.911003,0.151737,0.070148
718.000000,113.911003,0.160900,0.086602
719.000000,113.911003,0.169857,0.097016
720.000000,113.911003,0.178595,0.098334
721.000000,113.911003,0.187104,0.109474
722.000000,113.911003,0.195374,0.126316
723.000000,113.911003,0.203393,0.119066
724.000000,113.911003,0.211152,0.134062
725.000000,113.911003,0.218641,0.157627
726.000000,113.911003,0.225851,0.145947
727.000000,113.911003,0.232771,0.157938
728.000000,113.911003,0.239393,0.165347
729.000000,113.911003,0.245710,0.170539
730.000000,113.911003,0.251712,0.183103
731.000000,113.911003,0.257391,0.196953
732.000000,113.911003,0.262740,0.190982
733.000000,113.911003,0.267751,0.201257
734.000000,113.911003,0.272420,0.202976
735.000000,113.911003,0.276740,0.211714
736.000000,113.911003,0.280706,0.222840
737.000000,113.911003,0.284312,0.216866
738.000000,113.911003,0.287555,0.226011
739.000000,113.911003,0.290430,0.241421
740.000000,113.911003,0.292933,0.234453
741.000000,113.911003,0.295062,0.242017
742.000000,113.911003,0.296813,0.255142
743.000000,113.911003,0.298185,0.247892
744.000000,113.911003,0.299172,0.258027
745.000000,113.911003,0.299775,0.262289
746.000000,113.911003,0.299995,0.255469
747.000000,113.911003,0.299831,0.262600
748.000000,113.911003,0.299283,0.274442
749.000000,113.911003,0.298353,0.262189
750.000000,113.911003,0.297040,0.260599
751.000000,113.911003,0.295348,0.271447
752.000000,113.911003,0.293277,0.263474
753.000000,113.911003,0.290832,0.271317
754.000000,113.911003,0.288014,0.262603
755.000000,113.911003,0.284828,0.267189
756.000000,113.911003,0.281275,0.272596
757.000000,113.911003,0.277361,0.257902
758.000000,113.911003,0.273092,0.259320
759.000000,113.911003,0.268473,0.274015
760.000000,113.911003,0.263512,0.250466
761.000000,113.911003,0.258213,0.250738
762.000000,113.911003,0.252583,0.255712
763.000000,113.911003,0.246631,0.247037
764.000000,113.911003,0.240363,0.242730
765.000000,113.911003,0.233787,0.249705
766.000000,113.911003,0.226912,0.230020
767.000000,113.911003,0.219747,0.232147
768.000000,113.911003,0.212299,0.231690
769.000000,113.911003,0.204578,0.215577
770.000000,113.911003,0.196596,0.210842
771.000000,113.911003,0.188362,0.214109
772.000000,113.911003,0.179887,0.199991
773.000000,113.911003,0.171182,0.194680
774.000000,113.911003,0.162258,0.183527
775.000000,113.911003,0.153127,0.176539
776.000000,113.911003,0.143799,0.179803
777.000000,113.911003,0.134288,0.159956
778.000000,113.911003,0.124604,0.160808
779.000000,113.911003,0.114761,0.158919
780.000000,113.911003,0.104770,0.140086
781.000000,113.911003,0.094645,0.141647
782.000000,113.911003,0.084399,0.137896
783.000000,113.911003,0.074045,0.117065
784.000000,113.911003,0.063596,0.114616
785.000000,113.911003,0.053066,0.115160
786.000000,113.911003,0.042468,0.092612
787.000000,113.911003,0.031815,0.090164
788.000000,113.911003,0.021122,0.090423
789.000000,113.911003,0.010402,0.068448
790.000000,113.911003,-0.000332,0.063425
791.000000,113.911003,-0.011065,0.053681
792.000000,113.911003,-0.021784,0.038138
793.000000,113.911003,-0.032475,0.035540
794.000000,113.911003,-0.043125,0.027104
795.000000,113.911003,-0.053719,0.010253
796.000000,113.911003,-0.064244,0.011227
797.000000,113.911003,-0.074687,-0.011337
798.000000,113.911003,-0.085035,-0.017493
799.000000,113.911003,-0.095274,-0.016376
800.000000,113.911003,-0.105391,-0.038785
801.000000,113.911003,-0.115373,-0.047237
802.000000,113.911003,-0.125208,-0.038115
803.000000,113.911003,-0.134882,-0.066809
804.000000,113.911003,-0.144383,-0.070831
805.000000,113.911003,-0.153698,-0.069144
806.000000,113.911003,-0.162817,-0.091119
807.000000,113.911003,-0.171727,-0.094999
808.000000,113.911003,-0.180418,-0.097742
809.000000,113.911003,-0.188878,-0.119001
810.000000,113.911003,-0.197096,-0.122165
811.000000,113.911003,-0.205062,-0.126048
812.000000,113.911003,-0.212765,-0.145597
813.000000,113.911003,-0.220197,-0.144473
814.000000,113.911003,-0.227346,-0.154622
815.000000,113.911003,-0.234205,-0.162329
816.000000,113.911003,-0.240761,-0.160636
817.000000,113.911003,-0.247010,-0.180198
818.000000,113.911003,-0.252942,-0.182782
819.000000,113.911003,-0.258550,-0.193819
820.000000,113.911003,-0.263828,-0.200214
821.000000,113.911003,-0.268768,-0.202516
822.000000,113.911003,-0.273364,-0.198829
823.000000,113.911003,-0.277611,-0.218086
824.000000,113.911003,-0.281502,-0.218391
825.000000,113.911003,-0.285033,-0.215988
826.000000,113.911003,-0.288200,-0.171775
827.000000,113.911003,-0.290997,-0.230971
828.000000,113.911003,-0.293419,-0.246295
829.000000,113.911003,-0.295465,-0.256832
830.000000,113.911003,-0.297134,-0.259569
831.000000,113.911003,-0.298422,-0.255013
832.000000,113.911003,-0.299328,-0.263416
833.000000,113.911003,-0.299851,-0.260291
834.000000,113.911003,-0.299991,-0.269853
835.000000,113.911003,-0.299747,-0.266852
836.000000,113.911003,-0.299119,-0.260443
837.000000,113.911003,-0.298109,-0.273846
838.000000,113.911003,-0.296717,-0.270284
839.000000,113.911003,-0.294945,-0.259449
840.000000,113.911003,-0.292792,-0.271706
841.000000,113.911003,-0.290265,-0.269148
842.000000,113.911003,-0.287367,-0.262743
843.000000,113.911003,-0.284101,-0.272706
844.000000,113.911003,-0.280471,-0.265576
845.000000,113.911003,-0.276482,-0.257024
846.000000,113.911003,-0.272140,-0.271275
847.000000,113.911003,-0.267450,-0.260142
848.000000,113.911003,-0.262417,-0.249728
849.000000,113.911003,-0.257049,-0.259410
850.000000,113.911003,-0.251352,-0.248850
851.000000,113.911003,-0.245332,-0.246279
852.000000,113.911003,-0.238996,-0.244543
853.000000,113.911003,-0.232354,-0.233413
854.000000,113.911003,-0.225415,-0.240110
855.000000,113.911003,-0.218188,-0.232824
856.000000,113.911003,-0.210681,-0.217410
857.000000,113.911003,-0.202905,-0.223662
858.000000,113.911003,-0.194870,-0.214955
859.000000,113.911003,-0.186585,-0.201973
860.000000,113.911003,-0.178061,-0.203643
861.000000,113.911003,-0.169310,-0.192653
862.000000,113.911003,-0.160341,-0.180526
863.000000,113.911003,-0.151167,-0.180195
864.000000,113.911003,-0.141798,-0.170632
865.000000,113.911003,-0.132248,-0.158509
866.000000,113.911003,-0.122529,-0.166328
867.000000,113.911003,-0.112653,-0.154049
868.000000,113.911003,-0.102633,-0.138920
869.000000,113.911003,-0.092481,-0.152744
870.000000,113.911003,-0.082212,-0.128457
871.000000,113.911003,-0.071837,-0.116038
872.000000,113.911003,-0.061370,-0.114713
873.000000,113.911003,-0.050824,-0.099147
874.000000,113.911003,-0.040213,-0.099289
875.000000,113.911003,-0.029551,-0.093554
876.000000,113.911003,-0.018851,-0.073704
0.000000,118.966003,0.004722,-0.064526
1.000000,118.966003,0.015927,-0.040667
2.000000,118.966003,0.027110,-0.046097
3.000000,118.966003,0.038254,-0.054377
4.000000,118.966003,0.049346,-0.019945
5.000000,118.966003,0.060368,-0.016052
6.000000,118.966003,0.071306,0.002241
7.000000,118.966003,0.082144,0.018795
8.000000,118.966003,0.092868,0.011402
9.000000,118.966003,0.103462,0.027257
10.000000,118.966003,0.113912,0.042956
11.000000,118.966003,0.124202,0.041855
12.000000,118.966003,0.134320,0.056709
13.000000,118.966003,0.144249,0.077269
14.000000,118.966003,0.153978,0.072454
15.000000,118.966003,0.163491,0.086735
16.000000,118.966003,0.172776,0.104577
17.000000,118.966003,0.181819,0.098904
18.000000,118.966003,0.190607,0.111611
19.000000,118.966003,0.199130,0.123457
20.000000,118.966003,0.207374,0.126213
21.000000,118.966003,0.215329,0.139347
22.000000,118.966003,0.222984,0.145778
23.000000,118.966003,0.230326,0.147229
24.000000,118.966003,0.237347,0.164075
25.000000,118.966003,0.244037,0.176261
26.000000,118.966003,0.250386,0.175535
27.000000,118.966003,0.256385,0.185800
28.000000,118.966003,0.262027,0.185697
29.000000,118.966003,0.267302,0.205415
30.000000,118.966003,0.272204,0.213390
31.000000,118.966003,0.276726,0.205282
32.000000,118.966003,0.280862,0.213559
33.000000,118.966003,0.284606,0.230974
34.000000,118.966003,0.287952,0.221584
35.000000,118.966003,0.290896,0.237150
36.000000,118.966003,0.293434,0.248134
37.000000,118.966003,0.295562,0.238025
38.000000,118.966003,0.297277,0.249015
39.000000,118.966003,0.298575,0.252001
40.000000,118.966003,0.299457,0.252179
41.000000,118.966003,0.299920,0.261596
42.000000,118.966003,0.299964,0.256308
43.000000,118.966003,0.299590,0.263186
44.000000,118.966003,0.298797,0.270310
45.000000,118.966003,0.297587,0.259472
46.000000,118.966003,0.295962,0.264041
47.000000,118.966003,0.293923,0.280598
48.000000,118.966003,0.291474,0.261192
49.000000,118.966003,0.288617,0.266752
50.000000,118.966003,0.285358,0.272871
51.000000,118.966003,0.281700,0.260188
52.000000,118.966003,0.277649,0.265605
53.000000,118.966003,0.273211,0.267292
54.000000,118.966003,0.268390,0.259618
55.000000,118.966003,0.263195,0.261457
56.000000,118.966003,0.257633,0.262289
57.000000,118.966003,0.251710,0.243889
58.000000,118.966003,0.245437,0.250732
59.000000,118.966003,0.238820,0.247428
60.000000,118.966003,0.231869,0.237737
61.000000,118.966003,0.224594,0.242008
62.000000,118.966003,0.217005,0.224284
63.000000,118.966003,0.209113,0.212714
64.000000,118.966003,0.200929,0.225126
65.000000,118.966003,0.192464,0.206429
66.000000,118.966003,0.183731,0.205557
67.000000,118.966003,0.174741,0.208245
68.000000,118.966003,0.165507,0.188557
69.000000,118.966003,0.156043,0.185823
70.000000,118.966003,0.146360,0.189511
71.000000,118.966003,0.136473,0.170254
72.000000,118.966003,0.126395,0.164946
73.000000,118.966003,0.116141,0.165632
74.000000,118.966003,0.105725,0.142514
75.000000,118.966003,0.095161,0.143210
76.000000,118.966003,0.084464,0.133748
77.000000,118.966003,0.073649,0.120352
78.000000,118.966003,0.062731,0.117188
79.000000,118.966003,0.051726,0.114163
80.000000,118.966003,0.040648,0.097616
81.000000,118.966003,0.029513,0.092450
82.000000,118.966003,0.018337,0.075714
83.000000,118.966003,0.007136,0.068445
84.000000,118.966003,-0.004076,0.069422
85.000000,118.966003,-0.015281,0.045715
86.000000,118.966003,-0.026465,0.038701
87.000000,118.966003,-0.037613,0.038671
88.000000,118.966003,-0.048707,0.017979
89.000000,118.966003,-0.059734,0.011817
90.000000,118.966003,-0.070677,0.012930
91.000000,118.966003,-0.081522,-0.010048
92.000000,118.966003,-0.092253,-0.016499
93.000000,118.966003,-0.102854,-0.018388
94.000000,118.966003,-0.113313,-0.042790
95.000000,118.966003,-0.123613,-0.046955
96.000000,118.966003,-0.133740,-0.056564
97.000000,118.966003,-0.143681,-0.069387
98.000000,118.966003,-0.153421,-0.073836
99.000000,118.966003,-0.162947,-0.078717
100.000000,118.966003,-0.172245,-0.092693
101.000000,118.966003,-0.181303,-0.098862
102.000000,118.966003,-0.190108,-0.114017
103.000000,118.966003,-0.198647,-0.123437
104.000000,118.966003,-0.206909,-0.125322
105.000000,118.966003,-0.214881,-0.141164
106.000000,118.966003,-0.222552,-0.146177
107.000000,118.966003,-0.229913,-0.146633
108.000000,118.966003,-0.236953,-0.166183
109.000000,118.966003,-0.243661,-0.167342
110.000000,118.966003,-0.250030,-0.168657
111.000000,118.966003,-0.256049,-0.188345
112.000000,118.966003,-0.261711,-0.189220
113.000000,118.966003,-0.267008,-0.191108
114.000000,118.966003,-0.271931,-0.209223
115.000000,118.966003,-0.276475,-0.210671
116.000000,118.966003,-0.280633,-0.204836
117.000000,118.966003,-0.284399,-0.226094
118.000000,118.966003,-0.287768,-0.228543
119.000000,118.966003,-0.290735,-0.228423
120.000000,118.966003,-0.293296,-0.243681
121.000000,118.966003,-0.295447,-0.240699
122.000000,118.966003,-0.297186,-0.246855
123.000000,118.966003,-0.298510,-0.258555
124.000000,118.966003,-0.299418,-0.251859
125.000000,118.966003,-0.299907,-0.270278
126.000000,118.966003,-0.299976,-0.259274
127.000000,118.966003,-0.299626,-0.258873
128.000000,118.966003,-0.298857,-0.269416
129.000000,118.966003,-0.297670,-0.265854
130.000000,118.966003,-0.296068,-0.253303
131.000000,118.966003,-0.294053,-0.268131
132.000000,118.966003,-0.291627,-0.265573
133.000000,118.966003,-0.288794,-0.258025
134.000000,118.966003,-0.285558,-0.272849
135.000000,118.966003,-0.281923,-0.264575
136.000000,118.966003,-0.277894,-0.259025
137.000000,118.966003,-0.273477,-0.266988
138.000000,118.966003,-0.268679,-0.261428
139.000000,118.966003,-0.263505,-0.248870
140.000000,118.966003,-0.257963,-0.261126
141.000000,118.966003,-0.252061,-0.253853
142.000000,118.966003,-0.245807,-0.248429
143.000000,118.966003,-0.239210,-0.248260
144.000000,118.966003,-0.232279,-0.233413
145.000000,118.966003,-0.225023,-0.243400
146.000000,118.966003,-0.217453,-0.235110
147.000000,118.966003,-0.209580,-0.217264
148.000000,118.966003,-0.201413,-0.222088
149.000000,118.966003,-0.192964,-0.212092
150.000000,118.966003,-0.184246,-0.196397
151.000000,118.966003,-0.175270,-0.202358
152.000000,118.966003,-0.166050,-0.194223
153.000000,118.966003,-0.156598,-0.177096
154.000000,118.966003,-0.146927,-0.182342
155.000000,118.966003,-0.137052,-0.171636
156.000000,118.966003,-0.126984,-0.161225
157.000000,118.966003,-0.116740,-0.160609
158.000000,118.966003,-0.106333,-0.147329
159.000000,118.966003,-0.095777,-0.137058
160.000000,118.966003,-0.085087,-0.131154
161.000000,118.966003,-0.074279,-0.119594
162.000000,118.966003,-0.063366,-0.115598
163.000000,118.966003,-0.052366,-0.110711
164.000000,118.966003,-0.041292,-0.094863
165.000000,118.966003,-0.030160,-0.095131
166.000000,118.966003,-0.018987,-0.083263
167.000000,118.966003,-0.007787,-0.062273
168.000000,118.966003,0.003425,-0.067810
169.000000,118.966003,0.014631,-0.052810
170.000000,118.966003,0.025817,-0.032966
171.000000,118.966003,0.036967,-0.036495
172.000000,118.966003,0.048065,-0.025505
173.000000,118.966003,0.059096,0.003640
174.000000,118.966003,0.070045,-0.009906
175.000000,118.966003,0.080896,0.003944
176.000000,118.966003,0.091633,0.022791
177.000000,118.966003,0.102243,0.021120
178.000000,118.966003,0.112710,0.038118
179.000000,118.966003,0.123019,0.053250
180.000000,118.966003,0.133157,0.041852
181.000000,118.966003,0.143108,0.067570
182.000000,118.966003,0.152860,0.078431
183.000000,118.966003,0.162399,0.081745
184.000000,118.966003,0.171711,0.097450
185.000000,118.966003,0.180783,0.091748
186.000000,118.966003,0.189602,0.108619
187.000000,118.966003,0.198157,0.126322
188.000000,118.966003,0.206435,0.122641
189.000000,118.966003,0.214425,0.135497
190.000000,118.966003,0.222116,0.151481
191.000000,118.966003,0.229496,0.149237
192.000000,118.966003,0.236555,0.165377
193.000000,118.966003,0.243283,0.173070
194.000000,118.966003,0.249672,0.175403
195.000000,118.966003,0.255711,0.183676
196.000000,118.966003,0.261394,0.195657
197.000000,118.966003,0.266712,0.195415
198.000000,118.966003,0.271657,0.205693
199.000000,118.966003,0.276222,0.215534
200.000000,118.966003,0.280403,0.213145
201.000000,118.966003,0.284191,0.222992
202.000000,118.966003,0.287583,0.225845
203.000000,118.966003,0.290573,0.229301
204.000000,118.966003,0.293157,0.243863
205.000000,118.966003,0.295332,0.235305
206.000000,118.966003,0.297095,0.246454
207.000000,118.966003,0.298443,0.255148
208.000000,118.966003,0.299374,0.250181
209.000000,118.966003,0.299887,0.257888
210.000000,118.966003,0.299981,0.266437
211.000000,118.966003,0.299656,0.255900
212.000000,118.966003,0.298913,0.267036
213.000000,118.966003,0.297753,0.270012
214.000000,118.966003,0.296176,0.259760
215.000000,118.966003,0.294184,0.269038
216.000000,118.966003,0.291781,0.272868
217.000000,118.966003,0.288971,0.262474
218.000000,118.966003,0.285758,0.265174
219.000000,118.966003,0.282145,0.270440
220.000000,118.966003,0.278139,0.258186
221.000000,118.966003,0.273744,0.265029
222.000000,118.966003,0.268967,0.251149
223.000000,118.966003,0.263814,0.254323
224.000000,118.966003,0.258293,0.255446
225.000000,118.966003,0.252412,0.249171
226.000000,118.966003,0.246177,0.250887
227.000000,118.966003,0.239600,0.250288
228.000000,118.966003,0.232687,0.233452
229.000000,118.966003,0.225450,0.236014
230.000000,118.966003,0.217897,0.239128
231.000000,118.966003,0.210041,0.219440
232.000000,118.966003,0.201891,0.219424
233.000000,118.966003,0.193459,0.227260
234.000000,118.966003,0.184757,0.202565
235.000000,118.966003,0.175797,0.198258
236.000000,118.966003,0.166591,0.199375
237.000000,118.966003,0.157152,0.181976
238.000000,118.966003,0.147493,0.178527
239.000000,118.966003,0.137628,0.178789
240.000000,118.966003,0.127572,0.164532
241.000000,118.966003,0.117337,0.161937
242.000000,118.966003,0.106938,0.150212
243.000000,118.966003,0.096390,0.138505
244.000000,118.966003,0.085708,0.127330
245.000000,118.966003,0.074906,0.114914
246.000000,118.966003,0.063999,0.115339
247.000000,118.966003,0.053003,0.118887
248.000000,118.966003,0.041933,0.094044
249.000000,118.966003,0.030804,0.090167
250.000000,118.966003,0.019632,0.088421
251.000000,118.966003,0.008433,0.066878
252.000000,118.966003,-0.002778,0.061139
253.000000,118.966003,-0.013985,0.058681
254.000000,118.966003,-0.025172,0.037995
255.000000,118.966003,-0.036325,0.028397
256.000000,118.966003,-0.047427,0.027658
257.000000,118.966003,-0.058463,0.010684
258.000000,118.966003,-0.069416,0.003371
259.000000,118.966003,-0.080273,-0.005356
260.000000,118.966003,-0.091018,-0.020203
261.000000,118.966003,-0.101635,-0.014219
262.000000,118.966003,-0.112110,-0.037218
263.000000,118.966003,-0.122429,-0.048234
264.000000,118.966003,-0.132577,-0.047833
265.000000,118.966003,-0.142540,-0.072100
266.000000,118.966003,-0.152304,-0.073542
267.000000,118.966003,-0.161855,-0.076576
268.000000,118.966003,-0.171180,-0.098839
269.000000,118.966003,-0.180265,-0.104289
270.000000,118.966003,-0.189100,-0.106178
271.000000,118.966003,-0.197670,-0.123719
272.000000,118.966003,-0.205964,-0.127741
273.000000,118.966003,-0.213971,-0.133201
274.000000,118.966003,-0.221678,-0.150600
275.000000,118.966003,-0.229077,-0.158910
276.000000,118.966003,-0.236155,-0.156504
277.000000,118.966003,-0.242904,-0.169615
278.000000,118.966003,-0.249313,-0.173783
279.000000,118.966003,-0.255375,-0.179088
280.000000,118.966003,-0.261079,-0.191781
281.000000,118.966003,-0.266417,-0.195091
282.000000,118.966003,-0.271384,-0.213520
283.000000,118.966003,-0.275971,-0.212947
284.000000,118.966003,-0.280173,-0.209971
285.000000,118.966003,-0.283984,-0.232383
286.000000,118.966003,-0.287399,-0.224391
287.000000,118.966003,-0.290412,-0.224848
288.000000,118.966003,-0.293019,-0.243393
289.000000,118.966003,-0.295218,-0.245126
290.000000,118.966003,-0.297004,-0.236862
291.000000,118.966003,-0.298375,-0.257979
292.000000,118.966003,-0.299330,-0.251418
293.000000,118.966003,-0.299867,-0.248588
294.000000,118.966003,-0.299985,-0.263701
295.000000,118.966003,-0.299684,-0.260715
296.000000,118.966003,-0.298965,-0.265596
297.000000,118.966003,-0.297828,-0.269993
298.000000,118.966003,-0.296276,-0.263293
299.000000,118.966003,-0.294309,-0.280446
300.000000,118.966003,-0.291932,-0.270997
301.000000,118.966003,-0.289147,-0.262441
302.000000,118.966003,-0.285957,-0.271133
303.000000,118.966003,-0.282367,-0.266570
304.000000,118.966003,-0.278383,-0.256590
305.000000,118.966003,-0.274010,-0.265556
306.000000,118.966003,-0.269255,-0.258996
307.000000,118.966003,-0.264124,-0.250590
308.000000,118.966003,-0.258623,-0.257979
309.000000,118.966003,-0.252762,-0.252707
310.000000,118.966003,-0.246548,-0.245298
311.000000,118.966003,-0.239989,-0.250258
312.000000,118.966003,-0.233096,-0.230113
313.000000,118.966003,-0.225877,-0.230709
314.000000,118.966003,-0.218342,-0.235676
315.000000,118.966003,-0.210503,-0.227260
316.000000,118.966003,-0.202370,-0.221260
317.000000,118.966003,-0.193954,-0.220952
318.000000,118.966003,-0.185267,-0.203530
319.000000,118.966003,-0.176321,-0.206794
320.000000,118.966003,-0.167130,-0.199508
321.000000,118.966003,-0.157705,-0.182951
322.000000,118.966003,-0.148059,-0.186056
323.000000,118.966003,-0.138207,-0.176205
324.000000,118.966003,-0.128161,-0.159078
325.000000,118.966003,-0.117936,-0.163896
326.000000,118.966003,-0.107546,-0.149328
327.000000,118.966003,-0.097007,-0.134344
328.000000,118.966003,-0.086331,-0.137589
329.000000,118.966003,-0.075536,-0.125167
330.000000,118.966003,-0.064635,-0.109895
331.000000,118.966003,-0.053643,-0.114282
332.000000,118.966003,-0.042577,-0.101861
333.000000,118.966003,-0.031451,-0.086155
334.000000,118.966003,-0.020282,-0.089403
335.000000,118.966003,-0.009084,-0.070550
336.000000,118.966003,0.002127,-0.064695
337.000000,118.966003,0.013335,-0.053804
338.000000,118.966003,0.024524,-0.039672
339.000000,118.966003,0.035678,-0.046369
340.000000,118.966003,0.046784,-0.028500
341.000000,118.966003,0.057823,-0.002219
342.000000,118.966003,0.068782,-0.011330
343.000000,118.966003,0.079646,0.006098
344.000000,118.966003,0.090397,0.022224
345.000000,118.966003,0.101023,0.019835
346.000000,118.966003,0.111508,0.032830
347.000000,118.966003,0.121836,0.052246
348.000000,118.966003,0.131994,0.049433
349.000000,118.966003,0.141968,0.061855
350.000000,118.966003,0.151743,0.069260
351.000000,118.966003,0.161307,0.079173
352.000000,118.966003,0.170645,0.095170
353.000000,118.966003,0.179745,0.112877
354.000000,118.966003,0.188594,0.104481
355.000000,118.966003,0.197179,0.121190
356.000000,118.966003,0.205490,0.126326
357.000000,118.966003,0.213513,0.135504
358.000000,118.966003,0.221238,0.146348
359.000000,118.966003,0.228654,0.141938
360.000000,118.966003,0.235751,0.155947
361.000000,118.966003,0.242519,0.171218
362.000000,118.966003,0.248948,0.169541
363.000000,118.966003,0.255030,0.181393
364.000000,118.966003,0.260755,0.194660
365.000000,118.966003,0.266117,0.191843
366.000000,118.966003,0.271107,0.204696
367.000000,118.966003,0.275718,0.218963
368.000000,118.966003,0.279943,0.203424
369.000000,118.966003,0.283776,0.216846
370.000000,118.966003,0.287214,0.233549
371.000000,118.966003,0.290250,0.228303
372.000000,118.966003,0.292881,0.239294
373.000000,118.966003,0.295102,0.249569
374.000000,118.966003,0.296912,0.244029
375.000000,118.966003,0.298308,0.250301
376.000000,118.966003,0.299286,0.248730
377.000000,118.966003,0.299847,0.254608
378.000000,118.966003,0.299989,0.264734
379.000000,118.966003,0.299712,0.256758
380.000000,118.966003,0.299017,0.262325
381.000000,118.966003,0.297904,0.267872
382.000000,118.966003,0.296375,0.263050
383.000000,118.966003,0.294432,0.265751
384.000000,118.966003,0.292078,0.276016
385.000000,118.966003,0.289317,0.263620
386.000000,118.966003,0.286151,0.265463
387.000000,118.966003,0.282586,0.271298
388.000000,118.966003,0.278626,0.260761
389.000000,118.966003,0.274277,0.260456
390.000000,118.966003,0.269543,0.270867
391.000000,118.966003,0.264433,0.252895
392.000000,118.966003,0.258954,0.256308
393.000000,118.966003,0.253113,0.254433
394.000000,118.966003,0.246918,0.243028
395.000000,118.966003,0.240379,0.243436
396.000000,118.966003,0.233504,0.232863
397.000000,118.966003,0.226303,0.233161
398.000000,118.966003,0.218787,0.236279
399.000000,118.966003,0.210964,0.222585
400.000000,118.966003,0.202847,0.218857
401.000000,118.966003,0.194447,0.223546
402.000000,118.966003,0.185775,0.201995
403.000000,118.966003,0.176844,0.200836
404.000000,118.966003,0.167666,0.200379
405.000000,118.966003,0.158254,0.187410
406.000000,118.966003,0.148621,0.179100
407.000000,118.966003,0.138780,0.179644
408.000000,118.966003,0.128746,0.162676
409.000000,118.966003,0.118531,0.157080
410.000000,118.966003,0.108151,0.156338
411.000000,118.966003,0.097620,0.135649
412.000000,118.966003,0.086952,0.144357
413.000000,118.966003,0.076163,0.126607
414.000000,118.966003,0.065267,0.112055
415.000000,118.966003,0.054280,0.108460
416.000000,118.966003,0.043218,0.083875
417.000000,118.966003,0.032095,0.085316
418.000000,118.966003,0.020927,0.087434
419.000000,118.966003,0.009731,0.070164
420.000000,118.966003,-0.001480,0.061861
421.000000,118.966003,-0.012688,0.060404
422.000000,118.966003,-0.023879,0.038711
423.000000,118.966003,-0.035036,0.035835
424.000000,118.966003,-0.046144,0.031372
425.000000,118.966003,-0.057188,0.005969
426.000000,118.966003,-0.068152,0.018529
427.000000,118.966003,-0.079021,0.003633
428.000000,118.966003,-0.089780,-0.022486
429.000000,118.966003,-0.100413,-0.027652
430.000000,118.966003,-0.110906,-0.025819
431.000000,118.966003,-0.121244,-0.054228
432.000000,118.966003,-0.131413,-0.054390
433.000000,118.966003,-0.141399,-0.058419
434.000000,118.966003,-0.151186,-0.078966
435.000000,118.966003,-0.160762,-0.082703
436.000000,118.966003,-0.170114,-0.091582
437.000000,118.966003,-0.179228,-0.104849
438.000000,118.966003,-0.188091,-0.105157
439.000000,118.966003,-0.196692,-0.124723
440.000000,118.966003,-0.205018,-0.130160
441.000000,118.966003,-0.213058,-0.126184
442.000000,118.966003,-0.220801,-0.150739
443.000000,118.966003,-0.228235,-0.155331
444.000000,118.966003,-0.235350,-0.152786
445.000000,118.966003,-0.242137,-0.174764
446.000000,118.966003,-0.248586,-0.177782
447.000000,118.966003,-0.254687,-0.178813
448.000000,118.966003,-0.260433,-0.199356
449.000000,118.966003,-0.265815,-0.196516
450.000000,118.966003,-0.270826,-0.193110
451.000000,118.966003,-0.275459,-0.210939
452.000000,118.966003,-0.279708,-0.208669
453.000000,118.966003,-0.283565,-0.220836
454.000000,118.966003,-0.287027,-0.238251
455.000000,118.966003,-0.290088,-0.232124
456.000000,118.966003,-0.292743,-0.242117
457.000000,118.966003,-0.294988,-0.243403
458.000000,118.966003,-0.296821,-0.236995
459.000000,118.966003,-0.298240,-0.248681
460.000000,118.966003,-0.299242,-0.257564
461.000000,118.966003,-0.299827,-0.247869
462.000000,118.966003,-0.299993,-0.264986
463.000000,118.966003,-0.299740,-0.260427
464.000000,118.966003,-0.299068,-0.257882
465.000000,118.966003,-0.297979,-0.271563
466.000000,118.966003,-0.296474,-0.265718
467.000000,118.966003,-0.294555,-0.261311
468.000000,118.966003,-0.292224,-0.275135
469.000000,118.966003,-0.289486,-0.267007
470.000000,118.966003,-0.286343,-0.260016
471.000000,118.966003,-0.282800,-0.267418
472.000000,118.966003,-0.278863,-0.262435
473.000000,118.966003,-0.274536,-0.266570
474.000000,118.966003,-0.269826,-0.266994
475.000000,118.966003,-0.264739,-0.265874
476.000000,118.966003,-0.259282,-0.263124
477.000000,118.966003,-0.253463,-0.251842
478.000000,118.966003,-0.247289,-0.236717
479.000000,118.966003,-0.240769,-0.248970
480.000000,118.966003,-0.233913,-0.241693
481.000000,118.966003,-0.226730,-0.232999
482.000000,118.966003,-0.219231,-0.237104
483.000000,118.966003,-0.211426,-0.227111
484.000000,118.966003,-0.203326,-0.212986
485.000000,118.966003,-0.194942,-0.219232
486.000000,118.966003,-0.186285,-0.208527
487.000000,118.966003,-0.177369,-0.196685
488.000000,118.966003,-0.168204,-0.197785
489.000000,118.966003,-0.158805,-0.185509
490.000000,118.966003,-0.149184,-0.182941
491.000000,118.966003,-0.139355,-0.179913
492.000000,118.966003,-0.129332,-0.166066
493.000000,118.966003,-0.119127,-0.164334
494.000000,118.966003,-0.108756,-0.152038
495.000000,118.966003,-0.098234,-0.133049
496.000000,118.966003,-0.087574,-0.138874
497.000000,118.966003,-0.076792,-0.128019
498.000000,118.966003,-0.065902,-0.112036
499.000000,118.966003,-0.054921,-0.110419
500.000000,118.966003,-0.043862,-0.102000
501.000000,118.966003,-0.032742,-0.089160
502.000000,118.966003,-0.021577,-0.087116
503.000000,118.966003,-0.010381,-0.070831
504.000000,118.966003,0.000829,-0.053989
505.000000,118.966003,0.012038,-0.057091
506.000000,118.966003,0.023230,-0.043669
507.000000,118.966003,0.034389,-0.032966
508.000000,118.966003,0.045501,-0.028208
509.000000,118.966003,0.056549,-0.014074
510.000000,118.966003,0.067518,-0.008355
511.000000,118.966003,0.078393,-0.000473
512.000000,118.966003,0.089158,0.010515
513.000000,118.966003,0.099799,0.017545
514.000000,118.966003,0.110300,0.028549
515.000000,118.966003,0.120647,0.051683
516.000000,118.966003,0.130826,0.051007
517.000000,118.966003,0.140823,0.066434
518.000000,118.966003,0.150623,0.083276
519.000000,118.966003,0.160212,0.079889
520.000000,118.966003,0.169578,0.091168
521.000000,118.966003,0.178707,0.099289
522.000000,118.966003,0.187585,0.102768
523.000000,118.966003,0.196202,0.119192
524.000000,118.966003,0.204544,0.115160
525.000000,118.966003,0.212601,0.131935
526.000000,118.966003,0.220361,0.147216
527.000000,118.966003,0.227813,0.162773
528.000000,118.966003,0.234947,0.158100
529.000000,118.966003,0.241752,0.166659
530.000000,118.966003,0.248221,0.179932
531.000000,118.966003,0.254342,0.178259
532.000000,118.966003,0.260109,0.191108
533.000000,118.966003,0.265512,0.194680
534.000000,118.966003,0.270544,0.200703
535.000000,118.966003,0.275199,0.211976
536.000000,118.966003,0.279470,0.210143
537.000000,118.966003,0.283350,0.221716
538.000000,118.966003,0.286835,0.234698
539.000000,118.966003,0.289919,0.225017
540.000000,118.966003,0.292598,0.241875
541.000000,118.966003,0.294869,0.244847
542.000000,118.966003,0.296728,0.239456
543.000000,118.966003,0.298172,0.249161
544.000000,118.966003,0.299199,0.260857
545.000000,118.966003,0.299807,0.249320
546.000000,118.966003,0.299997,0.259741
547.000000,118.966003,0.299768,0.267010
548.000000,118.966003,0.299120,0.257328
549.000000,118.966003,0.298055,0.266887
550.000000,118.966003,0.296573,0.264025
551.000000,118.966003,0.294678,0.266619
552.000000,118.966003,0.292371,0.275747
553.000000,118.966003,0.289655,0.263474
554.000000,118.966003,0.286535,0.266327
555.000000,118.966003,0.283015,0.274306
556.000000,118.966003,0.279100,0.263335
557.000000,118.966003,0.274795,0.263176
558.000000,118.966003,0.270107,0.270440
559.000000,118.966003,0.265041,0.265916
560.000000,118.966003,0.259605,0.256742
561.000000,118.966003,0.253807,0.256712
562.000000,118.966003,0.247654,0.243031
563.000000,118.966003,0.241155,0.244015
564.000000,118.966003,0.234320,0.246845
565.000000,118.966003,0.227157,0.229447
566.000000,118.966003,0.219676,0.230000
567.000000,118.966003,0.211888,0.230547
568.000000,118.966003,0.203804,0.214434
569.000000,118.966003,0.195435,0.214272
570.000000,118.966003,0.186794,0.206820
571.000000,118.966003,0.177892,0.201134
572.000000,118.966003,0.168741,0.199686
573.000000,118.966003,0.159355,0.181963
574.000000,118.966003,0.149746,0.179968
575.000000,118.966003,0.139929,0.178942
576.000000,118.966003,0.129915,0.160102
577.000000,118.966003,0.119721,0.158518
578.000000,118.966003,0.109359,0.156630
579.000000,118.966003,0.098845,0.137226
580.000000,118.966003,0.088192,0.135351
581.000000,118.966003,0.077417,0.135037
582.000000,118.966003,0.066533,0.112201
583.000000,118.966003,0.055556,0.108467
584.000000,118.966003,0.044502,0.109153
585.000000,118.966003,0.033385,0.088037
586.000000,118.966003,0.022222,0.085303
587.000000,118.966003,0.011028,0.080416
588.000000,118.966003,-0.000182,0.055009
589.000000,118.966003,-0.011391,0.055274
590.000000,118.966003,-0.022585,0.050970
591.000000,118.966003,-0.033747,0.034417
592.000000,118.966003,-0.044862,0.032108
593.000000,118.966003,-0.055914,0.010531
594.000000,118.966003,-0.066888,0.002957
595.000000,118.966003,-0.077768,0.001214
596.000000,118.966003,-0.088540,-0.018338
597.000000,118.966003,-0.099188,-0.023928
598.000000,118.966003,-0.109698,-0.025674
599.000000,118.966003,-0.120055,-0.044073
600.000000,118.966003,-0.130243,-0.054530
601.000000,118.966003,-0.140251,-0.057276
602.000000,118.966003,-0.150062,-0.078966
603.000000,118.966003,-0.159664,-0.084847
604.000000,118.966003,-0.169042,-0.083730
605.000000,118.966003,-0.178185,-0.141332
606.000000,118.966003,-0.187079,-0.107152
607.000000,118.966003,-0.195712,-0.105025
608.000000,118.966003,-0.204072,-0.124431
609.000000,118.966003,-0.212146,-0.128599
610.000000,118.966003,-0.219923,-0.135464
611.000000,118.966003,-0.227393,-0.150746
612.000000,118.966003,-0.234546,-0.153486
613.000000,118.966003,-0.241370,-0.167044
614.000000,118.966003,-0.247858,-0.170341
615.000000,118.966003,-0.254000,-0.172799
616.000000,118.966003,-0.259786,-0.194064
617.000000,118.966003,-0.265210,-0.197368
618.000000,118.966003,-0.270264,-0.196254
619.000000,118.966003,-0.274941,-0.213795
620.000000,118.966003,-0.279233,-0.213527
621.000000,118.966003,-0.283136,-0.212841
622.000000,118.966003,-0.286643,-0.228380
623.000000,118.966003,-0.289750,-0.232403
624.000000,118.966003,-0.292452,-0.231001
625.000000,118.966003,-0.294746,-0.244967
626.000000,118.966003,-0.296629,-0.248416
627.000000,118.966003,-0.298097,-0.242581
628.000000,118.966003,-0.299149,-0.259980
629.000000,118.966003,-0.299783,-0.256140
630.000000,118.966003,-0.299999,-0.262017
631.000000,118.966003,-0.299796,-0.266418
632.000000,118.966003,-0.299172,-0.261292
633.000000,118.966003,-0.298130,-0.273147
634.000000,118.966003,-0.296672,-0.268853
635.000000,118.966003,-0.294800,-0.260443
636.000000,118.966003,-0.292516,-0.271275
637.000000,118.966003,-0.289824,-0.267425
638.000000,118.966003,-0.286727,-0.259307
639.000000,118.966003,-0.283230,-0.259267
640.000000,118.966003,-0.279337,-0.265715
641.000000,118.966003,-0.275055,-0.256162
642.000000,118.966003,-0.270388,-0.263986
643.000000,118.966003,-0.265343,-0.258711
644.000000,118.966003,-0.259929,-0.246729
645.000000,118.966003,-0.254151,-0.254407
646.000000,118.966003,-0.248018,-0.249705
647.000000,118.966003,-0.241539,-0.243436
648.000000,118.966003,-0.234722,-0.246829
649.000000,118.966003,-0.227578,-0.236554
650.000000,118.966003,-0.220116,-0.233980
651.000000,118.966003,-0.212347,-0.231389
652.000000,118.966003,-0.204281,-0.219116
653.000000,118.966003,-0.195930,-0.218517
654.000000,118.966003,-0.187303,-0.203941
655.000000,118.966003,-0.178416,-0.197536
656.000000,118.966003,-0.169279,-0.200787
657.000000,118.966003,-0.159906,-0.189220
658.000000,118.966003,-0.150310,-0.171948
659.000000,118.966003,-0.140504,-0.182911
660.000000,118.966003,-0.130501,-0.165917
661.000000,118.966003,-0.120317,-0.149215
662.000000,118.966003,-0.109964,-0.156461
663.000000,118.966003,-0.099458,-0.142469
664.000000,118.966003,-0.088814,-0.130054
665.000000,118.966003,-0.078045,-0.133586
666.000000,118.966003,-0.067167,-0.117162
667.000000,118.966003,-0.056195,-0.111022
668.000000,118.966003,-0.045145,-0.101559
669.000000,118.966003,-0.034032,-0.091288
670.000000,118.966003,-0.022871,-0.091265
671.000000,118.966003,-0.011678,-0.076543
672.000000,118.966003,-0.000469,-0.055411
673.000000,118.966003,0.010741,-0.060232
674.000000,118.966003,0.021936,-0.047522
675.000000,118.966003,0.033100,-0.026247
676.000000,118.966003,0.044218,-0.032781
677.000000,118.966003,0.055274,-0.017642
678.000000,118.966003,0.066253,0.000774
679.000000,118.966003,0.077140,-0.012331
680.000000,118.966003,0.087918,0.015670
681.000000,118.966003,0.098574,0.024222
682.000000,118.966003,0.109092,0.028413
683.000000,118.966003,0.119458,0.047843
684.000000,118.966003,0.129657,0.058975
685.000000,118.966003,0.139674,0.059867
686.000000,118.966003,0.149497,0.089157
687.000000,118.966003,0.159111,0.076725
688.000000,118.966003,0.168503,0.081456
689.000000,118.966003,0.177660,0.102877
690.000000,118.966003,0.186568,0.102337
691.000000,118.966003,0.195216,0.117625
692.000000,118.966003,0.203592,0.127462
693.000000,118.966003,0.211683,0.128217
694.000000,118.966003,0.219479,0.139927
695.000000,118.966003,0.226968,0.161202
696.000000,118.966003,0.234140,0.155814
697.000000,118.966003,0.240986,0.167378
698.000000,118.966003,0.247493,0.179502
699.000000,118.966003,0.253655,0.176973
700.000000,118.966003,0.259462,0.190396
701.000000,118.966003,0.264907,0.202950
702.000000,118.966003,0.269982,0.199421
703.000000,118.966003,0.274681,0.210842
704.000000,118.966003,0.278995,0.220683
705.000000,118.966003,0.282920,0.216435
706.000000,118.966003,0.286450,0.225567
707.000000,118.966003,0.289580,0.233419
708.000000,118.966003,0.292306,0.232018
709.000000,118.966003,0.294623,0.244148
710.000000,118.966003,0.296529,0.236878
711.000000,118.966003,0.298021,0.246311
712.000000,118.966003,0.299097,0.253147
713.000000,118.966003,0.299756,0.250612
714.000000,118.966003,0.299995,0.261894
715.000000,118.966003,0.299816,0.268869
716.000000,118.966003,0.299218,0.258186
717.000000,118.966003,0.298202,0.260602
718.000000,118.966003,0.296770,0.275585
719.000000,118.966003,0.294923,0.262762
720.000000,118.966003,0.292663,0.267749
721.000000,118.966003,0.289994,0.274727
722.000000,118.966003,0.286920,0.260615
723.000000,118.966003,0.283445,0.273325
724.000000,118.966003,0.279575,0.268156
725.000000,118.966003,0.275314,0.258756
726.000000,118.966003,0.270669,0.260738
727.000000,118.966003,0.265646,0.258448
728.000000,118.966003,0.260252,0.256182
729.000000,118.966003,0.254495,0.254870
730.000000,118.966003,0.248382,0.240884
731.000000,118.966003,0.241922,0.241163
732.000000,118.966003,0.235125,0.247425
733.000000,118.966003,0.227999,0.231309
734.000000,118.966003,0.220555,0.232439
735.000000,118.966003,0.212803,0.233695
736.000000,118.966003,0.204753,0.218009
737.000000,118.966003,0.196418,0.212131
738.000000,118.966003,0.187809,0.215962
739.000000,118.966003,0.178937,0.201137
740.000000,118.966003,0.169815,0.199259
741.000000,118.966003,0.160456,0.198374
742.000000,118.966003,0.150872,0.178259
743.000000,118.966003,0.141077,0.176669
744.000000,118.966003,0.131085,0.170927
745.000000,118.966003,0.120911,0.154095
746.000000,118.966003,0.110567,0.154075
747.000000,118.966003,0.100070,0.141342
748.000000,118.966003,0.089432,0.130500
749.000000,118.966003,0.078670,0.132763
750.000000,118.966003,0.067798,0.111770
751.000000,118.966003,0.056831,0.105902
752.000000,118.966003,0.045785,0.105303
753.000000,118.966003,0.034675,0.104630
754.000000,118.966003,0.023516,0.088027
755.000000,118.966003,0.012325,0.082133
756.000000,118.966003,0.001116,0.058442
757.000000,118.966003,-0.010094,0.052707
758.000000,118.966003,-0.021290,0.051819
759.000000,118.966003,-0.032457,0.029987
760.000000,118.966003,-0.043578,-0.039384
761.000000,118.966003,-0.054638,0.023506
762.000000,118.966003,-0.065623,0.011972
763.000000,118.966003,-0.076515,0.007808
764.000000,118.966003,-0.087300,-0.000939
765.000000,118.966003,-0.097964,-0.018626
766.000000,118.966003,-0.108490,-0.023795
767.000000,118.966003,-0.118865,-0.036671
768.000000,118.966003,-0.129074,-0.050371
769.000000,118.966003,-0.139102,-0.056402
770.000000,118.966003,-0.148936,-0.075255
771.000000,118.966003,-0.158563,-0.080261
772.000000,118.966003,-0.167968,-0.083147
773.000000,118.966003,-0.177138,-0.100409
774.000000,118.966003,-0.186061,-0.108858
775.000000,118.966003,-0.194724,-0.109319
776.000000,118.966003,-0.203115,-0.130581
777.000000,118.966003,-0.211223,-0.139175
778.000000,118.966003,-0.219036,-0.133629
779.000000,118.966003,-0.226543,-0.155033
780.000000,118.966003,-0.233733,-0.156766
781.000000,118.966003,-0.240598,-0.156507
782.000000,118.966003,-0.247126,-0.179340
783.000000,118.966003,-0.253309,-0.180788
784.000000,118.966003,-0.259139,-0.179525
785.000000,118.966003,-0.264606,-0.199786
786.000000,118.966003,-0.269702,-0.199521
787.000000,118.966003,-0.274422,-0.206820
788.000000,118.966003,-0.278759,-0.221091
789.000000,118.966003,-0.282706,-0.214395
790.000000,118.966003,-0.286259,-0.228533
791.000000,118.966003,-0.289411,-0.233251
792.000000,118.966003,-0.292160,-0.230133
793.000000,118.966003,-0.294501,-0.248970
794.000000,118.966003,-0.296430,-0.244407
795.000000,118.966003,-0.297946,-0.240719
796.000000,118.966003,-0.299046,-0.253688
797.000000,118.966003,-0.299728,-0.257422
798.000000,118.966003,-0.299991,-0.255019
799.000000,118.966003,-0.299836,-0.264271
800.000000,118.966003,-0.299262,-0.268147
801.000000,118.966003,-0.298270,-0.256739
802.000000,118.966003,-0.296861,-0.267988
803.000000,118.966003,-0.295038,-0.263432
804.000000,118.966003,-0.292803,-0.258167
805.000000,118.966003,-0.290160,-0.268134
806.000000,118.966003,-0.287111,-0.264721
807.000000,118.966003,-0.283660,-0.267156
808.000000,118.966003,-0.279812,-0.275854
809.000000,118.966003,-0.275573,-0.265152
810.000000,118.966003,-0.270950,-0.268137
811.000000,118.966003,-0.265948,-0.261848
812.000000,118.966003,-0.260575,-0.249437
813.000000,118.966003,-0.254838,-0.254261
814.000000,118.966003,-0.248746,-0.247555
815.000000,118.966003,-0.242306,-0.235289
816.000000,118.966003,-0.235527,-0.242396
817.000000,118.966003,-0.228420,-0.235835
818.000000,118.966003,-0.220994,-0.227283
819.000000,118.966003,-0.213259,-0.234815
820.000000,118.966003,-0.205227,-0.223394
821.000000,118.966003,-0.196907,-0.209839
822.000000,118.966003,-0.188313,-0.211509
823.000000,118.966003,-0.179456,-0.204094
824.000000,118.966003,-0.170349,-0.195535
825.000000,118.966003,-0.161003,-0.193498
826.000000,118.966003,-0.151432,-0.179363
827.000000,118.966003,-0.141651,-0.183213
828.000000,118.966003,-0.131671,-0.172912
829.000000,118.966003,-0.121507,-0.156494
830.000000,118.966003,-0.111172,-0.162750
831.000000,118.966003,-0.100683,-0.157041
832.000000,118.966003,-0.090053,-0.129908
833.000000,118.966003,-0.079298,-0.132440
834.000000,118.966003,-0.068431,-0.121731
835.000000,118.966003,-0.057470,-0.102745
836.000000,118.966003,-0.046428,-0.104988
837.000000,118.966003,-0.035321,-0.091566
838.000000,118.966003,-0.024165,-0.074578
839.000000,118.966003,-0.012975,-0.085685
0.000000,124.245003,0.001589,-0.054990
1.000000,124.245003,0.013294,-0.058519
2.000000,124.245003,0.024979,-0.048241
3.000000,124.245003,0.036626,-0.031250
4.000000,124.245003,0.048217,-0.030637
5.000000,124.245003,0.059735,-0.014359
6.000000,124.245003,0.071161,-0.003213
7.000000,124.245003,0.082480,0.001244
8.000000,124.245003,0.093673,0.020667
9.000000,124.245003,0.104723,0.017973
10.000000,124.245003,0.115613,0.033695
11.000000,124.245003,0.126327,0.054115
12.000000,124.245003,0.136849,0.051580
13.000000,124.245003,0.147163,0.064721
14.000000,124.245003,0.157253,0.084707
15.000000,124.245003,0.167102,0.082179
16.000000,124.245003,0.176696,0.095459
17.000000,124.245003,0.186022,0.107155
18.000000,124.245003,0.195065,0.109915
19.000000,124.245003,0.203812,0.124053
20.000000,124.245003,0.212248,0.137750
21.000000,124.245003,0.220357,0.138509
22.000000,124.245003,0.228132,0.149072
23.000000,124.245003,0.235561,0.164061
24.000000,124.245003,0.242631,0.163531
25.000000,124.245003,0.249334,0.175950
26.000000,124.245003,0.255653,0.179379
27.000000,124.245003,0.261581,0.189408
28.000000,124.245003,0.267113,0.199968
29.000000,124.245003,0.272239,0.188126
30.000000,124.245003,0.276951,0.213854
31.000000,124.245003,0.281242,0.223261
32.000000,124.245003,0.285099,0.220441
33.000000,124.245003,0.288524,0.229576
34.000000,124.245003,0.291510,0.240126
35.000000,124.245003,0.294054,0.231163
36.000000,124.245003,0.296151,0.245443
37.000000,124.245003,0.297794,0.256997
38.000000,124.245003,0.298981,0.244602
39.000000,124.245003,0.299714,0.255880
40.000000,124.245003,0.299992,0.266010
41.000000,124.245003,0.299815,0.263759
42.000000,124.245003,0.299181,0.265029
43.000000,124.245003,0.298086,0.266453
44.000000,124.245003,0.296539,0.264618
45.000000,124.245003,0.294541,0.268170
46.000000,124.245003,0.292096,0.259469
47.000000,124.245003,0.289207,0.265042
48.000000,124.245003,0.285875,0.274021
49.000000,124.245003,0.282105,0.261049
50.000000,124.245003,0.277907,0.264323
51.000000,124.245003,0.273287,0.270012
52.000000,124.245003,0.268252,0.256619
53.000000,124.245003,0.262809,0.257458
54.000000,124.245003,0.256961,0.262146
55.000000,124.245003,0.250722,0.248034
56.000000,124.245003,0.244102,0.249446
57.000000,124.245003,0.237112,0.252564
58.000000,124.245003,0.229762,0.235450
59.000000,124.245003,0.222060,0.235719
60.000000,124.245003,0.214018,0.233410
61.000000,124.245003,0.205650,0.218867
62.000000,124.245003,0.196971,0.218844
63.000000,124.245003,0.187992,0.208122
64.000000,124.245003,0.178728,0.201989
65.000000,124.245003,0.169187,0.205399
66.000000,124.245003,0.159390,0.183978
67.000000,124.245003,0.149351,0.184968
68.000000,124.245003,0.139085,0.082702
69.000000,124.245003,0.128607,0.163962
70.000000,124.245003,0.117933,0.175386
71.000000,124.245003,0.107078,0.177215
72.000000,124.245003,0.096061,0.146663
73.000000,124.245003,0.084897,0.145642
74.000000,124.245003,0.073605,0.141468
75.000000,124.245003,0.062201,0.120067
76.000000,124.245003,0.050700,0.114901
77.000000,124.245003,0.039123,0.109441
78.000000,124.245003,0.027487,0.089037
79.000000,124.245003,0.015808,0.083729
80.000000,124.245003,0.004106,0.072279
81.000000,124.245003,-0.007603,0.061868
82.000000,124.245003,-0.019300,0.054410
83.000000,124.245003,-0.030967,0.040424
84.000000,124.245003,-0.042588,0.026690
85.000000,124.245003,-0.054144,0.030381
86.000000,124.245003,-0.065618,0.002539
87.000000,124.245003,-0.076991,-0.002769
88.000000,124.245003,-0.088246,-0.001655
89.000000,124.245003,-0.099367,-0.026920
90.000000,124.245003,-0.110338,-0.030939
91.000000,124.245003,-0.121140,-0.030541
92.000000,124.245003,-0.131759,-0.053085
93.000000,124.245003,-0.142174,-0.060109
94.000000,124.245003,-0.152374,-0.066570
95.000000,124.245003,-0.162342,-0.085543
96.000000,124.245003,-0.172063,-0.091135
97.000000,124.245003,-0.181524,-0.094879
98.000000,124.245003,-0.190705,-0.114140
99.000000,124.245003,-0.199595,-0.116877
100.000000,124.245003,-0.208182,-0.126180
101.000000,124.245003,-0.216453,-0.139451
102.000000,124.245003,-0.224396,-0.141332
103.000000,124.245003,-0.231996,-0.162899
104.000000,124.245003,-0.239239,-0.162332
105.000000,124.245003,-0.246119,-0.163359
106.000000,124.245003,-0.252625,-0.181338
107.000000,124.245003,-0.258747,-0.181493
108.000000,124.245003,-0.264477,-0.181669
109.000000,124.245003,-0.269800,-0.202358
110.000000,124.245003,-0.274711,-0.203517
111.000000,124.245003,-0.279205,-0.203119
112.000000,124.245003,-0.283275,-0.222234
113.000000,124.245003,-0.286915,-0.223825
114.000000,124.245003,-0.290118,-0.223423
115.000000,124.245003,-0.292874,-0.239679
116.000000,124.245003,-0.295185,-0.242127
117.000000,124.245003,-0.297048,-0.239003
118.000000,124.245003,-0.298460,-0.257124
119.000000,124.245003,-0.299418,-0.250282
120.000000,124.245003,-0.299917,-0.258717
121.000000,124.245003,-0.299958,-0.262415
122.000000,124.245003,-0.299543,-0.256292
123.000000,124.245003,-0.298673,-0.267133
124.000000,124.245003,-0.297349,-0.267567
125.000000,124.245003,-0.295574,-0.258445
126.000000,124.245003,-0.293342,-0.271991
127.000000,124.245003,-0.290665,-0.269860
128.000000,124.245003,-0.287547,-0.255162
129.000000,124.245003,-0.283992,-0.269986
130.000000,124.245003,-0.280005,-0.263856
131.000000,124.245003,-0.275590,-0.256308
132.000000,124.245003,-0.270752,-0.267272
133.000000,124.245003,-0.265504,-0.255278
134.000000,124.245003,-0.259852,-0.248731
135.000000,124.245003,-0.253805,-0.259410
136.000000,124.245003,-0.247374,-0.249990
137.000000,124.245003,-0.240559,-0.238579
138.000000,124.245003,-0.233380,-0.243681
139.000000,124.245003,-0.225846,-0.234550
140.000000,124.245003,-0.217970,-0.232850
141.000000,124.245003,-0.209762,-0.229384
142.000000,124.245003,-0.201233,-0.217824
143.000000,124.245003,-0.192396,-0.215243
144.000000,124.245003,-0.183267,-0.211658
145.000000,124.245003,-0.173859,-0.195529
146.000000,124.245003,-0.164187,-0.198640
147.000000,124.245003,-0.154266,-0.182637
148.000000,124.245003,-0.144107,-0.175662
149.000000,124.245003,-0.133729,-0.178336
150.000000,124.245003,-0.123148,-0.160765
151.000000,124.245003,-0.112380,-0.153360
152.000000,124.245003,-0.101441,-0.150315
153.000000,124.245003,-0.090347,-0.139606
154.000000,124.245003,-0.079114,-0.123765
155.000000,124.245003,-0.067761,-0.124150
156.000000,124.245003,-0.056305,-0.111870
157.000000,124.245003,-0.044764,-0.093451
158.000000,124.245003,-0.033155,-0.098127
159.000000,124.245003,-0.021495,-0.084277
160.000000,124.245003,-0.009802,-0.076709
161.000000,124.245003,0.001906,-0.068101
162.000000,124.245003,0.013611,-0.057399
163.000000,124.245003,0.025296,-0.050951
164.000000,124.245003,0.036941,-0.038079
165.000000,124.245003,0.048531,-0.016231
166.000000,124.245003,0.060046,-0.019912
167.000000,124.245003,0.071470,-0.007199
168.000000,124.245003,0.082785,0.012788
169.000000,124.245003,0.093975,0.011545
170.000000,124.245003,0.105021,0.059847
171.000000,124.245003,0.115906,0.042956
172.000000,124.245003,0.126615,0.036852
173.000000,124.245003,0.137131,0.048992
174.000000,124.245003,0.147440,0.067547
175.000000,124.245003,0.157524,0.076602
176.000000,124.245003,0.167365,0.086019
177.000000,124.245003,0.176952,0.104438
178.000000,124.245003,0.186271,0.099189
179.000000,124.245003,0.195307,0.112181
180.000000,124.245003,0.204046,0.125892
181.000000,124.245003,0.212471,0.128072
182.000000,124.245003,0.220572,0.142491
183.000000,124.245003,0.228338,0.145215
184.000000,124.245003,0.235757,0.151089
185.000000,124.245003,0.242819,0.171222
186.000000,124.245003,0.249510,0.164677
187.000000,124.245003,0.255818,0.180681
188.000000,124.245003,0.261736,0.198523
189.000000,124.245003,0.267257,0.189415
190.000000,124.245003,0.272373,0.203268
191.000000,124.245003,0.277075,0.216107
192.000000,124.245003,0.281351,0.212575
193.000000,124.245003,0.285197,0.224427
194.000000,124.245003,0.288611,0.236551
195.000000,124.245003,0.291586,0.224871
196.000000,124.245003,0.294118,0.239009
197.000000,124.245003,0.296203,0.243558
198.000000,124.245003,0.297830,0.246176
199.000000,124.245003,0.299006,0.254164
200.000000,124.245003,0.299728,0.259151
201.000000,124.245003,0.299994,0.256040
202.000000,124.245003,0.299805,0.262454
203.000000,124.245003,0.299156,0.260025
204.000000,124.245003,0.298050,0.260469
205.000000,124.245003,0.296490,0.273027
206.000000,124.245003,0.294481,0.260188
207.000000,124.245003,0.292024,0.266327
208.000000,124.245003,0.289124,0.264870
209.000000,124.245003,0.285777,0.262050
210.000000,124.245003,0.281996,0.262607
211.000000,124.245003,0.277787,0.274584
212.000000,124.245003,0.273157,0.262050
213.000000,124.245003,0.268111,0.258601
214.000000,124.245003,0.262654,0.265433
215.000000,124.245003,0.256796,0.249608
216.000000,124.245003,0.250547,0.251020
217.000000,124.245003,0.243918,0.256282
218.000000,124.245003,0.236918,0.239025
219.000000,124.245003,0.229559,0.240868
220.000000,124.245003,0.221845,0.237130
221.000000,124.245003,0.213794,0.225156
222.000000,124.245003,0.205419,0.224848
223.000000,124.245003,0.196731,0.211412
224.000000,124.245003,0.187745,0.209855
225.000000,124.245003,0.178471,0.209398
226.000000,124.245003,0.168924,0.190127
227.000000,124.245003,0.159121,0.189117
228.000000,124.245003,0.149075,0.190376
229.000000,124.245003,0.138804,0.168968
230.000000,124.245003,0.128321,0.171811
231.000000,124.245003,0.117640,0.165920
232.000000,124.245003,0.106781,0.146232
233.000000,124.245003,0.095760,0.147647
234.000000,124.245003,0.084593,0.141325
235.000000,124.245003,0.073297,0.117635
236.000000,124.245003,0.061890,0.116044
237.000000,124.245003,0.050387,0.111154
238.000000,124.245003,0.038808,0.093043
239.000000,124.245003,0.027170,0.090452
240.000000,124.245003,0.015491,0.085993
241.000000,124.245003,0.003788,0.066732
242.000000,124.245003,-0.007920,0.062282
243.000000,124.245003,-0.019617,0.049827
244.000000,124.245003,-0.031283,0.034559
245.000000,124.245003,-0.042902,0.033536
246.000000,124.245003,-0.054456,0.015972
247.000000,124.245003,-0.065928,0.007818
248.000000,124.245003,-0.077297,0.004359
249.000000,124.245003,-0.088549,-0.017622
250.000000,124.245003,-0.099667,-0.024073
251.000000,124.245003,-0.110633,-0.046826
252.000000,124.245003,-0.121432,-0.048509
253.000000,124.245003,-0.132043,-0.051531
254.000000,124.245003,-0.142454,-0.051418
255.000000,124.245003,-0.152647,-0.071100
256.000000,124.245003,-0.162609,-0.080271
257.000000,124.245003,-0.172324,-0.085874
258.000000,124.245003,-0.181777,-0.103272
259.000000,124.245003,-0.190949,-0.108868
260.000000,124.245003,-0.199832,-0.113610
261.000000,124.245003,-0.208411,-0.129868
262.000000,124.245003,-0.216674,-0.135464
263.000000,124.245003,-0.224608,-0.146481
264.000000,124.245003,-0.232196,-0.153751
265.000000,124.245003,-0.239430,-0.158492
266.000000,124.245003,-0.246300,-0.177196
267.000000,124.245003,-0.252796,-0.181778
268.000000,124.245003,-0.258909,-0.178660
269.000000,124.245003,-0.264627,-0.198209
270.000000,124.245003,-0.269938,-0.200085
271.000000,124.245003,-0.274838,-0.201115
272.000000,124.245003,-0.279321,-0.225949
273.000000,124.245003,-0.283380,-0.219819
274.000000,124.245003,-0.287009,-0.213987
275.000000,124.245003,-0.290197,-0.233387
276.000000,124.245003,-0.292941,-0.234835
277.000000,124.245003,-0.295241,-0.238005
278.000000,124.245003,-0.297092,-0.246113
279.000000,124.245003,-0.298493,-0.244271
280.000000,124.245003,-0.299439,-0.250152
281.000000,124.245003,-0.299923,-0.265987
282.000000,124.245003,-0.299952,-0.257574
283.000000,124.245003,-0.299525,-0.266431
284.000000,124.245003,-0.298644,-0.263134
285.000000,124.245003,-0.297309,-0.258585
286.000000,124.245003,-0.295518,-0.270702
287.000000,124.245003,-0.293275,-0.266570
288.000000,124.245003,-0.290586,-0.257591
289.000000,124.245003,-0.287456,-0.271563
290.000000,124.245003,-0.283890,-0.273150
291.000000,124.245003,-0.279893,-0.256023
292.000000,124.245003,-0.275463,-0.265987
293.000000,124.245003,-0.270615,-0.268293
294.000000,124.245003,-0.265355,-0.255878
295.000000,124.245003,-0.259693,-0.260268
296.000000,124.245003,-0.253637,-0.253711
297.000000,124.245003,-0.247192,-0.251719
298.000000,124.245003,-0.240369,-0.249261
299.000000,124.245003,-0.233180,-0.238416
300.000000,124.245003,-0.225638,-0.241117
301.000000,124.245003,-0.217752,-0.232247
302.000000,124.245003,-0.209536,-0.218407
303.000000,124.245003,-0.200997,-0.223947
304.000000,124.245003,-0.192152,-0.212808
305.000000,124.245003,-0.183015,-0.204544
306.000000,124.245003,-0.173601,-0.207076
307.000000,124.245003,-0.163922,-0.193511
308.000000,124.245003,-0.153993,-0.180383
309.000000,124.245003,-0.143828,-0.183912
310.000000,124.245003,-0.133444,-0.173492
311.000000,124.245003,-0.122858,-0.161368
312.000000,124.245003,-0.112085,-0.168187
313.000000,124.245003,-0.101142,-0.147472
314.000000,124.245003,-0.090043,-0.129341
315.000000,124.245003,-0.078807,-0.132297
316.000000,124.245003,-0.067452,-0.119305
317.000000,124.245003,-0.055993,-0.105174
318.000000,124.245003,-0.044450,-0.107563
319.000000,124.245003,-0.032839,-0.092712
320.000000,124.245003,-0.021178,-0.084571
321.000000,124.245003,-0.009484,-0.079685
322.000000,124.245003,0.002224,-0.057545
323.000000,124.245003,0.013929,-0.062094
324.000000,124.245003,0.025612,-0.049662
325.000000,124.245003,0.037257,-0.028957
326.000000,124.245003,0.048844,-0.032493
327.000000,124.245003,0.060357,-0.014206
328.000000,124.245003,0.071778,0.002636
329.000000,124.245003,0.083091,0.003821
330.000000,124.245003,0.094277,0.014673
331.000000,124.245003,0.105318,0.032515
332.000000,124.245003,0.116198,0.030703
333.000000,124.245003,0.126903,0.048128
334.000000,124.245003,0.137414,0.063257
335.000000,124.245003,0.147717,0.060728
336.000000,124.245003,0.157793,0.081589
337.000000,124.245003,0.167628,0.088713
338.000000,124.245003,0.177209,0.087894
339.000000,124.245003,0.186520,0.104603
340.000000,124.245003,0.195548,0.113887
341.000000,124.245003,0.204279,0.120491
342.000000,124.245003,0.212694,0.134480
343.000000,124.245003,0.220787,0.136504
344.000000,124.245003,0.228544,0.144794
345.000000,124.245003,0.235955,0.160354
346.000000,124.245003,0.243007,0.157673
347.000000,124.245003,0.249685,0.175532
348.000000,124.245003,0.255983,0.188083
349.000000,124.245003,0.261891,0.185267
350.000000,124.245003,0.267402,0.198119
351.000000,124.245003,0.272507,0.213245
352.000000,124.245003,0.277197,0.204282
353.000000,124.245003,0.281460,0.219563
354.000000,124.245003,0.285295,0.228257
355.000000,124.245003,0.288697,0.221869
356.000000,124.245003,0.291661,0.220849
357.000000,124.245003,0.294182,0.243277
358.000000,124.245003,0.296251,0.237740
359.000000,124.245003,0.297867,0.249300
360.000000,124.245003,0.299031,0.253014
361.000000,124.245003,0.299741,0.250606
362.000000,124.245003,0.299996,0.262305
363.000000,124.245003,0.299795,0.253750
364.000000,124.245003,0.299131,0.263041
365.000000,124.245003,0.298013,0.269876
366.000000,124.245003,0.296442,0.259333
367.000000,124.245003,0.294421,0.278199
368.000000,124.245003,0.291953,0.273730
369.000000,124.245003,0.289037,0.261761
370.000000,124.245003,0.285679,0.262603
371.000000,124.245003,0.281887,0.271725
372.000000,124.245003,0.277667,0.259472
373.000000,124.245003,0.273026,0.259025
374.000000,124.245003,0.267970,0.264717
375.000000,124.245003,0.262499,0.251036
376.000000,124.245003,0.256631,0.256308
377.000000,124.245003,0.250372,0.254429
378.000000,124.245003,0.243733,0.248893
379.000000,124.245003,0.236725,0.240576
380.000000,124.245003,0.229353,0.230858
381.000000,124.245003,0.221630,0.227296
382.000000,124.245003,0.213571,0.233277
383.000000,124.245003,0.205187,0.216866
384.000000,124.245003,0.196492,0.215567
385.000000,124.245003,0.187498,0.216111
386.000000,124.245003,0.178215,0.200279
387.000000,124.245003,0.168661,0.188537
388.000000,124.245003,0.158851,0.197374
389.000000,124.245003,0.148800,0.178832
390.000000,124.245003,0.138523,0.174240
391.000000,124.245003,0.128033,0.174210
392.000000,124.245003,0.117348,0.155098
393.000000,124.245003,0.106484,0.150076
394.000000,124.245003,0.095458,0.147617
395.000000,124.245003,0.084288,0.131216
396.000000,124.245003,0.072990,0.125908
397.000000,124.245003,0.061578,0.114885
398.000000,124.245003,0.050074,0.103334
399.000000,124.245003,0.038493,0.104027
400.000000,124.245003,0.026854,0.084170
401.000000,124.245003,0.015174,0.076019
402.000000,124.245003,0.003471,0.078137
403.000000,124.245003,-0.008238,0.055013
404.000000,124.245003,-0.019934,0.047419
405.000000,124.245003,-0.031599,0.050248
406.000000,124.245003,-0.043217,0.025842
407.000000,124.245003,-0.054769,0.013815
408.000000,124.245003,-0.066237,0.014643
409.000000,124.245003,-0.077604,-0.007474
410.000000,124.245003,-0.088853,-0.011923
411.000000,124.245003,-0.099967,-0.013954
412.000000,124.245003,-0.110929,-0.036071
413.000000,124.245003,-0.121722,-0.041667
414.000000,124.245003,-0.132328,-0.046120
415.000000,124.245003,-0.142733,-0.066527
416.000000,124.245003,-0.152921,-0.072266
417.000000,124.245003,-0.162877,-0.083279
418.000000,124.245003,-0.172585,-0.098557
419.000000,124.245003,-0.182028,-0.095867
420.000000,124.245003,-0.191194,-0.122572
421.000000,124.245003,-0.200069,-0.121439
422.000000,124.245003,-0.208640,-0.121326
423.000000,124.245003,-0.216894,-0.141160
424.000000,124.245003,-0.224818,-0.146753
425.000000,124.245003,-0.232396,-0.145209
426.000000,124.245003,-0.239621,-0.167471
427.000000,124.245003,-0.246481,-0.174781
428.000000,124.245003,-0.252968,-0.167660
429.000000,124.245003,-0.259071,-0.190347
430.000000,124.245003,-0.264775,-0.193226
431.000000,124.245003,-0.270075,-0.193110
432.000000,124.245003,-0.274965,-0.212513
433.000000,124.245003,-0.279437,-0.212960
434.000000,124.245003,-0.283485,-0.219265
435.000000,124.245003,-0.287102,-0.226098
436.000000,124.245003,-0.290276,-0.226691
437.000000,124.245003,-0.293009,-0.239835
438.000000,124.245003,-0.295297,-0.241972
439.000000,124.245003,-0.297137,-0.238996
440.000000,124.245003,-0.298526,-0.258691
441.000000,124.245003,-0.299456,-0.257276
442.000000,124.245003,-0.299929,-0.245722
443.000000,124.245003,-0.299946,-0.265556
444.000000,124.245003,-0.299508,-0.262998
445.000000,124.245003,-0.298614,-0.256166
446.000000,124.245003,-0.297268,-0.267272
447.000000,124.245003,-0.295461,-0.265145
448.000000,124.245003,-0.293207,-0.264317
449.000000,124.245003,-0.290507,-0.271991
450.000000,124.245003,-0.287366,-0.265003
451.000000,124.245003,-0.283789,-0.256308
452.000000,124.245003,-0.279776,-0.271278
453.000000,124.245003,-0.275336,-0.260142
454.000000,124.245003,-0.270477,-0.262011
455.000000,124.245003,-0.265207,-0.261269
456.000000,124.245003,-0.259535,-0.252859
457.000000,124.245003,-0.253469,-0.260845
458.000000,124.245003,-0.247011,-0.256988
459.000000,124.245003,-0.240178,-0.238426
460.000000,124.245003,-0.232980,-0.246538
461.000000,124.245003,-0.225429,-0.242979
462.000000,124.245003,-0.217535,-0.224278
463.000000,124.245003,-0.209308,-0.226952
464.000000,124.245003,-0.200760,-0.222821
465.000000,124.245003,-0.191907,-0.204836
466.000000,124.245003,-0.182763,-0.208222
467.000000,124.245003,-0.173342,-0.199518
468.000000,124.245003,-0.163657,-0.186248
469.000000,124.245003,-0.153720,-0.187060
470.000000,124.245003,-0.143549,-0.178644
471.000000,124.245003,-0.133160,-0.167938
472.000000,124.245003,-0.122569,-0.168045
473.000000,124.245003,-0.111791,-0.152194
474.000000,124.245003,-0.100843,-0.149477
475.000000,124.245003,-0.089740,-0.136734
476.000000,124.245003,-0.078500,-0.125607
477.000000,124.245003,-0.067142,-0.128437
478.000000,124.245003,-0.055681,-0.113434
479.000000,124.245003,-0.044136,-0.097878
480.000000,124.245003,-0.032523,-0.070964
481.000000,124.245003,-0.020861,-0.085413
482.000000,124.245003,-0.009166,-0.071142
483.000000,124.245003,0.002542,-0.072959
484.000000,124.245003,0.014246,-0.060964
485.000000,124.245003,0.025929,-0.040978
486.000000,124.245003,0.037572,-0.041359
487.000000,124.245003,0.049157,-0.091573
488.000000,124.245003,0.060668,-0.011807
489.000000,124.245003,0.072087,0.001820
490.000000,124.245003,0.083397,0.014954
491.000000,124.245003,0.094578,0.029954
492.000000,124.245003,0.105615,0.027697
493.000000,124.245003,0.116491,0.044692
494.000000,124.245003,0.127191,0.047703
495.000000,124.245003,0.137697,0.051431
496.000000,124.245003,0.147994,0.073137
497.000000,124.245003,0.158063,0.074170
498.000000,124.245003,0.167891,0.087314
499.000000,124.245003,0.177465,0.102440
500.000000,124.245003,0.186769,0.102195
501.000000,124.245003,0.195790,0.115478
502.000000,124.245003,0.204510,0.131319
503.000000,124.245003,0.212918,0.128645
504.000000,124.245003,0.221002,0.141640
505.000000,124.245003,0.228750,0.158197
506.000000,124.245003,0.236152,0.157242
507.000000,124.245003,0.243193,0.169233
508.000000,124.245003,0.249860,0.176357
509.000000,124.245003,0.256148,0.179690
510.000000,124.245003,0.262046,0.187106
511.000000,124.245003,0.267547,0.204096
512.000000,124.245003,0.272641,0.196989
513.000000,124.245003,0.277317,0.207121
514.000000,124.245003,0.281569,0.212976
515.000000,124.245003,0.285393,0.223440
516.000000,124.245003,0.288784,0.231137
517.000000,124.245003,0.291736,0.229301
518.000000,124.245003,0.294245,0.234301
519.000000,124.245003,0.296300,0.250715
520.000000,124.245003,0.297904,0.243320
521.000000,124.245003,0.299057,0.253455
522.000000,124.245003,0.299755,0.264436
523.000000,124.245003,0.299998,0.255327
524.000000,124.245003,0.299781,0.263316
525.000000,124.245003,0.299106,0.266291
526.000000,124.245003,0.297976,0.256043
527.000000,124.245003,0.296393,0.266032
528.000000,124.245003,0.294361,0.276443
529.000000,124.245003,0.291881,0.261188
530.000000,124.245003,0.288951,0.266745
531.000000,124.245003,0.285581,0.268017
532.000000,124.245003,0.281778,0.263474
533.000000,124.245003,0.277548,0.265456
534.000000,124.245003,0.272895,0.257600
535.000000,124.245003,0.267825,0.253892
536.000000,124.245003,0.262345,0.264161
537.000000,124.245003,0.256466,0.250897
538.000000,124.245003,0.250197,0.249025
539.000000,124.245003,0.243549,0.247425
540.000000,124.245003,0.236531,0.244035
541.000000,124.245003,0.229147,0.240728
542.000000,124.245003,0.221415,0.242558
543.000000,124.245003,0.213348,0.222585
544.000000,124.245003,0.204956,0.222711
545.000000,124.245003,0.196253,0.224540
546.000000,124.245003,0.187249,0.202423
547.000000,124.245003,0.177959,0.205982
548.000000,124.245003,0.168398,0.207957
549.000000,124.245003,0.158582,0.186694
550.000000,124.245003,0.148524,0.188822
551.000000,124.245003,0.138241,0.175791
552.000000,124.245003,0.127745,0.159240
553.000000,124.245003,0.117055,0.156931
554.000000,124.245003,0.106187,0.140778
555.000000,124.245003,0.095157,0.138505
556.000000,124.245003,0.083983,0.142197
557.000000,124.245003,0.072681,0.118778
558.000000,124.245003,0.061267,0.111621
559.000000,124.245003,0.049760,0.108447
560.000000,124.245003,0.038178,0.091900
561.000000,124.245003,0.026538,0.090598
562.000000,124.245003,0.014857,0.089710
563.000000,124.245003,0.003153,0.076317
564.000000,124.245003,-0.008555,0.058568
565.000000,124.245003,-0.020251,0.060255
566.000000,124.245003,-0.031915,0.035421
567.000000,124.245003,-0.043532,0.030540
568.000000,124.245003,-0.055082,0.025223
569.000000,124.245003,-0.066547,0.002248
570.000000,124.245003,-0.077911,-0.002775
571.000000,124.245003,-0.089156,-0.007516
572.000000,124.245003,-0.100267,-0.024060
573.000000,124.245003,-0.111225,-0.029086
574.000000,124.245003,-0.122012,-0.047678
575.000000,124.245003,-0.132613,0.042280
576.000000,124.245003,-0.143012,-0.058545
577.000000,124.245003,-0.153194,-0.095270
578.000000,124.245003,-0.163144,-0.099992
579.000000,124.245003,-0.172845,-0.093872
580.000000,124.245003,-0.182280,-0.115853
581.000000,124.245003,-0.191438,-0.116724
582.000000,124.245003,-0.200306,-0.121903
583.000000,124.245003,-0.208869,-0.138158
584.000000,124.245003,-0.217115,-0.138748
585.000000,124.245003,-0.225027,-0.139205
586.000000,124.245003,-0.232596,-0.164466
587.000000,124.245003,-0.239812,-0.169343
588.000000,124.245003,-0.246663,-0.161368
589.000000,124.245003,-0.253140,-0.182484
590.000000,124.245003,-0.259231,-0.184648
591.000000,124.245003,-0.264923,-0.186390
592.000000,124.245003,-0.270213,-0.203789
593.000000,124.245003,-0.275092,-0.208669
594.000000,124.245003,-0.279553,-0.209693
595.000000,124.245003,-0.283591,-0.222950
596.000000,124.245003,-0.287193,-0.222827
597.000000,124.245003,-0.290355,-0.232982
598.000000,124.245003,-0.293077,-0.235395
599.000000,124.245003,-0.295354,-0.239420
600.000000,124.245003,-0.297182,-0.247827
601.000000,124.245003,-0.298558,-0.254698
602.000000,124.245003,-0.299474,-0.247150
603.000000,124.245003,-0.299935,-0.258973
604.000000,124.245003,-0.299940,-0.261852
605.000000,124.245003,-0.299490,-0.252303
606.000000,124.245003,-0.298585,-0.266703
607.000000,124.245003,-0.297223,-0.263429
608.000000,124.245003,-0.295405,-0.257024
609.000000,124.245003,-0.293139,-0.272418
610.000000,124.245003,-0.290428,-0.271295
611.000000,124.245003,-0.287276,-0.261742
612.000000,124.245003,-0.283687,-0.269562
613.000000,124.245003,-0.279660,-0.261573
614.000000,124.245003,-0.275209,-0.255589
615.000000,124.245003,-0.270339,-0.264844
616.000000,124.245003,-0.265059,-0.262147
617.000000,124.245003,-0.259377,-0.261149
618.000000,124.245003,-0.253297,-0.256554
619.000000,124.245003,-0.246830,-0.242853
620.000000,124.245003,-0.239987,-0.252402
621.000000,124.245003,-0.232780,-0.244119
622.000000,124.245003,-0.225220,-0.230421
623.000000,124.245003,-0.217317,-0.234527
624.000000,124.245003,-0.209079,-0.235116
625.000000,124.245003,-0.200523,-0.212267
626.000000,124.245003,-0.191663,-0.215227
627.000000,124.245003,-0.182512,-0.206807
628.000000,124.245003,-0.173083,-0.194683
629.000000,124.245003,-0.163390,-0.194353
630.000000,124.245003,-0.153446,-0.183647
631.000000,124.245003,-0.143269,-0.169376
632.000000,124.245003,-0.132875,-0.174764
633.000000,124.245003,-0.122279,-0.153910
634.000000,124.245003,-0.111497,-0.147637
635.000000,124.245003,-0.100543,-0.147741
636.000000,124.245003,-0.089436,-0.138039
637.000000,124.245003,-0.078194,-0.133463
638.000000,124.245003,-0.066832,-0.123437
639.000000,124.245003,-0.055369,-0.108305
640.000000,124.245003,-0.043822,-0.109995
641.000000,124.245003,-0.032207,-0.094846
642.000000,124.245003,-0.020544,-0.088438
643.000000,124.245003,-0.008849,-0.079251
644.000000,124.245003,0.002859,-0.063681
645.000000,124.245003,0.014563,-0.047124
646.000000,124.245003,0.026245,-0.045650
647.000000,124.245003,0.037887,-0.032370
648.000000,124.245003,0.049471,-0.015956
649.000000,124.245003,0.060979,-0.024627
650.000000,124.245003,0.072396,-0.008918
651.000000,124.245003,0.083702,0.014643
652.000000,124.245003,0.094879,0.014832
653.000000,124.245003,0.105912,0.029828
654.000000,124.245003,0.116784,0.045242
655.000000,124.245003,0.127479,0.039997
656.000000,124.245003,0.137980,0.056563
657.000000,124.245003,0.148269,0.068839
658.000000,124.245003,0.158332,0.073309
659.000000,124.245003,0.168155,0.088875
660.000000,124.245003,0.177722,0.093162
661.000000,124.245003,0.187019,0.102619
662.000000,124.245003,0.196031,0.120895
663.000000,124.245003,0.204742,0.121925
664.000000,124.245003,0.213141,0.129351
665.000000,124.245003,0.221217,0.147482
666.000000,124.245003,0.228956,0.149522
667.000000,124.245003,0.236349,0.158372
668.000000,124.245003,0.243378,0.173213
669.000000,124.245003,0.250035,0.169681
670.000000,124.245003,0.256313,0.181533
671.000000,124.245003,0.262201,0.197374
672.000000,124.245003,0.267691,0.192986
673.000000,124.245003,0.272774,0.203692
674.000000,124.245003,0.277437,0.224825
675.000000,124.245003,0.281678,0.211859
676.000000,124.245003,0.285491,0.218847
677.000000,124.245003,0.288870,0.229556
678.000000,124.245003,0.291811,0.230875
679.000000,124.245003,0.294305,0.239718
680.000000,124.245003,0.296348,0.238157
681.000000,124.245003,0.297941,0.245168
682.000000,124.245003,0.299082,0.255721
683.000000,124.245003,0.299769,0.250181
684.000000,124.245003,0.300000,0.261463
685.000000,124.245003,0.299768,0.256427
686.000000,124.245003,0.299080,0.255327
687.000000,124.245003,0.297939,0.267179
688.000000,124.245003,0.296345,0.274299
689.000000,124.245003,0.294301,0.262905
690.000000,124.245003,0.291806,0.270751
691.000000,124.245003,0.288864,0.271155
692.000000,124.245003,0.285484,0.262332
693.000000,124.245003,0.281670,0.267888
694.000000,124.245003,0.277428,0.262878
695.000000,124.245003,0.272765,0.259041
696.000000,124.245003,0.267681,0.264310
697.000000,124.245003,0.262190,0.251745
698.000000,124.245003,0.256301,0.253889
699.000000,124.245003,0.250022,0.255291
700.000000,124.245003,0.243364,0.243604
701.000000,124.245003,0.236334,0.242017
702.000000,124.245003,0.228941,0.246563
703.000000,124.245003,0.221201,0.229307
704.000000,124.245003,0.213124,0.226717
705.000000,124.245003,0.204724,0.219252
706.000000,124.245003,0.196013,0.209288
707.000000,124.245003,0.187000,0.212274
708.000000,124.245003,0.177702,0.211386
709.000000,124.245003,0.168135,0.194560
710.000000,124.245003,0.158312,0.187679
711.000000,124.245003,0.148249,0.189939
712.000000,124.245003,0.137959,0.173829
713.000000,124.245003,0.127457,0.167375
714.000000,124.245003,0.116762,0.163919
715.000000,124.245003,0.105890,0.146802
716.000000,124.245003,0.094856,0.145497
717.000000,124.245003,0.083679,0.129337
718.000000,124.245003,0.072372,0.119918
719.000000,124.245003,0.060956,0.118178
720.000000,124.245003,0.049447,0.102907
721.000000,124.245003,0.037863,0.098467
722.000000,124.245003,0.026221,0.096864
723.000000,124.245003,0.014539,0.074743
724.000000,124.245003,0.002835,0.069151
725.000000,124.245003,-0.008873,0.064688
726.000000,124.245003,-0.020568,0.044857
727.000000,124.245003,-0.032231,0.036551
728.000000,124.245003,-0.043846,0.037518
729.000000,124.245003,-0.055394,0.015117
730.000000,124.245003,-0.066856,0.014673
731.000000,124.245003,-0.078217,0.005634
732.000000,124.245003,-0.089460,-0.019057
733.000000,124.245003,-0.100566,-0.021794
734.000000,124.245003,-0.111520,-0.032960
735.000000,124.245003,-0.122302,-0.046511
736.000000,124.245003,-0.132897,-0.053396
737.000000,124.245003,-0.143291,-0.069827
738.000000,124.245003,-0.153468,-0.082832
739.000000,124.245003,-0.163411,-0.071991
740.000000,124.245003,-0.173104,-0.093548
741.000000,124.245003,-0.182532,-0.104998
742.000000,124.245003,-0.191683,-0.105313
743.000000,124.245003,-0.200542,-0.124004
744.000000,124.245003,-0.209097,-0.129023
745.000000,124.245003,-0.217334,-0.131339
746.000000,124.245003,-0.225236,-0.151743
747.000000,124.245003,-0.232796,-0.152760
748.000000,124.245003,-0.240002,-0.152647
749.000000,124.245003,-0.246844,-0.175192
750.000000,124.245003,-0.253311,-0.178356
751.000000,124.245003,-0.259390,-0.180814
752.000000,124.245003,-0.265071,-0.196069
753.000000,124.245003,-0.270350,-0.204236
754.000000,124.245003,-0.275219,-0.203398
755.000000,124.245003,-0.279670,-0.216373
756.000000,124.245003,-0.283695,-0.217681
757.000000,124.245003,-0.287283,-0.229116
758.000000,124.245003,-0.290434,-0.233963
759.000000,124.245003,-0.293145,-0.231130
760.000000,124.245003,-0.295410,-0.245968
761.000000,124.245003,-0.297226,-0.250268
762.000000,124.245003,-0.298588,-0.243575
763.000000,124.245003,-0.299491,-0.257263
764.000000,124.245003,-0.299941,-0.252846
765.000000,124.245003,-0.299934,-0.248157
766.000000,124.245003,-0.299473,-0.264698
767.000000,124.245003,-0.298556,-0.263714
768.000000,124.245003,-0.297178,-0.254734
769.000000,124.245003,-0.295349,-0.268131
770.000000,124.245003,-0.293071,-0.265576
771.000000,124.245003,-0.290349,-0.257882
772.000000,124.245003,-0.287185,-0.272136
773.000000,124.245003,-0.283582,-0.268150
774.000000,124.245003,-0.279544,-0.265307
775.000000,124.245003,-0.275082,-0.270420
776.000000,124.245003,-0.270202,-0.260434
777.000000,124.245003,-0.264911,-0.259996
778.000000,124.245003,-0.259219,-0.257843
779.000000,124.245003,-0.253126,-0.250434
780.000000,124.245003,-0.246648,-0.258121
781.000000,124.245003,-0.239796,-0.248840
782.000000,124.245003,-0.232580,-0.234142
783.000000,124.245003,-0.225011,-0.237247
784.000000,124.245003,-0.217097,-0.229255
785.000000,124.245003,-0.208850,-0.218132
786.000000,124.245003,-0.200286,-0.231956
787.000000,124.245003,-0.191419,-0.210528
788.000000,124.245003,-0.182260,-0.192536
789.000000,124.245003,-0.172825,-0.202646
790.000000,124.245003,-0.163123,-0.193372
791.000000,124.245003,-0.153173,-0.186380
792.000000,124.245003,-0.142990,-0.181629
793.000000,124.245003,-0.132590,-0.170785
794.000000,124.245003,-0.121989,-0.169632
795.000000,124.245003,-0.111202,-0.157468
796.000000,124.245003,-0.100243,-0.141909
797.000000,124.245003,-0.089133,-0.142592
798.000000,124.245003,-0.077887,-0.131021
799.000000,124.245003,-0.066523,-0.111890
800.000000,124.245003,-0.055057,-0.115565
801.000000,124.245003,-0.043507,-0.106145
802.000000,124.245003,-0.031891,-0.084442
803.000000,124.245003,-0.020227,-0.087544
0.000000,129.757996,0.004087,-0.069244
1.000000,129.757996,0.016309,-0.049387
2.000000,129.757996,0.028503,-0.039679
3.000000,129.757996,0.040650,-0.036929
4.000000,129.757996,0.052729,-0.020223
5.000000,129.757996,0.064721,-0.019786
6.000000,129.757996,0.076606,-0.002474
7.000000,129.757996,0.088361,0.012082
8.000000,129.757996,0.099971,0.014832
9.000000,129.757996,0.111417,0.026829
10.000000,129.757996,0.122674,0.048820
11.000000,129.757996,0.133729,0.043572
12.000000,129.757996,0.144564,0.063289
13.000000,129.757996,0.155155,0.079127
14.000000,129.757996,0.165489,0.075029
15.000000,129.757996,0.175551,0.095744
16.000000,129.757996,0.185318,0.108868
17.000000,129.757996,0.194777,0.108629
18.000000,129.757996,0.203916,0.118761
19.000000,129.757996,0.212713,0.135607
20.000000,129.757996,0.221156,0.134221
21.000000,129.757996,0.229235,0.150215
22.000000,129.757996,0.236930,0.157067
23.000000,129.757996,0.244231,0.156523
24.000000,129.757996,0.251130,0.183097
25.000000,129.757996,0.257609,0.178683
26.000000,129.757996,0.263658,0.184972
27.000000,129.757996,0.269273,0.202244
28.000000,129.757996,0.274440,0.198424
29.000000,129.757996,0.279147,0.211704
30.000000,129.757996,0.283395,0.227260
31.000000,129.757996,0.287172,0.220441
32.000000,129.757996,0.290467,0.226286
33.000000,129.757996,0.293283,0.243986
34.000000,129.757996,0.295614,0.226590
35.000000,129.757996,0.297447,0.244585
36.000000,129.757996,0.298791,0.261431
37.000000,129.757996,0.299641,0.249893
38.000000,129.757996,0.299985,0.261026
39.000000,129.757996,0.299835,0.264297
40.000000,129.757996,0.299192,0.258471
41.000000,129.757996,0.298042,0.262454
42.000000,129.757996,0.296401,0.260884
43.000000,129.757996,0.294272,0.261185
44.000000,129.757996,0.291647,0.272026
45.000000,129.757996,0.288540,0.254041
46.000000,129.757996,0.284957,0.265184
47.000000,129.757996,0.280896,0.276307
48.000000,129.757996,0.276368,0.197274
49.000000,129.757996,0.271386,0.264750
50.000000,129.757996,0.265949,0.279306
51.000000,129.757996,0.260069,0.262762
52.000000,129.757996,0.253761,0.261745
53.000000,129.757996,0.247029,0.266291
54.000000,129.757996,0.239885,0.249466
55.000000,129.757996,0.232346,0.250162
56.000000,129.757996,0.224420,0.251852
57.000000,129.757996,0.216118,0.230162
58.000000,129.757996,0.207460,0.227426
59.000000,129.757996,0.198458,0.231127
60.000000,129.757996,0.189122,0.212002
61.000000,129.757996,0.179476,0.206833
62.000000,129.757996,0.169532,0.196111
63.000000,129.757996,0.159302,0.186691
64.000000,129.757996,0.148810,0.188239
65.000000,129.757996,0.138073,0.161245
66.000000,129.757996,0.127102,0.168243
67.000000,129.757996,0.115922,0.171646
68.000000,129.757996,0.104552,0.146663
69.000000,129.757996,0.093004,0.144506
70.000000,129.757996,0.081303,0.139755
71.000000,129.757996,0.069468,0.121352
72.000000,129.757996,0.057516,0.116475
73.000000,129.757996,0.045469,0.117446
74.000000,129.757996,0.033348,0.095187
75.000000,129.757996,0.021169,0.089163
76.000000,129.757996,0.008957,0.085989
77.000000,129.757996,-0.003271,0.059728
78.000000,129.757996,-0.015494,0.057852
79.000000,129.757996,-0.027690,0.055109
80.000000,129.757996,-0.039841,0.028701
81.000000,129.757996,-0.051925,0.025534
82.000000,129.757996,-0.063923,0.017658
83.000000,129.757996,-0.075816,-0.002616
84.000000,129.757996,-0.087582,-0.004067
85.000000,129.757996,-0.099201,-0.024209
86.000000,129.757996,-0.110658,-0.029216
87.000000,129.757996,-0.121930,-0.029385
88.000000,129.757996,-0.132998,-0.056372
89.000000,129.757996,-0.143847,-0.062819
90.000000,129.757996,-0.154457,-0.064423
91.000000,129.757996,-0.164808,-0.095979
92.000000,129.757996,-0.174887,-0.091848
93.000000,129.757996,-0.184677,-0.084585
94.000000,129.757996,-0.194156,-0.087249
95.000000,129.757996,-0.203315,-0.117304
96.000000,129.757996,-0.212139,-0.118762
97.000000,129.757996,-0.220604,-0.144884
98.000000,129.757996,-0.228706,-0.150908
99.000000,129.757996,-0.236431,-0.155500
100.000000,129.757996,-0.243757,-0.164904
101.000000,129.757996,-0.250681,-0.175645
102.000000,129.757996,-0.257192,-0.185499
103.000000,129.757996,-0.263269,-0.192500
104.000000,129.757996,-0.268911,-0.191953
105.000000,129.757996,-0.274110,-0.211078
106.000000,129.757996,-0.278849,-0.208663
107.000000,129.757996,-0.283125,-0.210694
108.000000,129.757996,-0.286934,-0.227380
109.000000,129.757996,-0.290264,-0.231114
110.000000,129.757996,-0.293109,-0.227283
111.000000,129.757996,-0.295472,-0.243681
112.000000,129.757996,-0.297343,-0.241412
113.000000,129.757996,-0.298716,-0.239437
114.000000,129.757996,-0.299597,-0.256835
115.000000,129.757996,-0.299980,-0.255136
116.000000,129.757996,-0.299860,-0.253588
117.000000,129.757996,-0.299247,-0.273707
118.000000,129.757996,-0.298137,-0.263005
119.000000,129.757996,-0.296525,-0.263296
120.000000,129.757996,-0.294426,-0.268707
121.000000,129.757996,-0.291840,-0.263154
122.000000,129.757996,-0.288762,-0.272282
123.000000,129.757996,-0.285208,-0.264708
124.000000,129.757996,-0.281184,-0.257014
125.000000,129.757996,-0.276684,-0.266842
126.000000,129.757996,-0.271729,-0.261136
127.000000,129.757996,-0.266327,-0.246869
128.000000,129.757996,-0.260474,-0.262409
129.000000,129.757996,-0.254192,-0.254705
130.000000,129.757996,-0.247492,-0.242866
131.000000,129.757996,-0.240374,-0.253260
132.000000,129.757996,-0.232858,-0.240839
133.000000,129.757996,-0.224959,-0.223566
134.000000,129.757996,-0.216682,-0.234533
135.000000,129.757996,-0.208046,-0.225113
136.000000,129.757996,-0.199067,-0.213126
137.000000,129.757996,-0.189754,-0.216088
138.000000,129.757996,-0.180126,-0.203812
139.000000,129.757996,-0.170201,-0.202666
140.000000,129.757996,-0.159992,-0.196645
141.000000,129.757996,-0.149515,-0.180940
142.000000,129.757996,-0.138793,-0.182630
143.000000,129.757996,-0.127839,-0.168197
144.000000,129.757996,-0.116672,-0.150782
145.000000,129.757996,-0.105312,-0.156461
146.000000,129.757996,-0.093777,-0.141465
147.000000,129.757996,-0.082085,-0.128483
148.000000,129.757996,-0.070258,-0.130438
149.000000,129.757996,-0.058314,-0.116015
150.000000,129.757996,-0.046272,-0.095025
151.000000,129.757996,-0.034154,-0.100555
152.000000,129.757996,-0.021980,-0.091420
153.000000,129.757996,-0.009768,-0.069572
154.000000,129.757996,0.002459,-0.074247
155.000000,129.757996,0.014683,-0.057538
156.000000,129.757996,0.026881,-0.046972
157.000000,129.757996,0.039036,-0.042509
158.000000,129.757996,0.051126,-0.023371
159.000000,129.757996,0.063130,-0.020061
160.000000,129.757996,0.075029,-0.007053
161.000000,129.757996,0.086805,0.054536
162.000000,129.757996,0.098435,0.011260
163.000000,129.757996,0.109902,0.022973
164.000000,129.757996,0.121187,0.040242
165.000000,129.757996,0.132270,0.042998
166.000000,129.757996,0.143133,0.056709
167.000000,129.757996,0.153760,0.074982
168.000000,129.757996,0.164130,0.081605
169.000000,129.757996,0.174226,0.086019
170.000000,129.757996,0.184035,0.105866
171.000000,129.757996,0.193538,0.104196
172.000000,129.757996,0.202716,0.119908
173.000000,129.757996,0.211561,0.133893
174.000000,129.757996,0.220055,0.131932
175.000000,129.757996,0.228179,0.145354
176.000000,129.757996,0.235928,0.152064
177.000000,129.757996,0.243285,0.158240
178.000000,129.757996,0.250233,0.174515
179.000000,129.757996,0.256770,0.174680
180.000000,129.757996,0.262882,0.184829
181.000000,129.757996,0.268550,0.201959
182.000000,129.757996,0.273776,0.195707
183.000000,129.757996,0.278552,0.202840
184.000000,129.757996,0.282856,0.223258
185.000000,129.757996,0.286694,0.222157
186.000000,129.757996,0.290060,0.228433
187.000000,129.757996,0.292936,0.240841
188.000000,129.757996,0.295329,0.236597
189.000000,129.757996,0.297235,0.250877
190.000000,129.757996,0.298641,0.255997
191.000000,129.757996,0.299552,0.249893
192.000000,129.757996,0.299970,0.258740
193.000000,129.757996,0.299885,0.264578
194.000000,129.757996,0.299301,0.257759
195.000000,129.757996,0.298225,0.266602
196.000000,129.757996,0.296650,0.269310
197.000000,129.757996,0.294580,0.262901
198.000000,129.757996,0.292025,0.269170
199.000000,129.757996,0.288983,0.260324
200.000000,129.757996,0.285458,0.265042
201.000000,129.757996,0.281464,0.270449
202.000000,129.757996,0.277001,0.251755
203.000000,129.757996,0.272073,0.262179
204.000000,129.757996,0.266698,0.266010
205.000000,129.757996,0.260880,0.249181
206.000000,129.757996,0.254624,0.256742
207.000000,129.757996,0.247948,0.259144
208.000000,129.757996,0.240863,0.241457
209.000000,129.757996,0.233371,0.242584
210.000000,129.757996,0.225495,0.248561
211.000000,129.757996,0.217248,0.227588
212.000000,129.757996,0.208632,0.225139
213.000000,129.757996,0.199674,0.224543
214.000000,129.757996,0.190387,0.210285
215.000000,129.757996,0.180777,0.208550
216.000000,129.757996,0.170870,0.198112
217.000000,129.757996,0.160682,0.188693
218.000000,129.757996,0.150222,0.188527
219.000000,129.757996,0.139514,0.169107
220.000000,129.757996,0.128577,0.168955
221.000000,129.757996,0.117423,0.164495
222.000000,129.757996,0.106075,0.151951
223.000000,129.757996,0.094551,0.145215
224.000000,129.757996,0.082870,0.144185
225.000000,129.757996,0.071050,0.120925
226.000000,129.757996,0.059114,0.116187
227.000000,129.757996,0.047079,0.116446
228.000000,129.757996,0.034965,0.093186
229.000000,129.757996,0.022793,0.077010
230.000000,129.757996,0.010584,0.079273
231.000000,129.757996,-0.001643,0.065450
232.000000,129.757996,-0.013867,0.058707
233.000000,129.757996,-0.026069,0.051829
234.000000,129.757996,-0.038226,0.032986
235.000000,129.757996,-0.050321,-0.041395
236.000000,129.757996,-0.062332,0.009822
237.000000,129.757996,-0.074238,0.015683
238.000000,129.757996,-0.086023,0.014368
239.000000,129.757996,-0.097665,-0.021482
240.000000,129.757996,-0.109142,-0.022784
241.000000,129.757996,-0.120439,-0.023530
242.000000,129.757996,-0.131538,-0.052369
243.000000,129.757996,-0.142415,-0.056246
244.000000,129.757996,-0.153057,-0.058134
245.000000,129.757996,-0.163447,-0.080967
246.000000,129.757996,-0.173561,-0.086417
247.000000,129.757996,-0.183388,-0.089449
248.000000,129.757996,-0.192914,-0.109422
249.000000,129.757996,-0.202115,-0.126021
250.000000,129.757996,-0.210981,-0.122615
251.000000,129.757996,-0.219499,-0.138019
252.000000,129.757996,-0.227650,-0.143330
253.000000,129.757996,-0.235421,-0.154344
254.000000,129.757996,-0.242806,-0.165616
255.000000,129.757996,-0.249784,-0.166928
256.000000,129.757996,-0.256346,-0.178773
257.000000,129.757996,-0.262486,-0.191930
258.000000,129.757996,-0.268188,-0.191099
259.000000,129.757996,-0.273441,-0.207361
260.000000,129.757996,-0.278244,-0.213235
261.000000,129.757996,-0.282586,-0.206834
262.000000,129.757996,-0.286452,-0.226522
263.000000,129.757996,-0.289847,-0.228397
264.000000,129.757996,-0.292762,-0.225710
265.000000,129.757996,-0.295184,-0.243681
266.000000,129.757996,-0.297120,-0.241269
267.000000,129.757996,-0.298566,-0.239294
268.000000,129.757996,-0.299507,-0.254407
269.000000,129.757996,-0.299955,-0.255281
270.000000,129.757996,-0.299910,-0.254728
271.000000,129.757996,-0.299356,-0.264844
272.000000,129.757996,-0.298310,-0.259433
273.000000,129.757996,-0.296773,-0.267574
274.000000,129.757996,-0.294734,-0.266994
275.000000,129.757996,-0.292209,-0.261013
276.000000,129.757996,-0.289202,-0.274277
277.000000,129.757996,-0.285709,-0.266997
278.000000,129.757996,-0.281743,-0.258164
279.000000,129.757996,-0.277312,-0.268989
280.000000,129.757996,-0.272417,-0.263714
281.000000,129.757996,-0.267068,-0.252448
282.000000,129.757996,-0.261280,-0.263128
283.000000,129.757996,-0.255055,-0.255566
284.000000,129.757996,-0.248405,-0.246156
285.000000,129.757996,-0.241345,-0.253834
286.000000,129.757996,-0.233883,-0.243844
287.000000,129.757996,-0.226030,-0.232426
288.000000,129.757996,-0.217805,-0.236820
289.000000,129.757996,-0.209218,-0.224113
290.000000,129.757996,-0.200280,-0.221687
291.000000,129.757996,-0.191012,-0.221094
292.000000,129.757996,-0.181428,-0.205104
293.000000,129.757996,-0.171538,-0.213083
294.000000,129.757996,-0.161366,-0.197649
295.000000,129.757996,-0.150927,-0.178945
296.000000,129.757996,-0.140234,-0.184055
297.000000,129.757996,-0.129309,-0.170629
298.000000,129.757996,-0.118172,-0.154503
299.000000,129.757996,-0.106835,-0.157319
300.000000,129.757996,-0.095321,-0.141322
301.000000,129.757996,-0.083651,-0.126767
302.000000,129.757996,-0.071840,-0.130153
303.000000,129.757996,-0.059910,-0.116731
304.000000,129.757996,-0.047881,-0.102318
305.000000,129.757996,-0.035772,-0.105847
306.000000,129.757996,-0.023603,-0.091135
307.000000,129.757996,-0.011396,-0.074002
308.000000,129.757996,0.000831,-0.076106
309.000000,129.757996,0.013056,-0.056252
310.000000,129.757996,0.025259,-0.048251
311.000000,129.757996,0.037421,-0.040793
312.000000,129.757996,0.049520,-0.022801
313.000000,129.757996,0.061537,-0.022920
314.000000,129.757996,0.073452,-0.007483
315.000000,129.757996,0.085244,0.013222
316.000000,129.757996,0.096896,0.008401
317.000000,129.757996,0.108386,0.018967
318.000000,129.757996,0.119695,0.042671
319.000000,129.757996,0.130807,0.041428
320.000000,129.757996,0.141701,0.058999
321.000000,129.757996,0.152358,0.076699
322.000000,129.757996,0.162764,0.075883
323.000000,129.757996,0.172900,0.090164
324.000000,129.757996,0.182745,0.108152
325.000000,129.757996,0.192289,0.102764
326.000000,129.757996,0.201517,0.119762
327.000000,129.757996,0.210403,0.131034
328.000000,129.757996,0.218943,0.135937
329.000000,129.757996,0.227122,0.147640
330.000000,129.757996,0.234918,0.154926
331.000000,129.757996,0.242326,0.158525
332.000000,129.757996,0.249335,0.176231
333.000000,129.757996,0.255924,0.172822
334.000000,129.757996,0.262089,0.186973
335.000000,129.757996,0.267824,0.199100
336.000000,129.757996,0.273107,0.192132
337.000000,129.757996,0.277938,0.203271
338.000000,129.757996,0.282311,0.221399
339.000000,129.757996,0.286211,0.214437
340.000000,129.757996,0.289635,0.227717
341.000000,129.757996,0.292582,0.242273
342.000000,129.757996,0.295040,0.233307
343.000000,129.757996,0.297006,0.244585
344.000000,129.757996,0.298483,0.254565
345.000000,129.757996,0.299462,0.247461
346.000000,129.757996,0.299940,0.256023
347.000000,129.757996,0.299925,0.267583
348.000000,129.757996,0.299411,0.256040
349.000000,129.757996,0.298395,0.260738
350.000000,129.757996,0.296887,0.262882
351.000000,129.757996,0.294888,0.262186
352.000000,129.757996,0.292392,0.270456
353.000000,129.757996,0.289415,0.256467
354.000000,129.757996,0.285960,0.261036
355.000000,129.757996,0.282022,0.269873
356.000000,129.757996,0.277619,0.257902
357.000000,129.757996,0.272760,0.259601
358.000000,129.757996,0.267439,0.264005
359.000000,129.757996,0.261677,0.251325
360.000000,129.757996,0.255485,0.255022
361.000000,129.757996,0.248861,0.260572
362.000000,129.757996,0.241826,0.245460
363.000000,129.757996,0.234394,0.236150
364.000000,129.757996,0.226566,0.240991
365.000000,129.757996,0.218364,0.234307
366.000000,129.757996,0.209801,0.229997
367.000000,129.757996,0.200887,0.214129
368.000000,129.757996,0.191639,0.211283
369.000000,129.757996,0.182075,0.215690
370.000000,129.757996,0.172207,0.195704
371.000000,129.757996,0.162052,0.190545
372.000000,129.757996,0.151630,0.195664
373.000000,129.757996,0.140955,0.173256
374.000000,129.757996,0.130044,0.167378
375.000000,129.757996,0.118920,0.167348
376.000000,129.757996,0.107597,0.149665
377.000000,129.757996,0.096094,0.144499
378.000000,129.757996,0.084433,0.146186
379.000000,129.757996,0.072632,0.122214
380.000000,129.757996,0.060709,0.114759
381.000000,129.757996,0.048686,0.116303
382.000000,129.757996,0.036582,0.094471
383.000000,129.757996,0.024417,0.087589
384.000000,129.757996,0.012211,0.081708
385.000000,129.757996,-0.000015,0.060297
386.000000,129.757996,-0.012240,0.061706
387.000000,129.757996,-0.024446,0.044417
388.000000,129.757996,-0.036611,0.037704
389.000000,129.757996,-0.048715,0.031670
390.000000,129.757996,-0.060738,0.010687
391.000000,129.757996,-0.072661,0.004955
392.000000,129.757996,-0.084461,0.001493
393.000000,129.757996,-0.096122,-0.019485
394.000000,129.757996,-0.107625,-0.025362
395.000000,129.757996,-0.118947,-0.028824
396.000000,129.757996,-0.130071,-0.051226
397.000000,129.757996,-0.140981,-0.056677
398.000000,129.757996,-0.151655,-0.057707
399.000000,129.757996,-0.162077,-0.082541
400.000000,129.757996,-0.172231,-0.089707
401.000000,129.757996,-0.182099,-0.094021
402.000000,129.757996,-0.191662,-0.114567
403.000000,129.757996,-0.200909,-0.120879
404.000000,129.757996,-0.209822,-0.127327
405.000000,129.757996,-0.218384,-0.143168
406.000000,129.757996,-0.226586,-0.139759
407.000000,129.757996,-0.234412,-0.161186
408.000000,129.757996,-0.241844,-0.169052
409.000000,129.757996,-0.248878,-0.164791
410.000000,129.757996,-0.255500,-0.185771
411.000000,129.757996,-0.261692,-0.191645
412.000000,129.757996,-0.267452,-0.182812
413.000000,129.757996,-0.272772,-0.201214
414.000000,129.757996,-0.277630,-0.210810
415.000000,129.757996,-0.282032,-0.206121
416.000000,129.757996,-0.285969,-0.227953
417.000000,129.757996,-0.289422,-0.227400
418.000000,129.757996,-0.292399,-0.227426
419.000000,129.757996,-0.294894,-0.244397
420.000000,129.757996,-0.296891,-0.243413
421.000000,129.757996,-0.298398,-0.245291
422.000000,129.757996,-0.299413,-0.252405
423.000000,129.757996,-0.299925,-0.252856
424.000000,129.757996,-0.299940,-0.260142
425.000000,129.757996,-0.299461,-0.267564
426.000000,129.757996,-0.298480,-0.257296
427.000000,129.757996,-0.297002,-0.271706
428.000000,129.757996,-0.295035,-0.275861
429.000000,129.757996,-0.292575,-0.259592
430.000000,129.757996,-0.289627,-0.269847
431.000000,129.757996,-0.286202,-0.261713
432.000000,129.757996,-0.282301,-0.256451
433.000000,129.757996,-0.277926,-0.271133
434.000000,129.757996,-0.273095,-0.263429
435.000000,129.757996,-0.267809,-0.254019
436.000000,129.757996,-0.262074,-0.259837
437.000000,129.757996,-0.255908,-0.251421
438.000000,129.757996,-0.249318,-0.244440
439.000000,129.757996,-0.242307,-0.251547
440.000000,129.757996,-0.234898,-0.243416
441.000000,129.757996,-0.227102,-0.240848
442.000000,129.757996,-0.218921,-0.245686
443.000000,129.757996,-0.210380,-0.226551
444.000000,129.757996,-0.201493,-0.229812
445.000000,129.757996,-0.192265,-0.215379
446.000000,129.757996,-0.182720,-0.199822
447.000000,129.757996,-0.172874,-0.205644
448.000000,129.757996,-0.162736,-0.189932
449.000000,129.757996,-0.152330,-0.178667
450.000000,129.757996,-0.141673,-0.184200
451.000000,129.757996,-0.130777,-0.169489
452.000000,129.757996,-0.119665,-0.156222
453.000000,129.757996,-0.108356,-0.163469
454.000000,129.757996,-0.096865,-0.145613
455.000000,129.757996,-0.085213,-0.132486
456.000000,129.757996,-0.073420,-0.129295
457.000000,129.757996,-0.061505,-0.119017
458.000000,129.757996,-0.049487,-0.106029
459.000000,129.757996,-0.037388,-0.104561
460.000000,129.757996,-0.025226,-0.090569
461.000000,129.757996,-0.013023,-0.083283
462.000000,129.757996,-0.000798,-0.072249
463.000000,129.757996,0.011429,-0.052541
464.000000,129.757996,0.023636,-0.055232
465.000000,129.757996,0.035804,-0.042085
466.000000,129.757996,0.047914,-0.021095
467.000000,129.757996,0.059942,0.009106
468.000000,129.757996,0.071872,-0.004912
469.000000,129.757996,0.083683,0.003924
470.000000,129.757996,0.095352,0.000392
471.000000,129.757996,0.106865,0.021823
472.000000,129.757996,0.118202,0.041524
473.000000,129.757996,0.129339,0.036995
474.000000,129.757996,0.140262,0.056424
475.000000,129.757996,0.150955,0.067690
476.000000,129.757996,0.161393,0.070164
477.000000,129.757996,0.171564,0.087589
478.000000,129.757996,0.181453,0.101582
479.000000,129.757996,0.191037,0.104623
480.000000,129.757996,0.200304,0.117900
481.000000,129.757996,0.209241,0.123761
482.000000,129.757996,0.217827,0.132644
483.000000,129.757996,0.226051,0.148204
484.000000,129.757996,0.233903,0.149376
485.000000,129.757996,0.241364,0.158375
486.000000,129.757996,0.248422,0.175363
487.000000,129.757996,0.255072,0.173544
488.000000,129.757996,0.261295,0.180962
489.000000,129.757996,0.267082,0.202380
490.000000,129.757996,0.272430,0.197277
491.000000,129.757996,0.277324,0.206412
492.000000,129.757996,0.281753,0.222254
493.000000,129.757996,0.285719,0.216008
494.000000,129.757996,0.289210,0.227714
495.000000,129.757996,0.292216,0.239125
496.000000,129.757996,0.294740,0.234165
497.000000,129.757996,0.296777,0.243442
498.000000,129.757996,0.298313,0.249138
499.000000,129.757996,0.299358,0.247319
500.000000,129.757996,0.299910,0.255592
501.000000,129.757996,0.299955,0.253869
502.000000,129.757996,0.299506,0.254323
503.000000,129.757996,0.298563,0.265880
504.000000,129.757996,0.297116,0.258468
505.000000,129.757996,0.295179,0.264899
506.000000,129.757996,0.292756,0.270734
507.000000,129.757996,0.289839,0.258190
508.000000,129.757996,0.286443,0.260178
509.000000,129.757996,0.282576,0.274303
510.000000,129.757996,0.278233,0.261334
511.000000,129.757996,0.273429,0.261033
512.000000,129.757996,0.268175,0.267723
513.000000,129.757996,0.262471,0.255754
514.000000,129.757996,0.256330,0.258882
515.000000,129.757996,0.249768,0.258140
516.000000,129.757996,0.242788,0.244744
517.000000,129.757996,0.235403,0.244297
518.000000,129.757996,0.227631,0.239132
519.000000,129.757996,0.219479,0.229301
520.000000,129.757996,0.210960,0.228423
521.000000,129.757996,0.202093,0.220285
522.000000,129.757996,0.192891,0.214570
523.000000,129.757996,0.183365,0.214543
524.000000,129.757996,0.173537,0.195134
525.000000,129.757996,0.163422,0.195548
526.000000,129.757996,0.153032,0.191658
527.000000,129.757996,0.142390,0.177831
528.000000,129.757996,0.131512,0.170237
529.000000,129.757996,0.120412,0.172351
530.000000,129.757996,0.109115,0.151951
531.000000,129.757996,0.097637,0.145785
532.000000,129.757996,0.085995,0.139039
533.000000,129.757996,0.074210,0.124069
534.000000,129.757996,0.062304,0.115047
535.000000,129.757996,0.050292,0.115879
536.000000,129.757996,0.038197,0.094040
537.000000,129.757996,0.026040,0.093020
538.000000,129.757996,0.013838,0.079575
539.000000,129.757996,0.001614,0.069303
540.000000,129.757996,-0.010613,0.065132
541.000000,129.757996,-0.022823,0.039712
542.000000,129.757996,-0.034994,0.040702
543.000000,129.757996,-0.047107,0.036813
544.000000,129.757996,-0.059143,0.013261
545.000000,129.757996,-0.071079,0.007814
546.000000,129.757996,-0.082898,0.006496
547.000000,129.757996,-0.094579,-0.014909
548.000000,129.757996,-0.106102,-0.027506
549.000000,129.757996,-0.117450,-0.028109
550.000000,129.757996,-0.128603,-0.049225
551.000000,129.757996,-0.139540,-0.057680
552.000000,129.757996,-0.150248,-0.060997
553.000000,129.757996,-0.160706,-0.081682
554.000000,129.757996,-0.170894,-0.095857
555.000000,129.757996,-0.180801,-0.091732
556.000000,129.757996,-0.190409,-0.107848
557.000000,129.757996,-0.199696,-0.113875
558.000000,129.757996,-0.208653,-0.126893
559.000000,129.757996,-0.217268,-0.137592
560.000000,129.757996,-0.225514,-0.140047
561.000000,129.757996,-0.233389,-0.157896
562.000000,129.757996,-0.240880,-0.162332
563.000000,129.757996,-0.247965,-0.165076
564.000000,129.757996,-0.254639,-0.183054
565.000000,129.757996,-0.260895,-0.195936
566.000000,129.757996,-0.266711,-0.186387
567.000000,129.757996,-0.272086,-0.201357
568.000000,129.757996,-0.277012,-0.205376
569.000000,129.757996,-0.281474,-0.206264
570.000000,129.757996,-0.285468,-0.221234
571.000000,129.757996,-0.288992,-0.225541
572.000000,129.757996,-0.292032,-0.224424
573.000000,129.757996,-0.294586,-0.240964
574.000000,129.757996,-0.296654,-0.241985
575.000000,129.757996,-0.298228,-0.240434
576.000000,129.757996,-0.299303,-0.250686
577.000000,129.757996,-0.299886,-0.251567
578.000000,129.757996,-0.299970,-0.257432
579.000000,129.757996,-0.299550,-0.264131
580.000000,129.757996,-0.298638,-0.261580
581.000000,129.757996,-0.297231,-0.270423
582.000000,129.757996,-0.295323,-0.266282
583.000000,129.757996,-0.292929,-0.261305
584.000000,129.757996,-0.290052,-0.270132
585.000000,129.757996,-0.286684,-0.264426
586.000000,129.757996,-0.282845,-0.253876
587.000000,129.757996,-0.278540,-0.270132
588.000000,129.757996,-0.273764,-0.264430
589.000000,129.757996,-0.268536,-0.252303
590.000000,129.757996,-0.262867,-0.269128
591.000000,129.757996,-0.256753,-0.255278
592.000000,129.757996,-0.250216,-0.242296
593.000000,129.757996,-0.243267,-0.252117
594.000000,129.757996,-0.235908,-0.240696
595.000000,129.757996,-0.228158,-0.231286
596.000000,129.757996,-0.220033,-0.240249
597.000000,129.757996,-0.211539,-0.229401
598.000000,129.757996,-0.202693,-0.218414
599.000000,129.757996,-0.193513,-0.222522
600.000000,129.757996,-0.184010,-0.204667
601.000000,129.757996,-0.174200,-0.211101
602.000000,129.757996,-0.164103,-0.200363
603.000000,129.757996,-0.153732,-0.183087
604.000000,129.757996,-0.143104,-0.187060
605.000000,129.757996,-0.132241,-0.174058
606.000000,129.757996,-0.121158,-0.155500
607.000000,129.757996,-0.109871,-0.160464
608.000000,129.757996,-0.098404,-0.147611
609.000000,129.757996,-0.086774,-0.141206
610.000000,129.757996,-0.074997,-0.133013
611.000000,129.757996,-0.063098,-0.115300
612.000000,129.757996,-0.051093,-0.099458
613.000000,129.757996,-0.039003,-0.103272
614.000000,129.757996,-0.026849,-0.090850
615.000000,129.757996,-0.014650,-0.076722
616.000000,129.757996,-0.002426,-0.075106
617.000000,129.757996,0.009802,-0.059397
618.000000,129.757996,0.022013,-0.037969
619.000000,129.757996,0.034187,-0.043364
620.000000,129.757996,0.046305,-0.026370
621.000000,129.757996,0.058346,-0.024362
622.000000,129.757996,0.070290,-0.011625
623.000000,129.757996,0.082117,0.005936
624.000000,129.757996,0.093808,0.005395
625.000000,129.757996,0.105342,0.086440
626.000000,129.757996,0.116702,0.041100
627.000000,129.757996,0.127869,0.025703
628.000000,129.757996,0.138822,0.043273
629.000000,129.757996,0.149543,0.067265
630.000000,129.757996,0.160019,0.063733
631.000000,129.757996,0.170227,0.077729
632.000000,129.757996,0.180152,0.102006
633.000000,129.757996,0.189779,0.097904
634.000000,129.757996,0.199091,0.111326
635.000000,129.757996,0.208069,0.131173
636.000000,129.757996,0.216704,0.128930
637.000000,129.757996,0.224980,0.144065
638.000000,129.757996,0.232878,0.154781
639.000000,129.757996,0.240393,0.151378
640.000000,129.757996,0.247509,0.170943
641.000000,129.757996,0.254209,0.172245
642.000000,129.757996,0.260490,0.183401
643.000000,129.757996,0.266341,0.196241
644.000000,129.757996,0.271743,0.194418
645.000000,129.757996,0.276697,0.208132
646.000000,129.757996,0.281195,0.220971
647.000000,129.757996,0.285217,0.214437
648.000000,129.757996,0.288770,0.225716
649.000000,129.757996,0.291847,0.241700
650.000000,129.757996,0.294432,0.231736
651.000000,129.757996,0.296530,0.235010
652.000000,129.757996,0.298140,0.255281
653.000000,129.757996,0.299249,0.242031
654.000000,129.757996,0.299861,0.256881
655.000000,129.757996,0.299980,0.266291
656.000000,129.757996,0.299595,0.256470
657.000000,129.757996,0.298713,0.264886
658.000000,129.757996,0.297339,0.267302
659.000000,129.757996,0.295467,0.264333
660.000000,129.757996,0.293103,0.269316
661.000000,129.757996,0.290256,0.262176
662.000000,129.757996,0.286925,0.262471
663.000000,129.757996,0.283115,0.273882
664.000000,129.757996,0.278838,0.259333
665.000000,129.757996,0.274098,0.260893
666.000000,129.757996,0.268898,0.269300
667.000000,129.757996,0.263255,0.252471
668.000000,129.757996,0.257176,0.256600
669.000000,129.757996,0.250664,0.257428
670.000000,129.757996,0.243740,0.242031
671.000000,129.757996,0.236413,0.244874
672.000000,129.757996,0.228687,0.244701
673.000000,129.757996,0.220584,0.228446
674.000000,129.757996,0.212118,0.228714
675.000000,129.757996,0.203293,0.230832
676.000000,129.757996,0.194134,0.212575
677.000000,129.757996,0.184654,0.205982
678.000000,129.757996,0.174863,0.211535
679.000000,129.757996,0.164783,0.191270
680.000000,129.757996,0.154432,0.191678
681.000000,129.757996,0.143821,0.181092
682.000000,129.757996,0.132972,0.169962
683.000000,129.757996,0.121903,0.167365
684.000000,129.757996,0.110630,0.148946
685.000000,129.757996,0.099174,0.146795
686.000000,129.757996,0.087554,0.141332
687.000000,129.757996,0.075787,0.124500
688.000000,129.757996,0.063895,0.120053
689.000000,129.757996,0.051897,0.122456
690.000000,129.757996,0.039812,0.099908
691.000000,129.757996,0.027661,0.091884
692.000000,129.757996,0.015464,0.087994
693.000000,129.757996,0.003242,0.066447
694.000000,129.757996,-0.008986,0.059280
695.000000,129.757996,-0.021199,0.058823
696.000000,129.757996,-0.033377,0.033704
697.000000,129.757996,-0.045498,0.030825
698.000000,129.757996,-0.057545,0.025226
699.000000,129.757996,-0.069497,0.004391
700.000000,129.757996,-0.081331,0.000797
701.000000,129.757996,-0.093032,-0.013500
702.000000,129.757996,-0.104579,-0.028928
703.000000,129.757996,-0.115949,-0.028520
704.000000,129.757996,-0.127129,-0.052227
705.000000,129.757996,-0.138099,-0.054811
706.000000,129.757996,-0.148836,-0.057985
707.000000,129.757996,-0.159327,-0.078681
708.000000,129.757996,-0.169556,-0.085844
709.000000,129.757996,-0.179499,-0.090449
710.000000,129.757996,-0.189145,-0.111565
711.000000,129.757996,-0.198480,-0.114156
712.000000,129.757996,-0.207481,-0.109468
713.000000,129.757996,-0.216138,-0.136873
714.000000,129.757996,-0.224439,-0.143897
715.000000,129.757996,-0.232364,-0.143492
716.000000,129.757996,-0.239902,-0.162611
717.000000,129.757996,-0.247046,-0.167491
718.000000,129.757996,-0.253777,-0.174512
719.000000,129.757996,-0.260084,-0.186348
720.000000,129.757996,-0.265962,-0.190373
721.000000,129.757996,-0.271398,-0.205512
722.000000,129.757996,-0.276380,-0.209945
723.000000,129.757996,-0.280906,-0.202967
724.000000,129.757996,-0.284966,-0.226091
725.000000,129.757996,-0.288548,-0.223672
726.000000,129.757996,-0.291654,-0.224848
727.000000,129.757996,-0.294278,-0.241534
728.000000,129.757996,-0.296406,-0.242267
729.000000,129.757996,-0.298045,-0.233430
730.000000,129.757996,-0.299194,-0.255835
731.000000,129.757996,-0.299836,-0.251564
732.000000,129.757996,-0.299985,-0.250447
733.000000,129.757996,-0.299640,-0.263986
734.000000,129.757996,-0.298788,-0.261858
735.000000,129.757996,-0.297443,-0.258449
736.000000,129.757996,-0.295609,-0.267418
737.000000,129.757996,-0.293276,-0.262577
738.000000,129.757996,-0.290459,-0.272153
739.000000,129.757996,-0.287163,-0.271282
740.000000,129.757996,-0.283384,-0.260868
741.000000,129.757996,-0.279136,-0.272706
742.000000,129.757996,-0.274428,-0.263280
743.000000,129.757996,-0.269259,-0.251156
744.000000,129.757996,-0.263643,-0.261839
745.000000,129.757996,-0.257593,-0.256421
746.000000,129.757996,-0.251112,-0.246014
747.000000,129.757996,-0.244213,-0.254119
748.000000,129.757996,-0.236911,-0.242412
749.000000,129.757996,-0.229214,-0.233860
750.000000,129.757996,-0.221134,-0.239822
751.000000,129.757996,-0.212690,-0.226684
752.000000,129.757996,-0.203893,-0.212410
753.000000,129.757996,-0.194753,-0.221091
754.000000,129.757996,-0.185292,-0.211817
755.000000,129.757996,-0.175525,-0.208818
756.000000,129.757996,-0.165462,-0.201506
757.000000,129.757996,-0.155127,-0.185658
758.000000,129.757996,-0.144536,-0.186921
759.000000,129.757996,-0.133700,-0.172057
760.000000,129.757996,-0.122645,-0.156212
761.000000,129.757996,-0.111387,-0.163608
762.000000,129.757996,-0.099941,-0.148466
763.000000,129.757996,-0.088330,-0.133340
764.000000,129.757996,-0.076574,-0.134441
765.000000,129.757996,-0.064689,-0.120445
766.000000,129.757996,-0.052696,-0.105604
767.000000,129.757996,-0.040617,-0.105131
768.000000,129.757996,-0.028470,-0.093567
769.000000,129.757996,-0.016276,-0.073435
0.000000,135.514999,0.000982,-0.073548
1.000000,135.514999,0.013749,-0.047697
2.000000,135.514999,0.026491,-0.052654
3.000000,135.514999,0.039185,-0.042807
4.000000,135.514999,0.051808,-0.018530
5.000000,135.514999,0.064337,-0.019199
6.000000,135.514999,0.076751,-0.005204
7.000000,135.514999,0.089023,0.008782
8.000000,135.514999,0.101137,0.011257
9.000000,135.514999,0.113064,0.030968
10.000000,135.514999,0.124790,0.040818
11.000000,135.514999,0.136286,0.043568
12.000000,135.514999,0.147539,0.065711
13.000000,135.514999,0.158520,0.068720
14.000000,135.514999,0.169218,0.084746
15.000000,135.514999,0.179606,0.100160
16.000000,135.514999,0.189671,0.098620
17.000000,135.514999,0.199391,0.103755
18.000000,135.514999,0.208750,0.129321
19.000000,135.514999,0.217732,0.128933
20.000000,135.514999,0.226316,0.147793
21.000000,135.514999,0.234495,0.159486
22.000000,135.514999,0.242243,0.153810
23.000000,135.514999,0.249559,0.166662
24.000000,135.514999,0.256415,0.184505
25.000000,135.514999,0.262815,0.184408
26.000000,135.514999,0.268729,0.194398
27.000000,135.514999,0.274165,0.212675
28.000000,135.514999,0.279096,0.205567
29.000000,135.514999,0.283528,0.215700
30.000000,135.514999,0.287441,0.221409
31.000000,135.514999,0.290837,0.225868
32.000000,135.514999,0.293703,0.234569
33.000000,135.514999,0.296039,0.232727
34.000000,135.514999,0.297838,0.245168
35.000000,135.514999,0.299096,0.253147
36.000000,135.514999,0.299815,0.249754
37.000000,135.514999,0.299986,0.252312
38.000000,135.514999,0.299619,0.266010
39.000000,135.514999,0.298703,0.252610
40.000000,135.514999,0.297253,0.263173
41.000000,135.514999,0.295255,0.272726
42.000000,135.514999,0.292732,0.262620
43.000000,135.514999,0.289669,0.263746
44.000000,135.514999,0.286089,0.271868
45.000000,135.514999,0.281983,0.264194
46.000000,135.514999,0.277373,0.268749
47.000000,135.514999,0.272255,0.270582
48.000000,135.514999,0.266647,0.262901
49.000000,135.514999,0.260554,0.259310
50.000000,135.514999,0.253990,0.248873
51.000000,135.514999,0.246966,0.244741
52.000000,135.514999,0.239492,0.249294
53.000000,135.514999,0.231588,0.237312
54.000000,135.514999,0.223260,0.235586
55.000000,135.514999,0.214532,0.238416
56.000000,135.514999,0.205410,0.222015
57.000000,135.514999,0.195921,0.219281
58.000000,135.514999,0.186071,0.219252
59.000000,135.514999,0.175890,0.201565
60.000000,135.514999,0.165385,0.197688
61.000000,135.514999,0.154584,0.197374
62.000000,135.514999,0.143500,0.181261
63.000000,135.514999,0.132159,0.175810
64.000000,135.514999,0.120576,0.171497
65.000000,135.514999,0.108776,0.151378
66.000000,135.514999,0.096778,0.151501
67.000000,135.514999,0.084605,0.137200
68.000000,135.514999,0.072279,0.127353
69.000000,135.514999,0.059821,0.123327
70.000000,135.514999,0.047256,0.105193
71.000000,135.514999,0.034604,0.096751
72.000000,135.514999,0.021890,0.096579
73.000000,135.514999,0.009136,0.079747
74.000000,135.514999,-0.003634,0.070294
75.000000,135.514999,-0.016398,0.066974
76.000000,135.514999,-0.029132,0.040855
77.000000,135.514999,-0.041813,0.034115
78.000000,135.514999,-0.054419,0.034374
79.000000,135.514999,-0.066925,0.007539
80.000000,135.514999,-0.079311,0.007092
81.000000,135.514999,-0.091553,-0.001082
82.000000,135.514999,-0.103629,-0.020485
83.000000,135.514999,-0.115517,-0.031946
84.000000,135.514999,-0.127196,-0.045679
85.000000,135.514999,-0.138645,-0.057664
86.000000,135.514999,-0.149841,-0.058830
87.000000,135.514999,-0.160768,-0.086553
88.000000,135.514999,-0.171400,-0.086981
89.000000,135.514999,-0.181727,-0.089866
90.000000,135.514999,-0.191718,-0.109561
91.000000,135.514999,-0.201368,-0.112576
92.000000,135.514999,-0.210646,-0.116896
93.000000,135.514999,-0.219549,-0.141018
94.000000,135.514999,-0.228049,-0.147326
95.000000,135.514999,-0.236139,-0.144351
96.000000,135.514999,-0.243799,-0.165470
97.000000,135.514999,-0.251019,-0.157912
98.000000,135.514999,-0.257783,-0.169376
99.000000,135.514999,-0.264080,-0.190350
100.000000,135.514999,-0.269899,-0.196801
101.000000,135.514999,-0.275227,-0.196966
102.000000,135.514999,-0.280060,-0.211370
103.000000,135.514999,-0.284381,-0.210104
104.000000,135.514999,-0.288192,-0.229109
105.000000,135.514999,-0.291474,-0.229533
106.000000,135.514999,-0.294237,-0.232273
107.000000,135.514999,-0.296455,-0.243678
108.000000,135.514999,-0.298146,-0.243261
109.000000,135.514999,-0.299289,-0.241577
110.000000,135.514999,-0.299896,-0.253688
111.000000,135.514999,-0.299954,-0.256564
112.000000,135.514999,-0.299473,-0.250447
113.000000,135.514999,-0.298446,-0.267846
114.000000,135.514999,-0.296880,-0.263432
115.000000,135.514999,-0.294776,-0.255308
116.000000,135.514999,-0.292136,-0.266988
117.000000,135.514999,-0.288970,-0.264575
118.000000,135.514999,-0.285276,-0.264738
119.000000,135.514999,-0.281070,-0.269277
120.000000,135.514999,-0.276349,-0.260434
121.000000,135.514999,-0.271134,-0.260858
122.000000,135.514999,-0.265419,-0.261988
123.000000,135.514999,-0.259233,-0.251004
124.000000,135.514999,-0.252567,-0.259125
125.000000,135.514999,-0.245452,-0.248983
126.000000,135.514999,-0.237885,-0.238572
127.000000,135.514999,-0.229892,-0.245968
128.000000,135.514999,-0.221479,-0.240978
129.000000,135.514999,-0.212668,-0.230143
130.000000,135.514999,-0.203469,-0.228380
131.000000,135.514999,-0.193902,-0.214958
132.000000,135.514999,-0.183985,-0.199687
133.000000,135.514999,-0.173732,-0.208361
134.000000,135.514999,-0.163167,-0.193511
135.000000,135.514999,-0.152303,-0.177955
136.000000,135.514999,-0.141167,-0.190347
137.000000,135.514999,-0.129771,-0.168777
138.000000,135.514999,-0.118144,-0.158078
139.000000,135.514999,-0.106299,-0.155606
140.000000,135.514999,-0.094264,-0.144616
141.000000,135.514999,-0.082056,-0.131465
142.000000,135.514999,-0.069702,-0.130157
143.000000,135.514999,-0.057219,-0.110734
144.000000,135.514999,-0.044634,-0.113858
145.000000,135.514999,-0.031968,-0.101566
146.000000,135.514999,-0.019244,-0.081719
147.000000,135.514999,-0.006484,-0.082252
148.000000,135.514999,0.006287,-0.067538
149.000000,135.514999,0.019046,-0.048552
150.000000,135.514999,0.031771,-0.059231
151.000000,135.514999,0.044439,-0.033940
152.000000,135.514999,0.057025,-0.015525
153.000000,135.514999,0.069509,-0.014909
154.000000,135.514999,0.081866,0.001373
155.000000,135.514999,0.094077,0.017788
156.000000,135.514999,0.106114,0.023552
157.000000,135.514999,0.117962,0.033257
158.000000,135.514999,0.129593,0.047246
159.000000,135.514999,0.140992,0.049145
160.000000,135.514999,0.152133,0.067140
161.000000,135.514999,0.163000,0.073292
162.000000,135.514999,0.173571,0.083600
163.000000,135.514999,0.183828,0.098305
164.000000,135.514999,0.193751,0.102479
165.000000,135.514999,0.203323,0.116482
166.000000,135.514999,0.212528,0.135467
167.000000,135.514999,0.221345,0.177821
168.000000,135.514999,0.229766,0.149791
169.000000,135.514999,0.237764,0.155626
170.000000,135.514999,0.245338,0.150954
171.000000,135.514999,0.252460,0.169379
172.000000,135.514999,0.259133,0.182076
173.000000,135.514999,0.265327,0.177258
174.000000,135.514999,0.271048,0.194541
175.000000,135.514999,0.276272,0.205100
176.000000,135.514999,0.281000,0.206714
177.000000,135.514999,0.285215,0.222419
178.000000,135.514999,0.288916,0.216130
179.000000,135.514999,0.292091,0.226869
180.000000,135.514999,0.294738,0.240285
181.000000,135.514999,0.296852,0.242604
182.000000,135.514999,0.298425,0.245307
183.000000,135.514999,0.299462,0.256146
184.000000,135.514999,0.299950,0.251182
185.000000,135.514999,0.299902,0.250738
186.000000,135.514999,0.299302,0.264721
187.000000,135.514999,0.298169,0.258190
188.000000,135.514999,0.296485,0.263319
189.000000,135.514999,0.294274,0.274299
190.000000,135.514999,0.291521,0.261761
191.000000,135.514999,0.288246,0.266032
192.000000,135.514999,0.284444,0.275443
193.000000,135.514999,0.280131,0.262189
194.000000,135.514999,0.275306,0.261457
195.000000,135.514999,0.269985,0.267153
196.000000,135.514999,0.264174,0.260615
197.000000,135.514999,0.257884,0.255877
198.000000,135.514999,0.251128,0.252160
199.000000,135.514999,0.243914,0.246030
200.000000,135.514999,0.236262,0.246292
201.000000,135.514999,0.228177,0.232160
202.000000,135.514999,0.219685,0.232154
203.000000,135.514999,0.210787,0.235987
204.000000,135.514999,0.201515,0.217151
205.000000,135.514999,0.191870,0.216707
206.000000,135.514999,0.181884,0.215392
207.000000,135.514999,0.171563,0.196419
208.000000,135.514999,0.160935,0.194256
209.000000,135.514999,0.150012,0.194514
210.000000,135.514999,0.138820,0.176688
211.000000,135.514999,0.127375,0.172524
212.000000,135.514999,0.115700,0.166921
213.000000,135.514999,0.103815,0.156099
214.000000,135.514999,0.091742,0.146355
215.000000,135.514999,0.079503,0.135901
216.000000,135.514999,0.067118,0.119348
217.000000,135.514999,0.054614,0.118039
218.000000,135.514999,0.042009,0.096612
219.000000,135.514999,0.029330,0.087603
220.000000,135.514999,0.016596,0.091864
221.000000,135.514999,0.003832,0.073885
222.000000,135.514999,-0.008938,0.062719
223.000000,135.514999,-0.021693,0.060115
224.000000,135.514999,-0.034407,0.034563
225.000000,135.514999,-0.047060,0.028685
226.000000,135.514999,-0.059627,0.031800
227.000000,135.514999,-0.072086,0.005535
228.000000,135.514999,-0.084415,-0.000201
229.000000,135.514999,-0.096590,-0.005518
230.000000,135.514999,-0.108591,-0.028636
231.000000,135.514999,-0.120394,-0.035375
232.000000,135.514999,-0.131981,-0.040113
233.000000,135.514999,-0.143326,-0.060809
234.000000,135.514999,-0.154415,-0.060828
235.000000,135.514999,-0.165220,-0.077842
236.000000,135.514999,-0.175730,-0.087978
237.000000,135.514999,-0.185916,-0.097583
238.000000,135.514999,-0.195771,-0.116999
239.000000,135.514999,-0.205265,-0.120869
240.000000,135.514999,-0.214393,-0.121326
241.000000,135.514999,-0.223127,-0.144878
242.000000,135.514999,-0.231461,-0.153188
243.000000,135.514999,-0.239373,-0.152217
244.000000,135.514999,-0.246853,-0.166467
245.000000,135.514999,-0.253885,-0.172919
246.000000,135.514999,-0.260455,-0.173521
247.000000,135.514999,-0.266557,-0.192636
248.000000,135.514999,-0.272171,-0.199518
249.000000,135.514999,-0.277298,-0.197543
250.000000,135.514999,-0.281915,-0.216658
251.000000,135.514999,-0.286030,-0.216104
252.000000,135.514999,-0.289617,-0.220272
253.000000,135.514999,-0.292688,-0.232814
254.000000,135.514999,-0.295220,-0.235554
255.000000,135.514999,-0.297225,-0.244563
256.000000,135.514999,-0.298684,-0.251836
257.000000,135.514999,-0.299608,-0.247856
258.000000,135.514999,-0.299985,-0.262558
259.000000,135.514999,-0.299821,-0.259274
260.000000,135.514999,-0.299112,-0.251153
261.000000,135.514999,-0.297861,-0.267557
262.000000,135.514999,-0.296071,-0.265854
263.000000,135.514999,-0.293743,-0.256162
264.000000,135.514999,-0.290886,-0.270559
265.000000,135.514999,-0.287497,-0.269290
266.000000,135.514999,-0.283593,-0.256308
267.000000,135.514999,-0.279168,-0.268846
268.000000,135.514999,-0.274246,-0.259284
269.000000,135.514999,-0.268817,-0.253306
270.000000,135.514999,-0.262909,-0.261984
271.000000,135.514999,-0.256518,-0.256282
272.000000,135.514999,-0.249668,-0.246153
273.000000,135.514999,-0.242360,-0.254977
274.000000,135.514999,-0.234617,-0.243131
275.000000,135.514999,-0.226447,-0.242276
276.000000,135.514999,-0.217867,-0.237966
277.000000,135.514999,-0.208893,-0.224835
278.000000,135.514999,-0.199539,-0.227956
279.000000,135.514999,-0.189825,-0.216810
280.000000,135.514999,-0.179765,-0.200966
281.000000,135.514999,-0.169382,-0.205933
282.000000,135.514999,-0.158688,-0.193365
283.000000,135.514999,-0.147711,-0.179525
284.000000,135.514999,-0.136462,-0.176192
285.000000,135.514999,-0.124970,-0.169774
286.000000,135.514999,-0.113247,-0.147210
287.000000,135.514999,-0.101323,-0.156030
288.000000,135.514999,-0.089212,-0.143466
289.000000,135.514999,-0.076942,-0.127625
290.000000,135.514999,-0.064531,-0.127436
291.000000,135.514999,-0.052003,-0.112871
292.000000,135.514999,-0.039381,-0.100459
293.000000,135.514999,-0.026688,-0.098697
294.000000,135.514999,-0.013947,-0.084131
295.000000,135.514999,-0.001180,-0.065424
296.000000,135.514999,0.011589,-0.067385
297.000000,135.514999,0.024337,-0.053963
298.000000,135.514999,0.037041,-0.046959
299.000000,135.514999,0.049678,-0.036217
300.000000,135.514999,0.062225,-0.015797
301.000000,135.514999,0.074658,-0.013908
302.000000,135.514999,0.086958,0.001526
303.000000,135.514999,0.099098,0.021512
304.000000,135.514999,0.111060,0.019838
305.000000,135.514999,0.122819,0.033691
306.000000,135.514999,0.134358,0.056110
307.000000,135.514999,0.145651,0.054151
308.000000,135.514999,0.156682,0.071437
309.000000,135.514999,0.167428,0.093139
310.000000,135.514999,0.177871,0.085750
311.000000,135.514999,0.187992,0.089594
312.000000,135.514999,0.197770,0.115876
313.000000,135.514999,0.207194,0.116203
314.000000,135.514999,0.216237,0.131054
315.000000,135.514999,0.224895,0.140914
316.000000,135.514999,0.233138,0.148515
317.000000,135.514999,0.240966,0.164220
318.000000,135.514999,0.248349,0.160811
319.000000,135.514999,0.255290,0.176536
320.000000,135.514999,0.261761,0.191234
321.000000,135.514999,0.267764,0.187414
322.000000,135.514999,0.273276,0.199408
323.000000,135.514999,0.278298,0.216250
324.000000,135.514999,0.282812,0.209716
325.000000,135.514999,0.286815,0.221137
326.000000,135.514999,0.290299,0.232833
327.000000,135.514999,0.293255,0.225871
328.000000,135.514999,0.295682,0.235291
329.000000,135.514999,0.297570,0.247707
330.000000,135.514999,0.298924,0.244602
331.000000,135.514999,0.299729,0.252160
332.000000,135.514999,0.299999,0.247584
333.000000,135.514999,0.299716,0.255894
334.000000,135.514999,0.298900,0.270887
335.000000,135.514999,0.297532,0.254323
336.000000,135.514999,0.295634,0.260893
337.000000,135.514999,0.293193,0.270873
338.000000,135.514999,0.290226,0.259760
339.000000,135.514999,0.286729,0.265035
340.000000,135.514999,0.282715,0.270867
341.000000,135.514999,0.278187,0.258044
342.000000,135.514999,0.273156,0.260314
343.000000,135.514999,0.267631,0.268150
344.000000,135.514999,0.261618,0.251609
345.000000,135.514999,0.255135,0.256596
346.000000,135.514999,0.248185,0.257716
347.000000,135.514999,0.240790,0.243459
348.000000,135.514999,0.232953,0.245155
349.000000,135.514999,0.224701,0.238711
350.000000,135.514999,0.216034,0.226299
351.000000,135.514999,0.206983,0.225560
352.000000,135.514999,0.197550,0.209567
353.000000,135.514999,0.187764,0.208278
354.000000,135.514999,0.177634,0.209252
355.000000,135.514999,0.167185,0.194275
356.000000,135.514999,0.156432,0.188971
357.000000,135.514999,0.145396,0.189657
358.000000,135.514999,0.134096,0.173975
359.000000,135.514999,0.122552,0.166092
360.000000,135.514999,0.110788,0.164204
361.000000,135.514999,0.098821,0.144801
362.000000,135.514999,0.086677,0.137349
363.000000,135.514999,0.074374,0.139036
364.000000,135.514999,0.061939,0.115918
365.000000,135.514999,0.049389,0.110753
366.000000,135.514999,0.036751,0.105154
367.000000,135.514999,0.024045,0.087321
368.000000,135.514999,0.011297,0.082726
369.000000,135.514999,-0.001473,0.069999
370.000000,135.514999,-0.014239,0.057292
371.000000,135.514999,-0.026980,0.038535
372.000000,135.514999,-0.039672,0.031273
373.000000,135.514999,-0.052292,0.026117
374.000000,135.514999,-0.064817,0.026661
375.000000,135.514999,-0.077225,0.001535
376.000000,135.514999,-0.089492,-0.004200
377.000000,135.514999,-0.101598,-0.004803
378.000000,135.514999,-0.113519,-0.032638
379.000000,135.514999,-0.125236,-0.040378
380.000000,135.514999,-0.136723,-0.043695
381.000000,135.514999,-0.147966,-0.067670
382.000000,135.514999,-0.158937,-0.067972
383.000000,135.514999,-0.169624,-0.077431
384.000000,135.514999,-0.179999,-0.098985
385.000000,135.514999,-0.190052,-0.104296
386.000000,135.514999,-0.199757,-0.117165
387.000000,135.514999,-0.209103,-0.130730
388.000000,135.514999,-0.218068,-0.130753
389.000000,135.514999,-0.226639,-0.147313
390.000000,135.514999,-0.234799,-0.155328
391.000000,135.514999,-0.242533,-0.159930
392.000000,135.514999,-0.249829,-0.175904
393.000000,135.514999,-0.256670,-0.177491
394.000000,135.514999,-0.263049,-0.176951
395.000000,135.514999,-0.268947,-0.192060
396.000000,135.514999,-0.274363,-0.199514
397.000000,135.514999,-0.279275,-0.198544
398.000000,135.514999,-0.283690,-0.220233
399.000000,135.514999,-0.287580,-0.221681
400.000000,135.514999,-0.290959,-0.223138
401.000000,135.514999,-0.293802,-0.237963
402.000000,135.514999,-0.296120,-0.237409
403.000000,135.514999,-0.297895,-0.238575
404.000000,135.514999,-0.299135,-0.254261
405.000000,135.514999,-0.299830,-0.247561
406.000000,135.514999,-0.299983,-0.257577
407.000000,135.514999,-0.299592,-0.264847
408.000000,135.514999,-0.298657,-0.257435
409.000000,135.514999,-0.297184,-0.269565
410.000000,135.514999,-0.295168,-0.268141
411.000000,135.514999,-0.292623,-0.262163
412.000000,135.514999,-0.289540,-0.272991
413.000000,135.514999,-0.285941,-0.266570
414.000000,135.514999,-0.281815,-0.254304
415.000000,135.514999,-0.277187,-0.268127
416.000000,135.514999,-0.272048,-0.269718
417.000000,135.514999,-0.266424,-0.252733
418.000000,135.514999,-0.260310,-0.263413
419.000000,135.514999,-0.253729,-0.252564
420.000000,135.514999,-0.246685,-0.244155
421.000000,135.514999,-0.239197,-0.250832
422.000000,135.514999,-0.231274,-0.242701
423.000000,135.514999,-0.222932,-0.231283
424.000000,135.514999,-0.214187,-0.237535
425.000000,135.514999,-0.205052,-0.224258
426.000000,135.514999,-0.195548,-0.224537
427.000000,135.514999,-0.185686,-0.218808
428.000000,135.514999,-0.175492,-0.198242
429.000000,135.514999,-0.164975,-0.203931
430.000000,135.514999,-0.154164,-0.190217
431.000000,135.514999,-0.143069,-0.174804
432.000000,135.514999,-0.131719,-0.176480
433.000000,135.514999,-0.120126,-0.164913
434.000000,135.514999,-0.108319,-0.146640
435.000000,135.514999,-0.096313,-0.156604
436.000000,135.514999,-0.084134,-0.137177
437.000000,135.514999,-0.071802,-0.124620
438.000000,135.514999,-0.059340,-0.127151
439.000000,135.514999,-0.046771,-0.107010
440.000000,135.514999,-0.034116,-0.096307
441.000000,135.514999,-0.021400,-0.092693
442.000000,135.514999,-0.008645,-0.077557
443.000000,135.514999,0.004125,-0.069983
444.000000,135.514999,0.016888,-0.062097
445.000000,135.514999,0.029621,-0.045249
446.000000,135.514999,0.042299,-0.043794
447.000000,135.514999,0.054902,-0.027214
448.000000,135.514999,0.067404,-0.008222
449.000000,135.514999,0.079785,-0.009187
450.000000,135.514999,0.092020,0.006956
451.000000,135.514999,0.104090,0.025226
452.000000,135.514999,0.115970,0.023125
453.000000,135.514999,0.127641,0.039980
454.000000,135.514999,0.139079,0.063114
455.000000,135.514999,0.150266,0.062159
456.000000,135.514999,0.161181,0.072292
457.000000,135.514999,0.171803,0.090423
458.000000,135.514999,0.182115,0.090038
459.000000,135.514999,0.192095,0.100747
460.000000,135.514999,0.201730,0.121455
461.000000,135.514999,0.210995,0.122495
462.000000,135.514999,0.219884,0.135199
463.000000,135.514999,0.228367,0.145348
464.000000,135.514999,0.236444,0.149373
465.000000,135.514999,0.244084,0.182235
466.000000,135.514999,0.251289,0.156812
467.000000,135.514999,0.258033,0.172961
468.000000,135.514999,0.264314,0.194952
469.000000,135.514999,0.270112,0.187129
470.000000,135.514999,0.275423,0.203699
471.000000,135.514999,0.280234,0.214249
472.000000,135.514999,0.284538,0.212148
473.000000,135.514999,0.288326,0.223284
474.000000,135.514999,0.291590,0.233691
475.000000,135.514999,0.294329,0.229447
476.000000,135.514999,0.296530,0.241153
477.000000,135.514999,0.298200,0.251563
478.000000,135.514999,0.299322,0.246033
479.000000,135.514999,0.299910,0.252020
480.000000,135.514999,0.299945,0.256003
481.000000,135.514999,0.299446,0.257471
482.000000,135.514999,0.298395,0.261739
483.000000,135.514999,0.296811,0.260310
484.000000,135.514999,0.294683,0.262043
485.000000,135.514999,0.292026,0.269883
486.000000,135.514999,0.288836,0.256470
487.000000,135.514999,0.285125,0.264896
488.000000,135.514999,0.280896,0.272590
489.000000,135.514999,0.276158,0.257331
490.000000,135.514999,0.270921,0.266755
491.000000,135.514999,0.265191,0.267438
492.000000,135.514999,0.258984,0.252040
493.000000,135.514999,0.252302,0.248449
494.000000,135.514999,0.245170,0.256570
495.000000,135.514999,0.237585,0.236166
496.000000,135.514999,0.229579,0.240295
497.000000,135.514999,0.221148,0.241269
498.000000,135.514999,0.212323,0.225871
499.000000,135.514999,0.203107,0.223565
500.000000,135.514999,0.193529,0.221399
501.000000,135.514999,0.183596,0.208142
502.000000,135.514999,0.173333,0.207691
503.000000,135.514999,0.162754,0.193964
504.000000,135.514999,0.151881,0.187407
505.000000,135.514999,0.140733,0.185953
506.000000,135.514999,0.129329,0.165960
507.000000,135.514999,0.117692,0.160234
508.000000,135.514999,0.105840,0.159350
509.000000,135.514999,0.093798,0.136796
510.000000,135.514999,0.081584,0.135351
511.000000,135.514999,0.069225,0.133605
512.000000,135.514999,0.056737,0.108059
513.000000,135.514999,0.044149,0.104895
514.000000,135.514999,0.031480,0.106724
515.000000,135.514999,0.018754,0.083607
516.000000,135.514999,0.005994,0.079584
517.000000,135.514999,-0.006777,0.074552
518.000000,135.514999,-0.019536,0.053720
519.000000,135.514999,-0.032259,0.043694
520.000000,135.514999,-0.044924,0.036809
521.000000,135.514999,-0.057507,0.016117
522.000000,135.514999,-0.069986,0.016383
523.000000,135.514999,-0.082338,-0.003209
524.000000,135.514999,-0.094542,-0.017487
525.000000,135.514999,-0.106573,-0.018941
526.000000,135.514999,-0.118413,-0.042221
527.000000,135.514999,-0.130035,-0.047234
528.000000,135.514999,-0.141426,-0.046833
529.000000,135.514999,-0.152556,-0.071527
530.000000,135.514999,-0.163413,-0.085410
531.000000,135.514999,-0.173971,-0.081868
532.000000,135.514999,-0.184217,-0.101268
533.000000,135.514999,-0.194125,-0.106433
534.000000,135.514999,-0.203685,-0.102888
535.000000,135.514999,-0.212874,-0.131870
536.000000,135.514999,-0.221677,-0.138035
537.000000,135.514999,-0.230079,-0.138635
538.000000,135.514999,-0.238064,-0.159324
539.000000,135.514999,-0.245619,-0.167634
540.000000,135.514999,-0.252725,-0.167368
541.000000,135.514999,-0.259378,-0.186632
542.000000,135.514999,-0.265556,-0.187083
543.000000,135.514999,-0.271259,-0.200234
544.000000,135.514999,-0.276462,-0.206940
545.000000,135.514999,-0.281174,-0.208394
546.000000,135.514999,-0.285366,-0.223377
547.000000,135.514999,-0.289049,-0.224103
548.000000,135.514999,-0.292202,-0.220415
549.000000,135.514999,-0.294831,-0.238390
550.000000,135.514999,-0.296921,-0.238406
551.000000,135.514999,-0.298476,-0.236720
552.000000,135.514999,-0.299489,-0.254261
553.000000,135.514999,-0.299959,-0.253707
554.000000,135.514999,-0.299887,-0.252876
555.000000,135.514999,-0.299269,-0.262269
556.000000,135.514999,-0.298112,-0.258283
557.000000,135.514999,-0.296410,-0.259307
558.000000,135.514999,-0.294178,-0.269420
559.000000,135.514999,-0.291404,-0.266865
560.000000,135.514999,-0.288112,-0.267299
561.000000,135.514999,-0.284287,-0.270708
562.000000,135.514999,-0.279957,-0.259294
563.000000,135.514999,-0.275110,-0.267991
564.000000,135.514999,-0.269773,-0.263707
565.000000,135.514999,-0.263940,-0.257157
566.000000,135.514999,-0.257634,-0.256690
567.000000,135.514999,-0.250858,-0.264708
568.000000,135.514999,-0.243629,-0.241292
569.000000,135.514999,-0.235958,-0.245683
570.000000,135.514999,-0.227859,-0.238122
571.000000,135.514999,-0.219348,-0.225282
572.000000,135.514999,-0.210438,-0.231528
573.000000,135.514999,-0.201149,-0.221823
574.000000,135.514999,-0.191492,-0.200402
575.000000,135.514999,-0.181493,-0.212798
576.000000,135.514999,-0.171160,-0.199945
577.000000,135.514999,-0.160522,-0.187387
578.000000,135.514999,-0.149587,-0.190920
579.000000,135.514999,-0.138386,-0.179360
580.000000,135.514999,-0.126930,-0.175937
581.000000,135.514999,-0.115247,-0.166047
582.000000,135.514999,-0.103354,-0.148625
583.000000,135.514999,-0.091274,-0.149029
584.000000,135.514999,-0.079029,-0.135309
585.000000,135.514999,-0.066640,-0.120896
586.000000,135.514999,-0.054131,-0.121714
587.000000,135.514999,-0.041523,-0.105429
588.000000,135.514999,-0.028841,-0.085728
589.000000,135.514999,-0.016105,-0.089545
590.000000,135.514999,-0.003341,-0.074264
591.000000,135.514999,0.009429,-0.056991
592.000000,135.514999,0.022182,-0.055802
593.000000,135.514999,0.034895,-0.041236
594.000000,135.514999,0.047545,-0.026108
595.000000,135.514999,0.060108,-0.025777
596.000000,135.514999,0.072563,-0.007636
597.000000,135.514999,0.084886,0.005068
598.000000,135.514999,0.097056,0.006966
599.000000,135.514999,0.109048,0.029537
600.000000,135.514999,0.120845,0.039112
601.000000,135.514999,0.132421,0.040278
602.000000,135.514999,0.143758,0.059413
603.000000,135.514999,0.154835,0.059582
604.000000,135.514999,0.165629,0.076877
605.000000,135.514999,0.176126,0.093434
606.000000,135.514999,0.186301,0.092331
607.000000,135.514999,0.196142,0.106472
608.000000,135.514999,0.205623,0.125458
609.000000,135.514999,0.214737,0.112628
610.000000,135.514999,0.223455,0.140212
611.000000,135.514999,0.231775,0.158627
612.000000,135.514999,0.239668,0.155668
613.000000,135.514999,0.247133,0.165231
614.000000,135.514999,0.254145,0.187652
615.000000,135.514999,0.260700,0.177828
616.000000,135.514999,0.266780,0.188679
617.000000,135.514999,0.272379,0.203672
618.000000,135.514999,0.277483,0.201134
619.000000,135.514999,0.282084,0.217413
620.000000,135.514999,0.286175,0.216283
621.000000,135.514999,0.289745,0.220004
622.000000,135.514999,0.292794,0.234705
623.000000,135.514999,0.295307,0.233883
624.000000,135.514999,0.297292,0.242017
625.000000,135.514999,0.298729,0.256000
626.000000,135.514999,0.299635,0.246891
627.000000,135.514999,0.299988,0.254167
628.000000,135.514999,0.299806,0.267723
629.000000,135.514999,0.299072,0.256185
630.000000,135.514999,0.297804,0.267891
631.000000,135.514999,0.295990,0.266434
632.000000,135.514999,0.293644,0.262046
633.000000,135.514999,0.290764,0.266032
634.000000,135.514999,0.287358,0.269588
635.000000,135.514999,0.283431,0.260615
636.000000,135.514999,0.278989,0.265456
637.000000,135.514999,0.274044,0.261599
638.000000,135.514999,0.268599,0.260469
639.000000,135.514999,0.262672,0.264876
640.000000,135.514999,0.256263,0.246033
641.000000,135.514999,0.249397,0.247166
642.000000,135.514999,0.242070,0.253717
643.000000,135.514999,0.234313,0.240887
644.000000,135.514999,0.226124,0.236584
645.000000,135.514999,0.217531,0.237555
646.000000,135.514999,0.208539,0.224158
647.000000,135.514999,0.199173,0.221283
648.000000,135.514999,0.189444,0.224255
649.000000,135.514999,0.179372,0.204282
650.000000,135.514999,0.168975,0.202834
651.000000,135.514999,0.158272,0.202092
652.000000,135.514999,0.147283,0.179117
653.000000,135.514999,0.136025,0.177527
654.000000,135.514999,0.124523,0.173501
655.000000,135.514999,0.112793,0.157670
656.000000,135.514999,0.100861,0.151785
657.000000,135.514999,0.088743,0.139917
658.000000,135.514999,0.076468,0.131501
659.000000,135.514999,0.064051,0.129331
660.000000,135.514999,0.051520,0.105336
661.000000,135.514999,0.038895,0.101611
662.000000,135.514999,0.026199,0.040096
663.000000,135.514999,0.013456,0.078604
664.000000,135.514999,0.000689,0.083736
665.000000,135.514999,-0.012080,0.076414
666.000000,135.514999,-0.024826,0.052869
667.000000,135.514999,-0.037528,0.044128
668.000000,135.514999,-0.050162,0.043241
669.000000,135.514999,-0.062705,-0.096122
670.000000,135.514999,-0.075133,0.008093
671.000000,135.514999,-0.087427,0.024649
672.000000,135.514999,-0.099561,-0.003471
673.000000,135.514999,-0.111517,-0.009637
674.000000,135.514999,-0.123267,-0.020385
675.000000,135.514999,-0.134798,-0.048509
676.000000,135.514999,-0.146080,-0.054105
677.000000,135.514999,-0.157101,-0.061411
678.000000,135.514999,-0.167834,-0.081113
679.000000,135.514999,-0.178267,-0.078419
680.000000,135.514999,-0.188373,-0.104283
681.000000,135.514999,-0.198140,-0.112145
682.000000,135.514999,-0.207547,-0.118033
683.000000,135.514999,-0.216578,-0.134868
684.000000,135.514999,-0.225218,-0.141031
685.000000,135.514999,-0.233447,-0.138917
686.000000,135.514999,-0.241256,-0.168184
687.000000,135.514999,-0.248624,-0.164340
688.000000,135.514999,-0.255547,-0.162080
689.000000,135.514999,-0.262000,-0.187776
690.000000,135.514999,-0.267987,-0.189508
691.000000,135.514999,-0.273478,-0.191824
692.000000,135.514999,-0.278483,-0.208938
693.000000,135.514999,-0.282975,-0.210386
694.000000,135.514999,-0.286961,-0.215412
695.000000,135.514999,-0.290421,-0.230958
696.000000,135.514999,-0.293360,-0.227691
697.000000,135.514999,-0.295763,-0.243980
698.000000,135.514999,-0.297633,-0.247691
699.000000,135.514999,-0.298963,-0.242429
700.000000,135.514999,-0.299750,-0.257548
701.000000,135.514999,-0.299996,-0.258419
702.000000,135.514999,-0.299695,-0.250871
703.000000,135.514999,-0.298856,-0.263697
704.000000,135.514999,-0.297469,-0.264857
705.000000,135.514999,-0.295551,-0.256451
706.000000,135.514999,-0.293088,-0.268989
707.000000,135.514999,-0.290104,-0.262859
708.000000,135.514999,-0.286583,-0.255165
709.000000,135.514999,-0.282553,-0.268989
710.000000,135.514999,-0.278002,-0.264002
711.000000,135.514999,-0.272954,-0.259307
712.000000,135.514999,-0.267407,-0.259837
713.000000,135.514999,-0.261379,-0.256570
714.000000,135.514999,-0.254875,-0.260725
715.000000,135.514999,-0.247910,-0.256696
716.000000,135.514999,-0.240496,-0.239848
717.000000,135.514999,-0.232644,-0.248976
718.000000,135.514999,-0.224374,-0.237684
719.000000,135.514999,-0.215693,-0.229132
720.000000,135.514999,-0.206627,-0.232526
721.000000,135.514999,-0.197180,-0.223387
722.000000,135.514999,-0.187382,-0.204975
723.000000,135.514999,-0.177238,-0.210793
724.000000,135.514999,-0.166779,-0.197513
725.000000,135.514999,-0.156012,-0.179953
726.000000,135.514999,-0.144967,-0.184916
727.000000,135.514999,-0.133656,-0.175211
728.000000,135.514999,-0.122105,-0.156222
729.000000,135.514999,-0.110331,-0.162326
730.000000,135.514999,-0.098358,-0.146044
731.000000,135.514999,-0.086206,-0.133340
732.000000,135.514999,-0.073899,-0.134017
733.000000,135.514999,-0.061457,-0.119024
734.000000,135.514999,-0.048904,-0.114872
735.000000,135.514999,-0.036263,-0.103421
736.000000,135.514999,-0.023556,-0.093865
0.000000,141.529007,0.005730,-0.071984
1.000000,141.529007,0.019056,-0.060239
2.000000,141.529007,0.032345,-0.043105
3.000000,141.529007,0.045569,-0.040935
4.000000,141.529007,0.058704,-0.026499
5.000000,141.529007,0.071722,-0.008653
6.000000,141.529007,0.084598,-0.009044
7.000000,141.529007,0.097309,0.007241
8.000000,141.529007,0.109824,0.030381
9.000000,141.529007,0.122125,0.028701
10.000000,141.529007,0.134184,0.044841
11.000000,141.529007,0.145976,0.063684
12.000000,141.529007,0.157484,0.064446
13.000000,141.529007,0.168675,0.081586
14.000000,141.529007,0.179535,0.096430
15.000000,141.529007,0.190042,0.095472
16.000000,141.529007,0.200169,0.111611
17.000000,141.529007,0.209905,0.126747
18.000000,141.529007,0.219224,0.129072
19.000000,141.529007,0.228108,0.143065
20.000000,141.529007,0.236547,0.149211
21.000000,141.529007,0.244511,0.155950
22.000000,141.529007,0.251995,0.173084
23.000000,141.529007,0.258983,0.172109
24.000000,141.529007,0.265454,0.183255
25.000000,141.529007,0.271406,0.198242
26.000000,141.529007,0.276818,0.198851
27.000000,141.529007,0.281682,0.206701
28.000000,141.529007,0.285996,0.222684
29.000000,141.529007,0.289735,0.222157
30.000000,141.529007,0.292907,0.231720
31.000000,141.529007,0.295501,0.241700
32.000000,141.529007,0.297506,0.235023
33.000000,141.529007,0.298929,0.244728
34.000000,141.529007,0.299756,0.257140
35.000000,141.529007,0.299992,0.248893
36.000000,141.529007,0.299640,0.259744
37.000000,141.529007,0.298687,0.265436
38.000000,141.529007,0.297149,0.260615
39.000000,141.529007,0.295024,0.265029
40.000000,141.529007,0.292311,0.266593
41.000000,141.529007,0.289027,0.262901
42.000000,141.529007,0.285167,0.267454
43.000000,141.529007,0.280744,0.259184
44.000000,141.529007,0.275771,0.262040
45.000000,141.529007,0.270244,0.267302
46.000000,141.529007,0.264189,0.252756
47.000000,141.529007,0.257611,0.251742
48.000000,141.529007,0.250521,0.259575
49.000000,141.529007,0.242941,0.248038
50.000000,141.529007,0.234876,0.245874
51.000000,141.529007,0.226348,0.248561
52.000000,141.529007,0.217376,0.228588
53.000000,141.529007,0.207969,0.226282
54.000000,141.529007,0.198154,0.230832
55.000000,141.529007,0.187947,0.212718
56.000000,141.529007,0.177367,0.207695
57.000000,141.529007,0.166440,0.206101
58.000000,141.529007,0.155180,0.205862
59.000000,141.529007,0.143615,0.185386
60.000000,141.529007,0.131768,0.167225
61.000000,141.529007,0.119657,0.161811
62.000000,141.529007,0.107312,0.159499
63.000000,141.529007,0.094754,0.141795
64.000000,141.529007,0.082008,0.136355
65.000000,141.529007,0.069102,0.134755
66.000000,141.529007,0.056057,0.113775
67.000000,141.529007,0.042903,0.108612
68.000000,141.529007,0.029663,0.111157
69.000000,141.529007,0.016365,0.087467
70.000000,141.529007,0.003035,0.077298
71.000000,141.529007,-0.010302,0.075698
72.000000,141.529007,-0.023618,0.045719
73.000000,141.529007,-0.036888,0.043698
74.000000,141.529007,-0.050084,0.040093
75.000000,141.529007,-0.063181,0.094329
76.000000,141.529007,-0.076155,0.011810
77.000000,141.529007,-0.088976,-0.009521
78.000000,141.529007,-0.101623,-0.032638
79.000000,141.529007,-0.114068,-0.033659
80.000000,141.529007,-0.126287,-0.039825
81.000000,141.529007,-0.138260,-0.060951
82.000000,141.529007,-0.149955,-0.061256
83.000000,141.529007,-0.161355,-0.077978
84.000000,141.529007,-0.172439,-0.089982
85.000000,141.529007,-0.183177,-0.092726
86.000000,141.529007,-0.193558,-0.110134
87.000000,141.529007,-0.203553,-0.115293
88.000000,141.529007,-0.213146,-0.119756
89.000000,141.529007,-0.222322,-0.143877
90.000000,141.529007,-0.231052,-0.147469
91.000000,141.529007,-0.239329,-0.146067
92.000000,141.529007,-0.247134,-0.162896
93.000000,141.529007,-0.254446,-0.176494
94.000000,141.529007,-0.261261,-0.172093
95.000000,141.529007,-0.267555,-0.189492
96.000000,141.529007,-0.273321,-0.197517
97.000000,141.529007,-0.278552,-0.196685
98.000000,141.529007,-0.283223,-0.213798
99.000000,141.529007,-0.287340,-0.216678
100.000000,141.529007,-0.290890,-0.216409
101.000000,141.529007,-0.293860,-0.240964
102.000000,141.529007,-0.296256,-0.237555
103.000000,141.529007,-0.298060,-0.246269
104.000000,141.529007,-0.299277,-0.247975
105.000000,141.529007,-0.299908,-0.244142
106.000000,141.529007,-0.299936,-0.257979
107.000000,141.529007,-0.299378,-0.258847
108.000000,141.529007,-0.298228,-0.252299
109.000000,141.529007,-0.296484,-0.266557
110.000000,141.529007,-0.294161,-0.267716
111.000000,141.529007,-0.291250,-0.257879
112.000000,141.529007,-0.287765,-0.270705
113.000000,141.529007,-0.283717,-0.271149
114.000000,141.529007,-0.279099,-0.257024
115.000000,141.529007,-0.273935,-0.264701
116.000000,141.529007,-0.268229,-0.259572
117.000000,141.529007,-0.261990,-0.252160
118.000000,141.529007,-0.255238,-0.256265
119.000000,141.529007,-0.247977,-0.248423
120.000000,141.529007,-0.240227,-0.248708
121.000000,141.529007,-0.232006,-0.245401
122.000000,141.529007,-0.223319,-0.236558
123.000000,141.529007,-0.214197,-0.240252
124.000000,141.529007,-0.204649,-0.227678
125.000000,141.529007,-0.194696,-0.213265
126.000000,141.529007,-0.184361,-0.216227
127.000000,141.529007,-0.173658,-0.203232
128.000000,141.529007,-0.162613,-0.184816
129.000000,141.529007,-0.151249,-0.191778
130.000000,141.529007,-0.139582,-0.179214
131.000000,141.529007,-0.127642,-0.163800
132.000000,141.529007,-0.115448,-0.165470
133.000000,141.529007,-0.103026,-0.152763
134.000000,141.529007,-0.090403,-0.140918
135.000000,141.529007,-0.077598,-0.139875
136.000000,141.529007,-0.064641,-0.121167
137.000000,141.529007,-0.051556,-0.119739
138.000000,141.529007,-0.038369,-0.109140
139.000000,141.529007,-0.025107,-0.089432
140.000000,141.529007,-0.011794,-0.089691
141.000000,141.529007,0.001541,-0.074542
142.000000,141.529007,0.014874,-0.053552
143.000000,141.529007,0.028177,-0.055514
144.000000,141.529007,0.041424,-0.041803
145.000000,141.529007,0.054590,-0.021101
146.000000,141.529007,0.067647,-0.021482
147.000000,141.529007,0.080571,-0.004916
148.000000,141.529007,0.093336,0.010783
149.000000,141.529007,0.105915,0.013689
150.000000,141.529007,0.118288,0.030255
151.000000,141.529007,0.130423,0.051388
152.000000,141.529007,0.142303,0.048860
153.000000,141.529007,0.153902,0.064857
154.000000,141.529007,0.165194,0.081705
155.000000,141.529007,0.176163,0.082318
156.000000,141.529007,0.186781,0.091164
157.000000,141.529007,0.197030,0.107745
158.000000,141.529007,0.206894,0.113914
159.000000,141.529007,0.216342,0.126329
160.000000,141.529007,0.225366,0.133645
161.000000,141.529007,0.233946,0.146795
162.000000,141.529007,0.242059,0.165354
163.000000,141.529007,0.249699,0.161676
164.000000,141.529007,0.256842,0.173527
165.000000,141.529007,0.263477,0.194229
166.000000,141.529007,0.269597,0.191986
167.000000,141.529007,0.275175,0.201976
168.000000,141.529007,0.280215,0.216820
169.000000,141.529007,0.284701,0.211859
170.000000,141.529007,0.288620,0.226998
171.000000,141.529007,0.291975,0.232551
172.000000,141.529007,0.294748,0.230305
173.000000,141.529007,0.296939,0.236862
174.000000,141.529007,0.298549,0.240573
175.000000,141.529007,0.299558,0.246888
176.000000,141.529007,0.299983,0.257302
177.000000,141.529007,0.299813,0.249174
178.000000,141.529007,0.299048,0.257892
179.000000,141.529007,0.297698,0.268017
180.000000,141.529007,0.295753,0.215156
181.000000,141.529007,0.293225,0.265181
182.000000,141.529007,0.290123,0.279448
183.000000,141.529007,0.286439,0.264767
184.000000,141.529007,0.282194,0.268753
185.000000,141.529007,0.277391,0.275731
186.000000,141.529007,0.272036,0.259472
187.000000,141.529007,0.266150,0.264459
188.000000,141.529007,0.259731,0.267149
189.000000,141.529007,0.252802,0.252610
190.000000,141.529007,0.245376,0.253164
191.000000,141.529007,0.237458,0.252425
192.000000,141.529007,0.229077,0.239168
193.000000,141.529007,0.220241,0.239575
194.000000,141.529007,0.210967,0.229139
195.000000,141.529007,0.201282,0.221150
196.000000,141.529007,0.191193,0.219411
197.000000,141.529007,0.180729,0.203709
198.000000,141.529007,0.169910,0.200554
199.000000,141.529007,0.158750,0.203099
200.000000,141.529007,0.147280,0.182692
201.000000,141.529007,0.135518,0.182391
202.000000,141.529007,0.123487,0.183077
203.000000,141.529007,0.111214,0.157100
204.000000,141.529007,0.098719,0.149360
205.000000,141.529007,0.086030,0.151050
206.000000,141.529007,0.073172,0.126786
207.000000,141.529007,0.060167,0.125766
208.000000,141.529007,0.047045,0.116164
209.000000,141.529007,0.033829,0.093040
210.000000,141.529007,0.020546,0.090876
211.000000,141.529007,0.007223,0.075430
212.000000,141.529007,-0.006114,0.067587
213.000000,141.529007,-0.019439,0.063273
214.000000,141.529007,-0.032727,0.036279
215.000000,141.529007,-0.045948,0.033125
216.000000,141.529007,-0.059080,0.044967
217.000000,141.529007,-0.072095,0.008543
218.000000,141.529007,-0.084966,0.000233
219.000000,141.529007,-0.097672,-0.006373
220.000000,141.529007,-0.110182,-0.028636
221.000000,141.529007,-0.122475,-0.037088
222.000000,141.529007,-0.134528,-0.037118
223.000000,141.529007,-0.146311,-0.059235
224.000000,141.529007,-0.157809,-0.068118
225.000000,141.529007,-0.168993,-0.080297
226.000000,141.529007,-0.179842,-0.095552
227.000000,141.529007,-0.190340,-0.099001
228.000000,141.529007,-0.200455,-0.105025
229.000000,141.529007,-0.210178,-0.122006
230.000000,141.529007,-0.219486,-0.133178
231.000000,141.529007,-0.228357,-0.144613
232.000000,141.529007,-0.236781,-0.151750
233.000000,141.529007,-0.244734,-0.158207
234.000000,141.529007,-0.252203,-0.176050
235.000000,141.529007,-0.259178,-0.181351
236.000000,141.529007,-0.265633,-0.182093
237.000000,141.529007,-0.271568,-0.196924
238.000000,141.529007,-0.276967,-0.200085
239.000000,141.529007,-0.281814,-0.196112
240.000000,141.529007,-0.286110,-0.219229
241.000000,141.529007,-0.289835,-0.222678
242.000000,141.529007,-0.292989,-0.217847
243.000000,141.529007,-0.295569,-0.239106
244.000000,141.529007,-0.297555,-0.243555
245.000000,141.529007,-0.298960,-0.237435
246.000000,141.529007,-0.299773,-0.254119
247.000000,141.529007,-0.299989,-0.252704
248.000000,141.529007,-0.299620,-0.251444
249.000000,141.529007,-0.298651,-0.265987
250.000000,141.529007,-0.297095,-0.262289
251.000000,141.529007,-0.294956,-0.260159
252.000000,141.529007,-0.292225,-0.270708
253.000000,141.529007,-0.288923,-0.265298
254.000000,141.529007,-0.285048,-0.288299
255.000000,141.529007,-0.280607,-0.264993
256.000000,141.529007,-0.275618,-0.257726
257.000000,141.529007,-0.270077,-0.262693
258.000000,141.529007,-0.264006,-0.259420
259.000000,141.529007,-0.257415,-0.246010
260.000000,141.529007,-0.250309,-0.254692
261.000000,141.529007,-0.242714,-0.248701
262.000000,141.529007,-0.234637,-0.236862
263.000000,141.529007,-0.226095,-0.241965
264.000000,141.529007,-0.217110,-0.234119
265.000000,141.529007,-0.207691,-0.218848
266.000000,141.529007,-0.197864,-0.224951
267.000000,141.529007,-0.187648,-0.216532
268.000000,141.529007,-0.177056,-0.200111
269.000000,141.529007,-0.166118,-0.206937
270.000000,141.529007,-0.154851,-0.188799
271.000000,141.529007,-0.143276,-0.185797
272.000000,141.529007,-0.131422,-0.181629
273.000000,141.529007,-0.119303,-0.161351
274.000000,141.529007,-0.106951,-0.161756
275.000000,141.529007,-0.094388,-0.149036
276.000000,141.529007,-0.081637,-0.132048
277.000000,141.529007,-0.068726,-0.134583
278.000000,141.529007,-0.055678,-0.119299
279.000000,141.529007,-0.042520,-0.099740
280.000000,141.529007,-0.029279,-0.105843
281.000000,141.529007,-0.015979,-0.085701
282.000000,141.529007,-0.002648,-0.064854
283.000000,141.529007,0.010688,-0.074105
284.000000,141.529007,0.024003,-0.056107
285.000000,141.529007,0.037271,-0.035401
286.000000,141.529007,0.050465,-0.038788
287.000000,141.529007,0.063559,-0.018646
288.000000,141.529007,0.076529,-0.001940
289.000000,141.529007,0.089345,-0.000469
290.000000,141.529007,0.101986,0.013666
291.000000,141.529007,0.114426,0.021674
292.000000,141.529007,0.126638,0.035129
293.000000,141.529007,0.138602,0.049692
294.000000,141.529007,0.150290,0.057295
295.000000,141.529007,0.161681,0.071013
296.000000,141.529007,0.172756,0.091430
297.000000,141.529007,0.183484,0.085323
298.000000,141.529007,0.193852,0.105037
299.000000,141.529007,0.203838,0.124881
300.000000,141.529007,0.213418,0.122641
301.000000,141.529007,0.222580,0.133632
302.000000,141.529007,0.231299,0.151905
303.000000,141.529007,0.239561,0.147375
304.000000,141.529007,0.247355,0.166231
305.000000,141.529007,0.254651,0.175360
306.000000,141.529007,0.261449,0.173683
307.000000,141.529007,0.267731,0.189392
308.000000,141.529007,0.273480,0.191532
309.000000,141.529007,0.278693,0.204136
310.000000,141.529007,0.283351,0.216409
311.000000,141.529007,0.287450,0.212287
312.000000,141.529007,0.290986,0.223433
313.000000,141.529007,0.293938,0.238562
314.000000,141.529007,0.296315,0.232167
315.000000,141.529007,0.298105,0.237157
316.000000,141.529007,0.299303,0.253141
317.000000,141.529007,0.299916,0.243604
318.000000,141.529007,0.299929,0.253167
319.000000,141.529007,0.299352,0.270151
320.000000,141.529007,0.298188,0.258329
321.000000,141.529007,0.296425,0.261172
322.000000,141.529007,0.294083,0.272868
323.000000,141.529007,0.291158,0.261331
324.000000,141.529007,0.287656,0.266460
325.000000,141.529007,0.283590,0.270300
326.000000,141.529007,0.278958,0.264048
327.000000,141.529007,0.273776,0.263597
328.000000,141.529007,0.268058,0.251593
329.000000,141.529007,0.261802,0.254177
330.000000,141.529007,0.255034,0.258442
331.000000,141.529007,0.247760,0.246749
332.000000,141.529007,0.239995,0.248024
333.000000,141.529007,0.231761,0.250139
334.000000,141.529007,0.223062,0.234022
335.000000,141.529007,0.213926,0.229003
336.000000,141.529007,0.204368,0.231832
337.000000,141.529007,0.194402,0.214291
338.000000,141.529007,0.184056,0.214987
339.000000,141.529007,0.173344,0.212960
340.000000,141.529007,0.162289,0.193129
341.000000,141.529007,0.150916,0.181102
342.000000,141.529007,0.139241,0.184369
343.000000,141.529007,0.127293,0.169250
344.000000,141.529007,0.115094,0.164224
345.000000,141.529007,0.102665,0.152932
346.000000,141.529007,0.090035,0.142939
347.000000,141.529007,0.077227,0.136050
348.000000,141.529007,0.064265,0.120925
349.000000,141.529007,0.051178,0.116482
350.000000,141.529007,0.037988,0.110448
351.000000,141.529007,0.024724,0.089183
352.000000,141.529007,0.011411,0.081304
353.000000,141.529007,-0.001925,0.082275
354.000000,141.529007,-0.015257,0.056441
355.000000,141.529007,-0.028559,0.050990
356.000000,141.529007,-0.041804,0.046385
357.000000,141.529007,-0.054968,0.023125
358.000000,141.529007,-0.068021,0.015528
359.000000,141.529007,-0.080941,0.009209
360.000000,141.529007,-0.093701,-0.012049
361.000000,141.529007,-0.106274,-0.019789
362.000000,141.529007,-0.118640,-0.025104
363.000000,141.529007,-0.130769,-0.048224
364.000000,141.529007,-0.142640,-0.050961
365.000000,141.529007,-0.154232,-0.062269
366.000000,141.529007,-0.165514,-0.079254
367.000000,141.529007,-0.176472,-0.086854
368.000000,141.529007,-0.187082,-0.105711
369.000000,141.529007,-0.197319,-0.108570
370.000000,141.529007,-0.207170,-0.110313
371.000000,141.529007,-0.216608,-0.133440
372.000000,141.529007,-0.225618,-0.142032
373.000000,141.529007,-0.234188,-0.139202
374.000000,141.529007,-0.242286,-0.162747
375.000000,141.529007,-0.249911,-0.169201
376.000000,141.529007,-0.257041,-0.170516
377.000000,141.529007,-0.263660,-0.188634
378.000000,141.529007,-0.269764,-0.192941
379.000000,141.529007,-0.275329,-0.191682
380.000000,141.529007,-0.280351,-0.208938
381.000000,141.529007,-0.284824,-0.215389
382.000000,141.529007,-0.288725,-0.212556
383.000000,141.529007,-0.292062,-0.232386
384.000000,141.529007,-0.294820,-0.235265
385.000000,141.529007,-0.296993,-0.242141
386.000000,141.529007,-0.298585,-0.249831
387.000000,141.529007,-0.299580,-0.243705
388.000000,141.529007,-0.299985,-0.256560
389.000000,141.529007,-0.299802,-0.258558
390.000000,141.529007,-0.299017,-0.253724
391.000000,141.529007,-0.297648,-0.265841
392.000000,141.529007,-0.295689,-0.265423
393.000000,141.529007,-0.293143,-0.257448
394.000000,141.529007,-0.290024,-0.272133
395.000000,141.529007,-0.286325,-0.263856
396.000000,141.529007,-0.282062,-0.254161
397.000000,141.529007,-0.277246,-0.265987
398.000000,141.529007,-0.271874,-0.264002
399.000000,141.529007,-0.265971,-0.253306
400.000000,141.529007,-0.259540,-0.261269
401.000000,141.529007,-0.252594,-0.256140
402.000000,141.529007,-0.245154,-0.244725
403.000000,141.529007,-0.237223,-0.253121
404.000000,141.529007,-0.228827,-0.242989
405.000000,141.529007,-0.219980,-0.241697
406.000000,141.529007,-0.210693,-0.232963
407.000000,141.529007,-0.200995,-0.220405
408.000000,141.529007,-0.190897,-0.220518
409.000000,141.529007,-0.180421,-0.215379
410.000000,141.529007,-0.169592,-0.197825
411.000000,141.529007,-0.158423,-0.196354
412.000000,141.529007,-0.146943,-0.186361
413.000000,141.529007,-0.135174,-0.173664
414.000000,141.529007,-0.123135,-0.175049
415.000000,141.529007,-0.110855,-0.158625
416.000000,141.529007,-0.098355,-0.160086
417.000000,141.529007,-0.085660,-0.146882
418.000000,141.529007,-0.072797,-0.128884
419.000000,141.529007,-0.059789,-0.112036
420.000000,141.529007,-0.046663,-0.115283
421.000000,141.529007,-0.033445,-0.095144
422.000000,141.529007,-0.020161,-0.088425
423.000000,141.529007,-0.006837,-0.079969
424.000000,141.529007,0.006501,-0.064980
425.000000,141.529007,0.019825,-0.064814
426.000000,141.529007,0.033111,-0.049235
427.000000,141.529007,0.046331,-0.030531
428.000000,141.529007,0.059459,-0.031780
429.000000,141.529007,0.072470,-0.019640
430.000000,141.529007,0.085337,0.005064
431.000000,141.529007,0.098037,0.002108
432.000000,141.529007,0.110542,0.020534
433.000000,141.529007,0.122828,0.037376
434.000000,141.529007,0.134874,0.043002
435.000000,141.529007,0.146649,0.055566
436.000000,141.529007,0.158137,0.076984
437.000000,141.529007,0.169313,0.070883
438.000000,141.529007,0.180151,0.089309
439.000000,141.529007,0.190638,0.109010
440.000000,141.529007,0.200744,0.107340
441.000000,141.529007,0.210453,0.121763
442.000000,141.529007,0.219752,0.136325
443.000000,141.529007,0.228608,0.138509
444.000000,141.529007,0.237017,0.155934
445.000000,141.529007,0.244958,0.159085
446.000000,141.529007,0.252412,0.161526
447.000000,141.529007,0.259371,0.183090
448.000000,141.529007,0.265813,0.181406
449.000000,141.529007,0.271732,0.193692
450.000000,141.529007,0.277117,0.210534
451.000000,141.529007,0.281947,0.208145
452.000000,141.529007,0.286225,0.219139
453.000000,141.529007,0.289936,0.230119
454.000000,141.529007,0.293071,0.224443
455.000000,141.529007,0.295634,0.237438
456.000000,141.529007,0.297605,0.247846
457.000000,141.529007,0.298990,0.239314
458.000000,141.529007,0.299789,0.249161
459.000000,141.529007,0.299987,0.249705
460.000000,141.529007,0.299598,0.253896
461.000000,141.529007,0.298616,0.264459
462.000000,141.529007,0.297040,0.265585
463.000000,141.529007,0.294884,0.260615
464.000000,141.529007,0.292138,0.268458
465.000000,141.529007,0.288817,0.264605
466.000000,141.529007,0.284929,0.265188
467.000000,141.529007,0.280471,0.268879
468.000000,141.529007,0.275464,0.254184
469.000000,141.529007,0.269910,0.261178
470.000000,141.529007,0.263822,0.261579
471.000000,141.529007,0.257217,0.248180
472.000000,141.529007,0.250097,0.261178
473.000000,141.529007,0.242486,0.254568
474.000000,141.529007,0.234398,0.234453
475.000000,141.529007,0.225841,0.236580
476.000000,141.529007,0.216843,0.247418
477.000000,141.529007,0.207414,0.222727
478.000000,141.529007,0.197574,0.217704
479.000000,141.529007,0.187348,0.217963
480.000000,141.529007,0.176746,0.197705
481.000000,141.529007,0.165797,0.197973
482.000000,141.529007,0.154522,0.191519
483.000000,141.529007,0.142938,0.184551
484.000000,141.529007,0.131075,0.178093
485.000000,141.529007,0.118951,0.160509
486.000000,141.529007,0.106591,0.155092
487.000000,141.529007,0.094023,0.152206
488.000000,141.529007,0.081267,0.131647
489.000000,141.529007,0.068351,0.124059
490.000000,141.529007,0.055301,0.126889
491.000000,141.529007,0.042140,0.100193
492.000000,141.529007,0.028896,0.100180
493.000000,141.529007,0.015596,0.095286
494.000000,141.529007,0.002264,0.072169
495.000000,141.529007,-0.011072,0.062716
496.000000,141.529007,-0.024386,0.061113
497.000000,141.529007,-0.037652,0.037137
498.000000,141.529007,-0.050844,0.031114
499.000000,141.529007,-0.063934,0.027940
500.000000,141.529007,-0.076900,-0.000327
501.000000,141.529007,-0.089712,-0.005777
502.000000,141.529007,-0.102347,-0.009090
503.000000,141.529007,-0.114782,-0.028066
504.000000,141.529007,-0.126986,-0.039238
505.000000,141.529007,-0.138941,-0.047393
506.000000,141.529007,-0.150623,-0.064957
507.000000,141.529007,-0.162004,-0.068840
508.000000,141.529007,-0.173068,-0.089694
509.000000,141.529007,-0.183788,-0.097275
510.000000,141.529007,-0.194144,-0.097589
511.000000,141.529007,-0.204121,-0.119570
512.000000,141.529007,-0.213688,-0.124875
513.000000,141.529007,-0.222836,-0.128337
514.000000,141.529007,-0.231544,-0.148453
515.000000,141.529007,-0.239792,-0.152187
516.000000,141.529007,-0.247571,-0.157505
517.000000,141.529007,-0.254855,-0.176480
518.000000,141.529007,-0.261637,-0.177070
519.000000,141.529007,-0.267906,-0.179671
520.000000,141.529007,-0.273637,-0.201645
521.000000,141.529007,-0.278834,-0.190357
522.000000,141.529007,-0.283478,-0.208122
523.000000,141.529007,-0.287559,-0.227671
524.000000,141.529007,-0.291078,-0.228692
525.000000,141.529007,-0.294015,-0.239414
526.000000,141.529007,-0.296373,-0.243973
527.000000,141.529007,-0.298150,-0.241137
528.000000,141.529007,-0.299329,-0.253834
529.000000,141.529007,-0.299923,-0.254413
530.000000,141.529007,-0.299922,-0.252014
531.000000,141.529007,-0.299326,-0.259122
532.000000,141.529007,-0.298145,-0.262856
533.000000,141.529007,-0.296366,-0.258167
534.000000,141.529007,-0.294006,-0.269131
535.000000,141.529007,-0.291067,-0.267862
536.000000,141.529007,-0.287546,-0.258883
537.000000,141.529007,-0.283463,-0.269562
538.000000,141.529007,-0.278817,-0.263001
539.000000,141.529007,-0.273618,-0.260023
540.000000,141.529007,-0.267885,-0.270847
541.000000,141.529007,-0.261614,-0.256285
542.000000,141.529007,-0.254830,-0.254430
543.000000,141.529007,-0.247544,-0.254264
544.000000,141.529007,-0.239764,-0.240706
545.000000,141.529007,-0.231515,-0.246117
546.000000,141.529007,-0.222806,-0.238685
547.000000,141.529007,-0.213655,-0.225272
548.000000,141.529007,-0.204087,-0.228380
549.000000,141.529007,-0.194109,-0.217383
550.000000,141.529007,-0.183751,-0.201973
551.000000,141.529007,-0.173030,-0.213365
552.000000,141.529007,-0.161965,-0.197513
553.000000,141.529007,-0.150582,-0.185101
554.000000,141.529007,-0.138900,-0.187776
555.000000,141.529007,-0.126943,-0.173067
556.000000,141.529007,-0.114738,-0.155222
557.000000,141.529007,-0.102302,-0.165470
558.000000,141.529007,-0.089667,-0.141468
559.000000,141.529007,-0.076854,-0.122330
560.000000,141.529007,-0.063888,-0.129583
561.000000,141.529007,-0.050797,-0.114448
562.000000,141.529007,-0.037605,-0.110154
563.000000,141.529007,-0.024339,-0.095270
564.000000,141.529007,-0.011025,-0.068412
565.000000,141.529007,0.002312,-0.077107
566.000000,141.529007,0.015643,-0.062819
567.000000,141.529007,0.028944,-0.042260
568.000000,141.529007,0.042187,-0.044649
569.000000,141.529007,0.055348,-0.028937
570.000000,141.529007,0.068398,-0.009378
571.000000,141.529007,0.081313,-0.012477
572.000000,141.529007,0.094069,0.004517
573.000000,141.529007,0.106636,0.026939
574.000000,141.529007,0.118994,0.025269
575.000000,141.529007,0.131118,0.038549
576.000000,141.529007,0.142980,0.059830
577.000000,141.529007,0.154563,0.061729
578.000000,141.529007,0.165837,0.076722
579.000000,141.529007,0.176784,0.086155
580.000000,141.529007,0.187385,0.096184
581.000000,141.529007,0.197610,0.112032
582.000000,141.529007,0.207448,0.108911
583.000000,141.529007,0.216876,0.125918
584.000000,141.529007,0.225873,0.147766
585.000000,141.529007,0.234428,0.142803
586.000000,141.529007,0.242514,0.156517
587.000000,141.529007,0.250123,0.173928
588.000000,141.529007,0.257242,0.171970
589.000000,141.529007,0.263845,0.184965
590.000000,141.529007,0.269931,0.199090
591.000000,141.529007,0.275483,0.198705
592.000000,141.529007,0.280488,0.208268
593.000000,141.529007,0.284944,0.220822
594.000000,141.529007,0.288830,0.214861
595.000000,141.529007,0.292149,0.229715
596.000000,141.529007,0.294893,0.236842
597.000000,141.529007,0.297047,0.230447
598.000000,141.529007,0.298620,0.246726
599.000000,141.529007,0.299601,0.250158
600.000000,141.529007,0.299987,0.251033
601.000000,141.529007,0.299787,0.260874
602.000000,141.529007,0.298987,0.251179
603.000000,141.529007,0.297599,0.257892
604.000000,141.529007,0.295626,0.267872
605.000000,141.529007,0.293061,0.258760
606.000000,141.529007,0.289924,0.258031
607.000000,141.529007,0.286210,0.271155
608.000000,141.529007,0.281930,0.265625
609.000000,141.529007,0.277098,0.264893
610.000000,141.529007,0.271711,0.269581
611.000000,141.529007,0.265791,0.257759
612.000000,141.529007,0.259347,0.259313
613.000000,141.529007,0.252386,0.265433
614.000000,141.529007,0.244930,0.247461
615.000000,141.529007,0.236988,0.244155
616.000000,141.529007,0.228577,0.244850
617.000000,141.529007,0.219719,0.238025
618.000000,141.529007,0.210419,0.230139
619.000000,141.529007,0.200708,0.218847
620.000000,141.529007,0.190601,0.211283
621.000000,141.529007,0.180113,0.212830
622.000000,141.529007,0.169273,0.193272
623.000000,141.529007,0.158096,0.191403
624.000000,141.529007,0.146607,0.194806
625.000000,141.529007,0.134831,0.172255
626.000000,141.529007,0.122784,0.167378
627.000000,141.529007,0.110497,0.170353
628.000000,141.529007,0.097992,0.147664
629.000000,141.529007,0.085291,0.141067
630.000000,141.529007,0.072424,0.140467
631.000000,141.529007,0.059412,0.118350
632.000000,141.529007,0.046283,0.109325
633.000000,141.529007,0.033064,0.107582
634.000000,141.529007,0.019778,0.085320
635.000000,141.529007,0.006453,0.080439
636.000000,141.529007,-0.006885,0.066129
637.000000,141.529007,-0.020208,0.057007
638.000000,141.529007,-0.033492,0.050265
639.000000,141.529007,-0.046710,0.028695
640.000000,141.529007,-0.059835,0.020113
641.000000,141.529007,-0.072843,0.014656
642.000000,141.529007,-0.085705,-0.009472
643.000000,141.529007,-0.098399,-0.017351
644.000000,141.529007,-0.110899,-0.015952
645.000000,141.529007,-0.123178,-0.038788
646.000000,141.529007,-0.135216,-0.044808
647.000000,141.529007,-0.146984,-0.046412
648.000000,141.529007,-0.158463,-0.070530
649.000000,141.529007,-0.169631,-0.082988
650.000000,141.529007,-0.180458,-0.083014
651.000000,141.529007,-0.190933,-0.106562
652.000000,141.529007,-0.201029,-0.107722
653.000000,141.529007,-0.210726,-0.116754
654.000000,141.529007,-0.220011,-0.131870
655.000000,141.529007,-0.228857,-0.141041
656.000000,141.529007,-0.237252,-0.152197
657.000000,141.529007,-0.245181,-0.165473
658.000000,141.529007,-0.252619,-0.163353
659.000000,141.529007,-0.259563,-0.185347
660.000000,141.529007,-0.265992,-0.190072
661.000000,141.529007,-0.271894,-0.188670
662.000000,141.529007,-0.277263,-0.209077
663.000000,141.529007,-0.282078,-0.209521
664.000000,141.529007,-0.286338,-0.206691
665.000000,141.529007,-0.290036,-0.234096
666.000000,141.529007,-0.293153,-0.229255
667.000000,141.529007,-0.295697,-0.224994
668.000000,141.529007,-0.297654,-0.243824
669.000000,141.529007,-0.299021,-0.246557
670.000000,141.529007,-0.299803,-0.241011
671.000000,141.529007,-0.299985,-0.256550
672.000000,141.529007,-0.299577,-0.257998
673.000000,141.529007,-0.298580,-0.256878
674.000000,141.529007,-0.296986,-0.263558
675.000000,141.529007,-0.294812,-0.264436
676.000000,141.529007,-0.292051,-0.267723
677.000000,141.529007,-0.288713,-0.270423
678.000000,141.529007,-0.284809,-0.260725
679.000000,141.529007,-0.280335,-0.270562
680.000000,141.529007,-0.275310,-0.265708
681.000000,141.529007,-0.269744,-0.253300
682.000000,141.529007,-0.263638,-0.268843
683.000000,141.529007,-0.257017,-0.255563
684.000000,141.529007,-0.249885,-0.242581
685.000000,141.529007,-0.242259,-0.252690
686.000000,141.529007,-0.234158,-0.243128
687.000000,141.529007,-0.225588,-0.230859
688.000000,141.529007,-0.216576,-0.235961
689.000000,141.529007,-0.207136,-0.228115
690.000000,141.529007,-0.197284,-0.216270
691.000000,141.529007,-0.187045,-0.217089
692.000000,141.529007,-0.176435,-0.207672
693.000000,141.529007,-0.165475,-0.199806
694.000000,141.529007,-0.154192,-0.195071
695.000000,141.529007,-0.142599,-0.179081
696.000000,141.529007,-0.130727,-0.178339
697.000000,141.529007,-0.118597,-0.164764
698.000000,141.529007,-0.106230,-0.155500
699.000000,141.529007,-0.093656,-0.150600
700.000000,141.529007,-0.080895,-0.140749
701.000000,141.529007,-0.067975,-0.114328
702.000000,141.529007,-0.054921,-0.122145
703.000000,141.529007,-0.041757,-0.107437
704.000000,141.529007,-0.028512,-0.089591
705.000000,141.529007,-0.015210,-0.090546
0.000000,147.809006,0.006248,-0.073263
1.000000,147.809006,0.020164,-0.052131
2.000000,147.809006,0.034036,-0.052227
3.000000,147.809006,0.047835,-0.036661
4.000000,147.809006,0.061531,-0.022675
5.000000,147.809006,0.075093,-0.022201
6.000000,147.809006,0.088494,-0.002487
7.000000,147.809006,0.101705,0.015505
8.000000,147.809006,0.114698,0.018119
9.000000,147.809006,0.127440,0.036544
10.000000,147.809006,0.139908,0.048118
11.000000,147.809006,0.152076,0.057007
12.000000,147.809006,0.163917,0.125888
13.000000,147.809006,0.175404,0.073879
14.000000,147.809006,0.186510,0.083458
15.000000,147.809006,0.197216,0.106449
16.000000,147.809006,0.207497,0.106773
17.000000,147.809006,0.217334,0.120199
18.000000,147.809006,0.226696,0.139327
19.000000,147.809006,0.235571,0.138370
20.000000,147.809006,0.243940,0.157226
21.000000,147.809006,0.251784,0.169638
22.000000,147.809006,0.259085,0.168965
23.000000,147.809006,0.265823,0.184962
24.000000,147.809006,0.271990,0.196516
25.000000,147.809006,0.277573,0.196989
26.000000,147.809006,0.282559,0.209268
27.000000,147.809006,0.286932,0.220256
28.000000,147.809006,0.290685,0.219579
29.000000,147.809006,0.293814,0.232571
30.000000,147.809006,0.296311,0.225136
31.000000,147.809006,0.298171,0.235162
32.000000,147.809006,0.299381,0.251010
33.000000,147.809006,0.299948,0.245460
34.000000,147.809006,0.299870,0.253458
35.000000,147.809006,0.299148,0.266013
36.000000,147.809006,0.297779,0.256185
37.000000,147.809006,0.295764,0.260317
38.000000,147.809006,0.293114,0.272441
39.000000,147.809006,0.289834,0.259045
40.000000,147.809006,0.285931,0.265463
41.000000,147.809006,0.281407,0.273153
42.000000,147.809006,0.276276,0.256901
43.000000,147.809006,0.270551,0.261887
44.000000,147.809006,0.264245,0.267438
45.000000,147.809006,0.257370,0.250609
46.000000,147.809006,0.249934,0.252448
47.000000,147.809006,0.241962,0.253001
48.000000,147.809006,0.233469,0.241312
49.000000,147.809006,0.224475,0.241719
50.000000,147.809006,0.214995,0.228294
51.000000,147.809006,0.205049,0.224579
52.000000,147.809006,0.194663,0.224838
53.000000,147.809006,0.183858,0.207002
54.000000,147.809006,0.172658,0.199126
55.000000,147.809006,0.161083,0.204242
56.000000,147.809006,0.149160,0.187129
57.000000,147.809006,0.136918,0.183964
58.000000,147.809006,0.124380,0.183365
59.000000,147.809006,0.111575,0.158528
60.000000,147.809006,0.098527,0.156364
61.000000,147.809006,0.085268,0.151189
62.000000,147.809006,0.071825,0.131359
63.000000,147.809006,0.058228,0.122191
64.000000,147.809006,0.044504,0.117738
65.000000,147.809006,0.030684,0.094614
66.000000,147.809006,0.016799,0.092447
67.000000,147.809006,0.002877,0.075439
68.000000,147.809006,-0.011051,0.065012
69.000000,147.809006,-0.024955,0.061557
70.000000,147.809006,-0.038805,0.035563
71.000000,147.809006,-0.052571,0.032263
72.000000,147.809006,-0.066225,0.028231
73.000000,147.809006,-0.079736,0.002821
74.000000,147.809006,-0.093074,-0.000913
75.000000,147.809006,-0.106211,-0.002944
76.000000,147.809006,-0.119121,-0.033639
77.000000,147.809006,-0.131774,-0.036803
78.000000,147.809006,-0.144141,-0.042837
79.000000,147.809006,-0.156198,-0.065954
80.000000,147.809006,-0.167918,-0.076838
81.000000,147.809006,-0.179278,-0.080006
82.000000,147.809006,-0.190252,-0.098985
83.000000,147.809006,-0.200811,-0.109587
84.000000,147.809006,-0.210939,-0.121307
85.000000,147.809006,-0.220614,-0.132589
86.000000,147.809006,-0.229815,-0.136333
87.000000,147.809006,-0.238518,-0.158177
88.000000,147.809006,-0.246705,-0.160904
89.000000,147.809006,-0.254361,-0.162219
90.000000,147.809006,-0.261471,-0.181768
91.000000,147.809006,-0.268019,-0.185075
92.000000,147.809006,-0.273984,-0.184816
93.000000,147.809006,-0.279359,-0.213080
94.000000,147.809006,-0.284133,-0.209524
95.000000,147.809006,-0.288297,-0.204836
96.000000,147.809006,-0.291840,-0.234384
97.000000,147.809006,-0.294747,-0.229971
98.000000,147.809006,-0.297022,-0.226568
99.000000,147.809006,-0.298658,-0.244397
100.000000,147.809006,-0.299652,-0.247273
101.000000,147.809006,-0.299997,-0.246153
102.000000,147.809006,-0.299693,-0.258267
103.000000,147.809006,-0.298745,-0.257001
104.000000,147.809006,-0.297156,-0.261149
105.000000,147.809006,-0.294927,-0.266991
106.000000,147.809006,-0.292056,-0.261580
107.000000,147.809006,-0.288557,-0.268850
108.000000,147.809006,-0.284437,-0.264423
109.000000,147.809006,-0.279707,-0.254728
110.000000,147.809006,-0.274372,-0.267415
111.000000,147.809006,-0.268442,-0.260709
112.000000,147.809006,-0.261935,-0.247727
113.000000,147.809006,-0.254865,-0.257263
114.000000,147.809006,-0.247248,-0.250417
115.000000,147.809006,-0.239093,-0.237578
116.000000,147.809006,-0.230423,-0.250971
117.000000,147.809006,-0.221257,-0.241836
118.000000,147.809006,-0.211616,-0.220849
119.000000,147.809006,-0.201520,-0.227380
120.000000,147.809006,-0.190984,-0.220107
121.000000,147.809006,-0.180038,-0.192821
122.000000,147.809006,-0.168706,-0.206221
123.000000,147.809006,-0.157011,-0.195088
124.000000,147.809006,-0.144976,-0.183379
125.000000,147.809006,-0.132626,-0.182630
126.000000,147.809006,-0.119993,-0.168210
127.000000,147.809006,-0.107101,-0.167342
128.000000,147.809006,-0.093979,-0.149463
129.000000,147.809006,-0.080652,-0.134189
130.000000,147.809006,-0.067152,-0.135584
131.000000,147.809006,-0.053508,-0.120869
132.000000,147.809006,-0.039748,-0.101738
133.000000,147.809006,-0.025903,-0.100267
134.000000,147.809006,-0.012001,-0.086414
135.000000,147.809006,0.001926,-0.066997
136.000000,147.809006,0.015849,-0.066812
137.000000,147.809006,0.029738,-0.053244
138.000000,147.809006,0.043563,-0.031826
139.000000,147.809006,0.057293,-0.035640
140.000000,147.809006,0.070901,-0.013928
141.000000,147.809006,0.084356,0.002917
142.000000,147.809006,0.097629,-0.051375
143.000000,147.809006,0.110690,0.020246
144.000000,147.809006,0.123513,0.045822
145.000000,147.809006,0.136071,0.046573
146.000000,147.809006,0.148336,0.062279
147.000000,147.809006,0.160281,0.068574
148.000000,147.809006,0.171877,0.080741
149.000000,147.809006,0.183105,0.096874
150.000000,147.809006,0.193939,0.097046
151.000000,147.809006,0.204356,0.113192
152.000000,147.809006,0.214330,0.131037
153.000000,147.809006,0.223841,0.130219
154.000000,147.809006,0.232870,0.145931
155.000000,147.809006,0.241400,0.161629
156.000000,147.809006,0.249410,0.154953
157.000000,147.809006,0.256877,0.174240
158.000000,147.809006,0.263791,0.187652
159.000000,147.809006,0.270139,0.187556
160.000000,147.809006,0.275907,0.203553
161.000000,147.809006,0.281077,0.213102
162.000000,147.809006,0.285639,0.211001
163.000000,147.809006,0.289586,0.221422
164.000000,147.809006,0.292912,0.233983
165.000000,147.809006,0.295608,0.230159
166.000000,147.809006,0.297661,0.243578
167.000000,147.809006,0.299072,0.239016
168.000000,147.809006,0.299841,0.243452
169.000000,147.809006,0.299966,0.256868
170.000000,147.809006,0.299444,0.251470
171.000000,147.809006,0.298270,0.257318
172.000000,147.809006,0.296456,0.269011
173.000000,147.809006,0.294005,0.261619
174.000000,147.809006,0.290922,0.263176
175.000000,147.809006,0.287209,0.273584
176.000000,147.809006,0.282874,0.262046
177.000000,147.809006,0.277931,0.265748
178.000000,147.809006,0.272392,0.268723
179.000000,147.809006,0.266267,0.256043
180.000000,147.809006,0.259561,0.258455
181.000000,147.809006,0.252298,0.257574
182.000000,147.809006,0.244492,0.248034
183.000000,147.809006,0.236161,0.249158
184.000000,147.809006,0.227320,0.241574
185.000000,147.809006,0.217985,0.232160
186.000000,147.809006,0.208182,0.230136
187.000000,147.809006,0.197932,0.214858
188.000000,147.809006,0.187256,0.216571
189.000000,147.809006,0.176174,0.214971
190.000000,147.809006,0.164711,0.194133
191.000000,147.809006,0.152895,0.191118
192.000000,147.809006,0.140750,0.190800
193.000000,147.809006,0.128302,0.169253
194.000000,147.809006,0.115575,0.164376
195.000000,147.809006,0.102599,0.165205
196.000000,147.809006,0.089403,0.140083
197.000000,147.809006,0.076015,0.136060
198.000000,147.809006,0.062462,0.137177
199.000000,147.809006,0.048774,0.110484
200.000000,147.809006,0.034981,0.105892
201.000000,147.809006,0.021113,0.099577
202.000000,147.809006,0.007199,0.077315
203.000000,147.809006,-0.006730,0.075148
204.000000,147.809006,-0.020645,0.058843
205.000000,147.809006,-0.034515,0.048714
206.000000,147.809006,-0.048311,0.044115
207.000000,147.809006,-0.062003,0.018115
208.000000,147.809006,-0.075560,0.011820
209.000000,147.809006,-0.088955,0.012652
210.000000,147.809006,-0.102158,-0.018338
211.000000,147.809006,-0.115142,-0.027075
212.000000,147.809006,-0.127877,-0.028394
213.000000,147.809006,-0.140335,-0.052654
214.000000,147.809006,-0.152491,-0.061537
215.000000,147.809006,-0.164320,-0.059562
216.000000,147.809006,-0.175795,-0.085827
217.000000,147.809006,-0.186888,-0.091709
218.000000,147.809006,-0.197578,-0.096741
219.000000,147.809006,-0.207844,-0.119574
220.000000,147.809006,-0.217664,-0.128599
221.000000,147.809006,-0.227013,-0.130338
222.000000,147.809006,-0.235870,-0.152174
223.000000,147.809006,-0.244219,-0.155911
224.000000,147.809006,-0.252044,-0.164638
225.000000,147.809006,-0.259327,-0.181202
226.000000,147.809006,-0.266048,-0.181795
227.000000,147.809006,-0.272194,-0.196930
228.000000,147.809006,-0.277754,-0.203083
229.000000,147.809006,-0.282719,-0.201396
230.000000,147.809006,-0.287075,-0.223377
231.000000,147.809006,-0.290805,-0.225822
232.000000,147.809006,-0.293911,-0.219418
233.000000,147.809006,-0.296385,-0.243393
234.000000,147.809006,-0.298221,-0.239695
235.000000,147.809006,-0.299414,-0.235434
236.000000,147.809006,-0.299957,-0.250974
237.000000,147.809006,-0.299855,-0.252707
238.000000,147.809006,-0.299110,-0.251872
239.000000,147.809006,-0.297721,-0.267418
240.000000,147.809006,-0.295685,-0.261146
241.000000,147.809006,-0.293012,-0.262007
242.000000,147.809006,-0.289709,-0.268134
243.000000,147.809006,-0.285783,-0.265867
244.000000,147.809006,-0.281242,-0.267706
245.000000,147.809006,-0.276089,-0.263422
246.000000,147.809006,-0.270343,-0.252011
247.000000,147.809006,-0.264016,-0.263697
248.000000,147.809006,-0.257121,-0.255275
249.000000,147.809006,-0.249669,-0.243009
250.000000,147.809006,-0.241677,-0.253688
251.000000,147.809006,-0.233166,-0.245411
252.000000,147.809006,-0.224154,-0.232429
253.000000,147.809006,-0.214660,-0.234245
254.000000,147.809006,-0.204699,-0.226969
255.000000,147.809006,-0.194297,-0.212271
256.000000,147.809006,-0.183477,-0.215372
257.000000,147.809006,-0.172264,-0.207811
258.000000,147.809006,-0.160678,-0.194107
259.000000,147.809006,-0.148743,-0.190065
260.000000,147.809006,-0.136489,-0.177647
261.000000,147.809006,-0.123942,-0.179217
262.000000,147.809006,-0.111128,-0.166905
263.000000,147.809006,-0.098073,-0.145338
264.000000,147.809006,-0.084806,-0.147598
265.000000,147.809006,-0.071358,-0.134454
266.000000,147.809006,-0.057755,-0.115323
267.000000,147.809006,-0.044029,-0.118285
268.000000,147.809006,-0.030206,-0.101857
269.000000,147.809006,-0.016319,-0.080582
270.000000,147.809006,-0.002397,-0.083826
271.000000,147.809006,0.011531,-0.066401
272.000000,147.809006,0.025434,-0.050272
273.000000,147.809006,0.039282,-0.047366
274.000000,147.809006,0.053045,-0.034514
275.000000,147.809006,0.066694,-0.015664
276.000000,147.809006,0.080200,-0.011907
277.000000,147.809006,0.093531,0.008089
278.000000,147.809006,0.106661,0.016946
279.000000,147.809006,0.119561,0.026412
280.000000,147.809006,0.132205,0.043115
281.000000,147.809006,0.144564,0.045424
282.000000,147.809006,0.156609,0.064151
283.000000,147.809006,0.168316,0.081854
284.000000,147.809006,0.179662,0.080320
285.000000,147.809006,0.190622,0.095319
286.000000,147.809006,0.201170,0.117880
287.000000,147.809006,0.211282,0.111346
288.000000,147.809006,0.220939,0.127058
289.000000,147.809006,0.230122,0.148333
290.000000,147.809006,0.238811,0.146802
291.000000,147.809006,0.246979,0.159654
292.000000,147.809006,0.254616,0.176069
293.000000,147.809006,0.261706,0.176400
294.000000,147.809006,0.268233,0.189107
295.000000,147.809006,0.274182,0.196807
296.000000,147.809006,0.279535,0.199418
297.000000,147.809006,0.284287,0.214411
298.000000,147.809006,0.288428,0.213847
299.000000,147.809006,0.291950,0.223436
300.000000,147.809006,0.294838,0.239569
301.000000,147.809006,0.297090,0.228592
302.000000,147.809006,0.298702,0.240874
303.000000,147.809006,0.299673,0.253856
304.000000,147.809006,0.300000,0.248608
305.000000,147.809006,0.299673,0.254883
306.000000,147.809006,0.298701,0.267007
307.000000,147.809006,0.297088,0.256043
308.000000,147.809006,0.294836,0.258597
309.000000,147.809006,0.291947,0.270009
310.000000,147.809006,0.288425,0.260330
311.000000,147.809006,0.284283,0.265890
312.000000,147.809006,0.279531,0.268872
313.000000,147.809006,0.274177,0.260330
314.000000,147.809006,0.268228,0.260453
315.000000,147.809006,0.261700,0.254446
316.000000,147.809006,0.254610,0.252034
317.000000,147.809006,0.246973,0.255297
318.000000,147.809006,0.238804,0.242316
319.000000,147.809006,0.230115,0.239731
320.000000,147.809006,0.220931,0.243850
321.000000,147.809006,0.211273,0.227734
322.000000,147.809006,0.201161,0.220713
323.000000,147.809006,0.190613,0.222969
324.000000,147.809006,0.179653,0.200567
325.000000,147.809006,0.168307,0.201263
326.000000,147.809006,0.156599,0.207957
327.000000,147.809006,0.144554,0.179120
328.000000,147.809006,0.132195,0.173812
329.000000,147.809006,0.119551,0.174068
330.000000,147.809006,0.106650,0.154095
331.000000,147.809006,0.093520,0.148644
332.000000,147.809006,0.080188,0.145901
333.000000,147.809006,0.066682,0.125928
334.000000,147.809006,0.053033,0.120189
335.000000,147.809006,0.039270,0.110876
336.000000,147.809006,0.025422,0.092039
337.000000,147.809006,0.011520,0.087301
338.000000,147.809006,-0.002408,0.070575
339.000000,147.809006,-0.016330,0.059867
340.000000,147.809006,-0.030217,0.055407
341.000000,147.809006,-0.044040,0.034278
342.000000,147.809006,-0.057767,0.027833
343.000000,147.809006,-0.071369,0.024229
344.000000,147.809006,-0.084818,-0.001467
345.000000,147.809006,-0.098084,-0.008060
346.000000,147.809006,-0.111139,-0.022390
347.000000,147.809006,-0.123953,-0.034928
348.000000,147.809006,-0.136500,-0.044808
349.000000,147.809006,-0.148753,-0.046554
350.000000,147.809006,-0.160688,-0.067240
351.000000,147.809006,-0.172273,-0.075695
352.000000,147.809006,-0.183486,-0.083014
353.000000,147.809006,-0.194305,-0.108421
354.000000,147.809006,-0.204707,-0.112158
355.000000,147.809006,-0.214668,-0.125462
356.000000,147.809006,-0.224162,-0.138592
357.000000,147.809006,-0.233174,-0.140474
358.000000,147.809006,-0.241684,-0.159185
359.000000,147.809006,-0.249676,-0.159900
360.000000,147.809006,-0.257127,-0.168223
361.000000,147.809006,-0.264021,-0.186914
362.000000,147.809006,-0.270348,-0.192364
363.000000,147.809006,-0.276094,-0.187818
364.000000,147.809006,-0.281246,-0.210223
365.000000,147.809006,-0.285787,-0.211386
366.000000,147.809006,-0.289712,-0.213129
367.000000,147.809006,-0.293014,-0.233387
368.000000,147.809006,-0.295687,-0.233119
369.000000,147.809006,-0.297722,-0.231283
370.000000,147.809006,-0.299110,-0.250543
371.000000,147.809006,-0.299856,-0.248850
372.000000,147.809006,-0.299957,-0.250997
373.000000,147.809006,-0.299413,-0.262130
374.000000,147.809006,-0.298220,-0.258151
375.000000,147.809006,-0.296383,-0.267991
376.000000,147.809006,-0.293908,-0.267998
377.000000,147.809006,-0.290802,-0.260732
378.000000,147.809006,-0.287071,-0.269844
379.000000,147.809006,-0.282715,-0.265854
380.000000,147.809006,-0.277750,-0.253303
381.000000,147.809006,-0.272189,-0.265125
382.000000,147.809006,-0.266043,-0.259996
383.000000,147.809006,-0.259322,-0.246872
384.000000,147.809006,-0.252038,-0.259695
385.000000,147.809006,-0.244213,-0.248989
386.000000,147.809006,-0.235863,-0.237293
387.000000,147.809006,-0.227006,-0.244540
388.000000,147.809006,-0.217656,-0.234977
389.000000,147.809006,-0.207836,-0.225279
390.000000,147.809006,-0.197570,-0.230528
391.000000,147.809006,-0.186879,-0.218394
392.000000,147.809006,-0.175786,-0.193229
393.000000,147.809006,-0.164310,-0.206509
394.000000,147.809006,-0.152481,-0.188945
395.000000,147.809006,-0.140325,-0.190214
396.000000,147.809006,-0.127866,-0.181063
397.000000,147.809006,-0.115131,-0.163648
398.000000,147.809006,-0.102147,-0.162896
399.000000,147.809006,-0.088944,-0.149324
400.000000,147.809006,-0.075549,-0.129623
401.000000,147.809006,-0.061992,-0.131724
402.000000,147.809006,-0.048299,-0.115869
403.000000,147.809006,-0.034503,-0.097026
404.000000,147.809006,-0.020633,-0.099840
405.000000,147.809006,-0.006718,-0.097427
406.000000,147.809006,0.007211,-0.061709
407.000000,147.809006,0.021124,-0.062521
408.000000,147.809006,0.034992,-0.048814
409.000000,147.809006,0.048785,-0.032539
410.000000,147.809006,0.062473,-0.027062
411.000000,147.809006,0.076026,-0.009495
412.000000,147.809006,0.089414,0.007211
413.000000,147.809006,0.102610,0.005823
414.000000,147.809006,0.115585,0.024676
415.000000,147.809006,0.128313,0.032247
416.000000,147.809006,0.140760,0.043423
417.000000,147.809006,0.152905,0.063704
418.000000,147.809006,0.164721,0.065731
419.000000,147.809006,0.176183,0.078163
420.000000,147.809006,0.187265,0.097867
421.000000,147.809006,0.197941,0.100624
422.000000,147.809006,0.208191,0.115478
423.000000,147.809006,0.217993,0.132035
424.000000,147.809006,0.227327,0.135079
425.000000,147.809006,0.236168,0.147074
426.000000,147.809006,0.244499,0.167206
427.000000,147.809006,0.252304,0.162103
428.000000,147.809006,0.259567,0.172666
429.000000,147.809006,0.266272,0.187795
430.000000,147.809006,0.272397,0.187410
431.000000,147.809006,0.277936,0.205551
432.000000,147.809006,0.282878,0.212105
433.000000,147.809006,0.287212,0.213433
434.000000,147.809006,0.290925,0.221276
435.000000,147.809006,0.294007,0.227131
436.000000,147.809006,0.296458,0.231160
437.000000,147.809006,0.298272,0.246292
438.000000,147.809006,0.299444,0.239738
439.000000,147.809006,0.299966,0.246454
440.000000,147.809006,0.299841,0.256434
441.000000,147.809006,0.299071,0.251755
442.000000,147.809006,0.297659,0.255175
443.000000,147.809006,0.295606,0.270728
444.000000,147.809006,0.292909,0.259475
445.000000,147.809006,0.289583,0.263319
446.000000,147.809006,0.285635,0.270867
447.000000,147.809006,0.281073,0.260045
448.000000,147.809006,0.275902,0.265174
449.000000,147.809006,0.270134,0.268292
450.000000,147.809006,0.263786,0.257613
451.000000,147.809006,0.256871,0.260456
452.000000,147.809006,0.249403,0.255430
453.000000,147.809006,0.241393,0.232445
454.000000,147.809006,0.232863,0.244867
455.000000,147.809006,0.223833,0.237578
456.000000,147.809006,0.214321,0.230444
457.000000,147.809006,0.204347,0.230848
458.000000,147.809006,0.193930,0.212860
459.000000,147.809006,0.183095,0.209848
460.000000,147.809006,0.171868,0.210392
461.000000,147.809006,0.160271,0.192844
462.000000,147.809006,0.148325,0.188540
463.000000,147.809006,0.136060,0.187795
464.000000,147.809006,0.123503,0.170681
465.000000,147.809006,0.110680,0.163657
466.000000,147.809006,0.097618,0.158913
467.000000,147.809006,0.084344,0.134364
468.000000,147.809006,0.070889,0.130630
469.000000,147.809006,0.057282,0.130888
470.000000,147.809006,0.043552,0.109056
471.000000,147.809006,0.029727,0.099600
472.000000,147.809006,0.015838,0.087288
473.000000,147.809006,0.001914,0.071735
474.000000,147.809006,-0.012013,0.068710
475.000000,147.809006,-0.025914,0.050427
476.000000,147.809006,-0.039760,0.034413
477.000000,147.809006,-0.053519,0.036958
478.000000,147.809006,-0.067163,0.012261
479.000000,147.809006,-0.080663,-0.121436
480.000000,147.809006,-0.093990,0.001635
481.000000,147.809006,-0.107112,0.000389
482.000000,147.809006,-0.120003,-0.007348
483.000000,147.809006,-0.132637,-0.017672
484.000000,147.809006,-0.144986,-0.045223
485.000000,147.809006,-0.157020,-0.053963
486.000000,147.809006,-0.168715,-0.062710
487.000000,147.809006,-0.180048,-0.087401
488.000000,147.809006,-0.190993,-0.090423
489.000000,147.809006,-0.201528,-0.101884
490.000000,147.809006,-0.211624,-0.119716
491.000000,147.809006,-0.221265,-0.124885
492.000000,147.809006,-0.230430,-0.138327
493.000000,147.809006,-0.239100,-0.153463
494.000000,147.809006,-0.247254,-0.155060
495.000000,147.809006,-0.254871,-0.175625
496.000000,147.809006,-0.261941,-0.178919
497.000000,147.809006,-0.268447,-0.180519
498.000000,147.809006,-0.274377,-0.203501
499.000000,147.809006,-0.279711,-0.204945
500.000000,147.809006,-0.284441,-0.204117
501.000000,147.809006,-0.288560,-0.227234
502.000000,147.809006,-0.292058,-0.223679
503.000000,147.809006,-0.294929,-0.220703
504.000000,147.809006,-0.297157,-0.240680
505.000000,147.809006,-0.298746,-0.236836
506.000000,147.809006,-0.299694,-0.240010
507.000000,147.809006,-0.299997,-0.258124
508.000000,147.809006,-0.299652,-0.255854
509.000000,147.809006,-0.298657,-0.254731
510.000000,147.809006,-0.297020,-0.266275
511.000000,147.809006,-0.294745,-0.262150
512.000000,147.809006,-0.291837,-0.269575
513.000000,147.809006,-0.288294,-0.267279
514.000000,147.809006,-0.284130,-0.266301
515.000000,147.809006,-0.279355,-0.269416
516.000000,147.809006,-0.273980,-0.261136
517.000000,147.809006,-0.268014,-0.251587
518.000000,147.809006,-0.261466,-0.262554
519.000000,147.809006,-0.254355,-0.254562
520.000000,147.809006,-0.246698,-0.244013
521.000000,147.809006,-0.238511,-0.246398
522.000000,147.809006,-0.229807,-0.242412
523.000000,147.809006,-0.220606,-0.227283
524.000000,147.809006,-0.210931,-0.236531
525.000000,147.809006,-0.200803,-0.223967
526.000000,147.809006,-0.190243,-0.213695
527.000000,147.809006,-0.179269,-0.212225
528.000000,147.809006,-0.167909,-0.207387
529.000000,147.809006,-0.156188,-0.195237
530.000000,147.809006,-0.144131,-0.188922
531.000000,147.809006,-0.131764,-0.175649
532.000000,147.809006,-0.119110,-0.168764
533.000000,147.809006,-0.106200,-0.159331
534.000000,147.809006,-0.093063,-0.144487
535.000000,147.809006,-0.079725,-0.145736
536.000000,147.809006,-0.066214,-0.128878
537.000000,147.809006,-0.052560,-0.110893
538.000000,147.809006,-0.038793,-0.108845
539.000000,147.809006,-0.024943,-0.096423
540.000000,147.809006,-0.011039,-0.079439
541.000000,147.809006,0.002889,-0.080824
542.000000,147.809006,0.016810,-0.066401
543.000000,147.809006,0.030696,-0.044695
544.000000,147.809006,0.044515,-0.046223
545.000000,147.809006,0.058239,-0.029799
546.000000,147.809006,0.071836,-0.010233
547.000000,147.809006,0.085279,-0.005045
548.000000,147.809006,0.098538,0.006946
549.000000,147.809006,0.111586,0.019520
550.000000,147.809006,0.124391,0.025981
551.000000,147.809006,0.136928,0.047263
552.000000,147.809006,0.149170,0.052286
553.000000,147.809006,0.161093,0.069015
554.000000,147.809006,0.172668,0.086430
555.000000,147.809006,0.183868,0.085323
556.000000,147.809006,0.194672,0.083885
557.000000,147.809006,0.205057,0.121598
558.000000,147.809006,0.215003,0.127071
559.000000,147.809006,0.224483,0.134778
560.000000,147.809006,0.233477,0.151766
561.000000,147.809006,0.241969,0.149376
562.000000,147.809006,0.249941,0.163942
563.000000,147.809006,0.257376,0.177070
564.000000,147.809006,0.264251,0.175684
565.000000,147.809006,0.270556,0.192824
566.000000,147.809006,0.276281,0.204958
567.000000,147.809006,0.281411,0.201850
568.000000,147.809006,0.285935,0.215411
569.000000,147.809006,0.289837,0.221286
570.000000,147.809006,0.293117,0.228012
571.000000,147.809006,0.295766,0.233705
572.000000,147.809006,0.297781,0.233452
573.000000,147.809006,0.299149,0.244019
574.000000,147.809006,0.299871,0.257716
575.000000,147.809006,0.299948,0.250609
576.000000,147.809006,0.299381,0.257027
577.000000,147.809006,0.298170,0.268007
578.000000,147.809006,0.296309,0.256328
579.000000,147.809006,0.293811,0.262315
580.000000,147.809006,0.290682,0.270867
581.000000,147.809006,0.286929,0.261188
582.000000,147.809006,0.282555,0.266891
583.000000,147.809006,0.277568,0.264870
584.000000,147.809006,0.271985,0.258614
585.000000,147.809006,0.265818,0.260880
586.000000,147.809006,0.259079,0.253164
587.000000,147.809006,0.251777,0.250175
588.000000,147.809006,0.243933,0.254582
589.000000,147.809006,0.235564,0.234738
590.000000,147.809006,0.226689,0.239731
591.000000,147.809006,0.217325,0.246278
592.000000,147.809006,0.207489,0.224158
593.000000,147.809006,0.197207,0.221571
594.000000,147.809006,0.186501,0.222969
595.000000,147.809006,0.175394,0.202284
596.000000,147.809006,0.163908,0.196833
597.000000,147.809006,0.152066,0.198232
598.000000,147.809006,0.139898,0.176115
599.000000,147.809006,0.127429,0.174525
600.000000,147.809006,0.114687,0.173352
601.000000,147.809006,0.101694,0.151951
602.000000,147.809006,0.088483,0.147359
603.000000,147.809006,0.075082,0.139758
604.000000,147.809006,0.061519,0.121922
605.000000,147.809006,0.047824,0.117612
606.000000,147.809006,0.034024,0.103172
607.000000,147.809006,0.020152,0.090893
608.000000,147.809006,0.006237,0.085005
609.000000,147.809006,-0.007693,0.053005
610.000000,147.809006,-0.021605,0.058574
611.000000,147.809006,-0.035471,0.058402
612.000000,147.809006,-0.049260,0.032134
613.000000,147.809006,-0.062944,0.020968
614.000000,147.809006,-0.076492,0.021508
615.000000,147.809006,-0.089874,-0.005042
616.000000,147.809006,-0.103063,-0.012636
617.000000,147.809006,-0.116029,-0.015240
618.000000,147.809006,-0.128747,-0.042648
619.000000,147.809006,-0.141187,-0.049245
620.000000,147.809006,-0.153320,-0.053704
621.000000,147.809006,-0.165123,-0.076822
622.000000,147.809006,-0.176572,-0.083130
623.000000,147.809006,-0.187642,-0.091301
624.000000,147.809006,-0.198304,-0.102272
625.000000,147.809006,-0.208537,-0.114163
626.000000,147.809006,-0.218323,-0.130173
627.000000,147.809006,-0.227640,-0.142456
628.000000,147.809006,-0.236467,-0.143052
629.000000,147.809006,-0.244779,-0.161753
630.000000,147.809006,-0.252564,-0.166481
631.000000,147.809006,-0.259807,-0.167653
632.000000,147.809006,-0.266492,-0.187918
633.000000,147.809006,-0.272600,-0.191937
634.000000,147.809006,-0.278118,-0.193110
635.000000,147.809006,-0.283037,-0.216085
636.000000,147.809006,-0.287349,-0.213957
637.000000,147.809006,-0.291043,-0.218845
638.000000,147.809006,-0.294104,-0.236246
639.000000,147.809006,-0.296532,-0.236978
640.000000,147.809006,-0.298322,-0.238575
641.000000,147.809006,-0.299471,-0.248830
642.000000,147.809006,-0.299975,-0.249851
643.000000,147.809006,-0.299826,-0.253148
644.000000,147.809006,-0.299033,-0.263131
645.000000,147.809006,-0.297597,-0.253860
646.000000,147.809006,-0.295522,-0.266848
647.000000,147.809006,-0.292807,-0.264850
648.000000,147.809006,-0.289458,-0.262160
649.000000,147.809006,-0.285487,-0.268270
650.000000,147.809006,-0.280903,-0.266997
651.000000,147.809006,-0.275715,-0.254304
652.000000,147.809006,-0.269926,-0.262554
653.000000,147.809006,-0.263556,-0.255994
654.000000,147.809006,-0.256621,-0.244871
655.000000,147.809006,-0.249134,-0.253834
656.000000,147.809006,-0.241109,-0.248131
657.000000,147.809006,-0.232560,-0.235862
658.000000,147.809006,-0.223512,-0.241823
659.000000,147.809006,-0.213983,-0.236836
660.000000,147.809006,-0.203995,-0.224417
661.000000,147.809006,-0.193564,-0.228384
662.000000,147.809006,-0.182715,-0.210389
663.000000,147.809006,-0.171473,-0.203520
664.000000,147.809006,-0.159863,-0.198647
665.000000,147.809006,-0.147909,-0.185088
666.000000,147.809006,-0.135632,-0.186632
667.000000,147.809006,-0.123064,-0.174632
668.000000,147.809006,-0.110232,-0.154500
669.000000,147.809006,-0.097163,-0.154460
670.000000,147.809006,-0.083883,-0.141750
671.000000,147.809006,-0.070422,-0.123477
672.000000,147.809006,-0.056810,-0.131296
673.000000,147.809006,-0.043075,-0.108295
674.000000,147.809006,-0.029248,-0.087875
675.000000,147.809006,-0.015357,-0.093120
0.000000,154.367004,0.002821,-0.079552
1.000000,154.367004,0.017360,-0.059851
2.000000,154.367004,0.031858,-0.057803
3.000000,154.367004,0.046281,-0.041521
4.000000,154.367004,0.060596,-0.024534
5.000000,154.367004,0.074767,-0.019912
6.000000,154.367004,0.088763,-0.002344
7.000000,154.367004,0.102551,0.013073
8.000000,154.367004,0.116097,0.015259
9.000000,154.367004,0.129370,0.026677
10.000000,154.367004,0.142339,0.044543
11.000000,154.367004,0.154974,0.059867
12.000000,154.367004,0.167244,0.074714
13.000000,154.367004,0.179121,0.081887
14.000000,154.367004,0.190577,0.092606
15.000000,154.367004,0.201585,0.111452
16.000000,154.367004,0.212119,0.110776
17.000000,154.367004,0.222153,0.127346
18.000000,154.367004,0.231665,0.145046
19.000000,154.367004,0.240632,0.141514
20.000000,154.367004,0.249033,0.160228
21.000000,154.367004,0.256849,0.177928
22.000000,154.367004,0.264060,0.174256
23.000000,154.367004,0.270651,0.185962
24.000000,154.367004,0.276606,0.206671
25.000000,154.367004,0.281910,0.201422
26.000000,154.367004,0.286551,0.218420
27.000000,154.367004,0.290519,0.221260
28.000000,154.367004,0.293804,0.219152
29.000000,154.367004,0.296398,0.233714
30.000000,154.367004,0.298295,0.234861
31.000000,154.367004,0.299491,0.240165
32.000000,154.367004,0.299982,0.254867
33.000000,154.367004,0.299769,0.245032
34.000000,154.367004,0.298851,0.255460
35.000000,154.367004,0.297230,0.263581
36.000000,154.367004,0.294910,0.255042
37.000000,154.367004,0.291896,0.274332
38.000000,154.367004,0.288195,0.272298
39.000000,154.367004,0.283816,0.257474
40.000000,154.367004,0.278769,0.260602
41.000000,154.367004,0.273068,0.269151
42.000000,154.367004,0.266724,0.252468
43.000000,154.367004,0.259753,0.256311
44.000000,154.367004,0.252172,0.262289
45.000000,154.367004,0.243998,0.245175
46.000000,154.367004,0.235250,0.244870
47.000000,154.367004,0.225949,0.241845
48.000000,154.367004,0.216117,0.231590
49.000000,154.367004,0.205777,0.227995
50.000000,154.367004,0.194953,0.219129
51.000000,154.367004,0.183670,0.212287
52.000000,154.367004,0.171956,0.204971
53.000000,154.367004,0.159838,0.192410
54.000000,154.367004,0.147343,0.190691
55.000000,154.367004,0.134502,0.188517
56.000000,154.367004,0.121345,0.167537
57.000000,154.367004,0.107902,0.160373
58.000000,154.367004,0.094206,0.160917
59.000000,154.367004,0.080287,0.135795
60.000000,154.367004,0.066180,0.129629
61.000000,154.367004,0.051917,0.126598
62.000000,154.367004,0.037533,0.103483
63.000000,154.367004,0.023060,0.098891
64.000000,154.367004,0.008533,0.096572
65.000000,154.367004,-0.006014,0.073170
66.000000,154.367004,-0.020547,0.062570
67.000000,154.367004,-0.035031,0.056680
68.000000,154.367004,-0.049433,0.028701
69.000000,154.367004,-0.063719,0.024537
70.000000,154.367004,-0.077856,0.022936
71.000000,154.367004,-0.091809,-0.003471
72.000000,154.367004,-0.105546,0.032532
73.000000,154.367004,-0.119035,-0.022811
74.000000,154.367004,-0.132244,-0.052512
75.000000,154.367004,-0.145143,-0.055968
76.000000,154.367004,-0.157700,-0.067968
77.000000,154.367004,-0.169887,-0.077683
78.000000,154.367004,-0.181674,-0.082000
79.000000,154.367004,-0.193033,-0.108275
80.000000,154.367004,-0.203938,-0.114007
81.000000,154.367004,-0.214364,-0.112036
82.000000,154.367004,-0.224285,-0.133871
83.000000,154.367004,-0.233679,-0.142465
84.000000,154.367004,-0.242524,-0.144496
85.000000,154.367004,-0.250798,-0.167614
86.000000,154.367004,-0.258483,-0.168061
87.000000,154.367004,-0.265560,-0.175665
88.000000,154.367004,-0.272013,-0.192494
89.000000,154.367004,-0.277826,-0.196374
90.000000,154.367004,-0.282986,-0.202679
91.000000,154.367004,-0.287481,-0.212370
92.000000,154.367004,-0.291299,-0.220829
93.000000,154.367004,-0.294433,-0.233539
94.000000,154.367004,-0.296875,-0.243115
95.000000,154.367004,-0.298619,-0.232419
96.000000,154.367004,-0.299661,-0.249255
97.000000,154.367004,-0.299998,-0.248413
98.000000,154.367004,-0.299630,-0.246153
99.000000,154.367004,-0.298557,-0.260695
100.000000,154.367004,-0.296781,-0.258137
101.000000,154.367004,-0.294306,-0.255165
102.000000,154.367004,-0.291140,-0.268273
103.000000,154.367004,-0.287289,-0.259857
104.000000,154.367004,-0.282763,-0.254592
105.000000,154.367004,-0.277572,-0.265702
106.000000,154.367004,-0.271729,-0.259572
107.000000,154.367004,-0.265247,-0.258154
108.000000,154.367004,-0.258141,-0.258555
109.000000,154.367004,-0.250428,-0.249712
110.000000,154.367004,-0.242127,-0.255271
111.000000,154.367004,-0.233256,-0.251266
112.000000,154.367004,-0.223837,-0.228702
113.000000,154.367004,-0.213891,-0.239818
114.000000,154.367004,-0.203443,-0.233685
115.000000,154.367004,-0.192517,-0.209551
116.000000,154.367004,-0.181137,-0.214226
117.000000,154.367004,-0.169332,-0.202805
118.000000,154.367004,-0.157129,-0.191108
119.000000,154.367004,-0.144556,-0.194780
120.000000,154.367004,-0.131643,-0.180642
121.000000,154.367004,-0.118419,-0.159224
122.000000,154.367004,-0.104918,-0.163754
123.000000,154.367004,-0.091170,-0.150474
124.000000,154.367004,-0.077207,-0.137204
125.000000,154.367004,-0.063064,-0.132870
126.000000,154.367004,-0.048771,-0.113586
127.000000,154.367004,-0.034365,-0.105161
128.000000,154.367004,-0.019877,-0.093839
129.000000,154.367004,-0.005343,-0.079993
130.000000,154.367004,0.009204,-0.076683
131.000000,154.367004,0.023729,-0.063532
132.000000,154.367004,0.038198,-0.050689
133.000000,154.367004,0.052578,-0.040786
134.000000,154.367004,0.066834,-0.024789
135.000000,154.367004,0.080933,0.002778
136.000000,154.367004,0.094841,-0.001755
137.000000,154.367004,0.108527,0.017960
138.000000,154.367004,0.121958,0.034374
139.000000,154.367004,0.135102,0.042001
140.000000,154.367004,0.147928,0.052703
141.000000,154.367004,0.160406,0.070549
142.000000,154.367004,0.172507,0.070449
143.000000,154.367004,0.184201,0.090876
144.000000,154.367004,0.195463,0.099017
145.000000,154.367004,0.206265,0.108195
146.000000,154.367004,0.216582,0.124331
147.000000,154.367004,0.226390,0.126349
148.000000,154.367004,0.235666,0.139075
149.000000,154.367004,0.244387,0.157491
150.000000,154.367004,0.252534,0.157958
151.000000,154.367004,0.260087,0.170526
152.000000,154.367004,0.267029,0.193089
153.000000,154.367004,0.273343,0.190127
154.000000,154.367004,0.279014,0.199405
155.000000,154.367004,0.284030,0.214245
156.000000,154.367004,0.288377,0.212575
157.000000,154.367004,0.292047,0.221422
158.000000,154.367004,0.295030,0.235123
159.000000,154.367004,0.297319,0.230732
160.000000,154.367004,0.298910,0.242723
161.000000,154.367004,0.299797,0.246434
162.000000,154.367004,0.299978,0.248747
163.000000,154.367004,0.299454,0.255731
164.000000,154.367004,0.298225,0.251460
165.000000,154.367004,0.296295,0.260324
166.000000,154.367004,0.293669,0.267587
167.000000,154.367004,0.290352,0.261192
168.000000,154.367004,0.286353,0.264323
169.000000,154.367004,0.281680,0.272013
170.000000,154.367004,0.276345,0.258902
171.000000,154.367004,0.270361,0.262172
172.000000,154.367004,0.263741,0.270294
173.000000,154.367004,0.256501,0.258329
174.000000,154.367004,0.248657,0.253737
175.000000,154.367004,0.240229,0.253710
176.000000,154.367004,0.231237,0.237597
177.000000,154.367004,0.221700,0.237435
178.000000,154.367004,0.211643,0.235702
179.000000,154.367004,0.201087,0.225298
180.000000,154.367004,0.190059,0.220418
181.000000,154.367004,0.178584,0.205412
182.000000,154.367004,0.166689,0.199272
183.000000,154.367004,0.154401,0.200820
184.000000,154.367004,0.141750,0.179548
185.000000,154.367004,0.128766,0.174104
186.000000,154.367004,0.115479,0.179508
187.000000,154.367004,0.101921,0.154813
188.000000,154.367004,0.088123,0.147504
189.000000,154.367004,0.074118,0.143900
190.000000,154.367004,0.059939,0.124069
191.000000,154.367004,0.045618,0.113616
192.000000,154.367004,0.031191,0.111297
193.000000,154.367004,0.016690,0.092901
194.000000,154.367004,0.002151,0.083729
195.000000,154.367004,-0.012395,0.075267
196.000000,154.367004,-0.026910,0.051292
197.000000,154.367004,-0.041363,0.044838
198.000000,154.367004,-0.055718,0.037101
199.000000,154.367004,-0.069943,0.021405
200.000000,154.367004,-0.084003,0.009945
201.000000,154.367004,-0.097866,-0.007918
202.000000,154.367004,-0.111499,-0.020349
203.000000,154.367004,-0.124869,-0.024951
204.000000,154.367004,-0.137945,-0.053513
205.000000,154.367004,-0.150697,-0.056531
206.000000,154.367004,-0.163094,-0.055126
207.000000,154.367004,-0.175108,-0.081394
208.000000,154.367004,-0.186710,-0.092136
209.000000,154.367004,-0.197873,-0.092023
210.000000,154.367004,-0.208571,-0.115283
211.000000,154.367004,-0.218779,-0.123165
212.000000,154.367004,-0.228472,-0.129626
213.000000,154.367004,-0.237628,-0.150457
214.000000,154.367004,-0.246225,-0.155911
215.000000,154.367004,-0.254244,-0.162501
216.000000,154.367004,-0.261664,-0.179913
217.000000,154.367004,-0.268470,-0.182080
218.000000,154.367004,-0.274644,-0.197941
219.000000,154.367004,-0.280173,-0.205081
220.000000,154.367004,-0.285043,-0.205108
221.000000,154.367004,-0.289243,-0.224805
222.000000,154.367004,-0.292763,-0.223960
223.000000,154.367004,-0.295594,-0.215266
224.000000,154.367004,-0.297730,-0.238960
225.000000,154.367004,-0.299164,-0.237976
226.000000,154.367004,-0.299895,-0.239864
227.000000,154.367004,-0.299921,-0.255689
228.000000,154.367004,-0.299242,-0.255421
229.000000,154.367004,-0.297860,-0.249731
230.000000,154.367004,-0.295777,-0.267272
231.000000,154.367004,-0.292999,-0.264575
232.000000,154.367004,-0.289532,-0.254165
233.000000,154.367004,-0.285384,-0.266703
234.000000,154.367004,-0.280566,-0.261716
235.000000,154.367004,-0.275087,-0.260877
236.000000,154.367004,-0.268962,-0.268704
237.000000,154.367004,-0.262205,-0.272017
238.000000,154.367004,-0.254831,-0.267716
239.000000,154.367004,-0.246858,-0.252266
240.000000,154.367004,-0.238305,-0.243426
241.000000,154.367004,-0.229191,-0.243678
242.000000,154.367004,-0.219539,-0.233970
243.000000,154.367004,-0.209370,-0.217413
244.000000,154.367004,-0.198709,-0.227095
245.000000,154.367004,-0.187579,-0.215959
246.000000,154.367004,-0.176009,-0.199402
247.000000,154.367004,-0.164024,-0.209650
248.000000,154.367004,-0.151655,-0.193226
249.000000,154.367004,-0.138928,-0.178097
250.000000,154.367004,-0.125875,-0.174194
251.000000,154.367004,-0.112526,-0.163774
252.000000,154.367004,-0.098913,-0.155924
253.000000,154.367004,-0.085067,-0.146886
254.000000,154.367004,-0.071021,-0.130607
255.000000,154.367004,-0.056808,-0.127877
256.000000,154.367004,-0.042462,-0.116290
257.000000,154.367004,-0.028016,-0.095158
258.000000,154.367004,-0.013504,-0.093548
259.000000,154.367004,0.001040,-0.081122
260.000000,154.367004,0.015582,-0.062849
261.000000,154.367004,0.030087,-0.056518
262.000000,154.367004,0.044521,-0.046382
263.000000,154.367004,0.058851,-0.020531
264.000000,154.367004,0.073042,-0.020485
265.000000,154.367004,0.087062,-0.000343
266.000000,154.367004,0.100877,0.012499
267.000000,154.367004,0.114454,0.015117
268.000000,154.367004,0.127762,0.030825
269.000000,154.367004,0.140770,0.043969
270.000000,154.367004,0.153446,0.054005
271.000000,154.367004,0.165762,0.074429
272.000000,154.367004,0.177688,0.078163
273.000000,154.367004,0.189196,0.096612
274.000000,154.367004,0.200260,0.110452
275.000000,154.367004,0.210852,0.110345
276.000000,154.367004,0.220949,0.125202
277.000000,154.367004,0.230527,0.143187
278.000000,154.367004,0.239562,0.145805
279.000000,154.367004,0.248034,0.160370
280.000000,154.367004,0.255924,0.175642
281.000000,154.367004,0.263211,0.171400
282.000000,154.367004,0.269880,0.187540
283.000000,154.367004,0.275914,0.205524
284.000000,154.367004,0.281300,0.196277
285.000000,154.367004,0.286024,0.208268
286.000000,154.367004,0.290075,0.227114
287.000000,154.367004,0.293443,0.223300
288.000000,154.367004,0.296120,0.232147
289.000000,154.367004,0.298102,0.242273
290.000000,154.367004,0.299383,0.239741
291.000000,154.367004,0.299960,0.246871
292.000000,154.367004,0.299832,0.250861
293.000000,154.367004,0.298998,0.254465
294.000000,154.367004,0.297462,0.261735
295.000000,154.367004,0.295227,0.259184
296.000000,154.367004,0.292297,0.260324
297.000000,154.367004,0.288680,0.268017
298.000000,154.367004,0.284385,0.259190
299.000000,154.367004,0.279421,0.264323
300.000000,154.367004,0.273799,0.266152
301.000000,154.367004,0.267535,0.257902
302.000000,154.367004,0.260641,0.254741
303.000000,154.367004,0.253134,0.261431
304.000000,154.367004,0.245032,0.245891
305.000000,154.367004,0.236354,0.246302
306.000000,154.367004,0.227121,0.249562
307.000000,154.367004,0.217352,0.231733
308.000000,154.367004,0.207072,0.228999
309.000000,154.367004,0.196305,0.226548
310.000000,154.367004,0.185076,0.207999
311.000000,154.367004,0.173413,0.213983
312.000000,154.367004,0.161342,0.197973
313.000000,154.367004,0.148891,0.189551
314.000000,154.367004,0.136091,0.182520
315.000000,154.367004,0.122970,0.162819
316.000000,154.367004,0.109561,0.161089
317.000000,154.367004,0.095893,0.159631
318.000000,154.367004,0.082001,0.139082
319.000000,154.367004,0.067916,0.131345
320.000000,154.367004,0.053671,0.131316
321.000000,154.367004,0.039299,0.105912
322.000000,154.367004,0.024836,0.100747
323.000000,154.367004,0.010313,0.098000
324.000000,154.367004,-0.004233,0.071165
325.000000,154.367004,-0.018770,0.057995
326.000000,154.367004,-0.033262,0.053827
327.000000,154.367004,-0.047677,0.038565
328.000000,154.367004,-0.061979,0.030964
329.000000,154.367004,-0.076135,0.008377
330.000000,154.367004,-0.090112,-0.001188
331.000000,154.367004,-0.103877,-0.004216
332.000000,154.367004,-0.117398,-0.027635
333.000000,154.367004,-0.130643,-0.035938
334.000000,154.367004,-0.143581,-0.038685
335.000000,154.367004,-0.156181,-0.064238
336.000000,154.367004,-0.168414,-0.075692
337.000000,154.367004,-0.180250,-0.078581
338.000000,154.367004,-0.191664,-0.099840
339.000000,154.367004,-0.202626,-0.104577
340.000000,154.367004,-0.213112,-0.109607
341.000000,154.367004,-0.223097,-0.134013
342.000000,154.367004,-0.232558,-0.135461
343.000000,154.367004,-0.241472,-0.146494
344.000000,154.367004,-0.249818,-0.163326
345.000000,154.367004,-0.257577,-0.169923
346.000000,154.367004,-0.264730,-0.183372
347.000000,154.367004,-0.271261,-0.192782
348.000000,154.367004,-0.277154,-0.193521
349.000000,154.367004,-0.282394,-0.211516
350.000000,154.367004,-0.286970,-0.215664
351.000000,154.367004,-0.290871,-0.212688
352.000000,154.367004,-0.294088,-0.232383
353.000000,154.367004,-0.296614,-0.238685
354.000000,154.367004,-0.298442,-0.231283
355.000000,154.367004,-0.299569,-0.248970
356.000000,154.367004,-0.299991,-0.248844
357.000000,154.367004,-0.299708,-0.246156
358.000000,154.367004,-0.298721,-0.260268
359.000000,154.367004,-0.297031,-0.260858
360.000000,154.367004,-0.294643,-0.255881
361.000000,154.367004,-0.291562,-0.267561
362.000000,154.367004,-0.287796,-0.263575
363.000000,154.367004,-0.283353,-0.258449
364.000000,154.367004,-0.278244,-0.267272
365.000000,154.367004,-0.272481,-0.259290
366.000000,154.367004,-0.266077,-0.261143
367.000000,154.367004,-0.259047,-0.260560
368.000000,154.367004,-0.251409,-0.247571
369.000000,154.367004,-0.243178,-0.256978
370.000000,154.367004,-0.234375,-0.247266
371.000000,154.367004,-0.225021,-0.237144
372.000000,154.367004,-0.215138,-0.239248
373.000000,154.367004,-0.204749,-0.226253
374.000000,154.367004,-0.193879,-0.211555
375.000000,154.367004,-0.182553,-0.214799
376.000000,154.367004,-0.170798,-0.205094
377.000000,154.367004,-0.158641,-0.193252
378.000000,154.367004,-0.146112,-0.199356
379.000000,154.367004,-0.133238,-0.179787
380.000000,154.367004,-0.120052,-0.167508
381.000000,154.367004,-0.106584,-0.163615
382.000000,154.367004,-0.092864,-0.149622
383.000000,154.367004,-0.078927,-0.143897
384.000000,154.367004,-0.064804,-0.135021
385.000000,154.367004,-0.050528,-0.112599
386.000000,154.367004,-0.036134,-0.112709
387.000000,154.367004,-0.021654,-0.096563
388.000000,154.367004,-0.007124,-0.078863
389.000000,154.367004,0.007423,-0.078107
390.000000,154.367004,0.021953,-0.055388
391.000000,154.367004,0.036431,-0.044980
392.000000,154.367004,0.050824,-0.041790
393.000000,154.367004,0.065097,-0.025508
394.000000,154.367004,0.079216,-0.003802
395.000000,154.367004,0.093150,-0.008617
396.000000,154.367004,0.106864,0.011668
397.000000,154.367004,0.120327,0.029802
398.000000,154.367004,0.133507,0.031988
399.000000,154.367004,0.146374,0.096585
400.000000,154.367004,0.158896,0.059701
401.000000,154.367004,0.171044,0.062014
402.000000,154.367004,0.182791,0.084723
403.000000,154.367004,0.194107,0.090472
404.000000,154.367004,0.204968,0.104189
405.000000,154.367004,0.215346,0.126607
406.000000,154.367004,0.225219,0.122071
407.000000,154.367004,0.234561,0.135066
408.000000,154.367004,0.243353,0.156199
409.000000,154.367004,0.251572,0.155668
410.000000,154.367004,0.259200,0.168521
411.000000,154.367004,0.266217,0.186079
412.000000,154.367004,0.272607,0.182550
413.000000,154.367004,0.278357,0.195972
414.000000,154.367004,0.283453,0.213675
415.000000,154.367004,0.287881,0.213433
416.000000,154.367004,0.291633,0.223280
417.000000,154.367004,0.294700,0.233983
418.000000,154.367004,0.297073,0.228015
419.000000,154.367004,0.298749,0.240149
420.000000,154.367004,0.299721,0.242862
421.000000,154.367004,0.299989,0.248889
422.000000,154.367004,0.299552,0.258587
423.000000,154.367004,0.298411,0.253322
424.000000,154.367004,0.296568,0.255748
425.000000,154.367004,0.294027,0.265443
426.000000,154.367004,0.290796,0.256331
427.000000,154.367004,0.286880,0.257176
428.000000,154.367004,0.282291,0.271013
429.000000,154.367004,0.277037,0.264051
430.000000,154.367004,0.271132,0.263319
431.000000,154.367004,0.264590,0.263432
432.000000,154.367004,0.257423,0.249893
433.000000,154.367004,0.249652,0.251305
434.000000,154.367004,0.241294,0.241266
435.000000,154.367004,0.232368,0.241742
436.000000,154.367004,0.222896,0.241726
437.000000,154.367004,0.212900,0.239559
438.000000,154.367004,0.202404,0.223297
439.000000,154.367004,0.191432,0.219702
440.000000,154.367004,0.180009,0.208841
441.000000,154.367004,0.168164,0.204133
442.000000,154.367004,0.155923,0.197533
443.000000,154.367004,0.143316,0.183123
444.000000,154.367004,0.130371,0.176390
445.000000,154.367004,0.117120,0.173644
446.000000,154.367004,0.103594,0.153240
447.000000,154.367004,0.089824,0.148790
448.000000,154.367004,0.075843,0.142041
449.000000,154.367004,0.061683,0.126786
450.000000,154.367004,0.047379,0.117045
451.000000,154.367004,0.032963,0.110869
452.000000,154.367004,0.018469,0.089895
453.000000,154.367004,0.003932,0.083729
454.000000,154.367004,-0.010615,0.075844
455.000000,154.367004,-0.025136,0.053435
456.000000,154.367004,-0.039598,0.052127
457.000000,154.367004,-0.053967,0.032253
458.000000,154.367004,-0.068209,0.015398
459.000000,154.367004,-0.082291,0.012516
460.000000,154.367004,-0.096179,-0.011480
461.000000,154.367004,-0.109841,-0.014634
462.000000,154.367004,-0.123245,-0.020382
463.000000,154.367004,-0.136359,-0.048367
464.000000,154.367004,-0.149153,-0.055245
465.000000,154.367004,-0.161595,-0.056991
466.000000,154.367004,-0.173658,-0.084827
467.000000,154.367004,-0.185313,-0.088849
468.000000,154.367004,-0.196532,-0.093451
469.000000,154.367004,-0.207289,-0.117284
470.000000,154.367004,-0.217559,-0.118159
471.000000,154.367004,-0.227317,-0.131339
472.000000,154.367004,-0.236541,-0.150030
473.000000,154.367004,-0.245208,-0.155195
474.000000,154.367004,-0.253297,-0.162640
475.000000,154.367004,-0.260791,-0.178627
476.000000,154.367004,-0.267672,-0.183511
477.000000,154.367004,-0.273923,-0.196788
478.000000,154.367004,-0.279531,-0.203226
479.000000,154.367004,-0.284481,-0.202536
480.000000,154.367004,-0.288762,-0.223517
481.000000,154.367004,-0.292365,-0.224391
482.000000,154.367004,-0.295280,-0.223420
483.000000,154.367004,-0.297501,-0.242393
484.000000,154.367004,-0.299022,-0.243410
485.000000,154.367004,-0.299841,-0.237435
486.000000,154.367004,-0.299954,-0.254977
487.000000,154.367004,-0.299363,-0.258568
488.000000,154.367004,-0.298067,-0.250590
489.000000,154.367004,-0.296071,-0.264128
490.000000,154.367004,-0.293379,-0.267862
491.000000,154.367004,-0.289997,-0.255732
492.000000,154.367004,-0.285933,-0.266703
493.000000,154.367004,-0.281196,-0.262004
494.000000,154.367004,-0.275797,-0.265728
495.000000,154.367004,-0.269750,-0.264131
496.000000,154.367004,-0.263068,-0.255576
497.000000,154.367004,-0.255768,-0.261557
498.000000,154.367004,-0.247866,-0.252555
499.000000,154.367004,-0.239382,-0.236713
500.000000,154.367004,-0.230335,-0.248539
501.000000,154.367004,-0.220746,-0.238973
502.000000,154.367004,-0.210639,-0.224706
503.000000,154.367004,-0.200036,-0.230670
504.000000,154.367004,-0.188963,-0.219961
505.000000,154.367004,-0.177446,-0.200545
506.000000,154.367004,-0.165511,-0.207506
507.000000,154.367004,-0.153188,-0.194800
508.000000,154.367004,-0.140504,-0.177955
509.000000,154.367004,-0.127490,-0.181199
510.000000,154.367004,-0.114176,-0.165347
511.000000,154.367004,-0.100594,-0.152783
512.000000,154.367004,-0.086775,-0.148884
513.000000,154.367004,-0.072752,-0.134036
514.000000,154.367004,-0.058557,-0.128172
515.000000,154.367004,-0.044225,-0.124865
516.000000,154.367004,-0.029789,-0.102301
517.000000,154.367004,-0.015283,-0.096410
518.000000,154.367004,-0.000741,-0.079406
519.000000,154.367004,0.013803,-0.060132
520.000000,154.367004,0.028314,-0.062094
521.000000,154.367004,0.042759,-0.046667
522.000000,154.367004,0.057103,0.014491
523.000000,154.367004,0.071312,-0.026920
524.000000,154.367004,0.085355,-0.014067
525.000000,154.367004,0.099196,0.005638
526.000000,154.367004,0.112804,0.006969
527.000000,154.367004,0.126147,0.024252
528.000000,154.367004,0.139194,0.041531
529.000000,154.367004,0.151913,0.052435
530.000000,154.367004,0.164275,0.065138
531.000000,154.367004,0.176251,0.076437
532.000000,154.367004,0.187813,0.088033
533.000000,154.367004,0.198933,0.109027
534.000000,154.367004,0.209585,0.106482
535.000000,154.367004,0.219744,0.122916
536.000000,154.367004,0.229386,0.140762
537.000000,154.367004,0.238488,0.141086
538.000000,154.367004,0.247030,0.156371
539.000000,154.367004,0.254990,0.173640
540.000000,154.367004,0.262351,0.172543
541.000000,154.367004,0.269096,0.185250
542.000000,154.367004,0.275207,0.200521
543.000000,154.367004,0.280672,0.198278
544.000000,154.367004,0.285477,0.210842
545.000000,154.367004,0.289610,0.224540
546.000000,154.367004,0.293063,0.218436
547.000000,154.367004,0.295827,0.230716
548.000000,154.367004,0.297895,0.242846
549.000000,154.367004,0.299263,0.239310
550.000000,154.367004,0.299927,0.249728
551.000000,154.367004,0.299886,0.246871
552.000000,154.367004,0.299140,0.253750
553.000000,154.367004,0.297691,0.257444
554.000000,154.367004,0.295542,0.254754
555.000000,154.367004,0.292698,0.260893
556.000000,154.367004,0.289164,0.271158
557.000000,154.367004,0.284950,0.259330
558.000000,154.367004,0.280066,0.265320
559.000000,154.367004,0.274524,0.272726
560.000000,154.367004,0.268336,0.254326
561.000000,154.367004,0.261517,0.259456
562.000000,154.367004,0.254084,0.260857
563.000000,154.367004,0.246053,0.245317
564.000000,154.367004,0.237444,0.246444
565.000000,154.367004,0.228277,0.245424
566.000000,154.367004,0.218572,0.230875
567.000000,154.367004,0.208354,0.230855
568.000000,154.367004,0.197646,0.218417
569.000000,154.367004,0.186474,0.210282
570.000000,154.367004,0.174863,0.213404
571.000000,154.367004,0.162841,0.195988
572.000000,154.367004,0.150435,0.187258
573.000000,154.367004,0.137677,0.189518
574.000000,154.367004,0.124594,0.167252
575.000000,154.367004,0.111218,0.163375
576.000000,154.367004,0.097581,0.163203
577.000000,154.367004,0.083714,0.146093
578.000000,154.367004,0.069650,0.135351
579.000000,154.367004,0.055422,0.133178
580.000000,154.367004,0.041064,0.106197
581.000000,154.367004,0.026610,0.101890
582.000000,154.367004,0.012093,0.093424
583.000000,154.367004,-0.002452,0.071165
584.000000,154.367004,-0.016992,0.064857
585.000000,154.367004,-0.031491,0.061828
586.000000,154.367004,-0.045916,0.032846
587.000000,154.367004,-0.060234,0.030395
588.000000,154.367004,-0.074410,0.020660
589.000000,154.367004,-0.088411,-0.001470
590.000000,154.367004,-0.102204,-0.008928
591.000000,154.367004,-0.115757,-0.023354
592.000000,154.367004,-0.129037,-0.037937
593.000000,154.367004,-0.142015,-0.041680
594.000000,154.367004,-0.154659,-0.064238
595.000000,154.367004,-0.166939,-0.070255
596.000000,154.367004,-0.178826,-0.075145
597.000000,154.367004,-0.190293,-0.101268
598.000000,154.367004,-0.201312,-0.109435
599.000000,154.367004,-0.211857,-0.109607
600.000000,154.367004,-0.221904,-0.132297
601.000000,154.367004,-0.231429,-0.139749
602.000000,154.367004,-0.240410,-0.141494
603.000000,154.367004,-0.248826,-0.161895
604.000000,154.367004,-0.256657,-0.165917
605.000000,154.367004,-0.263884,-0.168515
606.000000,154.367004,-0.270491,-0.194353
607.000000,154.367004,-0.276462,-0.201807
608.000000,154.367004,-0.281783,-0.204107
609.000000,154.367004,-0.286442,-0.216376
610.000000,154.367004,-0.290427,-0.216111
611.000000,154.367004,-0.293730,-0.230680
612.000000,154.367004,-0.296341,-0.237111
613.000000,154.367004,-0.298256,-0.235136
614.000000,154.367004,-0.299470,-0.250828
615.000000,154.367004,-0.299980,-0.249271
616.000000,154.367004,-0.299785,-0.246010
617.000000,154.367004,-0.298885,-0.258409
618.000000,154.367004,-0.297281,-0.258283
619.000000,154.367004,-0.294977,-0.254022
620.000000,154.367004,-0.291979,-0.266988
621.000000,154.367004,-0.288295,-0.262574
622.000000,154.367004,-0.283934,-0.255878
623.000000,154.367004,-0.278904,-0.264416
624.000000,154.367004,-0.273220,-0.257859
625.000000,154.367004,-0.266892,-0.264290
626.000000,154.367004,-0.259938,-0.262846
627.000000,154.367004,-0.252372,-0.246140
628.000000,154.367004,-0.244213,-0.256978
629.000000,154.367004,-0.235480,-0.250268
630.000000,154.367004,-0.226193,-0.234427
631.000000,154.367004,-0.216374,-0.241534
632.000000,154.367004,-0.206047,-0.227539
633.000000,154.367004,-0.195235,-0.212556
634.000000,154.367004,-0.183964,-0.217659
635.000000,154.367004,-0.172260,-0.208239
636.000000,154.367004,-0.160152,-0.191824
637.000000,154.367004,-0.147667,-0.195211
638.000000,154.367004,-0.134834,-0.191652
639.000000,154.367004,-0.121684,-0.166795
640.000000,154.367004,-0.108248,-0.170904
641.000000,154.367004,-0.094557,-0.146905
642.000000,154.367004,-0.080644,-0.147472
643.000000,154.367004,-0.066542,-0.133019
644.000000,154.367004,-0.052283,-0.112884
645.000000,154.367004,-0.037901,-0.172050
646.000000,154.367004,-0.023430,-0.099853
0.000000,161.216995,0.010895,-0.068426
1.000000,161.216995,0.026058,-0.065669
2.000000,161.216995,0.041155,-0.048817
3.000000,161.216995,0.056146,-0.040242
4.000000,161.216995,0.070993,-0.026065
5.000000,161.216995,0.085658,-0.004929
6.000000,161.216995,0.100104,-0.001897
7.000000,161.216995,0.114293,0.013394
8.000000,161.216995,0.128190,0.033668
9.000000,161.216995,0.141757,0.034993
10.000000,161.216995,0.154959,0.053422
11.000000,161.216995,0.167764,0.076414
12.000000,161.216995,0.180140,0.072739
13.000000,161.216995,0.192053,0.091168
14.000000,161.216995,0.203475,0.112870
15.000000,161.216995,0.214376,0.112058
16.000000,161.216995,0.224727,0.127340
17.000000,161.216995,0.234499,0.147187
18.000000,161.216995,0.243669,0.145659
19.000000,161.216995,0.252215,0.160655
20.000000,161.216995,0.260114,0.171649
21.000000,161.216995,0.267348,0.179687
22.000000,161.216995,0.273896,0.190531
23.000000,161.216995,0.279742,0.193977
24.000000,161.216995,0.284872,0.210567
25.000000,161.216995,0.289266,0.218688
26.000000,161.216995,0.292919,0.213864
27.000000,161.216995,0.295822,0.224715
28.000000,161.216995,0.297967,0.242703
29.000000,161.216995,0.299348,0.238455
30.000000,161.216995,0.299962,0.243015
31.000000,161.216995,0.299808,0.257998
32.000000,161.216995,0.298884,0.249893
33.000000,161.216995,0.297190,0.255880
34.000000,161.216995,0.294735,0.264147
35.000000,161.216995,0.291524,0.260045
36.000000,161.216995,0.287567,0.264601
37.000000,161.216995,0.282872,0.269310
38.000000,161.216995,0.277453,0.258041
39.000000,161.216995,0.271323,0.263452
40.000000,161.216995,0.264496,0.249883
41.000000,161.216995,0.256988,0.247027
42.000000,161.216995,0.248821,0.308755
43.000000,161.216995,0.240017,0.239029
44.000000,161.216995,0.230598,0.232727
45.000000,161.216995,0.220589,0.238273
46.000000,161.216995,0.210014,0.219729
47.000000,161.216995,0.198900,0.218423
48.000000,161.216995,0.187275,0.222254
49.000000,161.216995,0.175169,0.201568
50.000000,161.216995,0.162614,0.201694
51.000000,161.216995,0.149642,0.198090
52.000000,161.216995,0.136287,0.177689
53.000000,161.216995,0.122583,0.163375
54.000000,161.216995,0.108565,0.168349
55.000000,161.216995,0.094268,0.154237
56.000000,161.216995,0.079728,0.142352
57.000000,161.216995,0.064984,0.136756
58.000000,161.216995,0.050074,0.118920
59.000000,161.216995,0.035035,0.111608
60.000000,161.216995,0.019906,0.097026
61.000000,161.216995,0.004727,0.082599
62.000000,161.216995,-0.010465,0.079429
63.000000,161.216995,-0.025630,0.054151
64.000000,161.216995,-0.040730,0.045848
65.000000,161.216995,-0.055724,0.039957
66.000000,161.216995,-0.070576,0.016406
67.000000,161.216995,-0.085246,-0.000330
68.000000,161.216995,-0.099699,0.004922
69.000000,161.216995,-0.113895,-0.019770
70.000000,161.216995,-0.127801,-0.031369
71.000000,161.216995,-0.141378,-0.038976
72.000000,161.216995,-0.154592,-0.058804
73.000000,161.216995,-0.167408,-0.068830
74.000000,161.216995,-0.179796,-0.073720
75.000000,161.216995,-0.191723,-0.095552
76.000000,161.216995,-0.203158,-0.103719
77.000000,161.216995,-0.214074,-0.108749
78.000000,161.216995,-0.224440,-0.130584
79.000000,161.216995,-0.234232,-0.137323
80.000000,161.216995,-0.243419,-0.150345
81.000000,161.216995,-0.251983,-0.163326
82.000000,161.216995,-0.259900,-0.164492
83.000000,161.216995,-0.267152,-0.181351
84.000000,161.216995,-0.273719,-0.191930
85.000000,161.216995,-0.279585,-0.191099
86.000000,161.216995,-0.284735,-0.211794
87.000000,161.216995,-0.289154,-0.216668
88.000000,161.216995,-0.292828,-0.212837
89.000000,161.216995,-0.295751,-0.233099
90.000000,161.216995,-0.297917,-0.234258
91.000000,161.216995,-0.299319,-0.229427
92.000000,161.216995,-0.299954,-0.251117
93.000000,161.216995,-0.299821,-0.253277
94.000000,161.216995,-0.298920,-0.244013
95.000000,161.216995,-0.297251,-0.265129
96.000000,161.216995,-0.294816,-0.258283
97.000000,161.216995,-0.291626,-0.253306
98.000000,161.216995,-0.287689,-0.266988
99.000000,161.216995,-0.283015,-0.261573
100.000000,161.216995,-0.277615,-0.261159
101.000000,161.216995,-0.271504,-0.265417
102.000000,161.216995,-0.264698,-0.260434
103.000000,161.216995,-0.257211,-0.259851
104.000000,161.216995,-0.249062,-0.250119
105.000000,161.216995,-0.240275,-0.242999
106.000000,161.216995,-0.230873,-0.243393
107.000000,161.216995,-0.220879,-0.236972
108.000000,161.216995,-0.210319,-0.223848
109.000000,161.216995,-0.199221,-0.227377
110.000000,161.216995,-0.187611,-0.219530
111.000000,161.216995,-0.175519,-0.202546
112.000000,161.216995,-0.162976,-0.206791
113.000000,161.216995,-0.150015,-0.195655
114.000000,161.216995,-0.136670,-0.175953
115.000000,161.216995,-0.122975,-0.176619
116.000000,161.216995,-0.108965,-0.163916
117.000000,161.216995,-0.094675,-0.148645
118.000000,161.216995,-0.080143,-0.147883
119.000000,161.216995,-0.065404,-0.133317
120.000000,161.216995,-0.050497,-0.118470
121.000000,161.216995,-0.035462,-0.115429
122.000000,161.216995,-0.020335,-0.093286
123.000000,161.216995,-0.005156,-0.086854
124.000000,161.216995,0.010036,-0.078538
125.000000,161.216995,0.025202,-0.058976
126.000000,161.216995,0.040304,-0.054228
127.000000,161.216995,0.055302,-0.039510
128.000000,161.216995,0.070158,-0.020236
129.000000,161.216995,0.084834,-0.016479
130.000000,161.216995,0.099293,0.001665
131.000000,161.216995,0.113497,0.023367
132.000000,161.216995,0.127411,0.022267
133.000000,161.216995,0.140998,0.038979
134.000000,161.216995,0.154224,0.053820
135.000000,161.216995,0.167053,0.063730
136.000000,161.216995,0.179452,0.084445
137.000000,161.216995,0.191392,0.095714
138.000000,161.216995,0.202842,0.097904
139.000000,161.216995,0.213772,0.120335
140.000000,161.216995,0.224154,0.133893
141.000000,161.216995,0.233962,0.132932
142.000000,161.216995,0.243170,0.151358
143.000000,161.216995,0.251751,0.161215
144.000000,161.216995,0.259686,0.168677
145.000000,161.216995,0.266956,0.184809
146.000000,161.216995,0.273543,0.183689
147.000000,161.216995,0.279428,0.198125
148.000000,161.216995,0.284597,0.213255
149.000000,161.216995,0.289038,0.210862
150.000000,161.216995,0.292736,0.220000
151.000000,161.216995,0.295680,0.237555
152.000000,161.216995,0.297867,0.229592
153.000000,161.216995,0.299290,0.238012
154.000000,161.216995,0.299946,0.253853
155.000000,161.216995,0.299834,0.249035
156.000000,161.216995,0.298954,0.253021
157.000000,161.216995,0.297307,0.264575
158.000000,161.216995,0.294897,0.251325
159.000000,161.216995,0.291728,0.264174
160.000000,161.216995,0.287811,0.269154
161.000000,161.216995,0.283157,0.264763
162.000000,161.216995,0.277777,0.267746
163.000000,161.216995,0.271686,0.256871
164.000000,161.216995,0.264898,0.255466
165.000000,161.216995,0.257432,0.259018
166.000000,161.216995,0.249303,0.248316
167.000000,161.216995,0.240533,0.247455
168.000000,161.216995,0.231148,0.251431
169.000000,161.216995,0.221170,0.236885
170.000000,161.216995,0.210625,0.233154
171.000000,161.216995,0.199541,0.235411
172.000000,161.216995,0.187945,0.210862
173.000000,161.216995,0.175868,0.210988
174.000000,161.216995,0.163337,0.211247
175.000000,161.216995,0.150388,0.191128
176.000000,161.216995,0.137053,0.184534
177.000000,161.216995,0.123367,0.182646
178.000000,161.216995,0.109365,0.160672
179.000000,161.216995,0.095082,0.155221
180.000000,161.216995,0.080556,0.155337
181.000000,161.216995,0.065824,0.128930
182.000000,161.216995,0.050921,0.123191
183.000000,161.216995,0.035888,0.111310
184.000000,161.216995,0.020764,0.095041
185.000000,161.216995,0.005586,0.093302
186.000000,161.216995,-0.009606,0.068866
187.000000,161.216995,-0.024774,0.059724
188.000000,161.216995,-0.039878,0.053976
189.000000,161.216995,-0.054880,0.035709
190.000000,161.216995,-0.069741,0.022542
191.000000,161.216995,-0.084422,0.018221
192.000000,161.216995,-0.098888,-0.009617
193.000000,161.216995,-0.113099,-0.018070
194.000000,161.216995,-0.127021,-0.021244
195.000000,161.216995,-0.140618,-0.046651
196.000000,161.216995,-0.153855,-0.055961
197.000000,161.216995,-0.166697,-0.059708
198.000000,161.216995,-0.179109,-0.087259
199.000000,161.216995,-0.191062,-0.092424
200.000000,161.216995,-0.202525,-0.092593
201.000000,161.216995,-0.213470,-0.116141
202.000000,161.216995,-0.223867,-0.119590
203.000000,161.216995,-0.233691,-0.131336
204.000000,161.216995,-0.242916,-0.154175
205.000000,161.216995,-0.251518,-0.158485
206.000000,161.216995,-0.259472,-0.172928
207.000000,161.216995,-0.266761,-0.184634
208.000000,161.216995,-0.273366,-0.185231
209.000000,161.216995,-0.279271,-0.203361
210.000000,161.216995,-0.284460,-0.209518
211.000000,161.216995,-0.288921,-0.206115
212.000000,161.216995,-0.292641,-0.223947
213.000000,161.216995,-0.295609,-0.239835
214.000000,161.216995,-0.297817,-0.227996
215.000000,161.216995,-0.299261,-0.241962
216.000000,161.216995,-0.299938,-0.240693
217.000000,161.216995,-0.299847,-0.240865
218.000000,161.216995,-0.298988,-0.253260
219.000000,161.216995,-0.297363,-0.253280
220.000000,161.216995,-0.294975,-0.250305
221.000000,161.216995,-0.291830,-0.266703
222.000000,161.216995,-0.287933,-0.264718
223.000000,161.216995,-0.283299,-0.257876
224.000000,161.216995,-0.277939,-0.270420
225.000000,161.216995,-0.271867,-0.261292
226.000000,161.216995,-0.265098,-0.262289
227.000000,161.216995,-0.257650,-0.260987
228.000000,161.216995,-0.249542,-0.243854
229.000000,161.216995,-0.240792,-0.254119
230.000000,161.216995,-0.231422,-0.247266
231.000000,161.216995,-0.221460,-0.230994
232.000000,161.216995,-0.210931,-0.234388
233.000000,161.216995,-0.199861,-0.221678
234.000000,161.216995,-0.188279,-0.208838
235.000000,161.216995,-0.176214,-0.209220
236.000000,161.216995,-0.163698,-0.200946
237.000000,161.216995,-0.150760,-0.186390
238.000000,161.216995,-0.137435,-0.190347
239.000000,161.216995,-0.123759,-0.171921
240.000000,161.216995,-0.109765,-0.160795
241.000000,161.216995,-0.095490,-0.156034
242.000000,161.216995,-0.080970,-0.142184
243.000000,161.216995,-0.066242,-0.132191
244.000000,161.216995,-0.051345,-0.125438
245.000000,161.216995,-0.036315,-0.108159
246.000000,161.216995,-0.021193,-0.106996
247.000000,161.216995,-0.006016,-0.093557
248.000000,161.216995,0.009177,-0.069562
249.000000,161.216995,0.024345,-0.067952
250.000000,161.216995,0.039452,-0.054526
251.000000,161.216995,0.054457,-0.029964
252.000000,161.216995,0.069323,-0.028778
253.000000,161.216995,0.084010,-0.013066
254.000000,161.216995,0.098482,0.013931
255.000000,161.216995,0.112701,0.008397
256.000000,161.216995,0.126632,0.027681
257.000000,161.216995,0.140238,0.048671
258.000000,161.216995,0.153485,0.049718
259.000000,161.216995,0.166338,0.066288
260.000000,161.216995,0.178765,0.080562
261.000000,161.216995,0.190731,0.087036
262.000000,161.216995,0.202209,0.108606
263.000000,161.216995,0.213168,0.114322
264.000000,161.216995,0.223581,0.125925
265.000000,161.216995,0.233421,0.143058
266.000000,161.216995,0.242663,0.143227
267.000000,161.216995,0.251283,0.157948
268.000000,161.216995,0.259258,0.173935
269.000000,161.216995,0.266565,0.172543
270.000000,161.216995,0.273190,0.179823
271.000000,161.216995,0.279114,0.206386
272.000000,161.216995,0.284323,0.205713
273.000000,161.216995,0.288803,0.214132
274.000000,161.216995,0.292544,0.225398
275.000000,161.216995,0.295535,0.224871
276.000000,161.216995,0.297767,0.239294
277.000000,161.216995,0.299232,0.250705
278.000000,161.216995,0.299930,0.241742
279.000000,161.216995,0.299861,0.245586
280.000000,161.216995,0.299022,0.258863
281.000000,161.216995,0.297418,0.250751
282.000000,161.216995,0.295051,0.263740
283.000000,161.216995,0.291929,0.263458
284.000000,161.216995,0.288055,0.262328
285.000000,161.216995,0.283441,0.267451
286.000000,161.216995,0.278101,0.257471
287.000000,161.216995,0.272048,0.258319
288.000000,161.216995,0.265299,0.267156
289.000000,161.216995,0.257869,0.253183
290.000000,161.216995,0.249779,0.254598
291.000000,161.216995,0.241048,0.254568
292.000000,161.216995,0.231697,0.240603
293.000000,161.216995,0.221751,0.237723
294.000000,161.216995,0.211236,0.239556
295.000000,161.216995,0.200181,0.225017
296.000000,161.216995,0.188613,0.220994
297.000000,161.216995,0.176561,0.217678
298.000000,161.216995,0.164057,0.196562
299.000000,161.216995,0.151132,0.203122
300.000000,161.216995,0.137818,0.192371
301.000000,161.216995,0.124150,0.171109
302.000000,161.216995,0.110165,0.162368
303.000000,161.216995,0.095897,0.155062
304.000000,161.216995,0.081383,0.138509
305.000000,161.216995,0.066661,0.138489
306.000000,161.216995,0.051768,0.115335
307.000000,161.216995,0.036742,0.109050
308.000000,161.216995,0.021621,0.104448
309.000000,161.216995,0.006445,0.079031
310.000000,161.216995,-0.008747,0.073730
311.000000,161.216995,-0.023917,0.070125
312.000000,161.216995,-0.039026,0.043572
313.000000,161.216995,-0.054034,0.037694
314.000000,161.216995,-0.068905,0.033804
315.000000,161.216995,-0.083598,0.007682
316.000000,161.216995,-0.098077,-0.001771
317.000000,161.216995,-0.112303,-0.006519
318.000000,161.216995,-0.126242,-0.036498
319.000000,161.216995,-0.139858,-0.040951
320.000000,161.216995,-0.153115,-0.047555
321.000000,161.216995,-0.165979,-0.071961
322.000000,161.216995,-0.178419,-0.075983
323.000000,161.216995,-0.190401,-0.090436
324.000000,161.216995,-0.201892,-0.107421
325.000000,161.216995,-0.212866,-0.114020
326.000000,161.216995,-0.223294,-0.131737
327.000000,161.216995,-0.233150,-0.141597
328.000000,161.216995,-0.242409,-0.141912
329.000000,161.216995,-0.251046,-0.157747
330.000000,161.216995,-0.259041,-0.169771
331.000000,161.216995,-0.266370,-0.171802
332.000000,161.216995,-0.273013,-0.195065
333.000000,161.216995,-0.278957,-0.196798
334.000000,161.216995,-0.284186,-0.198686
335.000000,161.216995,-0.288686,-0.218371
336.000000,161.216995,-0.292447,-0.220819
337.000000,161.216995,-0.295459,-0.218990
338.000000,161.216995,-0.297714,-0.243536
339.000000,161.216995,-0.299203,-0.240839
340.000000,161.216995,-0.299923,-0.236293
341.000000,161.216995,-0.299874,-0.254261
342.000000,161.216995,-0.299057,-0.250563
343.000000,161.216995,-0.297473,-0.250301
344.000000,161.216995,-0.295128,-0.263843
345.000000,161.216995,-0.292026,-0.261431
346.000000,161.216995,-0.288176,-0.263300
347.000000,161.216995,-0.283584,-0.266848
348.000000,161.216995,-0.278263,-0.257147
349.000000,161.216995,-0.272230,-0.264701
350.000000,161.216995,-0.265499,-0.261133
351.000000,161.216995,-0.258088,-0.249152
352.000000,161.216995,-0.250015,-0.259407
353.000000,161.216995,-0.241302,-0.252130
354.000000,161.216995,-0.231971,-0.239291
355.000000,161.216995,-0.222041,-0.246395
356.000000,161.216995,-0.211542,-0.234689
357.000000,161.216995,-0.200501,-0.217847
358.000000,161.216995,-0.188947,-0.234961
359.000000,161.216995,-0.176908,-0.213245
360.000000,161.216995,-0.164416,-0.192967
361.000000,161.216995,-0.151502,-0.199929
362.000000,161.216995,-0.138200,-0.185221
363.000000,161.216995,-0.124542,-0.169512
364.000000,161.216995,-0.110565,-0.168045
365.000000,161.216995,-0.096304,-0.152909
366.000000,161.216995,-0.081797,-0.150192
367.000000,161.216995,-0.067080,-0.131303
368.000000,161.216995,-0.052191,-0.116313
369.000000,161.216995,-0.037168,-0.114710
370.000000,161.216995,-0.022050,-0.101135
371.000000,161.216995,-0.006875,-0.076716
372.000000,161.216995,0.008318,-0.081679
373.000000,161.216995,0.023489,-0.073542
374.000000,161.216995,0.038599,-0.044692
375.000000,161.216995,0.053611,-0.040789
376.000000,161.216995,0.068486,-0.024362
377.000000,161.216995,0.083185,-0.003802
378.000000,161.216995,0.097671,-0.007759
379.000000,161.216995,0.111905,0.011953
380.000000,161.216995,0.125853,0.030656
381.000000,161.216995,0.139477,0.037137
382.000000,161.216995,0.152745,0.052703
383.000000,161.216995,0.165621,0.068836
384.000000,161.216995,0.178072,0.074167
385.000000,161.216995,0.190068,0.093451
386.000000,161.216995,0.201575,0.102022
387.000000,161.216995,0.212564,0.113771
388.000000,161.216995,0.223007,0.129046
389.000000,161.216995,0.232879,0.129930
390.000000,161.216995,0.242155,0.145079
391.000000,161.216995,0.250810,0.167928
392.000000,161.216995,0.258822,0.165108
393.000000,161.216995,0.266171,0.177676
394.000000,161.216995,0.272837,0.193659
395.000000,161.216995,0.278800,0.192844
396.000000,161.216995,0.284048,0.205982
397.000000,161.216995,0.288569,0.222254
398.000000,161.216995,0.292351,0.218867
399.000000,161.216995,0.295383,0.225998
400.000000,161.216995,0.297659,0.240126
401.000000,161.216995,0.299172,0.237455
402.000000,161.216995,0.299915,0.246298
403.000000,161.216995,0.299887,0.251288
404.000000,161.216995,0.299091,0.249177
405.000000,161.216995,0.297528,0.259164
406.000000,161.216995,0.295204,0.252309
407.000000,161.216995,0.292122,0.260184
408.000000,161.216995,0.288293,0.267020
409.000000,161.216995,0.283724,0.255184
410.000000,161.216995,0.278425,0.260893
411.000000,161.216995,0.272411,0.282593
412.000000,161.216995,0.265699,0.253756
413.000000,161.216995,0.258306,0.251596
414.000000,161.216995,0.250252,0.257001
415.000000,161.216995,0.241556,0.240745
416.000000,161.216995,0.232241,0.245016
417.000000,161.216995,0.222331,0.243270
418.000000,161.216995,0.211848,0.230162
419.000000,161.216995,0.200821,0.227856
420.000000,161.216995,0.189280,0.229689
421.000000,161.216995,0.177254,0.207284
422.000000,161.216995,0.164774,0.208550
423.000000,161.216995,0.151872,0.192380
424.000000,161.216995,0.138581,0.179687
425.000000,161.216995,0.124934,0.173660
426.000000,161.216995,0.110964,0.161089
427.000000,161.216995,0.096711,0.152803
428.000000,161.216995,0.082210,0.149201
429.000000,161.216995,0.067498,0.124642
430.000000,161.216995,0.052614,0.119911
431.000000,161.216995,0.037594,0.121028
432.000000,161.216995,0.022478,0.093901
433.000000,161.216995,0.007304,0.086592
434.000000,161.216995,-0.007888,0.084846
435.000000,161.216995,-0.023060,0.059015
436.000000,161.216995,-0.038173,0.050132
437.000000,161.216995,-0.053188,0.047386
438.000000,161.216995,-0.068067,0.020551
439.000000,161.216995,-0.082772,0.009951
440.000000,161.216995,-0.097264,0.005064
441.000000,161.216995,-0.111507,-0.020200
442.000000,161.216995,-0.125463,-0.028513
443.000000,161.216995,-0.139097,-0.039967
444.000000,161.216995,-0.152375,-0.056806
445.000000,161.216995,-0.165262,-0.063976
446.000000,161.216995,-0.177726,-0.084270
447.000000,161.216995,-0.189734,-0.091411
448.000000,161.216995,-0.201256,-0.098872
449.000000,161.216995,-0.212262,-0.121860
450.000000,161.216995,-0.222721,-0.128304
451.000000,161.216995,-0.232609,-0.132479
452.000000,161.216995,-0.241901,-0.155315
453.000000,161.216995,-0.250573,-0.157333
454.000000,161.216995,-0.258603,-0.161510
455.000000,161.216995,-0.265971,-0.183485
456.000000,161.216995,-0.272657,-0.186503
457.000000,161.216995,-0.278642,-0.196112
458.000000,161.216995,-0.283911,-0.212225
459.000000,161.216995,-0.288452,-0.211529
460.000000,161.216995,-0.292254,-0.207122
461.000000,161.216995,-0.295307,-0.231671
462.000000,161.216995,-0.297603,-0.231975
463.000000,161.216995,-0.299137,-0.234000
464.000000,161.216995,-0.299905,-0.250974
465.000000,161.216995,-0.299900,-0.247992
466.000000,161.216995,-0.299125,-0.255145
467.000000,161.216995,-0.297584,-0.262130
468.000000,161.216995,-0.295280,-0.257007
469.000000,161.216995,-0.292219,-0.267272
470.000000,161.216995,-0.288410,-0.264993
471.000000,161.216995,-0.283862,-0.248148
472.000000,161.216995,-0.278586,-0.268843
473.000000,161.216995,-0.272592,-0.261567
474.000000,161.216995,-0.265899,-0.255019
475.000000,161.216995,-0.258525,-0.264128
476.000000,161.216995,-0.250488,-0.254851
477.000000,161.216995,-0.241810,-0.241011
478.000000,161.216995,-0.232512,-0.252402
479.000000,161.216995,-0.222618,-0.238695
480.000000,161.216995,-0.212153,-0.225137
481.000000,161.216995,-0.201142,-0.232244
482.000000,161.216995,-0.189614,-0.229686
483.000000,161.216995,-0.177601,-0.209116
484.000000,161.216995,-0.165133,-0.211370
485.000000,161.216995,-0.152242,-0.193232
486.000000,161.216995,-0.138961,-0.188935
487.000000,161.216995,-0.125323,-0.178631
488.000000,161.216995,-0.111365,-0.158926
489.000000,161.216995,-0.097118,-0.163038
490.000000,161.216995,-0.082624,-0.147608
491.000000,161.216995,-0.067917,-0.123473
492.000000,161.216995,-0.053037,-0.126436
493.000000,161.216995,-0.038021,-0.106718
494.000000,161.216995,-0.022907,-0.092593
495.000000,161.216995,-0.007734,-0.096264
496.000000,161.216995,0.007458,-0.078266
497.000000,161.216995,0.022632,-0.051415
498.000000,161.216995,0.037747,-0.056372
499.000000,161.216995,0.052765,-0.040806
500.000000,161.216995,0.067648,-0.017099
501.000000,161.216995,0.082358,-0.015767
502.000000,161.216995,0.096857,-0.001201
503.000000,161.216995,0.111108,0.014646
504.000000,161.216995,0.125074,0.020978
505.000000,161.216995,0.138717,0.039831
506.000000,161.216995,0.152005,0.047982
507.000000,161.216995,0.164903,0.059008
508.000000,161.216995,0.177379,0.082291
509.000000,161.216995,0.189400,0.081745
510.000000,161.216995,0.200936,0.105617
511.000000,161.216995,0.211958,0.119026
512.000000,161.216995,0.222434,0.123927
513.000000,161.216995,0.232338,0.135779
514.000000,161.216995,0.241647,0.153336
515.000000,161.216995,0.250337,0.154383
516.000000,161.216995,0.258385,0.167090
517.000000,161.216995,0.265771,0.184362
518.000000,161.216995,0.272476,0.183978
519.000000,161.216995,0.278483,0.195684
520.000000,161.216995,0.283774,0.210249
521.000000,161.216995,0.288335,0.205998
522.000000,161.216995,0.292157,0.219702
523.000000,161.216995,0.295231,0.232574
524.000000,161.216995,0.297548,0.224725
525.000000,161.216995,0.299103,0.243002
526.000000,161.216995,0.299892,0.240026
527.000000,161.216995,0.299912,0.259893
528.000000,161.216995,0.299159,0.259721
529.000000,161.216995,0.297639,0.248893
530.000000,161.216995,0.295356,0.257600
531.000000,161.216995,0.292316,0.266006
532.000000,161.216995,0.288527,0.256328
533.000000,161.216995,0.283999,0.261457
534.000000,161.216995,0.278743,0.272868
535.000000,161.216995,0.272773,0.258329
536.000000,161.216995,0.266100,0.260887
537.000000,161.216995,0.258744,0.258147
538.000000,161.216995,0.250725,0.248319
539.000000,161.216995,0.242064,0.248727
540.000000,161.216995,0.232782,0.240291
541.000000,161.216995,0.222904,0.237021
542.000000,161.216995,0.212455,0.235851
543.000000,161.216995,0.201462,0.218436
544.000000,161.216995,0.189948,0.216998
545.000000,161.216995,0.177948,0.220259
546.000000,161.216995,0.165492,0.195419
547.000000,161.216995,0.152612,0.200263
548.000000,161.216995,0.139341,0.192944
549.000000,161.216995,0.125713,0.168398
550.000000,161.216995,0.111763,0.163518
551.000000,161.216995,0.097525,0.164631
552.000000,161.216995,0.083037,0.141229
553.000000,161.216995,0.068336,0.137634
554.000000,161.216995,0.053460,0.131316
555.000000,161.216995,0.038447,0.106909
556.000000,161.216995,0.023335,0.100174
557.000000,161.216995,0.008164,0.092715
558.000000,161.216995,-0.007029,0.077739
559.000000,161.216995,-0.022204,0.064280
560.000000,161.216995,-0.037321,0.047124
561.000000,161.216995,-0.052342,0.033844
562.000000,161.216995,-0.067230,0.027814
563.000000,161.216995,-0.081945,0.005965
564.000000,161.216995,-0.096450,-0.002623
565.000000,161.216995,-0.110708,-0.006512
566.000000,161.216995,-0.124683,0.056726
567.000000,161.216995,-0.138337,-0.041518
568.000000,161.216995,-0.151635,-0.060994
569.000000,161.216995,-0.164544,-0.080248
570.000000,161.216995,-0.177032,-0.083558
571.000000,161.216995,-0.189066,-0.091735
572.000000,161.216995,-0.200616,-0.116138
573.000000,161.216995,-0.211652,-0.119302
574.000000,161.216995,-0.222145,-0.122333
575.000000,161.216995,-0.232068,-0.144023
576.000000,161.216995,-0.241393,-0.148330
577.000000,161.216995,-0.250100,-0.153360
578.000000,161.216995,-0.258166,-0.174479
579.000000,161.216995,-0.265571,-0.178359
580.000000,161.216995,-0.272295,-0.189661
581.000000,161.216995,-0.278321,-0.202076
582.000000,161.216995,-0.283635,-0.203815
583.000000,161.216995,-0.288218,-0.222098
584.000000,161.216995,-0.292060,-0.225673
585.000000,161.216995,-0.295155,-0.222840
586.000000,161.216995,-0.297493,-0.238102
587.000000,161.216995,-0.299069,-0.238973
588.000000,161.216995,-0.299878,-0.239576
589.000000,161.216995,-0.299920,-0.255404
590.000000,161.216995,-0.299193,-0.254420
591.000000,161.216995,-0.297694,-0.249586
592.000000,161.216995,-0.295432,-0.265271
593.000000,161.216995,-0.292413,-0.263429
594.000000,161.216995,-0.288644,-0.257166
595.000000,161.216995,-0.284136,-0.263413
596.000000,161.216995,-0.278900,-0.261858
597.000000,161.216995,-0.272950,-0.254592
598.000000,161.216995,-0.266300,-0.264844
599.000000,161.216995,-0.258962,-0.254854
600.000000,161.216995,-0.250961,-0.251719
601.000000,161.216995,-0.242318,-0.255123
602.000000,161.216995,-0.233053,-0.244135
603.000000,161.216995,-0.223191,-0.247266
604.000000,161.216995,-0.212757,-0.239255
605.000000,161.216995,-0.201778,-0.218122
606.000000,161.216995,-0.190282,-0.219656
607.000000,161.216995,-0.178295,-0.214382
608.000000,161.216995,-0.165851,-0.198825
609.000000,161.216995,-0.152982,-0.202073
610.000000,161.216995,-0.139721,-0.186361
611.000000,161.216995,-0.126103,-0.170662
612.000000,161.216995,-0.112161,-0.173187
613.000000,161.216995,-0.097931,-0.157478
614.000000,161.216995,-0.083450,-0.136919
615.000000,161.216995,-0.068755,-0.142307
616.000000,161.216995,-0.053883,-0.124308
617.000000,161.216995,-0.038873,-0.105462
618.000000,161.216995,-0.023764,-0.102987
619.000000,161.216995,-0.008593,-0.089707
0.000000,168.371002,0.001130,-0.091268
1.000000,168.371002,0.016989,-0.065275
2.000000,168.371002,0.032801,-0.065523
3.000000,168.371002,0.048520,-0.049092
4.000000,168.371002,0.064104,-0.024673
5.000000,168.371002,0.079510,-0.023772
6.000000,168.371002,0.094692,-0.005916
7.000000,168.371002,0.109609,0.017503
8.000000,168.371002,0.124221,0.018980
9.000000,168.371002,0.138485,0.081006
10.000000,168.371002,0.152360,0.056680
11.000000,168.371002,0.165810,0.050868
12.000000,168.371002,0.178799,0.066719
13.000000,168.371002,0.191282,0.090426
14.000000,168.371002,0.203233,0.088898
15.000000,168.371002,0.214619,0.107751
16.000000,168.371002,0.225398,0.127459
17.000000,168.371002,0.235549,0.130931
18.000000,168.371002,0.245044,0.145354
19.000000,168.371002,0.253851,0.158498
20.000000,168.371002,0.261946,0.164959
21.000000,168.371002,0.269313,0.183524
22.000000,168.371002,0.275925,0.175684
23.000000,168.371002,0.281761,0.194123
24.000000,168.371002,0.286814,0.199955
25.000000,168.371002,0.291065,0.210862
26.000000,168.371002,0.294496,0.223002
27.000000,168.371002,0.297107,0.236842
28.000000,168.371002,0.298892,0.233595
29.000000,168.371002,0.299831,0.242014
30.000000,168.371002,0.299936,0.255854
31.000000,168.371002,0.299206,0.249751
32.000000,168.371002,0.297632,0.255880
33.000000,168.371002,0.295227,0.263574
34.000000,168.371002,0.292001,0.257471
35.000000,168.371002,0.287954,0.263458
36.000000,168.371002,0.283101,0.264154
37.000000,168.371002,0.277459,0.257471
38.000000,168.371002,0.271041,0.262597
39.000000,168.371002,0.263860,0.253448
40.000000,168.371002,0.255945,0.251033
41.000000,168.371002,0.247317,0.257299
42.000000,168.371002,0.237990,0.242458
43.000000,168.371002,0.228000,0.240589
44.000000,168.371002,0.217377,0.245281
45.000000,168.371002,0.206139,0.227160
46.000000,168.371002,0.194327,0.226286
47.000000,168.371002,0.181973,0.223970
48.000000,168.371002,0.169108,0.200567
49.000000,168.371002,0.155770,0.197118
50.000000,168.371002,0.141998,0.195088
51.000000,168.371002,0.127828,0.174256
52.000000,168.371002,0.113299,0.170091
53.000000,168.371002,0.098455,0.165632
54.000000,168.371002,0.083336,0.143800
55.000000,168.371002,0.067981,0.133917
56.000000,168.371002,0.052438,0.128605
57.000000,168.371002,0.036749,0.110484
58.000000,168.371002,0.020955,0.101025
59.000000,168.371002,0.005104,0.085446
60.000000,168.371002,-0.010762,0.073590
61.000000,168.371002,-0.026597,0.067418
62.000000,168.371002,-0.042358,0.043429
63.000000,168.371002,-0.058002,0.034980
64.000000,168.371002,-0.073482,0.034381
65.000000,168.371002,-0.088756,0.002963
66.000000,168.371002,-0.103784,-0.004488
67.000000,168.371002,-0.118521,-0.008235
68.000000,168.371002,-0.132924,-0.036356
69.000000,168.371002,-0.146958,-0.051385
70.000000,168.371002,-0.160582,-0.053986
71.000000,168.371002,-0.173752,-0.077538
72.000000,168.371002,-0.186439,-0.086420
73.000000,168.371002,-0.198607,-0.091158
74.000000,168.371002,-0.210214,-0.108136
75.000000,168.371002,-0.221235,-0.118166
76.000000,168.371002,-0.231640,-0.134749
77.000000,168.371002,-0.241394,-0.147744
78.000000,168.371002,-0.250472,-0.151630
79.000000,168.371002,-0.258853,-0.171905
80.000000,168.371002,-0.266509,-0.177918
81.000000,168.371002,-0.273415,-0.178949
82.000000,168.371002,-0.279561,-0.198925
83.000000,168.371002,-0.284927,-0.204945
84.000000,168.371002,-0.289489,-0.201973
85.000000,168.371002,-0.293245,-0.224805
86.000000,168.371002,-0.296185,-0.232542
87.000000,168.371002,-0.298288,-0.226425
88.000000,168.371002,-0.299560,-0.242823
89.000000,168.371002,-0.299998,-0.249705
90.000000,168.371002,-0.299591,-0.243012
91.000000,168.371002,-0.298348,-0.256693
92.000000,168.371002,-0.296273,-0.248135
93.000000,168.371002,-0.293367,-0.254731
94.000000,168.371002,-0.289639,-0.266272
95.000000,168.371002,-0.285104,-0.260145
96.000000,168.371002,-0.279772,-0.268160
97.000000,168.371002,-0.273652,-0.262700
98.000000,168.371002,-0.266770,-0.253429
99.000000,168.371002,-0.259146,-0.261988
100.000000,168.371002,-0.250789,-0.253840
101.000000,168.371002,-0.241734,-0.243002
102.000000,168.371002,-0.232006,-0.249970
103.000000,168.371002,-0.221624,-0.240832
104.000000,168.371002,-0.210623,-0.230282
105.000000,168.371002,-0.199037,-0.228523
106.000000,168.371002,-0.186890,-0.218102
107.000000,168.371002,-0.174220,-0.204262
108.000000,168.371002,-0.161066,-0.206363
109.000000,168.371002,-0.147460,-0.190366
110.000000,168.371002,-0.133440,-0.175095
111.000000,168.371002,-0.119048,-0.179913
112.000000,168.371002,-0.104324,-0.164632
113.000000,168.371002,-0.089306,-0.147780
114.000000,168.371002,-0.074039,-0.145169
115.000000,168.371002,-0.058566,-0.127890
116.000000,168.371002,-0.042928,-0.115727
117.000000,168.371002,-0.027170,-0.107570
118.000000,168.371002,-0.011337,-0.080135
119.000000,168.371002,0.004529,-0.090400
120.000000,168.371002,0.020382,-0.074403
121.000000,168.371002,0.036178,-0.048552
122.000000,168.371002,0.051872,-0.049225
123.000000,168.371002,0.067421,-0.032370
124.000000,168.371002,0.082783,-0.006519
125.000000,168.371002,0.097912,-0.020770
126.000000,168.371002,0.112767,0.010094
127.000000,168.371002,0.127307,0.032373
128.000000,168.371002,0.141493,0.034420
129.000000,168.371002,0.155279,0.051133
130.000000,168.371002,0.168632,0.069409
131.000000,168.371002,0.181517,0.074883
132.000000,168.371002,0.193889,0.094309
133.000000,168.371002,0.205720,0.109458
134.000000,168.371002,0.216979,0.117489
135.000000,168.371002,0.227628,0.129904
136.000000,168.371002,0.237639,0.134218
137.000000,168.371002,0.246989,0.145937
138.000000,168.371002,0.255647,0.169644
139.000000,168.371002,0.263586,0.168541
140.000000,168.371002,0.270792,0.182540
141.000000,168.371002,0.277242,0.197235
142.000000,168.371002,0.282910,0.192986
143.000000,168.371002,0.287791,0.208414
144.000000,168.371002,0.291871,0.227114
145.000000,168.371002,0.295126,0.220868
146.000000,168.371002,0.297558,0.236865
147.000000,168.371002,0.299163,0.244844
148.000000,168.371002,0.299925,0.238025
149.000000,168.371002,0.299849,0.246729
150.000000,168.371002,0.298938,0.257289
151.000000,168.371002,0.297188,0.252753
152.000000,168.371002,0.294605,0.259737
153.000000,168.371002,0.291201,0.254731
154.000000,168.371002,0.286984,0.257467
155.000000,168.371002,0.281958,0.268024
156.000000,168.371002,0.276148,0.255897
157.000000,168.371002,0.269568,0.259750
158.000000,168.371002,0.262226,0.262868
159.000000,168.371002,0.254155,0.249181
160.000000,168.371002,0.245376,0.252170
161.000000,168.371002,0.235905,0.255284
162.000000,168.371002,0.225776,0.238886
163.000000,168.371002,0.215019,0.232578
164.000000,168.371002,0.203657,0.237124
165.000000,168.371002,0.191724,0.218009
166.000000,168.371002,0.179258,0.214845
167.000000,168.371002,0.166290,0.210243
168.000000,168.371002,0.152855,0.193129
169.000000,168.371002,0.138994,0.188964
170.000000,168.371002,0.124745,0.184223
171.000000,168.371002,0.110144,0.165678
172.000000,168.371002,0.095237,0.159936
173.000000,168.371002,0.080065,0.144778
174.000000,168.371002,0.064666,0.130070
175.000000,168.371002,0.049088,0.130620
176.000000,168.371002,0.033372,0.107052
177.000000,168.371002,0.017563,0.100753
178.000000,168.371002,0.001705,0.091860
179.000000,168.371002,-0.014159,0.068879
180.000000,168.371002,-0.029982,0.059714
181.000000,168.371002,-0.045721,0.056252
182.000000,168.371002,-0.061333,0.024126
183.000000,168.371002,-0.076774,0.022535
184.000000,168.371002,-0.091998,0.018934
185.000000,168.371002,-0.106966,-0.012046
186.000000,168.371002,-0.121637,-0.019786
187.000000,168.371002,-0.135963,-0.026108
188.000000,168.371002,-0.149912,-0.053370
189.000000,168.371002,-0.163443,-0.059393
190.000000,168.371002,-0.176513,-0.066285
191.000000,168.371002,-0.189090,-0.089403
192.000000,168.371002,-0.201141,-0.106006
193.000000,168.371002,-0.212627,-0.108749
194.000000,168.371002,-0.223517,-0.128868
195.000000,168.371002,-0.233785,-0.128599
196.000000,168.371002,-0.243398,-0.149622
197.000000,168.371002,-0.252327,-0.156753
198.000000,168.371002,-0.260554,-0.165642
199.000000,168.371002,-0.268054,-0.183915
200.000000,168.371002,-0.274797,-0.186354
201.000000,168.371002,-0.280776,-0.188242
202.000000,168.371002,-0.285973,-0.211078
203.000000,168.371002,-0.290362,-0.216529
204.000000,168.371002,-0.293943,-0.214984
205.000000,168.371002,-0.296705,-0.232956
206.000000,168.371002,-0.298631,-0.234543
207.000000,168.371002,-0.299723,-0.230000
208.000000,168.371002,-0.299981,-0.250258
209.000000,168.371002,-0.299397,-0.252707
210.000000,168.371002,-0.297973,-0.244013
211.000000,168.371002,-0.295719,-0.261269
212.000000,168.371002,-0.292639,-0.258714
213.000000,168.371002,-0.288735,-0.259158
214.000000,168.371002,-0.284027,-0.264131
215.000000,168.371002,-0.278528,-0.251567
216.000000,168.371002,-0.272242,-0.261855
217.000000,168.371002,-0.265198,-0.261560
218.000000,168.371002,-0.257416,-0.250434
219.000000,168.371002,-0.248908,-0.261123
220.000000,168.371002,-0.239705,-0.243403
221.000000,168.371002,-0.229835,-0.238141
222.000000,168.371002,-0.219319,-0.246826
223.000000,168.371002,-0.208189,-0.236975
224.000000,168.371002,-0.196479,-0.214557
225.000000,168.371002,-0.184219,-0.219229
226.000000,168.371002,-0.171442,-0.212669
227.000000,168.371002,-0.158187,-0.195684
228.000000,168.371002,-0.144491,-0.192636
229.000000,168.371002,-0.130386,-0.179929
230.000000,168.371002,-0.115920,-0.163800
231.000000,168.371002,-0.101130,-0.165470
232.000000,168.371002,-0.086055,-0.153907
233.000000,168.371002,-0.070740,-0.130196
234.000000,168.371002,-0.055228,-0.134871
235.000000,168.371002,-0.039561,-0.114160
236.000000,168.371002,-0.023783,-0.100161
237.000000,168.371002,-0.007939,-0.092981
238.000000,168.371002,0.007928,-0.079277
239.000000,168.371002,0.023772,-0.069536
240.000000,168.371002,0.039550,-0.054523
241.000000,168.371002,0.055217,-0.030528
242.000000,168.371002,0.070729,-0.032350
243.000000,168.371002,0.086044,-0.011489
244.000000,168.371002,0.101120,0.009070
245.000000,168.371002,0.115910,0.015120
246.000000,168.371002,0.130377,0.026399
247.000000,168.371002,0.144481,0.047386
248.000000,168.371002,0.158178,0.050576
249.000000,168.371002,0.171433,0.068574
250.000000,168.371002,0.184211,0.090423
251.000000,168.371002,0.196471,0.091754
252.000000,168.371002,0.208181,0.105892
253.000000,168.371002,0.219312,0.119169
254.000000,168.371002,0.229828,0.127929
255.000000,168.371002,0.239699,0.149784
256.000000,168.371002,0.248902,0.148929
257.000000,168.371002,0.257411,0.161669
258.000000,168.371002,0.265193,0.178372
259.000000,168.371002,0.272237,0.180976
260.000000,168.371002,0.278524,0.190545
261.000000,168.371002,0.284024,0.210677
262.000000,168.371002,0.288732,0.205856
263.000000,168.371002,0.292637,0.213705
264.000000,168.371002,0.295718,0.235123
265.000000,168.371002,0.297971,0.232452
266.000000,168.371002,0.299396,0.238724
267.000000,168.371002,0.299981,0.257428
268.000000,168.371002,0.299724,0.247464
269.000000,168.371002,0.298632,0.252309
270.000000,168.371002,0.296706,0.261431
271.000000,168.371002,0.293945,0.255039
272.000000,168.371002,0.290365,0.260025
273.000000,168.371002,0.285976,0.263157
274.000000,168.371002,0.280779,0.258041
275.000000,168.371002,0.274801,0.259734
276.000000,168.371002,0.268058,0.256321
277.000000,168.371002,0.260559,0.253889
278.000000,168.371002,0.252332,0.259582
279.000000,168.371002,0.243404,0.245178
280.000000,168.371002,0.233791,0.248452
281.000000,168.371002,0.223523,0.245848
282.000000,168.371002,0.212633,0.229019
283.000000,168.371002,0.201148,0.228144
284.000000,168.371002,0.189097,0.228973
285.000000,168.371002,0.176520,0.211863
286.000000,168.371002,0.163451,0.204408
287.000000,168.371002,0.149920,0.204951
288.000000,168.371002,0.135972,0.181976
289.000000,168.371002,0.121646,0.174237
290.000000,168.371002,0.106975,0.163926
291.000000,168.371002,0.092007,0.149946
292.000000,168.371002,0.076783,0.146494
293.000000,168.371002,0.061343,0.127343
294.000000,168.371002,0.045731,0.123493
295.000000,168.371002,0.029992,0.112314
296.000000,168.371002,0.014168,0.087182
297.000000,168.371002,-0.001695,0.079164
298.000000,168.371002,-0.017553,0.079992
299.000000,168.371002,-0.033363,0.051007
300.000000,168.371002,-0.049078,0.045129
301.000000,168.371002,-0.064657,0.038095
302.000000,168.371002,-0.080056,0.013831
303.000000,168.371002,-0.095228,0.005664
304.000000,168.371002,-0.110135,0.000916
305.000000,168.371002,-0.124736,-0.028063
306.000000,168.371002,-0.138985,-0.035802
307.000000,168.371002,-0.152846,-0.042121
308.000000,168.371002,-0.166282,-0.069814
309.000000,168.371002,-0.179251,-0.075122
310.000000,168.371002,-0.191717,-0.083438
311.000000,168.371002,-0.203649,-0.105134
312.000000,168.371002,-0.215012,-0.111731
313.000000,168.371002,-0.225770,-0.129033
314.000000,168.371002,-0.235899,-0.140166
315.000000,168.371002,-0.245371,-0.142479
316.000000,168.371002,-0.254150,-0.163042
317.000000,168.371002,-0.262221,-0.169483
318.000000,168.371002,-0.269563,-0.169940
319.000000,168.371002,-0.276144,-0.193349
320.000000,168.371002,-0.281955,-0.200369
321.000000,168.371002,-0.286981,-0.199256
322.000000,168.371002,-0.291199,-0.222947
323.000000,168.371002,-0.294603,-0.226253
324.000000,168.371002,-0.297187,-0.220133
325.000000,168.371002,-0.298937,-0.242681
326.000000,168.371002,-0.299848,-0.239695
327.000000,168.371002,-0.299925,-0.238579
328.000000,168.371002,-0.299164,-0.255550
329.000000,168.371002,-0.297560,-0.261143
330.000000,168.371002,-0.295127,-0.251156
331.000000,168.371002,-0.291873,-0.269134
332.000000,168.371002,-0.287794,-0.257859
333.000000,168.371002,-0.282914,-0.266861
334.000000,168.371002,-0.277246,-0.267421
335.000000,168.371002,-0.270797,-0.247571
336.000000,168.371002,-0.263591,-0.262554
337.000000,168.371002,-0.255652,-0.256133
338.000000,168.371002,-0.246995,-0.245295
339.000000,168.371002,-0.237645,-0.252260
340.000000,168.371002,-0.227635,-0.240408
341.000000,168.371002,-0.216986,-0.229858
342.000000,168.371002,-0.205728,-0.235531
343.000000,168.371002,-0.193897,-0.230259
344.000000,168.371002,-0.181525,-0.214126
345.000000,168.371002,-0.168641,-0.208222
346.000000,168.371002,-0.155288,-0.199376
347.000000,168.371002,-0.141502,-0.185519
348.000000,168.371002,-0.127317,-0.178485
349.000000,168.371002,-0.112777,-0.166640
350.000000,168.371002,-0.097923,-0.167051
351.000000,168.371002,-0.082793,-0.148320
352.000000,168.371002,-0.067432,-0.129189
353.000000,168.371002,-0.051883,-0.129723
354.000000,168.371002,-0.036189,-0.107288
355.000000,168.371002,-0.020393,-0.092020
356.000000,168.371002,-0.004540,-0.095552
357.000000,168.371002,0.011326,-0.079552
358.000000,168.371002,0.027159,-0.055132
359.000000,168.371002,0.042917,-0.056803
360.000000,168.371002,0.058556,-0.035660
361.000000,168.371002,0.074029,-0.014239
362.000000,168.371002,0.089295,-0.014339
363.000000,168.371002,0.104314,0.003228
364.000000,168.371002,0.119038,0.016658
365.000000,168.371002,0.133430,0.026982
366.000000,168.371002,0.147450,0.047263
367.000000,168.371002,0.161057,0.051709
368.000000,168.371002,0.174212,0.066586
369.000000,168.371002,0.186882,0.088577
370.000000,168.371002,0.199029,0.091615
371.000000,168.371002,0.210616,0.109762
372.000000,168.371002,0.221617,0.128890
373.000000,168.371002,0.232000,0.126216
374.000000,168.371002,0.241728,0.145073
375.000000,168.371002,0.250783,0.163488
376.000000,168.371002,0.259140,0.160817
377.000000,168.371002,0.266766,0.175814
378.000000,168.371002,0.273647,0.194945
379.000000,168.371002,0.279768,0.189127
380.000000,168.371002,0.285101,0.202691
381.000000,168.371002,0.289636,0.223685
382.000000,168.371002,0.293365,0.217293
383.000000,168.371002,0.296272,0.230858
384.000000,168.371002,0.298346,0.235557
385.000000,168.371002,0.299591,0.237167
386.000000,168.371002,0.299998,0.245868
387.000000,168.371002,0.299560,0.243724
388.000000,168.371002,0.298289,0.252034
389.000000,168.371002,0.296187,0.259015
390.000000,168.371002,0.293247,0.254754
391.000000,168.371002,0.289491,0.257033
392.000000,168.371002,0.284930,0.268587
393.000000,168.371002,0.279565,0.256473
394.000000,168.371002,0.273419,0.261606
395.000000,168.371002,0.266513,0.265436
396.000000,168.371002,0.258858,0.256901
397.000000,168.371002,0.250477,0.254883
398.000000,168.371002,0.241400,0.255854
399.000000,168.371002,0.231646,0.241030
400.000000,168.371002,0.221242,0.242869
401.000000,168.371002,0.210221,0.242127
402.000000,168.371002,0.198614,0.219152
403.000000,168.371002,0.186446,0.218990
404.000000,168.371002,0.173760,0.214537
405.000000,168.371002,0.160590,0.188981
406.000000,168.371002,0.146966,0.190677
407.000000,168.371002,0.132933,0.183958
408.000000,168.371002,0.118530,0.167961
409.000000,168.371002,0.103793,0.166076
410.000000,168.371002,0.088766,0.147660
411.000000,168.371002,0.073492,0.135212
412.000000,168.371002,0.058011,0.134039
413.000000,168.371002,0.042368,0.115491
414.000000,168.371002,0.026607,0.107469
415.000000,168.371002,0.010772,0.104007
416.000000,168.371002,-0.005094,0.077888
417.000000,168.371002,-0.020946,0.070721
418.000000,168.371002,-0.036739,0.064399
419.000000,168.371002,-0.052429,0.034851
420.000000,168.371002,-0.067972,0.025110
421.000000,168.371002,-0.083326,0.021078
422.000000,168.371002,-0.098446,-0.005188
423.000000,168.371002,-0.113290,-0.009495
424.000000,168.371002,-0.127819,-0.022241
425.000000,168.371002,-0.141990,-0.042221
426.000000,168.371002,-0.155762,-0.049964
427.000000,168.371002,-0.169100,-0.071259
428.000000,168.371002,-0.181966,-0.084406
429.000000,168.371002,-0.194319,-0.089293
430.000000,168.371002,-0.206132,-0.111562
431.000000,168.371002,-0.217370,-0.114577
432.000000,168.371002,-0.227994,-0.122473
433.000000,168.371002,-0.237984,-0.141876
434.000000,168.371002,-0.247311,-0.153045
435.000000,168.371002,-0.255940,-0.152932
436.000000,168.371002,-0.263856,-0.177766
437.000000,168.371002,-0.271037,-0.185648
438.000000,168.371002,-0.277455,-0.185532
439.000000,168.371002,-0.283097,-0.203504
440.000000,168.371002,-0.287952,-0.199236
441.000000,168.371002,-0.291999,-0.211979
442.000000,168.371002,-0.295226,-0.231671
443.000000,168.371002,-0.297631,-0.232121
444.000000,168.371002,-0.299205,-0.242704
445.000000,168.371002,-0.299936,-0.248260
446.000000,168.371002,-0.299832,-0.245139
447.000000,168.371002,-0.298893,-0.258409
448.000000,168.371002,-0.297109,-0.259990
449.000000,168.371002,-0.294498,-0.253012
450.000000,168.371002,-0.291068,-0.263267
451.000000,168.371002,-0.286817,-0.262852
452.000000,168.371002,-0.281765,-0.254304
453.000000,168.371002,-0.275928,-0.266414
454.000000,168.371002,-0.269317,-0.260855
455.000000,168.371002,-0.261951,-0.247730
456.000000,168.371002,-0.253856,-0.259410
457.000000,168.371002,-0.245051,-0.251564
458.000000,168.371002,-0.235556,-0.237435
459.000000,168.371002,-0.225405,-0.249115
460.000000,168.371002,-0.214626,-0.236978
461.000000,168.371002,-0.203241,-0.227419
462.000000,168.371002,-0.191290,-0.227241
463.000000,168.371002,-0.178807,-0.215107
464.000000,168.371002,-0.165819,-0.210386
465.000000,168.371002,-0.152369,-0.197646
466.000000,168.371002,-0.138495,-0.184373
467.000000,168.371002,-0.124231,-0.183200
468.000000,168.371002,-0.109619,-0.166481
469.000000,168.371002,-0.094703,-0.148781
470.000000,168.371002,-0.079521,-0.152316
471.000000,168.371002,-0.064115,-0.134742
472.000000,168.371002,-0.048531,-0.115041
473.000000,168.371002,-0.032812,-0.113136
474.000000,168.371002,-0.017000,-0.099429
475.000000,168.371002,-0.001141,-0.076580
476.000000,168.371002,0.014722,-0.080678
477.000000,168.371002,0.030543,-0.057247
478.000000,168.371002,0.046279,-0.043122
479.000000,168.371002,0.061886,-0.041074
480.000000,168.371002,0.077318,-0.021648
481.000000,168.371002,0.092535,0.000631
482.000000,168.371002,0.107494,0.000820
483.000000,168.371002,0.122151,0.019530
484.000000,168.371002,0.136466,0.042532
485.000000,168.371002,0.150401,0.045427
486.000000,168.371002,0.163915,0.068140
487.000000,168.371002,0.176968,0.067719
488.000000,168.371002,0.189528,0.080598
489.000000,168.371002,0.201560,0.100160
490.000000,168.371002,0.213023,0.104626
491.000000,168.371002,0.223893,0.121631
492.000000,168.371002,0.234140,0.140474
493.000000,168.371002,0.243726,0.139085
494.000000,168.371002,0.252632,0.156656
495.000000,168.371002,0.260835,0.171781
496.000000,168.371002,0.268304,0.173829
497.000000,168.371002,0.275023,0.189253
498.000000,168.371002,0.280976,0.205236
499.000000,168.371002,0.286141,0.204570
500.000000,168.371002,0.290503,0.215560
501.000000,168.371002,0.294056,0.231832
502.000000,168.371002,0.296788,0.222011
503.000000,168.371002,0.298683,0.235576
504.000000,168.371002,0.299747,0.241421
505.000000,168.371002,0.299977,0.241885
506.000000,168.371002,0.299359,0.251444
507.000000,168.371002,0.297907,0.249449
508.000000,168.371002,0.295626,0.255609
509.000000,168.371002,0.292512,0.264161
510.000000,168.371002,0.288581,0.250466
511.000000,168.371002,0.283846,0.258892
512.000000,168.371002,0.278315,0.264582
513.000000,168.371002,0.272003,0.255042
514.000000,168.371002,0.264934,0.256314
515.000000,168.371002,0.257124,0.258432
516.000000,168.371002,0.248591,0.249466
517.000000,168.371002,0.239365,0.247448
518.000000,168.371002,0.229473,0.251421
519.000000,168.371002,0.218932,0.236739
520.000000,168.371002,0.207782,0.230573
521.000000,168.371002,0.196054,0.227973
522.000000,168.371002,0.183772,0.214006
523.000000,168.371002,0.170977,0.211985
524.000000,168.371002,0.157707,0.206956
525.000000,168.371002,0.143994,0.187410
526.000000,168.371002,0.129877,0.184389
527.000000,168.371002,0.115399,0.170360
528.000000,168.371002,0.100597,0.153949
529.000000,168.371002,0.085513,0.151782
530.000000,168.371002,0.070191,0.132213
531.000000,168.371002,0.054673,0.124490
532.000000,168.371002,0.039000,0.116170
533.000000,168.371002,0.023219,0.097907
534.000000,168.371002,0.007374,0.083309
535.000000,168.371002,-0.008493,0.083279
536.000000,168.371002,-0.024335,0.063018
537.000000,168.371002,-0.040110,0.053850
538.000000,168.371002,-0.055773,0.049102
539.000000,168.371002,-0.071279,0.018977
540.000000,168.371002,-0.086586,0.012526
541.000000,168.371002,-0.101651,0.004634
542.000000,168.371002,-0.116431,-0.023348
543.000000,168.371002,-0.130886,-0.028941
544.000000,168.371002,-0.144976,-0.036110
545.000000,168.371002,-0.158657,-0.058665
546.000000,168.371002,-0.171897,-0.065977
547.000000,168.371002,-0.184658,-0.080838
548.000000,168.371002,-0.196897,-0.095986
549.000000,168.371002,-0.208588,-0.102874
550.000000,168.371002,-0.219699,-0.126436
551.000000,168.371002,-0.230189,-0.131452
552.000000,168.371002,-0.240038,-0.136342
553.000000,168.371002,-0.249218,-0.160036
554.000000,168.371002,-0.257698,-0.166915
555.000000,168.371002,-0.265456,-0.166659
556.000000,168.371002,-0.272476,-0.189777
557.000000,168.371002,-0.278731,-0.190651
558.000000,168.371002,-0.284204,-0.194683
559.000000,168.371002,-0.288886,-0.212655
560.000000,168.371002,-0.292761,-0.216389
561.000000,168.371002,-0.295811,-0.223556
562.000000,168.371002,-0.298037,-0.239394
563.000000,168.371002,-0.299434,-0.238128
564.000000,168.371002,-0.299984,-0.249844
565.000000,168.371002,-0.299699,-0.255126
566.000000,168.371002,-0.298581,-0.250434
567.000000,168.371002,-0.296620,-0.262554
568.000000,168.371002,-0.293831,-0.262279
569.000000,168.371002,-0.290224,-0.265741
570.000000,168.371002,-0.285803,-0.266557
571.000000,168.371002,-0.280579,-0.261852
572.000000,168.371002,-0.274576,-0.252018
573.000000,168.371002,-0.267803,-0.263697
574.000000,168.371002,-0.260278,-0.255421
575.000000,168.371002,-0.252028,-0.244155
576.000000,168.371002,-0.243075,-0.253976
577.000000,168.371002,-0.233436,-0.246272
578.000000,168.371002,-0.223147,-0.230428
579.000000,168.371002,-0.212237,-0.237963
580.000000,168.371002,-0.200728,-0.231402
581.000000,168.371002,-0.188659,-0.217837
582.000000,168.371002,-0.176065,-0.218947
583.000000,168.371002,-0.162976,-0.202384
584.000000,168.371002,-0.149431,-0.199226
585.000000,168.371002,-0.135470,-0.187497
586.000000,168.371002,-0.121129,-0.167077
587.000000,168.371002,-0.106448,-0.168757
588.000000,168.371002,-0.091471,-0.154473
589.000000,168.371002,-0.076238,-0.139772
590.000000,168.371002,-0.060790,-0.135872
591.000000,168.371002,-0.045173,-0.117301
592.000000,168.371002,-0.029431,-0.098600
0.000000,175.841995,0.005066,-0.080436
1.000000,175.841995,0.021620,-0.073820
2.000000,175.841995,0.038107,-0.060401
3.000000,175.841995,0.054480,-0.050815
4.000000,175.841995,0.070685,-0.034504
5.000000,175.841995,0.086675,-0.015512
6.000000,175.841995,0.102400,-0.010191
7.000000,175.841995,0.117814,0.017254
8.000000,175.841995,0.132866,0.033522
9.000000,175.841995,0.147516,0.035278
10.000000,175.841995,0.161712,0.054993
11.000000,175.841995,0.175419,0.077411
12.000000,175.841995,0.188586,0.075456
13.000000,175.841995,0.201183,0.092738
14.000000,175.841995,0.213161,0.109441
15.000000,175.841995,0.224493,0.114202
16.000000,175.841995,0.235136,0.131057
17.000000,175.841995,0.245067,0.152203
18.000000,175.841995,0.254244,0.152378
19.000000,175.841995,0.262651,0.170227
20.000000,175.841995,0.270251,0.174101
21.000000,175.841995,0.277033,0.183971
22.000000,175.841995,0.282963,0.201674
23.000000,175.841995,0.288037,0.198709
24.000000,175.841995,0.292224,0.212134
25.000000,175.841995,0.295528,0.232266
26.000000,175.841995,0.297922,0.224586
27.000000,175.841995,0.299415,0.231720
28.000000,175.841995,0.299987,0.246845
29.000000,175.841995,0.299651,0.239314
30.000000,175.841995,0.298394,0.252305
31.000000,175.841995,0.296233,0.259860
32.000000,175.841995,0.293161,0.253896
33.000000,175.841995,0.289203,0.257166
34.000000,175.841995,0.284354,0.261871
35.000000,175.841995,0.278646,0.257325
36.000000,175.841995,0.272080,0.264595
37.000000,175.841995,0.264691,0.252458
38.000000,175.841995,0.256487,0.248886
39.000000,175.841995,0.247508,0.256007
40.000000,175.841995,0.237767,0.242746
41.000000,175.841995,0.227307,0.242587
42.000000,175.841995,0.216148,0.250566
43.000000,175.841995,0.204334,0.227160
44.000000,175.841995,0.191892,0.224142
45.000000,175.841995,0.178870,0.221538
46.000000,175.841995,0.165297,0.197420
47.000000,175.841995,0.151224,0.194398
48.000000,175.841995,0.136686,0.194229
49.000000,175.841995,0.121734,0.173826
50.000000,175.841995,0.106408,0.165513
51.000000,175.841995,0.090760,0.152213
52.000000,175.841995,0.074832,0.137362
53.000000,175.841995,0.058679,0.136339
54.000000,175.841995,0.042344,0.115915
55.000000,175.841995,0.025882,0.107188
56.000000,175.841995,0.009340,0.101870
57.000000,175.841995,-0.007230,0.074601
58.000000,175.841995,-0.023779,0.071294
59.000000,175.841995,-0.040255,0.061543
60.000000,175.841995,-0.056607,0.034563
61.000000,175.841995,-0.072788,0.025537
62.000000,175.841995,-0.088745,0.020362
63.000000,175.841995,-0.104434,-0.007331
64.000000,175.841995,-0.119801,-0.017788
65.000000,175.841995,-0.134806,-0.023102
66.000000,175.841995,-0.149396,-0.048513
67.000000,175.841995,-0.163534,-0.056968
68.000000,175.841995,-0.177169,-0.068406
69.000000,175.841995,-0.190269,-0.086119
70.000000,175.841995,-0.202781,-0.096294
71.000000,175.841995,-0.214683,-0.118146
72.000000,175.841995,-0.225921,-0.124587
73.000000,175.841995,-0.236479,-0.126903
74.000000,175.841995,-0.246306,-0.156030
75.000000,175.841995,-0.255391,-0.159622
76.000000,175.841995,-0.263687,-0.158509
77.000000,175.841995,-0.271189,-0.186202
78.000000,175.841995,-0.277853,-0.188508
79.000000,175.841995,-0.283680,-0.189107
80.000000,175.841995,-0.288631,-0.212798
81.000000,175.841995,-0.292712,-0.217248
82.000000,175.841995,-0.295888,-0.217413
83.000000,175.841995,-0.298174,-0.234818
84.000000,175.841995,-0.299538,-0.236269
85.000000,175.841995,-0.300000,-0.259566
86.000000,175.841995,-0.299535,-0.251266
87.000000,175.841995,-0.298168,-0.244712
88.000000,175.841995,-0.295880,-0.260265
89.000000,175.841995,-0.292700,-0.256703
90.000000,175.841995,-0.288616,-0.249155
91.000000,175.841995,-0.283662,-0.264271
92.000000,175.841995,-0.277833,-0.260712
93.000000,175.841995,-0.271166,-0.251448
94.000000,175.841995,-0.263662,-0.261554
95.000000,175.841995,-0.255363,-0.255424
96.000000,175.841995,-0.246276,-0.247014
97.000000,175.841995,-0.236446,-0.252548
98.000000,175.841995,-0.225886,-0.240268
99.000000,175.841995,-0.214645,-0.231422
100.000000,175.841995,-0.202742,-0.238821
101.000000,175.841995,-0.190227,-0.220256
102.000000,175.841995,-0.177126,-0.218676
103.000000,175.841995,-0.163490,-0.208656
104.000000,175.841995,-0.149350,-0.191238
105.000000,175.841995,-0.134759,-0.193349
106.000000,175.841995,-0.119752,-0.179065
107.000000,175.841995,-0.104384,-0.155788
108.000000,175.841995,-0.088695,-0.157177
109.000000,175.841995,-0.072737,-0.141465
110.000000,175.841995,-0.056555,-0.120332
111.000000,175.841995,-0.040203,-0.122003
112.000000,175.841995,-0.023726,-0.108149
113.000000,175.841995,-0.007178,-0.088448
114.000000,175.841995,0.009392,-0.086974
115.000000,175.841995,0.025934,-0.066832
116.000000,175.841995,0.042396,-0.050547
117.000000,175.841995,0.058730,-0.041936
118.000000,175.841995,0.074883,-0.024799
119.000000,175.841995,0.090809,-0.017493
120.000000,175.841995,0.106457,-0.000045
121.000000,175.841995,0.121782,0.022088
122.000000,175.841995,0.136732,0.025984
123.000000,175.841995,0.151269,0.041842
124.000000,175.841995,0.165340,0.065407
125.000000,175.841995,0.178912,0.068736
126.000000,175.841995,0.191932,0.083020
127.000000,175.841995,0.204372,0.108868
128.000000,175.841995,0.216184,0.105770
129.000000,175.841995,0.227341,0.124053
130.000000,175.841995,0.237799,0.147044
131.000000,175.841995,0.247537,0.143230
132.000000,175.841995,0.256514,0.159797
133.000000,175.841995,0.264715,0.179647
134.000000,175.841995,0.272102,0.176827
135.000000,175.841995,0.278665,0.188534
136.000000,175.841995,0.284371,0.233843
137.000000,175.841995,0.289216,0.203851
138.000000,175.841995,0.293172,0.214122
139.000000,175.841995,0.296241,0.215150
140.000000,175.841995,0.298399,0.224579
141.000000,175.841995,0.299653,0.247571
142.000000,175.841995,0.299987,0.236600
143.000000,175.841995,0.299412,0.242160
144.000000,175.841995,0.297916,0.257859
145.000000,175.841995,0.295518,0.250609
146.000000,175.841995,0.292213,0.255026
147.000000,175.841995,0.288022,0.268150
148.000000,175.841995,0.282946,0.256043
149.000000,175.841995,0.277013,0.256739
150.000000,175.841995,0.270229,0.267149
151.000000,175.841995,0.262626,0.253038
152.000000,175.841995,0.254216,0.249873
153.000000,175.841995,0.245036,0.248144
154.000000,175.841995,0.235104,0.245745
155.000000,175.841995,0.224459,0.243863
156.000000,175.841995,0.213124,0.233439
157.000000,175.841995,0.201144,0.227581
158.000000,175.841995,0.188546,0.226412
159.000000,175.841995,0.175376,0.206859
160.000000,175.841995,0.161668,0.205700
161.000000,175.841995,0.147470,0.199378
162.000000,175.841995,0.132819,0.178689
163.000000,175.841995,0.117766,0.178816
164.000000,175.841995,0.102351,0.173925
165.000000,175.841995,0.086625,0.151808
166.000000,175.841995,0.070634,0.145927
167.000000,175.841995,0.054428,0.131746
168.000000,175.841995,0.038056,0.114487
169.000000,175.841995,0.021568,0.106462
170.000000,175.841995,0.005013,0.093010
171.000000,175.841995,-0.011556,0.074737
172.000000,175.841995,-0.028090,0.070426
173.000000,175.841995,-0.044539,0.047279
174.000000,175.841995,-0.060851,0.033983
175.000000,175.841995,-0.076978,0.029951
176.000000,175.841995,-0.092870,0.006827
177.000000,175.841995,-0.108479,-0.005486
178.000000,175.841995,-0.123756,-0.010233
179.000000,175.841995,-0.138657,-0.037642
180.000000,175.841995,-0.153133,-0.040803
181.000000,175.841995,-0.167144,-0.049414
182.000000,175.841995,-0.180643,-0.050378
183.000000,175.841995,-0.193593,-0.091566
184.000000,175.841995,-0.205950,-0.103030
185.000000,175.841995,-0.217681,-0.124004
186.000000,175.841995,-0.228745,-0.128599
187.000000,175.841995,-0.239115,-0.137625
188.000000,175.841995,-0.248751,-0.154891
189.000000,175.841995,-0.257632,-0.161202
190.000000,175.841995,-0.265724,-0.177355
191.000000,175.841995,-0.273008,-0.181633
192.000000,175.841995,-0.279456,-0.187663
193.000000,175.841995,-0.285055,-0.204074
194.000000,175.841995,-0.289781,-0.211376
195.000000,175.841995,-0.293626,-0.211976
196.000000,175.841995,-0.296572,-0.228235
197.000000,175.841995,-0.298616,-0.231826
198.000000,175.841995,-0.299746,-0.228712
199.000000,175.841995,-0.299965,-0.248685
200.000000,175.841995,-0.299266,-0.250560
201.000000,175.841995,-0.297656,-0.245156
202.000000,175.841995,-0.295135,-0.261696
203.000000,175.841995,-0.291717,-0.264572
204.000000,175.841995,-0.287406,-0.252448
205.000000,175.841995,-0.282221,-0.263558
206.000000,175.841995,-0.276172,-0.254423
207.000000,175.841995,-0.269284,-0.255586
208.000000,175.841995,-0.261571,-0.261699
209.000000,175.841995,-0.253062,-0.251998
210.000000,175.841995,-0.243780,-0.252422
211.000000,175.841995,-0.233755,-0.250693
212.000000,175.841995,-0.223016,-0.238708
213.000000,175.841995,-0.211597,-0.242823
214.000000,175.841995,-0.199532,-0.229106
215.000000,175.841995,-0.186859,-0.213550
216.000000,175.841995,-0.173615,-0.215511
217.000000,175.841995,-0.159843,-0.199369
218.000000,175.841995,-0.145582,-0.183673
219.000000,175.841995,-0.130877,-0.186341
220.000000,175.841995,-0.115772,-0.176351
221.000000,175.841995,-0.100315,-0.155649
222.000000,175.841995,-0.084551,-0.156319
223.000000,175.841995,-0.068530,-0.139036
224.000000,175.841995,-0.052300,-0.118189
225.000000,175.841995,-0.035910,-0.117715
226.000000,175.841995,-0.019410,-0.103577
227.000000,175.841995,-0.002851,-0.084296
228.000000,175.841995,0.013716,-0.080967
229.000000,175.841995,0.030242,-0.061971
230.000000,175.841995,0.046676,-0.052681
231.000000,175.841995,0.062967,-0.036505
232.000000,175.841995,0.079066,-0.020800
233.000000,175.841995,0.094924,-0.016486
234.000000,175.841995,0.110492,0.006529
235.000000,175.841995,0.125723,0.030093
236.000000,175.841995,0.140570,0.030703
237.000000,175.841995,0.154989,0.046703
238.000000,175.841995,0.168935,0.071122
239.000000,175.841995,0.182365,0.068451
240.000000,175.841995,0.195239,0.091025
241.000000,175.841995,0.207517,0.106154
242.000000,175.841995,0.219162,0.108487
243.000000,175.841995,0.230139,0.128201
244.000000,175.841995,0.240413,0.148903
245.000000,175.841995,0.249954,0.149380
246.000000,175.841995,0.258733,0.161513
247.000000,175.841995,0.266722,0.178643
248.000000,175.841995,0.273897,0.179690
249.000000,175.841995,0.280236,0.193540
250.000000,175.841995,0.285721,0.204812
251.000000,175.841995,0.290334,0.204424
252.000000,175.841995,0.294061,0.222850
253.000000,175.841995,0.296891,0.226418
254.000000,175.841995,0.298815,0.229443
255.000000,175.841995,0.299827,0.243717
256.000000,175.841995,0.299925,0.234453
257.000000,175.841995,0.299107,0.248313
258.000000,175.841995,0.297378,0.255148
259.000000,175.841995,0.294740,0.249754
260.000000,175.841995,0.291204,0.261463
261.000000,175.841995,0.286779,0.270012
262.000000,175.841995,0.281480,0.260330
263.000000,175.841995,0.275321,0.263746
264.000000,175.841995,0.268323,0.267292
265.000000,175.841995,0.260505,0.254611
266.000000,175.841995,0.251893,0.257454
267.000000,175.841995,0.242512,0.258571
268.000000,175.841995,0.232392,0.242601
269.000000,175.841995,0.221562,0.242296
270.000000,175.841995,0.210058,0.238562
271.000000,175.841995,0.197911,0.222581
272.000000,175.841995,0.185161,0.222704
273.000000,175.841995,0.171846,0.206555
274.000000,175.841995,0.158007,0.200273
275.000000,175.841995,0.143685,0.199103
276.000000,175.841995,0.128926,0.177831
277.000000,175.841995,0.113772,0.170383
278.000000,175.841995,0.098273,0.166351
279.000000,175.841995,0.082472,0.147090
280.000000,175.841995,0.066421,0.136922
281.000000,175.841995,0.050166,0.131458
282.000000,175.841995,0.033759,0.100190
283.000000,175.841995,0.017249,0.103749
284.000000,175.841995,0.000686,0.095144
285.000000,175.841995,-0.015879,0.071165
286.000000,175.841995,-0.032396,0.063425
287.000000,175.841995,-0.048813,0.054115
288.000000,175.841995,-0.065082,0.030272
289.000000,175.841995,-0.081152,0.023529
290.000000,175.841995,-0.096975,0.002374
291.000000,175.841995,-0.112502,-0.013053
292.000000,175.841995,-0.127686,-0.015369
293.000000,175.841995,-0.142479,-0.042217
294.000000,175.841995,-0.156839,-0.054096
295.000000,175.841995,-0.170719,-0.057127
296.000000,175.841995,-0.184080,-0.081679
297.000000,175.841995,-0.196877,-0.090847
298.000000,175.841995,-0.209076,-0.095595
299.000000,175.841995,-0.220635,-0.120859
300.000000,175.841995,-0.231523,-0.127595
301.000000,175.841995,-0.241702,-0.129199
302.000000,175.841995,-0.251146,-0.158032
303.000000,175.841995,-0.259821,-0.162485
304.000000,175.841995,-0.267707,-0.164943
305.000000,175.841995,-0.274772,-0.191636
306.000000,175.841995,-0.281003,-0.190512
307.000000,175.841995,-0.286372,-0.196393
308.000000,175.841995,-0.290873,-0.216946
309.000000,175.841995,-0.294481,-0.218825
310.000000,175.841995,-0.297195,-0.229974
311.000000,175.841995,-0.298998,-0.237681
312.000000,175.841995,-0.299893,-0.238993
313.000000,175.841995,-0.299869,-0.251544
314.000000,175.841995,-0.298935,-0.248695
315.000000,175.841995,-0.297084,-0.253157
316.000000,175.841995,-0.294331,-0.262839
317.000000,175.841995,-0.290675,-0.255990
318.000000,175.841995,-0.286138,-0.249301
319.000000,175.841995,-0.280723,-0.261265
320.000000,175.841995,-0.274456,-0.259996
321.000000,175.841995,-0.267347,-0.250590
322.000000,175.841995,-0.259427,-0.260695
323.000000,175.841995,-0.250710,-0.256282
324.000000,175.841995,-0.241234,-0.242154
325.000000,175.841995,-0.231017,-0.250401
326.000000,175.841995,-0.220100,-0.244841
327.000000,175.841995,-0.208506,-0.224848
328.000000,175.841995,-0.196281,-0.220660
329.000000,175.841995,-0.183453,-0.215535
330.000000,175.841995,-0.170069,-0.212970
331.000000,175.841995,-0.156163,-0.207082
332.000000,175.841995,-0.141784,-0.187659
333.000000,175.841995,-0.126969,-0.188922
334.000000,175.841995,-0.111769,-0.171484
335.000000,175.841995,-0.096226,-0.155639
336.000000,175.841995,-0.080391,-0.153314
337.000000,175.841995,-0.064310,-0.139457
338.000000,175.841995,-0.048033,-0.113752
339.000000,175.841995,-0.031609,-0.120571
340.000000,175.841995,-0.015090,-0.104001
341.000000,175.841995,0.001477,-0.075722
342.000000,175.841995,0.018038,-0.075679
343.000000,175.841995,0.034545,-0.060682
344.000000,175.841995,0.050946,-0.034255
345.000000,175.841995,0.067191,-0.035501
346.000000,175.841995,0.083233,-0.017360
347.000000,175.841995,0.099019,0.018937
348.000000,175.841995,0.114505,0.005819
349.000000,175.841995,0.129638,0.020382
350.000000,175.841995,0.144380,0.027833
351.000000,175.841995,0.158677,0.045851
352.000000,175.841995,0.172495,0.066699
353.000000,175.841995,0.185781,0.071742
354.000000,175.841995,0.198506,0.097466
355.000000,175.841995,0.210620,0.112734
356.000000,175.841995,0.222097,0.114490
357.000000,175.841995,0.232890,0.131203
358.000000,175.841995,0.242979,0.150619
359.000000,175.841995,0.252320,0.147233
360.000000,175.841995,0.260898,0.161941
361.000000,175.841995,0.268674,0.180787
362.000000,175.841995,0.275636,0.181403
363.000000,175.841995,0.281751,0.198258
364.000000,175.841995,0.287013,0.207675
365.000000,175.841995,0.291392,0.215434
366.000000,175.841995,0.294890,0.220703
367.000000,175.841995,0.297480,0.229284
368.000000,175.841995,0.299170,0.233303
369.000000,175.841995,0.299940,0.244430
370.000000,175.841995,0.299803,0.240884
371.000000,175.841995,0.298742,0.251026
372.000000,175.841995,0.296779,0.260436
373.000000,175.841995,0.293902,0.251182
374.000000,175.841995,0.290137,0.259316
375.000000,175.841995,0.285478,0.264721
376.000000,175.841995,0.279956,0.253472
377.000000,175.841995,0.273572,0.259601
378.000000,175.841995,0.266362,0.267580
379.000000,175.841995,0.258331,0.251898
380.000000,175.841995,0.249519,0.252594
381.000000,175.841995,0.239939,0.254854
382.000000,175.841995,0.229634,0.238025
383.000000,175.841995,0.218621,0.239294
384.000000,175.841995,0.206948,0.238413
385.000000,175.841995,0.194637,0.223155
386.000000,175.841995,0.181739,0.220275
387.000000,175.841995,0.168280,0.207834
388.000000,175.841995,0.154314,0.197559
389.000000,175.841995,0.139871,0.190816
390.000000,175.841995,0.125006,0.172822
391.000000,175.841995,0.109756,0.168528
392.000000,175.841995,0.094175,0.165496
393.000000,175.841995,0.078303,0.141514
394.000000,175.841995,0.062195,0.132634
395.000000,175.841995,0.045894,0.127886
396.000000,175.841995,0.029456,0.107055
397.000000,175.841995,0.012927,0.096313
398.000000,175.841995,-0.003642,0.094140
399.000000,175.841995,-0.020199,0.066878
400.000000,175.841995,-0.036695,0.054565
401.000000,175.841995,-0.053078,0.053820
402.000000,175.841995,-0.069301,0.027986
403.000000,175.841995,-0.085310,0.018672
404.000000,175.841995,-0.101062,0.009786
405.000000,175.841995,-0.116501,-0.016055
406.000000,175.841995,-0.131590,-0.026800
407.000000,175.841995,-0.146272,-0.043238
408.000000,175.841995,-0.160514,-0.060527
409.000000,175.841995,-0.174260,-0.065841
410.000000,175.841995,-0.187480,-0.087686
411.000000,175.841995,-0.200122,-0.094989
412.000000,175.841995,-0.212160,-0.099594
413.000000,175.841995,-0.223544,-0.124146
414.000000,175.841995,-0.234253,-0.136458
415.000000,175.841995,-0.244239,-0.139059
416.000000,175.841995,-0.253489,-0.160036
417.000000,175.841995,-0.261957,-0.169492
418.000000,175.841995,-0.269634,-0.168518
419.000000,175.841995,-0.276480,-0.193209
420.000000,175.841995,-0.282491,-0.194657
421.000000,175.841995,-0.287631,-0.194965
422.000000,175.841995,-0.291904,-0.211085
423.000000,175.841995,-0.295276,-0.221542
424.000000,175.841995,-0.297756,-0.232552
425.000000,175.841995,-0.299319,-0.240825
426.000000,175.841995,-0.299978,-0.240991
427.000000,175.841995,-0.299712,-0.255123
428.000000,175.841995,-0.298542,-0.254413
429.000000,175.841995,-0.296451,-0.246150
430.000000,175.841995,-0.293465,-0.264125
431.000000,175.841995,-0.289575,-0.260851
432.000000,175.841995,-0.284810,-0.249586
433.000000,175.841995,-0.279167,-0.264983
434.000000,175.841995,-0.272681,-0.260712
435.000000,175.841995,-0.265355,-0.249586
436.000000,175.841995,-0.257228,-0.260407
437.000000,175.841995,-0.248308,-0.254705
438.000000,175.841995,-0.238637,-0.243012
439.000000,175.841995,-0.228232,-0.248257
440.000000,175.841995,-0.217137,-0.237121
441.000000,175.841995,-0.205373,-0.223423
442.000000,175.841995,-0.192989,-0.229239
443.000000,175.841995,-0.180010,-0.215246
444.000000,175.841995,-0.166487,-0.200114
445.000000,175.841995,-0.152452,-0.200360
446.000000,175.841995,-0.137956,-0.196804
447.000000,175.841995,-0.123035,-0.184366
448.000000,175.841995,-0.107742,-0.171050
449.000000,175.841995,-0.092117,-0.153201
450.000000,175.841995,-0.076214,-0.149599
451.000000,175.841995,-0.060076,-0.134166
452.000000,175.841995,-0.043757,-0.112175
453.000000,175.841995,-0.027303,-0.113994
454.000000,175.841995,-0.010766,-0.096281
455.000000,175.841995,0.005804,-0.075148
456.000000,175.841995,0.022356,-0.075390
457.000000,175.841995,0.038840,-0.059679
458.000000,175.841995,0.055206,-0.035259
459.000000,175.841995,0.071402,-0.038788
460.000000,175.841995,0.087382,-0.015356
461.000000,175.841995,0.103093,0.007208
462.000000,175.841995,0.118493,0.005965
463.000000,175.841995,0.133528,0.043558
464.000000,175.841995,0.148158,0.042681
465.000000,175.841995,0.162334,0.048999
466.000000,175.841995,0.176017,0.068710
467.000000,175.841995,0.189160,0.074730
468.000000,175.841995,0.201730,0.093606
469.000000,175.841995,0.213680,0.115312
470.000000,175.841995,0.224982,0.103338
471.000000,175.841995,0.235594,0.133923
472.000000,175.841995,0.245492,0.153482
473.000000,175.841995,0.254635,0.151951
474.000000,175.841995,0.263007,0.164230
475.000000,175.841995,0.270571,0.189654
476.000000,175.841995,0.277315,0.185982
477.000000,175.841995,0.283207,0.196688
478.000000,175.841995,0.288242,0.213960
479.000000,175.841995,0.292391,0.212433
480.000000,175.841995,0.295653,0.222850
481.000000,175.841995,0.298008,0.227409
482.000000,175.841995,0.299459,0.234592
483.000000,175.841995,0.299991,0.244724
484.000000,175.841995,0.299614,0.243730
485.000000,175.841995,0.298317,0.251460
486.000000,175.841995,0.296115,0.268451
487.000000,175.841995,0.293004,0.250466
488.000000,175.841995,0.289005,0.257176
489.000000,175.841995,0.284118,0.267583
490.000000,175.841995,0.278370,0.255900
491.000000,175.841995,0.271768,0.256172
492.000000,175.841995,0.264342,0.263435
493.000000,175.841995,0.256104,0.249035
494.000000,175.841995,0.247089,0.248018
495.000000,175.841995,0.237316,0.253565
496.000000,175.841995,0.226824,0.239883
497.000000,175.841995,0.215635,0.239151
498.000000,175.841995,0.203792,0.234838
499.000000,175.841995,0.191324,0.221153
500.000000,175.841995,0.178276,0.216843
501.000000,175.841995,0.164680,0.204544
502.000000,175.841995,0.150585,0.192410
503.000000,175.841995,0.136028,0.191386
504.000000,175.841995,0.121058,0.174110
505.000000,175.841995,0.105717,0.164810
506.000000,175.841995,0.090055,0.164638
507.000000,175.841995,0.074117,0.139801
508.000000,175.841995,0.057954,0.131918
509.000000,175.841995,0.041613,0.124742
510.000000,175.841995,0.025146,0.102622
511.000000,175.841995,0.008602,0.092165
512.000000,175.841995,-0.007968,0.090565
513.000000,175.841995,-0.024514,0.060728
514.000000,175.841995,-0.040986,0.052988
515.000000,175.841995,-0.057332,0.044529
516.000000,175.841995,-0.073503,0.023837
517.000000,175.841995,-0.089450,0.012950
518.000000,175.841995,-0.105125,-0.006350
519.000000,175.841995,-0.120477,-0.021635
520.000000,175.841995,-0.135464,-0.034954
521.000000,175.841995,-0.150036,-0.052230
522.000000,175.841995,-0.164151,-0.059960
523.000000,175.841995,-0.177764,-0.062276
524.000000,175.841995,-0.190837,-0.089403
525.000000,175.841995,-0.203325,-0.095280
526.000000,175.841995,-0.215195,-0.100744
527.000000,175.841995,-0.226407,-0.129438
528.000000,175.841995,-0.236930,-0.132744
529.000000,175.841995,-0.246727,-0.136919
530.000000,175.841995,-0.255775,-0.163754
531.000000,175.841995,-0.264039,-0.180788
532.000000,175.841995,-0.271501,-0.175519
533.000000,175.841995,-0.278131,-0.193637
534.000000,175.841995,-0.283916,-0.197089
535.000000,175.841995,-0.288832,-0.206817
536.000000,175.841995,-0.292869,-0.220094
537.000000,175.841995,-0.296010,-0.216972
538.000000,175.841995,-0.298251,-0.235676
539.000000,175.841995,-0.299579,-0.240259
540.000000,175.841995,-0.299995,-0.212403
541.000000,175.841995,-0.299495,-0.254831
542.000000,175.841995,-0.298082,-0.255848
543.000000,175.841995,-0.295758,-0.250301
544.000000,175.841995,-0.292533,-0.259118
545.000000,175.841995,-0.288415,-0.260997
546.000000,175.841995,-0.283418,-0.258595
547.000000,175.841995,-0.277555,-0.270705
548.000000,175.841995,-0.270846,-0.260427
549.000000,175.841995,-0.263310,-0.253164
550.000000,175.841995,-0.254972,-0.259125
551.000000,175.841995,-0.245854,-0.252564
552.000000,175.841995,-0.235988,-0.245437
553.000000,175.841995,-0.225400,-0.247687
554.000000,175.841995,-0.214126,-0.231694
555.000000,175.841995,-0.202198,-0.229543
556.000000,175.841995,-0.189654,-0.227387
557.000000,175.841995,-0.176530,-0.212970
558.000000,175.841995,-0.162869,-0.208080
559.000000,175.841995,-0.148710,-0.197795
560.000000,175.841995,-0.134097,-0.182524
561.000000,175.841995,-0.119076,-0.183200
562.000000,175.841995,-0.103691,-0.165914
563.000000,175.841995,-0.087989,-0.146355
564.000000,175.841995,-0.072020,-0.146882
565.000000,175.841995,-0.055830,-0.133745
566.000000,175.841995,-0.039470,-0.117330
567.000000,175.841995,-0.022990,-0.109849
0.000000,183.643997,0.008106,-0.089830
1.000000,183.643997,0.025384,-0.078260
2.000000,183.643997,0.042578,-0.049983
3.000000,183.643997,0.059630,-0.048224
4.000000,183.643997,0.076485,-0.024647
5.000000,183.643997,0.093083,-0.005661
6.000000,183.643997,0.109372,-0.004757
7.000000,183.643997,0.125299,0.013954
8.000000,183.643997,0.140808,0.040378
9.000000,183.643997,0.155847,0.040997
10.000000,183.643997,0.170369,0.053850
11.000000,183.643997,0.184325,0.077988
12.000000,183.643997,0.197664,0.084319
13.000000,183.643997,0.210348,0.102029
14.000000,183.643997,0.222335,0.113314
15.000000,183.643997,0.233575,0.119778
16.000000,183.643997,0.244041,0.141630
17.000000,183.643997,0.253698,0.147799
18.000000,183.643997,0.262507,0.160808
19.000000,183.643997,0.270442,0.176794
20.000000,183.643997,0.277480,0.179120
21.000000,183.643997,0.283596,0.192403
22.000000,183.643997,0.288762,0.211104
23.000000,183.643997,0.292971,0.213006
24.000000,183.643997,0.296209,0.222283
25.000000,183.643997,0.298454,0.244847
26.000000,183.643997,0.299708,0.235023
27.000000,183.643997,0.299968,0.239294
28.000000,183.643997,0.299227,0.250705
29.000000,183.643997,0.297489,0.238452
30.000000,183.643997,0.294764,0.253021
31.000000,183.643997,0.291060,0.259721
32.000000,183.643997,0.286381,0.253896
33.000000,183.643997,0.280753,0.259737
34.000000,183.643997,0.274194,0.255304
35.000000,183.643997,0.266716,0.254608
36.000000,183.643997,0.258352,0.258873
37.000000,183.643997,0.249132,0.244317
38.000000,183.643997,0.239081,0.248883
39.000000,183.643997,0.228232,0.249426
40.000000,183.643997,0.216626,0.233595
41.000000,183.643997,0.204302,0.228436
42.000000,183.643997,0.191292,0.229119
43.000000,183.643997,0.177648,0.212578
44.000000,183.643997,0.163416,0.203122
45.000000,183.643997,0.148636,0.204524
46.000000,183.643997,0.133362,0.183408
47.000000,183.643997,0.117646,0.179959
48.000000,183.643997,0.101538,0.169635
49.000000,183.643997,0.085091,0.147375
50.000000,183.643997,0.068362,0.136918
51.000000,183.643997,0.051406,0.136465
52.000000,183.643997,0.034277,0.113775
53.000000,183.643997,0.017035,0.103460
54.000000,183.643997,-0.000263,0.096155
55.000000,183.643997,-0.017561,0.071450
56.000000,183.643997,-0.034800,0.065138
57.000000,183.643997,-0.051924,0.041700
58.000000,183.643997,-0.068875,0.032412
59.000000,183.643997,-0.085596,0.025521
60.000000,183.643997,-0.102033,-0.000181
61.000000,183.643997,-0.118132,-0.012917
62.000000,183.643997,-0.133834,-0.019239
63.000000,183.643997,-0.149092,-0.044934
64.000000,183.643997,-0.163857,-0.055245
65.000000,183.643997,-0.178073,-0.066712
66.000000,183.643997,-0.191697,-0.088259
67.000000,183.643997,-0.204685,-0.097427
68.000000,183.643997,-0.216992,-0.101459
69.000000,183.643997,-0.228573,-0.125150
70.000000,183.643997,-0.239397,-0.132174
71.000000,183.643997,-0.249427,-0.143635
72.000000,183.643997,-0.258620,-0.162183
73.000000,183.643997,-0.266955,-0.167779
74.000000,183.643997,-0.274406,-0.182938
75.000000,183.643997,-0.280939,-0.194213
76.000000,183.643997,-0.286537,-0.198096
77.000000,183.643997,-0.291185,-0.216661
78.000000,183.643997,-0.294864,-0.215521
79.000000,183.643997,-0.297556,-0.218268
80.000000,183.643997,-0.299263,-0.237532
81.000000,183.643997,-0.299978,-0.240693
82.000000,183.643997,-0.299685,-0.236289
83.000000,183.643997,-0.298399,-0.252975
84.000000,183.643997,-0.296124,-0.256140
85.000000,183.643997,-0.292859,-0.249874
86.000000,183.643997,-0.288618,-0.263128
87.000000,183.643997,-0.283421,-0.262143
88.000000,183.643997,-0.277281,-0.254304
89.000000,183.643997,-0.270214,-0.265414
90.000000,183.643997,-0.262250,-0.256143
91.000000,183.643997,-0.253418,-0.252001
92.000000,183.643997,-0.243735,-0.258698
93.000000,183.643997,-0.233244,-0.246852
94.000000,183.643997,-0.221979,-0.246832
95.000000,183.643997,-0.209973,-0.232250
96.000000,183.643997,-0.197267,-0.216263
97.000000,183.643997,-0.183908,-0.226379
98.000000,183.643997,-0.169937,-0.212380
99.000000,183.643997,-0.155397,-0.195254
100.000000,183.643997,-0.140342,-0.196781
101.000000,183.643997,-0.124821,-0.183786
102.000000,183.643997,-0.108882,-0.163939
103.000000,183.643997,-0.092582,-0.164181
104.000000,183.643997,-0.075975,-0.148042
105.000000,183.643997,-0.059114,-0.126624
106.000000,183.643997,-0.042056,-0.120859
107.000000,183.643997,-0.024859,-0.106436
108.000000,183.643997,-0.007579,-0.090592
109.000000,183.643997,0.009726,-0.090549
110.000000,183.643997,0.026999,-0.068979
111.000000,183.643997,0.044183,-0.055543
112.000000,183.643997,0.061218,-0.046226
113.000000,183.643997,0.078050,-0.025660
114.000000,183.643997,0.094624,-0.019776
115.000000,183.643997,0.110882,0.001814
116.000000,183.643997,0.126769,0.025517
117.000000,183.643997,0.142237,0.033423
118.000000,183.643997,0.157232,0.046845
119.000000,183.643997,0.171700,0.068263
120.000000,183.643997,0.185599,0.068163
121.000000,183.643997,0.198883,0.089163
122.000000,183.643997,0.211501,0.110011
123.000000,183.643997,0.223416,0.111485
124.000000,183.643997,0.234590,0.129198
125.000000,183.643997,0.244983,0.144191
126.000000,183.643997,0.254557,0.146086
127.000000,183.643997,0.263287,0.146206
128.000000,183.643997,0.271144,0.172951
129.000000,183.643997,0.278091,0.182689
130.000000,183.643997,0.284117,0.202251
131.000000,183.643997,0.289201,0.204855
132.000000,183.643997,0.293316,0.212708
133.000000,183.643997,0.296457,0.230981
134.000000,183.643997,0.298615,0.227303
135.000000,183.643997,0.299777,0.234294
136.000000,183.643997,0.299938,0.249277
137.000000,183.643997,0.299105,0.246033
138.000000,183.643997,0.297280,0.252020
139.000000,183.643997,0.294458,0.255281
140.000000,183.643997,0.290659,0.257328
141.000000,183.643997,0.285897,0.162044
142.000000,183.643997,0.280178,0.264724
143.000000,183.643997,0.273528,0.271062
144.000000,183.643997,0.265970,0.279905
145.000000,183.643997,0.257527,0.265890
146.000000,183.643997,0.248223,0.259760
147.000000,183.643997,0.238096,0.260735
148.000000,183.643997,0.227180,0.246318
149.000000,183.643997,0.215501,0.239735
150.000000,183.643997,0.203108,0.244711
151.000000,183.643997,0.190042,0.220444
152.000000,183.643997,0.176340,0.218284
153.000000,183.643997,0.162051,0.215680
154.000000,183.643997,0.147226,0.189985
155.000000,183.643997,0.131909,0.186251
156.000000,183.643997,0.116152,0.185078
157.000000,183.643997,0.100010,0.157100
158.000000,183.643997,0.083536,0.154363
159.000000,183.643997,0.066782,0.149476
160.000000,183.643997,0.049807,0.124212
161.000000,183.643997,0.032666,0.117618
162.000000,183.643997,0.015416,0.106442
163.000000,183.643997,-0.001885,0.093040
164.000000,183.643997,-0.019179,0.077149
165.000000,183.643997,-0.036411,0.057415
166.000000,183.643997,-0.053520,0.044996
167.000000,183.643997,-0.070452,0.037823
168.000000,183.643997,-0.087150,0.011396
169.000000,183.643997,-0.103556,0.000952
170.000000,183.643997,-0.119618,-0.009369
171.000000,183.643997,-0.135284,-0.032923
172.000000,183.643997,-0.150498,-0.039802
173.000000,183.643997,-0.165211,-0.044550
174.000000,183.643997,-0.179375,-0.072528
175.000000,183.643997,-0.192944,-0.086129
176.000000,183.643997,-0.205866,-0.082010
177.000000,183.643997,-0.218106,-0.115853
178.000000,183.643997,-0.229624,-0.120160
179.000000,183.643997,-0.240371,-0.127625
180.000000,183.643997,-0.250320,-0.154175
181.000000,183.643997,-0.259440,-0.161199
182.000000,183.643997,-0.267693,-0.165228
183.000000,183.643997,-0.275054,-0.187348
184.000000,183.643997,-0.281503,-0.189512
185.000000,183.643997,-0.287017,-0.199528
186.000000,183.643997,-0.291569,-0.215803
187.000000,183.643997,-0.295155,-0.215253
188.000000,183.643997,-0.297763,-0.230819
189.000000,183.643997,-0.299372,-0.238112
190.000000,183.643997,-0.299988,-0.232850
191.000000,183.643997,-0.299609,-0.248827
192.000000,183.643997,-0.298230,-0.248840
193.000000,183.643997,-0.295856,-0.245868
194.000000,183.643997,-0.292502,-0.261123
195.000000,183.643997,-0.288176,-0.257279
196.000000,183.643997,-0.282884,-0.251875
197.000000,183.643997,-0.276655,-0.265841
198.000000,183.643997,-0.269509,-0.253704
199.000000,183.643997,-0.261460,-0.248731
200.000000,183.643997,-0.252542,-0.258694
201.000000,183.643997,-0.242787,-0.251991
202.000000,183.643997,-0.232223,-0.236577
203.000000,183.643997,-0.220883,-0.243966
204.000000,183.643997,-0.208811,-0.233977
205.000000,183.643997,-0.196046,-0.220130
206.000000,183.643997,-0.182623,-0.221234
207.000000,183.643997,-0.168596,-0.208099
208.000000,183.643997,-0.154009,-0.208961
209.000000,183.643997,-0.138907,-0.199790
210.000000,183.643997,-0.123343,-0.178080
211.000000,183.643997,-0.107370,-0.174906
212.000000,183.643997,-0.091040,-0.157329
213.000000,183.643997,-0.074405,-0.135481
214.000000,183.643997,-0.057523,-0.139159
215.000000,183.643997,-0.040451,-0.121731
216.000000,183.643997,-0.023243,-0.098597
217.000000,183.643997,-0.005958,-0.099412
218.000000,183.643997,0.011347,-0.082984
219.000000,183.643997,0.028614,-0.061279
220.000000,183.643997,0.045785,-0.058519
221.000000,183.643997,0.062805,-0.039520
222.000000,183.643997,0.079616,-0.014812
223.000000,183.643997,0.096160,-0.013908
224.000000,183.643997,0.112386,0.005949
225.000000,183.643997,0.128239,0.026800
226.000000,183.643997,0.143662,0.031130
227.000000,183.643997,0.158608,0.050841
228.000000,183.643997,0.173029,0.063273
229.000000,183.643997,0.186871,0.069018
230.000000,183.643997,0.200091,0.091443
231.000000,183.643997,0.212648,0.097042
232.000000,183.643997,0.224497,0.115054
233.000000,183.643997,0.235596,0.138618
234.000000,183.643997,0.245913,0.135225
235.000000,183.643997,0.255416,0.152084
236.000000,183.643997,0.264060,0.168783
237.000000,183.643997,0.271830,0.170254
238.000000,183.643997,0.278698,0.186251
239.000000,183.643997,0.284635,0.204809
240.000000,183.643997,0.289624,0.204139
241.000000,183.643997,0.293652,0.215846
242.000000,183.643997,0.296704,0.232691
243.000000,183.643997,0.298764,0.227303
244.000000,183.643997,0.299832,0.236580
245.000000,183.643997,0.299908,0.248565
246.000000,183.643997,0.298976,0.241746
247.000000,183.643997,0.297053,0.257594
248.000000,183.643997,0.294146,0.254582
249.000000,183.643997,0.290255,0.254608
250.000000,183.643997,0.285398,0.269025
251.000000,183.643997,0.279595,0.254608
252.000000,183.643997,0.272861,0.258892
253.000000,183.643997,0.265215,0.266301
254.000000,183.643997,0.256689,0.252471
255.000000,183.643997,0.247313,0.250168
256.000000,183.643997,0.237107,0.256858
257.000000,183.643997,0.226114,0.241172
258.000000,183.643997,0.214372,0.236580
259.000000,183.643997,0.201914,0.236408
260.000000,183.643997,0.188782,0.216866
261.000000,183.643997,0.175026,0.213987
262.000000,183.643997,0.160687,0.213818
263.000000,183.643997,0.145810,0.189839
264.000000,183.643997,0.130450,0.184104
265.000000,183.643997,0.114657,0.177792
266.000000,183.643997,0.098480,0.163246
267.000000,183.643997,0.081977,0.155503
268.000000,183.643997,0.065201,0.138346
269.000000,183.643997,0.048208,0.124208
270.000000,183.643997,0.031054,0.117463
271.000000,183.643997,0.013797,0.093613
272.000000,183.643997,-0.003506,0.087457
273.000000,183.643997,-0.020797,0.082709
274.000000,183.643997,-0.038019,0.054439
275.000000,183.643997,-0.055115,-0.027224
276.000000,183.643997,-0.072027,0.037094
277.000000,183.643997,-0.088699,0.024845
278.000000,183.643997,-0.105077,0.012244
279.000000,183.643997,-0.121104,0.011214
280.000000,183.643997,-0.136728,-0.023345
281.000000,183.643997,-0.151898,-0.035518
282.000000,183.643997,-0.166564,-0.079002
283.000000,183.643997,-0.180672,-0.072104
284.000000,183.643997,-0.194180,-0.081987
285.000000,183.643997,-0.207045,-0.084015
286.000000,183.643997,-0.219217,-0.111996
287.000000,183.643997,-0.230660,-0.120167
288.000000,183.643997,-0.241338,-0.129325
289.000000,183.643997,-0.251213,-0.144884
290.000000,183.643997,-0.260248,-0.158204
291.000000,183.643997,-0.268420,-0.176629
292.000000,183.643997,-0.275702,-0.184495
293.000000,183.643997,-0.282059,-0.186380
294.000000,183.643997,-0.287481,-0.203216
295.000000,183.643997,-0.291950,-0.209521
296.000000,183.643997,-0.295442,-0.217698
297.000000,183.643997,-0.297951,-0.232526
298.000000,183.643997,-0.299473,-0.230829
299.000000,183.643997,-0.299997,-0.234003
300.000000,183.643997,-0.299519,-0.245968
301.000000,183.643997,-0.298048,-0.247558
302.000000,183.643997,-0.295589,-0.243154
303.000000,183.643997,-0.292137,-0.263128
304.000000,183.643997,-0.287717,-0.257425
305.000000,183.643997,-0.282344,-0.252733
306.000000,183.643997,-0.276026,-0.263701
307.000000,183.643997,-0.268789,-0.256428
308.000000,183.643997,-0.260662,-0.252435
309.000000,183.643997,-0.251666,-0.256696
310.000000,183.643997,-0.241830,-0.247422
311.000000,183.643997,-0.231191,-0.252412
312.000000,183.643997,-0.219787,-0.236253
313.000000,183.643997,-0.207644,-0.224842
314.000000,183.643997,-0.194813,-0.231382
315.000000,183.643997,-0.181336,-0.218242
316.000000,183.643997,-0.167253,-0.200399
317.000000,183.643997,-0.152614,-0.211363
318.000000,183.643997,-0.137468,-0.187361
319.000000,183.643997,-0.121865,-0.176523
320.000000,183.643997,-0.105854,-0.174048
321.000000,183.643997,-0.089493,-0.158764
322.000000,183.643997,-0.072834,-0.134202
323.000000,183.643997,-0.055931,-0.136730
324.000000,183.643997,-0.038843,-0.121307
325.000000,183.643997,-0.021626,-0.099601
326.000000,183.643997,-0.004337,-0.098554
327.000000,183.643997,0.012966,-0.079270
328.000000,183.643997,0.030227,-0.060848
329.000000,183.643997,0.047387,-0.052515
330.000000,183.643997,0.064389,-0.039951
331.000000,183.643997,0.081177,-0.023941
332.000000,183.643997,0.097696,-0.008478
333.000000,183.643997,0.113887,0.010369
334.000000,183.643997,0.129701,0.013831
335.000000,183.643997,0.145084,0.037273
336.000000,183.643997,0.159983,0.057687
337.000000,183.643997,0.174349,0.057299
338.000000,183.643997,0.188137,0.076586
339.000000,183.643997,0.201299,0.100720
340.000000,183.643997,0.213788,0.100621
341.000000,183.643997,0.225567,0.119335
342.000000,183.643997,0.236599,0.138466
343.000000,183.643997,0.246838,0.131935
344.000000,183.643997,0.256258,0.155221
345.000000,183.643997,0.264827,0.172640
346.000000,183.643997,0.272514,0.175542
347.000000,183.643997,0.279291,0.194541
348.000000,183.643997,0.285142,0.203102
349.000000,183.643997,0.290046,0.202993
350.000000,183.643997,0.293979,0.218986
351.000000,183.643997,0.296936,0.222565
352.000000,183.643997,0.298910,0.227727
353.000000,183.643997,0.299882,0.242713
354.000000,183.643997,0.299858,0.239456
355.000000,183.643997,0.298840,0.245165
356.000000,183.643997,0.296825,0.258578
357.000000,183.643997,0.293820,0.250324
358.000000,183.643997,0.289840,0.258173
359.000000,183.643997,0.284899,0.265864
360.000000,183.643997,0.279002,0.256616
361.000000,183.643997,0.272180,0.260317
362.000000,183.643997,0.264457,0.266579
363.000000,183.643997,0.255847,0.248750
364.000000,183.643997,0.246387,0.252879
365.000000,183.643997,0.236111,0.256855
366.000000,183.643997,0.225048,0.240172
367.000000,183.643997,0.213232,0.239436
368.000000,183.643997,0.200711,0.235553
369.000000,183.643997,0.187523,0.219152
370.000000,183.643997,0.173706,0.213698
371.000000,183.643997,0.159313,0.200965
372.000000,183.643997,0.144393,0.190409
373.000000,183.643997,0.128989,0.186526
374.000000,183.643997,0.113156,0.166818
375.000000,183.643997,0.096948,0.159949
376.000000,183.643997,0.080417,0.154917
377.000000,183.643997,0.063617,0.132793
378.000000,183.643997,0.046607,0.124772
379.000000,183.643997,0.029441,0.121883
380.000000,183.643997,0.012177,0.093474
381.000000,183.643997,-0.005127,0.089024
382.000000,183.643997,-0.022414,0.074555
383.000000,183.643997,-0.039627,0.054009
384.000000,183.643997,-0.056707,0.048416
385.000000,183.643997,-0.073600,0.037376
386.000000,183.643997,-0.090247,0.010826
387.000000,183.643997,-0.106593,0.000942
388.000000,183.643997,-0.122585,-0.006231
389.000000,183.643997,-0.138171,-0.033642
390.000000,183.643997,-0.153294,-0.042814
391.000000,183.643997,-0.167908,-0.057823
392.000000,183.643997,-0.181965,-0.077541
393.000000,183.643997,-0.195414,-0.081855
394.000000,183.643997,-0.208213,-0.105419
395.000000,183.643997,-0.220321,-0.109720
396.000000,183.643997,-0.231696,-0.118039
397.000000,183.643997,-0.242296,-0.134438
398.000000,183.643997,-0.252093,-0.149755
399.000000,183.643997,-0.261055,-0.159221
400.000000,183.643997,-0.269140,-0.176480
401.000000,183.643997,-0.276332,-0.185791
402.000000,183.643997,-0.282609,-0.186248
403.000000,183.643997,-0.287942,-0.207079
404.000000,183.643997,-0.292315,-0.211386
405.000000,183.643997,-0.295719,-0.215985
406.000000,183.643997,-0.298140,-0.230958
407.000000,183.643997,-0.299563,-0.232837
408.000000,183.643997,-0.299993,-0.255712
409.000000,183.643997,-0.299428,-0.251551
410.000000,183.643997,-0.297859,-0.248141
411.000000,183.643997,-0.295302,-0.259837
412.000000,183.643997,-0.291766,-0.256703
413.000000,183.643997,-0.287256,-0.248724
414.000000,183.643997,-0.281788,-0.260553
415.000000,183.643997,-0.275386,-0.256136
416.000000,183.643997,-0.268069,-0.248015
417.000000,183.643997,-0.259854,-0.257979
418.000000,183.643997,-0.250778,-0.255709
419.000000,183.643997,-0.240870,-0.246299
420.000000,183.643997,-0.230155,-0.248400
421.000000,183.643997,-0.218676,-0.243125
422.000000,183.643997,-0.206472,-0.227996
423.000000,183.643997,-0.193579,-0.228526
424.000000,183.643997,-0.180040,-0.213676
425.000000,183.643997,-0.165905,-0.205823
426.000000,183.643997,-0.151218,-0.203076
427.000000,183.643997,-0.136024,-0.186086
428.000000,183.643997,-0.120380,-0.184061
429.000000,183.643997,-0.104337,-0.168767
430.000000,183.643997,-0.087944,-0.151922
431.000000,183.643997,-0.071259,-0.150597
432.000000,183.643997,-0.054338,-0.131452
433.000000,183.643997,-0.037236,-0.111751
434.000000,183.643997,-0.020009,-0.108560
435.000000,183.643997,-0.002716,-0.095138
436.000000,183.643997,0.014586,-0.071146
437.000000,183.643997,0.031840,-0.070672
438.000000,183.643997,0.048987,-0.051674
439.000000,183.643997,0.065972,-0.026966
440.000000,183.643997,0.082737,-0.028066
441.000000,183.643997,0.099226,-0.007351
442.000000,183.643997,0.115386,0.012075
443.000000,183.643997,0.131162,0.022121
444.000000,183.643997,0.146500,0.037399
445.000000,183.643997,0.161352,0.047988
446.000000,183.643997,0.175669,0.059436
447.000000,183.643997,0.189396,0.090439
448.000000,183.643997,0.202496,0.086324
449.000000,183.643997,0.214924,0.104040
450.000000,183.643997,0.226634,0.126173
451.000000,183.643997,0.237589,0.127787
452.000000,183.643997,0.247757,0.143499
453.000000,183.643997,0.257100,0.164631
454.000000,183.643997,0.265583,0.162819
455.000000,183.643997,0.273186,0.180244
456.000000,183.643997,0.279884,0.198520
457.000000,183.643997,0.285641,0.195130
458.000000,183.643997,0.290452,0.208122
459.000000,183.643997,0.294300,0.218261
460.000000,183.643997,0.297164,0.219864
461.000000,183.643997,0.299039,0.236143
462.000000,183.643997,0.299923,0.230295
463.000000,183.643997,0.299808,0.239592
464.000000,183.643997,0.298691,0.254578
465.000000,183.643997,0.296584,0.247322
466.000000,183.643997,0.293493,0.255171
467.000000,183.643997,0.289418,0.266868
468.000000,183.643997,0.284382,0.258044
469.000000,183.643997,0.278405,0.263604
470.000000,183.643997,0.271496,0.262574
471.000000,183.643997,0.263684,0.251609
472.000000,183.643997,0.254997,0.255311
473.000000,183.643997,0.245462,0.257713
474.000000,183.643997,0.235106,0.241742
475.000000,183.643997,0.223970,0.240579
476.000000,183.643997,0.212093,0.235702
477.000000,183.643997,0.199503,0.226872
478.000000,183.643997,0.186251,0.223705
479.000000,183.643997,0.172383,0.205982
480.000000,183.643997,0.157938,0.198845
481.000000,183.643997,0.142967,0.196817
482.000000,183.643997,0.127523,0.174544
483.000000,183.643997,0.111654,0.171244
484.000000,183.643997,0.095411,0.173074
485.000000,183.643997,0.078853,0.143946
486.000000,183.643997,0.062033,0.135351
487.000000,183.643997,0.045004,0.129603
488.000000,183.643997,0.027827,0.109341
489.000000,183.643997,0.010557,0.098888
490.000000,183.643997,-0.006748,0.089279
491.000000,183.643997,-0.024030,0.070595
492.000000,183.643997,-0.041233,0.056278
493.000000,183.643997,-0.058299,0.050245
494.000000,183.643997,-0.075170,0.022409
495.000000,183.643997,-0.091791,0.015239
496.000000,183.643997,-0.108108,0.002639
497.000000,183.643997,-0.124063,-0.017629
498.000000,183.643997,-0.139606,-0.027943
499.000000,183.643997,-0.154686,-0.048529
500.000000,183.643997,-0.169250,-0.071103
501.000000,183.643997,-0.183249,-0.069416
502.000000,183.643997,-0.196641,-0.091977
503.000000,183.643997,-0.209380,-0.103282
504.000000,183.643997,-0.221417,-0.107887
505.000000,183.643997,-0.232720,-0.130866
506.000000,183.643997,-0.243252,-0.140034
507.000000,183.643997,-0.252969,-0.142492
508.000000,183.643997,-0.261845,-0.168472
509.000000,183.643997,-0.269854,-0.174923
510.000000,183.643997,-0.276962,-0.177812
511.000000,183.643997,-0.283146,-0.203931
512.000000,183.643997,-0.288392,-0.205810
513.000000,183.643997,-0.292680,-0.200114
514.000000,183.643997,-0.295986,-0.225809
515.000000,183.643997,-0.298312,-0.225829
516.000000,183.643997,-0.299649,-0.233274
517.000000,183.643997,-0.299983,-0.244258
518.000000,183.643997,-0.299319,-0.245709
519.000000,183.643997,-0.297663,-0.258416
520.000000,183.643997,-0.295015,-0.256272
521.000000,183.643997,-0.291382,-0.250295
522.000000,183.643997,-0.286783,-0.263267
523.000000,183.643997,-0.281232,-0.261567
524.000000,183.643997,-0.274738,-0.250871
525.000000,183.643997,-0.267334,-0.262127
526.000000,183.643997,-0.259043,-0.255709
527.000000,183.643997,-0.249885,-0.246872
528.000000,183.643997,-0.239896,-0.253834
529.000000,183.643997,-0.229112,-0.241127
530.000000,183.643997,-0.217565,-0.231425
531.000000,183.643997,-0.205291,-0.237250
532.000000,183.643997,-0.192336,-0.224974
533.000000,183.643997,-0.178744,-0.222532
534.000000,183.643997,-0.164551,-0.210372
535.000000,183.643997,-0.149813,-0.195671
536.000000,183.643997,-0.134579,-0.195923
537.000000,183.643997,-0.118894,-0.186212
538.000000,183.643997,-0.102814,-0.159933
539.000000,183.643997,-0.086393,-0.158747
540.000000,183.643997,-0.069684,-0.145610
541.000000,183.643997,-0.052742,-0.122618
542.000000,183.643997,-0.035626,-0.120859
543.000000,183.643997,-0.018391,-0.104435
0.000000,191.792999,0.010931,-0.089280
1.000000,191.792999,0.028964,-0.082686
2.000000,191.792999,0.046891,-0.052972
3.000000,191.792999,0.064649,-0.044219
4.000000,191.792999,0.082172,-0.027930
5.000000,191.792999,0.099397,-0.010227
6.000000,191.792999,0.116261,-0.000323
7.000000,191.792999,0.132703,0.019822
8.000000,191.792999,0.148664,0.045242
9.000000,191.792999,0.164085,0.043572
10.000000,191.792999,0.178912,0.063429
11.000000,191.792999,0.193089,0.080844
12.000000,191.792999,0.206563,0.091327
13.000000,191.792999,0.219288,0.108752
14.000000,191.792999,0.231217,0.130173
15.000000,191.792999,0.242307,0.128787
16.000000,191.792999,0.252518,0.146786
17.000000,191.792999,0.261812,0.161924
18.000000,191.792999,0.270157,0.166675
19.000000,191.792999,0.277522,0.182954
20.000000,191.792999,0.283879,0.184823
21.000000,191.792999,0.289207,0.200273
22.000000,191.792999,0.293485,0.250424
23.000000,191.792999,0.296695,0.218009
24.000000,191.792999,0.298829,0.219142
25.000000,191.792999,0.299878,0.232697
26.000000,191.792999,0.299839,0.234738
27.000000,191.792999,0.298712,0.240871
28.000000,191.792999,0.296502,0.251278
29.000000,191.792999,0.293215,0.225593
30.000000,191.792999,0.288865,0.252594
31.000000,191.792999,0.283467,0.263717
32.000000,191.792999,0.277040,0.253468
33.000000,191.792999,0.269608,0.259456
34.000000,191.792999,0.261194,0.264721
35.000000,191.792999,0.251833,0.250178
36.000000,191.792999,0.241558,0.243154
37.000000,191.792999,0.230407,0.242004
38.000000,191.792999,0.218420,0.237737
39.000000,191.792999,0.205640,0.234281
40.000000,191.792999,0.192114,0.224301
41.000000,191.792999,0.177891,0.212280
42.000000,191.792999,0.163023,0.209534
43.000000,191.792999,0.147563,0.189272
44.000000,191.792999,0.131567,0.187255
45.000000,191.792999,0.115093,0.179505
46.000000,191.792999,0.098201,0.159671
47.000000,191.792999,0.080953,0.153508
48.000000,191.792999,0.063411,0.150189
49.000000,191.792999,0.045639,0.123496
50.000000,191.792999,0.027702,0.113470
51.000000,191.792999,0.009664,0.105866
52.000000,191.792999,-0.008409,0.080459
53.000000,191.792999,-0.026452,0.075005
54.000000,191.792999,-0.044399,0.057547
55.000000,191.792999,-0.062185,0.037707
56.000000,191.792999,-0.079744,0.030822
57.000000,191.792999,-0.097014,0.011668
58.000000,191.792999,-0.113932,-0.004333
59.000000,191.792999,-0.130436,-0.014368
60.000000,191.792999,-0.146467,-0.040216
61.000000,191.792999,-0.161967,-0.043513
62.000000,191.792999,-0.176879,-0.057700
63.000000,191.792999,-0.191149,-0.083253
64.000000,191.792999,-0.204726,-0.093421
65.000000,191.792999,-0.217560,-0.100313
66.000000,191.792999,-0.229605,-0.126578
67.000000,191.792999,-0.240814,-0.132029
68.000000,191.792999,-0.251149,-0.139063
69.000000,191.792999,-0.260573,-0.158320
70.000000,191.792999,-0.269051,-0.167776
71.000000,191.792999,-0.276553,-0.174953
72.000000,191.792999,-0.283052,-0.197069
73.000000,191.792999,-0.288523,-0.201807
74.000000,191.792999,-0.292948,-0.206400
75.000000,191.792999,-0.296310,-0.225524
76.000000,191.792999,-0.298597,-0.227260
77.000000,191.792999,-0.299800,-0.238695
78.000000,191.792999,-0.299914,-0.242114
79.000000,191.792999,-0.298937,-0.244284
80.000000,191.792999,-0.296876,-0.255689
81.000000,191.792999,-0.293738,-0.259131
82.000000,191.792999,-0.289534,-0.250725
83.000000,191.792999,-0.284280,-0.263124
84.000000,191.792999,-0.277995,-0.257707
85.000000,191.792999,-0.270700,-0.250444
86.000000,191.792999,-0.262424,-0.262269
87.000000,191.792999,-0.253195,-0.251561
88.000000,191.792999,-0.243048,-0.243870
89.000000,191.792999,-0.232017,-0.253976
90.000000,191.792999,-0.220142,-0.240268
91.000000,191.792999,-0.207470,-0.222423
92.000000,191.792999,-0.194044,-0.228526
93.000000,191.792999,-0.179915,-0.216963
94.000000,191.792999,-0.165133,-0.208971
95.000000,191.792999,-0.149751,-0.206078
96.000000,191.792999,-0.133827,-0.197377
97.000000,191.792999,-0.117416,-0.183640
98.000000,191.792999,-0.100580,-0.169767
99.000000,191.792999,-0.083379,-0.148347
100.000000,191.792999,-0.065874,-0.151027
101.000000,191.792999,-0.048130,-0.131025
102.000000,191.792999,-0.030211,-0.108176
103.000000,191.792999,-0.012183,-0.107132
104.000000,191.792999,0.005889,-0.089419
105.000000,191.792999,0.023939,-0.066285
106.000000,191.792999,0.041903,-0.075390
107.000000,191.792999,0.059715,-0.045096
108.000000,191.792999,0.077310,-0.024249
109.000000,191.792999,0.094625,-0.020485
110.000000,191.792999,0.111596,0.002659
111.000000,191.792999,0.128163,0.021797
112.000000,191.792999,0.144263,0.025554
113.000000,191.792999,0.159840,0.047839
114.000000,191.792999,0.174836,0.057554
115.000000,191.792999,0.189198,0.070161
116.000000,191.792999,0.202874,0.092443
117.000000,191.792999,0.215814,0.102619
118.000000,191.792999,0.227970,0.113337
119.000000,191.792999,0.239300,0.132041
120.000000,191.792999,0.249761,0.139658
121.000000,191.792999,0.259316,0.168816
122.000000,191.792999,0.267930,0.174644
123.000000,191.792999,0.275569,0.172397
124.000000,191.792999,0.282208,0.189683
125.000000,191.792999,0.287823,0.206953
126.000000,191.792999,0.292394,0.204282
127.000000,191.792999,0.295903,0.215703
128.000000,191.792999,0.298340,0.233691
129.000000,191.792999,0.299693,0.224871
130.000000,191.792999,0.299960,0.241726
131.000000,191.792999,0.299138,0.250284
132.000000,191.792999,0.297231,0.249177
133.000000,191.792999,0.294245,0.254303
134.000000,191.792999,0.290188,0.256878
135.000000,191.792999,0.285078,0.251464
136.000000,191.792999,0.278934,0.261589
137.000000,191.792999,0.271777,0.248747
138.000000,191.792999,0.263635,0.216577
139.000000,191.792999,0.254537,0.258720
140.000000,191.792999,0.244514,0.252610
141.000000,191.792999,0.233605,0.248167
142.000000,191.792999,0.221848,0.254426
143.000000,191.792999,0.209286,0.235742
144.000000,191.792999,0.195964,0.230576
145.000000,191.792999,0.181929,0.230116
146.000000,191.792999,0.167234,0.206283
147.000000,191.792999,0.151932,0.202976
148.000000,191.792999,0.136079,0.195800
149.000000,191.792999,0.119733,0.175257
150.000000,191.792999,0.102952,0.168375
151.000000,191.792999,0.085797,0.159774
152.000000,191.792999,0.068332,0.142654
153.000000,191.792999,0.050618,0.135341
154.000000,191.792999,0.032720,0.111330
155.000000,191.792999,0.014703,0.102473
156.000000,191.792999,-0.003367,0.096731
157.000000,191.792999,-0.021424,0.069880
158.000000,191.792999,-0.039404,0.064721
159.000000,191.792999,-0.057241,0.058827
160.000000,191.792999,-0.074870,0.030703
161.000000,191.792999,-0.092227,0.019391
162.000000,191.792999,-0.109250,0.011353
163.000000,191.792999,-0.125876,0.003388
164.000000,191.792999,-0.142046,-0.031084
165.000000,191.792999,-0.157701,-0.038546
166.000000,191.792999,-0.172783,-0.066239
167.000000,191.792999,-0.187237,-0.075122
168.000000,191.792999,-0.201011,-0.083153
169.000000,191.792999,-0.214055,-0.109707
170.000000,191.792999,-0.226323,-0.117162
171.000000,191.792999,-0.237769,-0.129040
172.000000,191.792999,-0.248353,-0.147886
173.000000,191.792999,-0.258036,-0.152485
174.000000,191.792999,-0.266782,-0.172766
175.000000,191.792999,-0.274561,-0.178346
176.000000,191.792999,-0.281344,-0.181662
177.000000,191.792999,-0.287106,-0.204786
178.000000,191.792999,-0.291823,-0.209518
179.000000,191.792999,-0.295481,-0.210551
180.000000,191.792999,-0.298066,-0.227380
181.000000,191.792999,-0.299570,-0.231114
182.000000,191.792999,-0.299987,-0.229142
183.000000,191.792999,-0.299316,-0.249115
184.000000,191.792999,-0.297558,-0.248989
185.000000,191.792999,-0.294722,-0.245156
186.000000,191.792999,-0.290815,-0.258409
187.000000,191.792999,-0.285854,-0.260000
188.000000,191.792999,-0.279855,-0.253588
189.000000,191.792999,-0.272839,-0.257694
190.000000,191.792999,-0.264831,-0.251710
191.000000,191.792999,-0.255863,-0.256431
192.000000,191.792999,-0.245967,-0.256696
193.000000,191.792999,-0.235178,-0.244423
194.000000,191.792999,-0.223535,-0.248118
195.000000,191.792999,-0.211082,-0.236684
196.000000,191.792999,-0.197863,-0.221412
197.000000,191.792999,-0.183926,-0.224805
198.000000,191.792999,-0.169322,-0.212380
199.000000,191.792999,-0.154103,-0.192821
200.000000,191.792999,-0.138323,-0.207649
201.000000,191.792999,-0.122041,-0.185502
202.000000,191.792999,-0.105317,-0.163654
203.000000,191.792999,-0.088210,-0.160036
204.000000,191.792999,-0.070784,-0.142181
205.000000,191.792999,-0.053101,-0.122049
206.000000,191.792999,-0.035225,-0.122433
207.000000,191.792999,-0.017221,-0.106294
208.000000,191.792999,0.000845,-0.087729
209.000000,191.792999,0.018909,-0.080539
210.000000,191.792999,0.036904,-0.064403
211.000000,191.792999,0.054764,-0.049106
212.000000,191.792999,0.072426,-0.038649
213.000000,191.792999,0.089825,-0.019368
214.000000,191.792999,0.106898,-0.008478
215.000000,191.792999,0.123583,0.016538
216.000000,191.792999,0.139819,0.034811
217.000000,191.792999,0.155548,0.037995
218.000000,191.792999,0.170713,0.054280
219.000000,191.792999,0.185258,0.079558
220.000000,191.792999,0.199132,0.085896
221.000000,191.792999,0.212283,0.098745
222.000000,191.792999,0.224663,0.119878
223.000000,191.792999,0.236226,0.123357
224.000000,191.792999,0.246931,0.139781
225.000000,191.792999,0.256741,0.160056
226.000000,191.792999,0.265619,0.160244
227.000000,191.792999,0.273533,0.174667
228.000000,191.792999,0.280455,0.192228
229.000000,191.792999,0.286360,0.186983
230.000000,191.792999,0.291225,0.208695
231.000000,191.792999,0.295034,0.219835
232.000000,191.792999,0.297773,0.219864
233.000000,191.792999,0.299430,0.234569
234.000000,191.792999,0.299997,0.233154
235.000000,191.792999,0.299477,0.240019
236.000000,191.792999,0.297869,0.254721
237.000000,191.792999,0.295181,0.245894
238.000000,191.792999,0.291423,0.254317
239.000000,191.792999,0.286606,0.264151
240.000000,191.792999,0.280750,0.254045
241.000000,191.792999,0.273875,0.260175
242.000000,191.792999,0.266007,0.263004
243.000000,191.792999,0.257173,0.251894
244.000000,191.792999,0.247406,0.254164
245.000000,191.792999,0.236738,0.255997
246.000000,191.792999,0.225211,0.240026
247.000000,191.792999,0.212868,0.238436
248.000000,191.792999,0.199752,0.233125
249.000000,191.792999,0.185911,0.216147
250.000000,191.792999,0.171396,0.213695
251.000000,191.792999,0.156259,0.190969
252.000000,191.792999,0.140555,0.193838
253.000000,191.792999,0.124341,0.188666
254.000000,191.792999,0.107676,0.168968
255.000000,191.792999,0.090620,0.161805
256.000000,191.792999,0.073234,0.155914
257.000000,191.792999,0.055582,0.131362
258.000000,191.792999,0.037729,0.124483
259.000000,191.792999,0.019739,0.118447
260.000000,191.792999,0.001677,0.090326
261.000000,191.792999,-0.016390,0.080585
262.000000,191.792999,-0.034398,0.075125
263.000000,191.792999,-0.052282,0.049575
264.000000,191.792999,-0.069976,0.037833
265.000000,191.792999,-0.087416,0.025375
266.000000,191.792999,-0.104539,0.002533
267.000000,191.792999,-0.121281,-0.007212
268.000000,191.792999,-0.137584,-0.023364
269.000000,191.792999,-0.153386,-0.043082
270.000000,191.792999,-0.168633,-0.048970
271.000000,191.792999,-0.183267,-0.076391
272.000000,191.792999,-0.197237,-0.085695
273.000000,191.792999,-0.210490,-0.088584
274.000000,191.792999,-0.222981,-0.118285
275.000000,191.792999,-0.234662,-0.130740
276.000000,191.792999,-0.245492,-0.129769
277.000000,191.792999,-0.255431,-0.156889
278.000000,191.792999,-0.264441,-0.157478
279.000000,191.792999,-0.272490,-0.158078
280.000000,191.792999,-0.279551,-0.187202
281.000000,191.792999,-0.285598,-0.196516
282.000000,191.792999,-0.290608,-0.198686
283.000000,191.792999,-0.294564,-0.222092
284.000000,191.792999,-0.297452,-0.211247
285.000000,191.792999,-0.299260,-0.227843
286.000000,191.792999,-0.299982,-0.247257
287.000000,191.792999,-0.299616,-0.242419
288.000000,191.792999,-0.298163,-0.255845
289.000000,191.792999,-0.295625,-0.255414
290.000000,191.792999,-0.292013,-0.246862
291.000000,191.792999,-0.287342,-0.262409
292.000000,191.792999,-0.281629,-0.257992
293.000000,191.792999,-0.274894,-0.246726
294.000000,191.792999,-0.267161,-0.262412
295.000000,191.792999,-0.258459,-0.249987
296.000000,191.792999,-0.248819,-0.240152
297.000000,191.792999,-0.238277,-0.253260
298.000000,191.792999,-0.226870,-0.244129
299.000000,191.792999,-0.214640,-0.230428
300.000000,191.792999,-0.201629,-0.234961
301.000000,191.792999,-0.187885,-0.222827
302.000000,191.792999,-0.173460,-0.216827
303.000000,191.792999,-0.158406,-0.210942
304.000000,191.792999,-0.142777,-0.192948
305.000000,191.792999,-0.126630,-0.191211
306.000000,191.792999,-0.110024,-0.171626
307.000000,191.792999,-0.093019,-0.162505
308.000000,191.792999,-0.075675,-0.151743
309.000000,191.792999,-0.058058,-0.135743
310.000000,191.792999,-0.040229,-0.112324
311.000000,191.792999,-0.022254,-0.115137
312.000000,191.792999,-0.004198,-0.096712
313.000000,191.792999,0.013872,-0.071288
314.000000,191.792999,0.031893,-0.073101
315.000000,191.792999,0.049797,-0.054960
316.000000,191.792999,0.067521,-0.030826
317.000000,191.792999,0.085000,-0.029206
318.000000,191.792999,0.102170,-0.011208
319.000000,191.792999,0.118970,0.012069
320.000000,191.792999,0.135338,0.019265
321.000000,191.792999,0.151216,0.083862
322.000000,191.792999,0.166544,0.055397
323.000000,191.792999,0.181266,0.057584
324.000000,191.792999,0.195331,0.071291
325.000000,191.792999,0.208687,0.088020
326.000000,191.792999,0.221285,0.104762
327.000000,191.792999,0.233081,0.123039
328.000000,191.792999,0.244031,0.130076
329.000000,191.792999,0.254096,0.146795
330.000000,191.792999,0.263238,0.167640
331.000000,191.792999,0.271426,0.167252
332.000000,191.792999,0.278629,0.182964
333.000000,191.792999,0.284820,0.203381
334.000000,191.792999,0.289975,0.196704
335.000000,191.792999,0.294078,0.215564
336.000000,191.792999,0.297114,0.227973
337.000000,191.792999,0.299072,0.219868
338.000000,191.792999,0.299945,0.235434
339.000000,191.792999,0.299729,0.249420
340.000000,191.792999,0.298426,0.245460
341.000000,191.792999,0.296041,0.253160
342.000000,191.792999,0.292581,0.252587
343.000000,191.792999,0.288060,0.254608
344.000000,191.792999,0.282492,0.262163
345.000000,191.792999,0.275897,0.254181
346.000000,191.792999,0.268301,0.257464
347.000000,191.792999,0.259731,0.262438
348.000000,191.792999,0.250219,0.244320
349.000000,191.792999,0.239800,0.247021
350.000000,191.792999,0.228510,0.252710
351.000000,191.792999,0.216391,0.232879
352.000000,191.792999,0.203487,0.234433
353.000000,191.792999,0.189845,0.232833
354.000000,191.792999,0.175514,0.212002
355.000000,191.792999,0.160545,0.206552
356.000000,191.792999,0.144992,0.203527
357.000000,191.792999,0.128913,0.169677
358.000000,191.792999,0.112367,0.177666
359.000000,191.792999,0.095413,0.163081
360.000000,191.792999,0.078113,0.154522
361.000000,191.792999,0.060530,0.146776
362.000000,191.792999,0.042727,0.119063
363.000000,191.792999,0.024768,0.110905
364.000000,191.792999,0.006720,0.106446
365.000000,191.792999,-0.011352,0.078746
366.000000,191.792999,-0.029384,0.070724
367.000000,191.792999,-0.047309,0.064976
368.000000,191.792999,-0.065062,0.035852
369.000000,191.792999,-0.082578,0.023967
370.000000,191.792999,-0.099795,0.019361
371.000000,191.792999,-0.116650,-0.012192
372.000000,191.792999,-0.133081,-0.019932
373.000000,191.792999,-0.149030,-0.024964
374.000000,191.792999,-0.164438,-0.055517
375.000000,191.792999,-0.179250,-0.066259
376.000000,191.792999,-0.193411,-0.075576
377.000000,191.792999,-0.206871,-0.101128
378.000000,191.792999,-0.219577,-0.106297
379.000000,191.792999,-0.231487,-0.123884
380.000000,191.792999,-0.242556,-0.136449
381.000000,191.792999,-0.252746,-0.143764
382.000000,191.792999,-0.262018,-0.165328
383.000000,191.792999,-0.270340,-0.172915
384.000000,191.792999,-0.277681,-0.175516
385.000000,191.792999,-0.284014,-0.197354
386.000000,191.792999,-0.289318,-0.201373
387.000000,191.792999,-0.293571,-0.202404
388.000000,191.792999,-0.296759,-0.230239
389.000000,191.792999,-0.298867,-0.228970
390.000000,191.792999,-0.299891,-0.230000
391.000000,191.792999,-0.299826,-0.249970
392.000000,191.792999,-0.298673,-0.243983
393.000000,191.792999,-0.296437,-0.239579
394.000000,191.792999,-0.293125,-0.259267
395.000000,191.792999,-0.288750,-0.254996
396.000000,191.792999,-0.283327,-0.254443
397.000000,191.792999,-0.276876,-0.259556
398.000000,191.792999,-0.269421,-0.255858
399.000000,191.792999,-0.260987,-0.261421
400.000000,191.792999,-0.251605,-0.253124
401.000000,191.792999,-0.241308,-0.242999
402.000000,191.792999,-0.230136,-0.252114
403.000000,191.792999,-0.218130,-0.247836
404.000000,191.792999,-0.205332,-0.223990
405.000000,191.792999,-0.191789,-0.230097
406.000000,191.792999,-0.177550,-0.220104
407.000000,191.792999,-0.162667,-0.198540
408.000000,191.792999,-0.147194,-0.199071
409.000000,191.792999,-0.131186,-0.180357
410.000000,191.792999,-0.114702,-0.166517
411.000000,191.792999,-0.097802,-0.170334
412.000000,191.792999,-0.080545,-0.151478
413.000000,191.792999,-0.062997,-0.137628
414.000000,191.792999,-0.045221,-0.132300
415.000000,191.792999,-0.027280,-0.114163
416.000000,191.792999,-0.009241,-0.104432
417.000000,191.792999,0.008832,-0.092126
418.000000,191.792999,0.026873,-0.065841
419.000000,191.792999,0.044817,-0.059805
420.000000,191.792999,0.062598,-0.043089
421.000000,191.792999,0.080152,-0.019812
422.000000,191.792999,0.097415,-0.015767
423.000000,191.792999,0.114324,-0.036379
424.000000,191.792999,0.130817,0.027512
425.000000,191.792999,0.146837,0.030991
426.000000,191.792999,0.162323,0.053134
427.000000,191.792999,0.177220,0.068548
428.000000,191.792999,0.191474,0.074598
429.000000,191.792999,0.205034,0.094597
430.000000,191.792999,0.217850,0.114451
431.000000,191.792999,0.229875,0.119063
432.000000,191.792999,0.241067,0.137631
433.000000,191.792999,0.251382,0.142064
434.000000,191.792999,0.260783,0.156808
435.000000,191.792999,0.269239,0.172226
436.000000,191.792999,0.276717,0.171682
437.000000,191.792999,0.283191,0.190548
438.000000,191.792999,0.288638,0.208679
439.000000,191.792999,0.293038,0.204285
440.000000,191.792999,0.296374,0.217711
441.000000,191.792999,0.298636,0.238558
442.000000,191.792999,0.299813,0.230447
443.000000,191.792999,0.299903,0.240725
444.000000,191.792999,0.298904,0.255281
445.000000,191.792999,0.296817,0.243174
446.000000,191.792999,0.293653,0.251590
447.000000,191.792999,0.289424,0.268292
448.000000,191.792999,0.284145,0.255612
449.000000,191.792999,0.277835,0.255738
450.000000,191.792999,0.270517,0.256725
451.000000,191.792999,0.262218,0.254608
452.000000,191.792999,0.252967,0.257017
453.000000,191.792999,0.242798,0.243880
454.000000,191.792999,0.231749,0.245453
455.000000,191.792999,0.219857,0.244996
456.000000,191.792999,0.207166,0.219868
457.000000,191.792999,0.193723,0.223715
458.000000,191.792999,0.179577,0.226117
459.000000,191.792999,0.164780,0.204282
460.000000,191.792999,0.149385,0.202691
461.000000,191.792999,0.133448,0.196231
462.000000,191.792999,0.117027,0.174541
463.000000,191.792999,0.100182,0.166516
464.000000,191.792999,0.082972,0.156915
465.000000,191.792999,0.065462,0.138651
466.000000,191.792999,0.047713,0.134483
467.000000,191.792999,0.029791,0.109759
468.000000,191.792999,0.011762,0.098040
469.000000,191.792999,-0.006311,0.101588
470.000000,191.792999,-0.024360,0.067593
471.000000,191.792999,-0.042321,0.059572
472.000000,191.792999,-0.060128,0.050964
473.000000,191.792999,-0.077718,0.024126
474.000000,191.792999,-0.095025,0.013815
475.000000,191.792999,-0.111988,0.006635
476.000000,191.792999,-0.128544,-0.020628
477.000000,191.792999,-0.144634,-0.031084
478.000000,191.792999,-0.160198,-0.034543
479.000000,191.792999,-0.175180,-0.068956
480.000000,191.792999,-0.189527,-0.076553
481.000000,191.792999,-0.203185,-0.086583
482.000000,191.792999,-0.216107,-0.109137
483.000000,191.792999,-0.228244,-0.116734
484.000000,191.792999,-0.239553,-0.136896
485.000000,191.792999,-0.249994,-0.149460
486.000000,191.792999,-0.259527,-0.157206
487.000000,191.792999,-0.268119,-0.173048
488.000000,191.792999,-0.275738,-0.175344
489.000000,191.792999,-0.282353,-0.184094
490.000000,191.792999,-0.287943,-0.206360
491.000000,191.792999,-0.292489,-0.208948
492.000000,191.792999,-0.295973,-0.208407
493.000000,191.792999,-0.298384,-0.234527
494.000000,191.792999,-0.299712,-0.234974
495.000000,191.792999,-0.299952,-0.228427
496.000000,191.792999,-0.299105,-0.246683
497.000000,191.792999,-0.297172,-0.249705
498.000000,191.792999,-0.294160,-0.247014
499.000000,191.792999,-0.290082,-0.261984
500.000000,191.792999,-0.284948,-0.260000
501.000000,191.792999,-0.278779,-0.252445
502.000000,191.792999,-0.271599,-0.266845
503.000000,191.792999,-0.263433,-0.255000
504.000000,191.792999,-0.254312,-0.248853
505.000000,191.792999,-0.244268,-0.254837
506.000000,191.792999,-0.233338,-0.239990
507.000000,191.792999,-0.221562,-0.250119
508.000000,191.792999,-0.208981,-0.236684
509.000000,191.792999,-0.195642,-0.222271
510.000000,191.792999,-0.181593,-0.224663
511.000000,191.792999,-0.166883,-0.214524
512.000000,191.792999,-0.151568,-0.192821
513.000000,191.792999,-0.135702,-0.193206
514.000000,191.792999,-0.119345,-0.179068
515.000000,191.792999,-0.102554,-0.160652
516.000000,191.792999,-0.085392,-0.163323
517.000000,191.792999,-0.067919,-0.145183
518.000000,191.792999,-0.050200,-0.123334
519.000000,191.792999,-0.032299,-0.125004
520.000000,191.792999,-0.014281,-0.103862
0.000000,200.302994,0.014297,-0.092689
1.000000,200.302994,0.033113,-0.074545
2.000000,200.302994,0.051798,-0.051985
3.000000,200.302994,0.070277,-0.048367
4.000000,200.302994,0.088478,-0.026220
5.000000,200.302994,0.106329,-0.004660
6.000000,200.302994,0.123760,-0.060954
7.000000,200.302994,0.140700,0.022678
8.000000,200.302994,0.157085,0.056537
9.000000,200.302994,0.172847,0.056583
10.000000,200.302994,0.187923,0.066858
11.000000,200.302994,0.202256,0.093858
12.000000,200.302994,0.215788,0.101336
13.000000,200.302994,0.228466,0.121190
14.000000,200.302994,0.240241,0.131902
15.000000,200.302994,0.251065,0.138936
16.000000,200.302994,0.260896,0.161934
17.000000,200.302994,0.269693,0.159668
18.000000,200.302994,0.277420,0.174820
19.000000,200.302994,0.284050,0.192665
20.000000,200.302994,0.289556,0.192990
21.000000,200.302994,0.293916,0.207131
22.000000,200.302994,0.297113,0.225974
23.000000,200.302994,0.299135,0.214295
24.000000,200.302994,0.299974,0.231577
25.000000,200.302994,0.299623,0.241988
26.000000,200.302994,0.298084,0.241172
27.000000,200.302994,0.295365,0.251451
28.000000,200.302994,0.291478,0.261716
29.000000,200.302994,0.286439,0.255758
30.000000,200.302994,0.280266,0.256739
31.000000,200.302994,0.272984,0.260430
32.000000,200.302994,0.264622,0.248604
33.000000,200.302994,0.255209,0.250016
34.000000,200.302994,0.244786,0.247577
35.000000,200.302994,0.233394,0.243598
36.000000,200.302994,0.221079,0.245149
37.000000,200.302994,0.207890,0.228724
38.000000,200.302994,0.193878,0.226723
39.000000,200.302994,0.179099,0.220975
40.000000,200.302994,0.163611,0.205143
41.000000,200.302994,0.147473,0.199120
42.000000,200.302994,0.130751,0.193659
43.000000,200.302994,0.113513,0.172540
44.000000,200.302994,0.095825,0.166374
45.000000,200.302994,0.077759,0.161629
46.000000,200.302994,0.059384,0.136365
47.000000,200.302994,0.040775,0.127624
48.000000,200.302994,0.022004,0.114878
49.000000,200.302994,0.003145,0.093898
50.000000,200.302994,-0.015725,0.083153
51.000000,200.302994,-0.034534,0.053989
52.000000,200.302994,-0.053205,0.049714
53.000000,200.302994,-0.071666,0.044828
54.000000,200.302994,-0.089844,0.015975
55.000000,200.302994,-0.107666,0.007098
56.000000,200.302994,-0.125063,-0.000651
57.000000,200.302994,-0.141962,-0.028921
58.000000,200.302994,-0.158300,-0.041806
59.000000,200.302994,-0.174011,-0.053131
60.000000,200.302994,-0.189034,-0.077965
61.000000,200.302994,-0.203309,-0.086705
62.000000,200.302994,-0.216780,-0.092165
63.000000,200.302994,-0.229394,-0.120717
64.000000,200.302994,-0.241098,-0.131886
65.000000,200.302994,-0.251845,-0.140626
66.000000,200.302994,-0.261596,-0.157465
67.000000,200.302994,-0.270313,-0.164492
68.000000,200.302994,-0.277960,-0.182646
69.000000,200.302994,-0.284507,-0.196503
70.000000,200.302994,-0.289929,-0.198815
71.000000,200.302994,-0.294203,-0.215084
72.000000,200.302994,-0.297311,-0.220959
73.000000,200.302994,-0.299240,-0.221416
74.000000,200.302994,-0.299985,-0.237532
75.000000,200.302994,-0.299544,-0.243267
76.000000,200.302994,-0.297917,-0.237578
77.000000,200.302994,-0.295112,-0.256547
78.000000,200.302994,-0.291139,-0.251991
79.000000,200.302994,-0.286015,-0.250732
80.000000,200.302994,-0.279754,-0.261554
81.000000,200.302994,-0.272386,-0.254423
82.000000,200.302994,-0.263941,-0.250013
83.000000,200.302994,-0.254451,-0.256550
84.000000,200.302994,-0.243955,-0.250136
85.000000,200.302994,-0.232493,-0.248714
86.000000,200.302994,-0.220112,-0.245544
87.000000,200.302994,-0.206860,-0.235129
88.000000,200.302994,-0.192785,-0.237678
89.000000,200.302994,-0.177948,-0.220239
90.000000,200.302994,-0.162407,-0.200535
91.000000,200.302994,-0.146223,-0.204644
92.000000,200.302994,-0.129462,-0.188216
93.000000,200.302994,-0.112187,-0.168657
94.000000,200.302994,-0.094469,-0.169615
95.000000,200.302994,-0.076377,-0.154619
96.000000,200.302994,-0.057981,-0.132343
97.000000,200.302994,-0.039357,-0.130296
98.000000,200.302994,-0.020576,-0.117731
99.000000,200.302994,-0.001715,-0.090449
100.000000,200.302994,0.017154,-0.087116
101.000000,200.302994,0.035955,-0.062110
102.000000,200.302994,0.054613,-0.046836
103.000000,200.302994,0.073056,-0.056948
104.000000,200.302994,0.091208,-0.024226
105.000000,200.302994,0.108999,-0.007069
106.000000,200.302994,0.126359,0.004676
107.000000,200.302994,0.143220,0.027671
108.000000,200.302994,0.159513,0.035702
109.000000,200.302994,0.175176,0.054714
110.000000,200.302994,0.190145,0.080138
111.000000,200.302994,0.204361,0.080605
112.000000,200.302994,0.217766,0.105183
113.000000,200.302994,0.230310,0.125885
114.000000,200.302994,0.241943,0.125358
115.000000,200.302994,0.252618,0.140212
116.000000,200.302994,0.262294,0.163488
117.000000,200.302994,0.270932,0.163249
118.000000,200.302994,0.278499,0.181393
119.000000,200.302994,0.284960,0.199090
120.000000,200.302994,0.290292,0.195561
121.000000,200.302994,0.294476,0.208983
122.000000,200.302994,0.297495,0.221250
123.000000,200.302994,0.299336,0.220583
124.000000,200.302994,0.299994,0.234148
125.000000,200.302994,0.299465,0.243847
126.000000,200.302994,0.297751,0.241742
127.000000,200.302994,0.294854,0.253591
128.000000,200.302994,0.290790,0.255012
129.000000,200.302994,0.285576,0.250606
130.000000,200.302994,0.279232,0.260877
131.000000,200.302994,0.271783,0.254751
132.000000,200.302994,0.263259,0.251888
133.000000,200.302994,0.253694,0.260440
134.000000,200.302994,0.243124,0.244893
135.000000,200.302994,0.231588,0.245738
136.000000,200.302994,0.219137,0.246563
137.000000,200.302994,0.205818,0.228446
138.000000,200.302994,0.191685,0.222853
139.000000,200.302994,0.176794,0.225398
140.000000,200.302994,0.161204,0.203139
141.000000,200.302994,0.144975,0.201976
142.000000,200.302994,0.128172,0.191797
143.000000,200.302994,0.110861,0.169966
144.000000,200.302994,0.093111,0.161941
145.000000,200.302994,0.074992,0.155344
146.000000,200.302994,0.056577,0.139082
147.000000,200.302994,0.037939,0.126763
148.000000,200.302994,0.019150,0.109325
149.000000,200.302994,0.000285,0.093895
150.000000,200.302994,-0.018581,0.089723
151.000000,200.302994,-0.037374,0.058584
152.000000,200.302994,-0.056018,0.052710
153.000000,200.302994,-0.074441,0.043386
154.000000,200.302994,-0.092569,0.012115
155.000000,200.302994,-0.110330,0.004521
156.000000,200.302994,-0.127656,0.000058
157.000000,200.302994,-0.144477,-0.034212
158.000000,200.302994,-0.160724,-0.045812
159.000000,200.302994,-0.176335,-0.051988
160.000000,200.302994,-0.191247,-0.077822
161.000000,200.302994,-0.205403,-0.094140
162.000000,200.302994,-0.218746,-0.103451
163.000000,200.302994,-0.231224,-0.124434
164.000000,200.302994,-0.242787,-0.129176
165.000000,200.302994,-0.253390,-0.147899
166.000000,200.302994,-0.262987,-0.159185
167.000000,200.302994,-0.271543,-0.163787
168.000000,200.302994,-0.279023,-0.187630
169.000000,200.302994,-0.285400,-0.190360
170.000000,200.302994,-0.290648,-0.193106
171.000000,200.302994,-0.294746,-0.213798
172.000000,200.302994,-0.297678,-0.218676
173.000000,200.302994,-0.299433,-0.219991
174.000000,200.302994,-0.299997,-0.242250
175.000000,200.302994,-0.299375,-0.241839
176.000000,200.302994,-0.297568,-0.237578
177.000000,200.302994,-0.294583,-0.253118
178.000000,200.302994,-0.290434,-0.254138
179.000000,200.302994,-0.285135,-0.254728
180.000000,200.302994,-0.278709,-0.262700
181.000000,200.302994,-0.271179,-0.253283
182.000000,200.302994,-0.262571,-0.258141
183.000000,200.302994,-0.252925,-0.258413
184.000000,200.302994,-0.242279,-0.245427
185.000000,200.302994,-0.230674,-0.248970
186.000000,200.302994,-0.218156,-0.240401
187.000000,200.302994,-0.204776,-0.226704
188.000000,200.302994,-0.190585,-0.230524
189.000000,200.302994,-0.175639,-0.214239
190.000000,200.302994,-0.159996,-0.199113
191.000000,200.302994,-0.143720,-0.200930
192.000000,200.302994,-0.126875,-0.188077
193.000000,200.302994,-0.109529,-0.170377
194.000000,200.302994,-0.091749,-0.169330
195.000000,200.302994,-0.073607,-0.149473
196.000000,200.302994,-0.055172,-0.136346
197.000000,200.302994,-0.036519,-0.127151
198.000000,200.302994,-0.017722,-0.113441
199.000000,200.302994,0.001146,-0.087302
200.000000,200.302994,0.020009,-0.084542
201.000000,200.302994,0.038793,-0.062972
202.000000,200.302994,0.057423,-0.045255
203.000000,200.302994,0.075826,-0.039507
204.000000,200.302994,0.093930,-0.012934
205.000000,200.302994,0.111661,-0.010767
206.000000,200.302994,0.128949,0.008818
207.000000,200.302994,0.145727,0.033957
208.000000,200.302994,0.161928,0.037425
209.000000,200.302994,0.177489,0.052567
210.000000,200.302994,0.192347,0.081848
211.000000,200.302994,0.206445,0.084180
212.000000,200.302994,0.219726,0.106038
213.000000,200.302994,0.232135,0.128602
214.000000,200.302994,0.243624,0.130219
215.000000,200.302994,0.254149,0.147644
216.000000,200.302994,0.263669,0.167491
217.000000,200.302994,0.272146,0.165105
218.000000,200.302994,0.279546,0.181529
219.000000,200.302994,0.285841,0.198520
220.000000,200.302994,0.291004,0.198132
221.000000,200.302994,0.295011,0.211982
222.000000,200.302994,0.297851,0.218556
223.000000,200.302994,0.299512,0.225156
224.000000,200.302994,0.299989,0.247296
225.000000,200.302994,0.299278,0.233446
226.000000,200.302994,0.297384,0.246596
227.000000,200.302994,0.294313,0.258150
228.000000,200.302994,0.290077,0.250466
229.000000,200.302994,0.284689,0.254028
230.000000,200.302994,0.278174,0.263578
231.000000,200.302994,0.270559,0.253756
232.000000,200.302994,0.261874,0.256884
233.000000,200.302994,0.252153,0.259287
234.000000,200.302994,0.241434,0.243604
235.000000,200.302994,0.229760,0.244015
236.000000,200.302994,0.217176,0.247561
237.000000,200.302994,0.203729,0.230593
238.000000,200.302994,0.189477,0.222711
239.000000,200.302994,0.174475,0.224540
240.000000,200.302994,0.158783,0.203854
241.000000,200.302994,0.142463,0.198258
242.000000,200.302994,0.125579,0.191658
243.000000,200.302994,0.108198,0.168249
244.000000,200.302994,0.090388,0.164369
245.000000,200.302994,0.072220,0.147352
246.000000,200.302994,0.053766,0.133502
247.000000,200.302994,0.035099,0.129331
248.000000,200.302994,0.016294,0.103480
249.000000,200.302994,-0.002576,0.088315
250.000000,200.302994,-0.021435,0.088428
251.000000,200.302994,-0.040211,0.061732
252.000000,200.302994,-0.058826,0.051563
253.000000,200.302994,-0.077209,0.039811
254.000000,200.302994,-0.095285,0.012257
255.000000,200.302994,-0.112985,0.002947
256.000000,200.302994,-0.130238,0.002493
257.000000,200.302994,-0.146975,-0.040074
258.000000,200.302994,-0.163132,-0.047671
259.000000,200.302994,-0.178643,-0.050987
260.000000,200.302994,-0.193444,-0.078538
261.000000,200.302994,-0.207480,-0.092139
262.000000,200.302994,-0.220694,-0.101880
263.000000,200.302994,-0.233035,-0.121432
264.000000,200.302994,-0.244455,-0.132320
265.000000,200.302994,-0.254907,-0.148188
266.000000,200.302994,-0.264351,-0.161328
267.000000,200.302994,-0.272750,-0.167216
268.000000,200.302994,-0.280064,-0.185917
269.000000,200.302994,-0.286270,-0.195221
270.000000,200.302994,-0.291343,-0.188531
271.000000,200.302994,-0.295264,-0.216512
272.000000,200.302994,-0.298017,-0.217241
273.000000,200.302994,-0.299591,-0.225852
274.000000,200.302994,-0.299980,-0.240534
275.000000,200.302994,-0.299181,-0.243125
276.000000,200.302994,-0.297193,-0.237720
277.000000,200.302994,-0.294030,-0.257979
278.000000,200.302994,-0.289704,-0.254708
279.000000,200.302994,-0.284232,-0.249446
280.000000,200.302994,-0.277635,-0.264986
281.000000,200.302994,-0.269940,-0.253423
282.000000,200.302994,-0.261177,-0.249155
283.000000,200.302994,-0.251378,-0.258124
284.000000,200.302994,-0.240583,-0.250566
285.000000,200.302994,-0.228835,-0.245136
286.000000,200.302994,-0.216183,-0.241826
287.000000,200.302994,-0.202675,-0.226694
288.000000,200.302994,-0.188365,-0.228099
289.000000,200.302994,-0.173310,-0.215952
290.000000,200.302994,-0.157569,-0.199822
291.000000,200.302994,-0.141204,-0.202785
292.000000,200.302994,-0.124278,-0.187643
293.000000,200.302994,-0.106861,-0.164797
294.000000,200.302994,-0.089022,-0.164897
295.000000,200.302994,-0.070830,-0.146326
296.000000,200.302994,-0.052358,-0.127767
297.000000,200.302994,-0.033678,-0.126293
298.000000,200.302994,-0.014865,-0.106436
299.000000,200.302994,0.004006,-0.083157
300.000000,200.302994,0.022862,-0.081967
301.000000,200.302994,0.041627,-0.061968
302.000000,200.302994,0.060228,-0.042833
303.000000,200.302994,0.078590,-0.038930
304.000000,200.302994,0.096641,-0.013500
305.000000,200.302994,0.114310,0.000644
306.000000,200.302994,0.131527,0.011969
307.000000,200.302994,0.148222,0.033536
308.000000,200.302994,0.164330,0.040706
309.000000,200.302994,0.179787,0.059863
310.000000,200.302994,0.194533,0.085572
311.000000,200.302994,0.208509,0.084180
312.000000,200.302994,0.221661,0.112337
313.000000,200.302994,0.233936,0.126458
314.000000,200.302994,0.245285,0.118208
315.000000,200.302994,0.255660,0.145646
316.000000,200.302994,0.265023,0.173355
317.000000,200.302994,0.273337,0.167964
318.000000,200.302994,0.280570,0.183103
319.000000,200.302994,0.286694,0.201665
320.000000,200.302994,0.291682,0.202565
321.000000,200.302994,0.295518,0.215130
322.000000,200.302994,0.298182,0.232406
323.000000,200.302994,0.299663,0.226730
324.000000,200.302994,0.299958,0.238148
325.000000,200.302994,0.299067,0.240570
326.000000,200.302994,0.296992,0.245745
327.000000,200.302994,0.293743,0.252302
328.000000,200.302994,0.289331,0.246739
329.000000,200.302994,0.283775,0.250460
330.000000,200.302994,0.277094,0.266732
331.000000,200.302994,0.269313,0.253326
332.000000,200.302994,0.260468,0.255602
333.000000,200.302994,0.250591,0.259721
334.000000,200.302994,0.239724,0.243462
335.000000,200.302994,0.227908,0.242587
336.000000,200.302994,0.215190,0.247133
337.000000,200.302994,0.201621,0.224301
338.000000,200.302994,0.187252,0.218708
339.000000,200.302994,0.172141,0.223539
340.000000,200.302994,0.156349,0.203854
341.000000,200.302994,0.139939,0.197258
342.000000,200.302994,0.122975,0.190797
343.000000,200.302994,0.105524,0.168249
344.000000,200.302994,0.087656,0.162511
345.000000,200.302994,0.069441,0.147485
346.000000,200.302994,0.050950,0.132502
347.000000,200.302994,0.032257,0.121899
348.000000,200.302994,0.013437,0.103040
349.000000,200.302994,-0.005436,0.090747
350.000000,200.302994,-0.024288,0.084286
351.000000,200.302994,-0.043043,0.089604
352.000000,200.302994,-0.061628,0.045417
353.000000,200.302994,-0.079970,0.038098
354.000000,200.302994,-0.097994,0.007112
355.000000,200.302994,-0.115630,-0.002914
356.000000,200.302994,-0.132809,-0.010379
357.000000,200.302994,-0.149462,-0.039931
358.000000,200.302994,-0.165523,-0.031644
359.000000,200.302994,-0.180930,-0.059993
360.000000,200.302994,-0.195622,-0.086404
361.000000,200.302994,-0.209539,-0.094717
362.000000,200.302994,-0.222623,-0.110452
363.000000,200.302994,-0.234827,-0.129013
364.000000,200.302994,-0.246102,-0.129752
365.000000,200.302994,-0.256403,-0.156040
366.000000,200.302994,-0.265689,-0.158327
367.000000,200.302994,-0.273925,-0.166649
368.000000,200.302994,-0.281077,-0.189346
369.000000,200.302994,-0.287116,-0.194793
370.000000,200.302994,-0.292014,-0.197540
371.000000,200.302994,-0.295758,-0.221661
372.000000,200.302994,-0.298331,-0.222966
373.000000,200.302994,-0.299725,-0.222423
374.000000,200.302994,-0.299932,-0.241250
375.000000,200.302994,-0.298953,-0.244841
376.000000,200.302994,-0.296791,-0.241438
377.000000,200.302994,-0.293453,-0.254119
378.000000,200.302994,-0.288950,-0.248847
379.000000,200.302994,-0.283305,-0.258595
380.000000,200.302994,-0.276538,-0.262985
381.000000,200.302994,-0.268678,-0.252707
382.000000,200.302994,-0.259755,-0.257720
383.000000,200.302994,-0.249804,-0.259413
384.000000,200.302994,-0.238865,-0.245139
385.000000,200.302994,-0.226978,-0.247545
386.000000,200.302994,-0.214191,-0.239686
387.000000,200.302994,-0.200557,-0.222844
388.000000,200.302994,-0.186130,-0.227092
389.000000,200.302994,-0.170966,-0.213096
390.000000,200.302994,-0.155126,-0.198255
391.000000,200.302994,-0.138673,-0.199213
392.000000,200.302994,-0.121670,-0.183359
393.000000,200.302994,-0.104184,-0.163942
394.000000,200.302994,-0.086286,-0.167329
395.000000,200.302994,-0.068047,-0.146614
396.000000,200.302994,-0.049538,-0.121333
397.000000,200.302994,-0.030834,-0.125293
398.000000,200.302994,-0.012008,-0.104866
399.000000,200.302994,0.006867,-0.087295
400.000000,200.302994,0.025714,-0.079254
401.000000,200.302994,0.044459,-0.059543
402.000000,200.302994,0.063028,-0.051958
403.000000,200.302994,0.081347,-0.034216
404.000000,200.302994,0.099344,-0.007361
405.000000,200.302994,0.116949,-0.006616
406.000000,200.302994,0.134091,0.014964
407.000000,200.302994,0.150702,0.045964
408.000000,200.302994,0.166717,0.044002
409.000000,200.302994,0.182070,0.064432
410.000000,200.302994,0.196702,0.085850
411.000000,200.302994,0.210556,0.087609
412.000000,200.302994,0.223578,0.109756
413.000000,200.302994,0.235714,0.130458
414.000000,200.302994,0.246918,0.133648
415.000000,200.302994,0.257146,0.149645
416.000000,200.302994,0.266354,0.169065
417.000000,200.302994,0.274506,0.168965
418.000000,200.302994,0.281571,0.184677
419.000000,200.302994,0.287522,0.199955
420.000000,200.302994,0.292336,0.201707
421.000000,200.302994,0.295994,0.217701
422.000000,200.302994,0.298480,0.219563
423.000000,200.302994,0.299786,0.227011
424.000000,200.302994,0.299903,0.241998
425.000000,200.302994,0.298830,0.236739
426.000000,200.302994,0.296576,0.246166
427.000000,200.302994,0.293148,0.259721
428.000000,200.302994,0.288560,0.257186
429.000000,200.302994,0.282831,0.257742
430.000000,200.302994,0.275983,0.260430
431.000000,200.302994,0.268043,0.253756
432.000000,200.302994,0.259039,0.253594
433.000000,200.302994,0.249009,0.258856
434.000000,200.302994,0.237994,0.243604
435.000000,200.302994,0.226037,0.243300
436.000000,200.302994,0.213186,0.242558
437.000000,200.302994,0.199492,0.226730
438.000000,200.302994,0.185008,0.224566
439.000000,200.302994,0.169792,0.213400
440.000000,200.302994,0.153902,0.201704
441.000000,200.302994,0.137403,0.198394
442.000000,200.302994,0.120360,0.178544
443.000000,200.302994,0.102841,0.165098
444.000000,200.302994,0.084916,0.161351
445.000000,200.302994,0.066654,0.136083
446.000000,200.302994,0.048128,0.166371
447.000000,200.302994,0.029412,0.122883
448.000000,200.302994,0.010579,0.092758
449.000000,200.302994,-0.008296,0.083163
450.000000,200.302994,-0.027138,0.078127
451.000000,200.302994,-0.045872,0.049148
452.000000,200.302994,-0.064425,0.042266
453.000000,200.302994,-0.082723,0.024510
454.000000,200.302994,-0.100694,0.006396
455.000000,200.302994,-0.118266,-0.004777
456.000000,200.302994,-0.135369,-0.013948
457.000000,200.302994,-0.151936,-0.038646
458.000000,200.302994,-0.167902,-0.048390
459.000000,200.302994,-0.183203,-0.066550
460.000000,200.302994,-0.197780,-0.085118
461.000000,200.302994,-0.211574,-0.093150
462.000000,200.302994,-0.224531,-0.116284
463.000000,200.302994,-0.236599,-0.126731
464.000000,200.302994,-0.247728,-0.122466
465.000000,200.302994,-0.257877,-0.152313
466.000000,200.302994,-0.267005,-0.161908
467.000000,200.302994,-0.275077,-0.172090
468.000000,200.302994,-0.282061,-0.188203
469.000000,200.302994,-0.287929,-0.195512
470.000000,200.302994,-0.292658,-0.194683
471.000000,200.302994,-0.296227,-0.222801
472.000000,200.302994,-0.298621,-0.224964
473.000000,200.302994,-0.299833,-0.225995
474.000000,200.302994,-0.299859,-0.241819
475.000000,200.302994,-0.298699,-0.244695
476.000000,200.302994,-0.296357,-0.241296
477.000000,200.302994,-0.292843,-0.259552
478.000000,200.302994,-0.288170,-0.256282
479.000000,200.302994,-0.282354,-0.247588
480.000000,200.302994,-0.275418,-0.262839
481.000000,200.302994,-0.267394,-0.261573
482.000000,200.302994,-0.258311,-0.250586
483.000000,200.302994,-0.248207,-0.254549
484.000000,200.302994,-0.237120,-0.245417
485.000000,200.302994,-0.225096,-0.241276
486.000000,200.302994,-0.212181,-0.242253
487.000000,200.302994,-0.198422,-0.225266
488.000000,200.302994,-0.183879,-0.226237
489.000000,200.302994,-0.168608,-0.214378
490.000000,200.302994,-0.152670,-0.197964
491.000000,200.302994,-0.136129,-0.197924
492.000000,200.302994,-0.119048,-0.186215
493.000000,200.302994,-0.101497,-0.161080
494.000000,200.302994,-0.083544,-0.160752
495.000000,200.302994,-0.065258,-0.142038
496.000000,200.302994,-0.046715,-0.125624
497.000000,200.302994,-0.027987,-0.120001
498.000000,200.302994,-0.009149,-0.103719
0.000000,209.190994,0.019094,-0.092689
1.000000,209.190994,0.038714,-0.063966
2.000000,209.190994,0.058168,-0.048983
3.000000,209.190994,0.077369,-0.044507
4.000000,209.190994,0.096237,-0.022506
5.000000,209.190994,0.114691,0.000916
6.000000,209.190994,0.132646,0.003106
7.000000,209.190994,0.150031,0.028539
8.000000,209.190994,0.166770,0.049251
9.000000,209.190994,0.182784,0.051862
10.000000,209.190994,0.198012,0.076718
11.000000,209.190994,0.212386,0.087450
12.000000,209.190994,0.225839,0.104905
13.000000,209.190994,0.238322,0.126183
14.000000,209.190994,0.249774,0.126359
15.000000,209.190994,0.260145,0.142932
16.000000,209.190994,0.269398,0.167067
17.000000,209.190994,0.277483,0.168537
18.000000,209.190994,0.284371,0.188683
19.000000,209.190994,0.290036,0.204524
20.000000,209.190994,0.294442,0.204997
21.000000,209.190994,0.297579,0.218562
22.000000,209.190994,0.299437,0.225259
23.000000,209.190994,0.299992,0.225586
24.000000,209.190994,0.299257,0.235434
25.000000,209.190994,0.297233,0.243992
26.000000,209.190994,0.293919,0.243886
27.000000,209.190994,0.289341,0.252302
28.000000,209.190994,0.283514,0.248585
29.000000,209.190994,0.276458,0.255466
30.000000,209.190994,0.268214,0.260874
31.000000,209.190994,0.258809,0.249462
32.000000,209.190994,0.248286,0.248740
33.000000,209.190994,0.236695,0.242849
34.000000,209.190994,0.224078,0.236885
35.000000,209.190994,0.210494,0.234012
36.000000,209.190994,0.196005,0.233837
37.000000,209.190994,0.180664,0.215150
38.000000,209.190994,0.164546,0.209414
39.000000,209.190994,0.147720,0.208384
40.000000,209.190994,0.130251,0.184551
41.000000,209.190994,0.112223,0.177669
42.000000,209.190994,0.093711,0.174068
43.000000,209.190994,0.074792,0.162242
44.000000,209.190994,0.055552,0.141637
45.000000,209.190994,0.036071,0.127035
46.000000,209.190994,0.016434,0.091608
47.000000,209.190994,-0.003273,0.097165
48.000000,209.190994,-0.022966,0.073584
49.000000,209.190994,-0.042560,0.061580
50.000000,209.190994,-0.061971,0.053833
51.000000,209.190994,-0.081112,0.028990
52.000000,209.190994,-0.099905,0.016677
53.000000,209.190994,-0.118268,0.009213
54.000000,209.190994,-0.136116,-0.020913
55.000000,209.190994,-0.153379,-0.034799
56.000000,209.190994,-0.169981,-0.041978
57.000000,209.190994,-0.185846,-0.045514
58.000000,209.190994,-0.200911,-0.081271
59.000000,209.190994,-0.215109,-0.096738
60.000000,209.190994,-0.228375,-0.119143
61.000000,209.190994,-0.240660,-0.125737
62.000000,209.190994,-0.251902,-0.136912
63.000000,209.190994,-0.262056,-0.160895
64.000000,209.190994,-0.271084,-0.165921
65.000000,209.190994,-0.278935,-0.178362
66.000000,209.190994,-0.285583,-0.193213
67.000000,209.190994,-0.291005,-0.194952
68.000000,209.190994,-0.295160,-0.220091
69.000000,209.190994,-0.298046,-0.220670
70.000000,209.190994,-0.299648,-0.220269
71.000000,209.190994,-0.299949,-0.243536
72.000000,209.190994,-0.298961,-0.245838
73.000000,209.190994,-0.296682,-0.238148
74.000000,209.190994,-0.293117,-0.256832
75.000000,209.190994,-0.288292,-0.256136
76.000000,209.190994,-0.282220,-0.246299
77.000000,209.190994,-0.274928,-0.261123
78.000000,209.190994,-0.266454,-0.259281
79.000000,209.190994,-0.256824,-0.246729
80.000000,209.190994,-0.246086,-0.253691
81.000000,209.190994,-0.234291,-0.247273
82.000000,209.190994,-0.221477,-0.233145
83.000000,209.190994,-0.207710,-0.239106
84.000000,209.190994,-0.193049,-0.227830
85.000000,209.190994,-0.177549,-0.217549
86.000000,209.190994,-0.161286,-0.215087
87.000000,209.190994,-0.144327,-0.197808
88.000000,209.190994,-0.126742,-0.195794
89.000000,209.190994,-0.108613,-0.189926
90.000000,209.190994,-0.090014,-0.158210
91.000000,209.190994,-0.071025,-0.155600
92.000000,209.190994,-0.051731,-0.136740
93.000000,209.190994,-0.032213,-0.115896
94.000000,209.190994,-0.012556,-0.114710
95.000000,209.190994,0.007156,-0.094280
96.000000,209.190994,0.026836,-0.071288
97.000000,209.190994,0.046400,-0.069957
98.000000,209.190994,0.065765,-0.047383
99.000000,209.190994,0.084844,-0.025107
100.000000,209.190994,0.103558,-0.033212
101.000000,209.190994,0.121826,0.001231
102.000000,209.190994,0.139565,0.024080
103.000000,209.190994,0.156704,0.037425
104.000000,209.190994,0.173167,0.053704
105.000000,209.190994,0.188879,0.073127
106.000000,209.190994,0.203779,0.130202
107.000000,209.190994,0.217797,0.098311
108.000000,209.190994,0.230874,0.096738
109.000000,209.190994,0.242959,0.116203
110.000000,209.190994,0.253989,0.138913
111.000000,209.190994,0.263924,0.143803
112.000000,209.190994,0.272725,0.160665
113.000000,209.190994,0.280340,0.180797
114.000000,209.190994,0.286749,0.181980
115.000000,209.190994,0.291923,0.201270
116.000000,209.190994,0.295829,0.215107
117.000000,209.190994,0.298464,0.212148
118.000000,209.190994,0.299810,0.226143
119.000000,209.190994,0.299856,0.241985
120.000000,209.190994,0.298614,0.235881
121.000000,209.190994,0.296080,0.246444
122.000000,209.190994,0.292266,0.256139
123.000000,209.190994,0.287195,0.250178
124.000000,209.190994,0.280879,0.254880
125.000000,209.190994,0.273351,0.256861
126.000000,209.190994,0.264648,0.253322
127.000000,209.190994,0.254795,0.251586
128.000000,209.190994,0.243846,0.251023
129.000000,209.190994,0.231847,0.244025
130.000000,209.190994,0.218840,0.243287
131.000000,209.190994,0.204892,0.224301
132.000000,209.190994,0.190061,0.221143
133.000000,209.190994,0.174405,0.221114
134.000000,209.190994,0.158000,0.204712
135.000000,209.190994,0.140912,0.198119
136.000000,209.190994,0.123214,0.192798
137.000000,209.190994,0.104986,0.167679
138.000000,209.190994,0.086303,0.168375
139.000000,209.190994,0.067248,0.154479
140.000000,209.190994,0.047904,0.129645
141.000000,209.190994,0.028351,0.122621
142.000000,209.190994,0.008677,0.111731
143.000000,209.190994,-0.011035,0.088467
144.000000,209.190994,-0.030699,0.074863
145.000000,209.190994,-0.050231,0.058840
146.000000,209.190994,-0.069546,0.039278
147.000000,209.190994,-0.088560,0.021813
148.000000,209.190994,-0.107192,0.000382
149.000000,209.190994,-0.125362,-0.003763
150.000000,209.190994,-0.142989,-0.018805
151.000000,209.190994,-0.160001,-0.044934
152.000000,209.190994,-0.176321,-0.056527
153.000000,209.190994,-0.191878,-0.062422
154.000000,209.190994,-0.206611,-0.093548
155.000000,209.190994,-0.220447,-0.104717
156.000000,209.190994,-0.233333,-0.109607
157.000000,209.190994,-0.245216,-0.136873
158.000000,209.190994,-0.256033,-0.142465
159.000000,209.190994,-0.265748,-0.147071
160.000000,209.190994,-0.274319,-0.175049
161.000000,209.190994,-0.281698,-0.180072
162.000000,209.190994,-0.287866,-0.184816
163.000000,209.190994,-0.292792,-0.208080
164.000000,209.190994,-0.296449,-0.213676
165.000000,209.190994,-0.298831,-0.220123
166.000000,209.190994,-0.299921,-0.228957
167.000000,209.190994,-0.299714,-0.232552
168.000000,209.190994,-0.298218,-0.248413
169.000000,209.190994,-0.295430,-0.251693
170.000000,209.190994,-0.291366,-0.243714
171.000000,209.190994,-0.286050,-0.263697
172.000000,209.190994,-0.279491,-0.256703
173.000000,209.190994,-0.271729,-0.245722
174.000000,209.190994,-0.262798,-0.258548
175.000000,209.190994,-0.252724,-0.251130
176.000000,209.190994,-0.241564,-0.238864
177.000000,209.190994,-0.229363,-0.248542
178.000000,209.190994,-0.216166,-0.237406
179.000000,209.190994,-0.202040,-0.222565
180.000000,209.190994,-0.187041,-0.231525
181.000000,209.190994,-0.171232,-0.218391
182.000000,209.190994,-0.154687,-0.197543
183.000000,209.190994,-0.137472,-0.203931
184.000000,209.190994,-0.119663,-0.180645
185.000000,209.190994,-0.101340,-0.167368
186.000000,209.190994,-0.082577,-0.162899
187.000000,209.190994,-0.063458,-0.137323
188.000000,209.190994,-0.044067,-0.135753
189.000000,209.190994,-0.024483,-0.127155
190.000000,209.190994,-0.004795,-0.101443
191.000000,209.190994,0.014915,-0.094409
192.000000,209.190994,0.034559,-0.077117
193.000000,209.190994,0.054055,-0.048691
194.000000,209.190994,0.073318,-0.048221
195.000000,209.190994,0.092263,-0.023215
196.000000,209.190994,0.110811,0.001062
197.000000,209.190994,0.128880,0.003679
198.000000,209.190994,0.146391,0.023251
199.000000,209.190994,0.163273,0.048386
200.000000,209.190994,0.179447,0.051292
201.000000,209.190994,0.194847,0.072149
202.000000,209.190994,0.209410,0.095286
203.000000,209.190994,0.223063,0.101048
204.000000,209.190994,0.235755,0.125053
205.000000,209.190994,0.247433,0.137472
206.000000,209.190994,0.258035,0.144801
207.000000,209.190994,0.267528,0.160364
208.000000,209.190994,0.275867,0.166944
209.000000,209.190994,0.283010,0.181400
210.000000,209.190994,0.288936,0.198818
211.000000,209.190994,0.293613,0.197562
212.000000,209.190994,0.297019,0.212565
213.000000,209.190994,0.299149,0.230123
214.000000,209.190994,0.299983,0.226302
215.000000,209.190994,0.299521,0.237011
216.000000,209.190994,0.297772,0.248277
217.000000,209.190994,0.294729,0.240745
218.000000,209.190994,0.290417,0.254167
219.000000,209.190994,0.284857,0.263574
220.000000,209.190994,0.278057,0.250324
221.000000,209.190994,0.270062,0.263465
222.000000,209.190994,0.260903,0.262289
223.000000,209.190994,0.250611,0.246603
224.000000,209.190994,0.239243,0.247156
225.000000,209.190994,0.226841,0.243280
226.000000,209.190994,0.213456,0.235162
227.000000,209.190994,0.199154,0.232710
228.000000,209.190994,0.183990,0.215000
229.000000,209.190994,0.168030,0.209852
230.000000,209.190994,0.151348,0.206108
231.000000,209.190994,0.134010,0.185412
232.000000,209.190994,0.116094,0.179107
233.000000,209.190994,0.097679,0.175645
234.000000,209.190994,0.078839,0.155095
235.000000,209.190994,0.059660,0.146358
236.000000,209.190994,0.040224,0.138466
237.000000,209.190994,0.020613,0.107913
238.000000,209.190994,0.000914,0.104607
239.000000,209.190994,-0.018790,0.093998
240.000000,209.190994,-0.038412,0.065589
241.000000,209.190994,-0.057868,0.052134
242.000000,209.190994,-0.077075,0.041528
243.000000,209.190994,-0.095948,0.015117
244.000000,209.190994,-0.114408,0.006373
245.000000,209.190994,-0.132373,-0.009505
246.000000,209.190994,-0.149766,-0.030498
247.000000,209.190994,-0.166516,-0.039672
248.000000,209.190994,-0.182542,-0.067816
249.000000,209.190994,-0.197782,-0.080403
250.000000,209.190994,-0.212172,-0.086437
251.000000,209.190994,-0.225639,-0.112851
252.000000,209.190994,-0.238135,-0.122016
253.000000,209.190994,-0.249606,-0.127333
254.000000,209.190994,-0.259993,-0.157174
255.000000,209.190994,-0.269262,-0.162054
256.000000,209.190994,-0.277368,-0.163369
257.000000,209.190994,-0.284273,-0.189061
258.000000,209.190994,-0.289957,-0.195085
259.000000,209.190994,-0.294384,-0.196400
260.000000,209.190994,-0.297540,-0.218517
261.000000,209.190994,-0.299417,-0.223825
262.000000,209.190994,-0.299994,-0.223708
263.000000,209.190994,-0.299278,-0.242538
264.000000,209.190994,-0.297276,-0.242701
265.000000,209.190994,-0.293980,-0.245431
266.000000,209.190994,-0.289421,-0.254549
267.000000,209.190994,-0.283614,-0.260434
268.000000,209.190994,-0.276576,-0.262710
269.000000,209.190994,-0.268349,-0.260702
270.000000,209.190994,-0.258964,-0.249576
271.000000,209.190994,-0.248456,-0.255547
272.000000,209.190994,-0.236881,-0.247551
273.000000,209.190994,-0.224280,-0.235428
274.000000,209.190994,-0.210710,-0.198507
275.000000,209.190994,-0.196234,-0.230541
276.000000,209.190994,-0.180907,-0.218987
277.000000,209.190994,-0.164800,-0.223089
278.000000,209.190994,-0.147984,-0.206377
279.000000,209.190994,-0.130525,-0.187391
280.000000,209.190994,-0.112504,-0.184343
281.000000,209.190994,-0.093999,-0.170778
282.000000,209.190994,-0.075085,-0.147498
283.000000,209.190994,-0.055849,-0.143596
284.000000,209.190994,-0.036372,-0.124027
285.000000,209.190994,-0.016737,-0.116456
286.000000,209.190994,0.002970,-0.098272
287.000000,209.190994,0.022664,-0.081136
288.000000,209.190994,0.042260,-0.068393
289.000000,209.190994,0.061674,-0.056382
290.000000,209.190994,0.080821,-0.028672
291.000000,209.190994,0.099619,-0.025342
292.000000,209.190994,0.117989,0.046580
293.000000,209.190994,0.135846,0.020939
294.000000,209.190994,0.153119,0.018258
295.000000,209.190994,0.169733,0.039546
296.000000,209.190994,0.185608,0.068972
297.000000,209.190994,0.200686,0.071019
298.000000,209.190994,0.214899,0.092735
299.000000,209.190994,0.228179,0.110733
300.000000,209.190994,0.240478,0.121776
301.000000,209.190994,0.251738,0.137485
302.000000,209.190994,0.261908,0.146507
303.000000,209.190994,0.270952,0.161381
304.000000,209.190994,0.278824,0.184087
305.000000,209.190994,0.285490,0.176549
306.000000,209.190994,0.290929,0.200843
307.000000,209.190994,0.295106,0.215680
308.000000,209.190994,0.298011,0.213148
309.000000,209.190994,0.299634,0.227144
310.000000,209.190994,0.299955,0.245560
311.000000,209.190994,0.298985,0.233880
312.000000,209.190994,0.296728,0.245586
313.000000,209.190994,0.293182,0.255138
314.000000,209.190994,0.288375,0.250894
315.000000,209.190994,0.282324,0.254307
316.000000,209.190994,0.275049,0.260576
317.000000,209.190994,0.266592,0.252468
318.000000,209.190994,0.256982,0.256593
319.000000,209.190994,0.246260,0.254728
320.000000,209.190994,0.234480,0.244313
321.000000,209.190994,0.221683,0.244290
322.000000,209.190994,0.207929,0.227727
323.000000,209.190994,0.193282,0.226150
324.000000,209.190994,0.177795,0.227267
325.000000,209.190994,0.161543,0.201568
326.000000,209.190994,0.144595,0.192119
327.000000,209.190994,0.127019,0.193232
328.000000,209.190994,0.108897,0.176115
329.000000,209.190994,0.090305,0.162945
330.000000,209.190994,0.071321,0.163203
331.000000,209.190994,0.052031,0.135079
332.000000,209.190994,0.032516,0.128340
333.000000,209.190994,0.012861,0.110727
334.000000,209.190994,-0.006850,0.090469
335.000000,209.190994,-0.026532,0.078869
336.000000,209.190994,-0.046098,0.071122
337.000000,209.190994,-0.065467,0.042710
338.000000,209.190994,-0.084551,0.032253
339.000000,209.190994,-0.103271,0.010372
340.000000,209.190994,-0.121548,-0.006334
341.000000,209.190994,-0.139295,-0.000631
342.000000,209.190994,-0.156443,-0.039222
343.000000,209.190994,-0.172918,-0.051236
344.000000,209.190994,-0.188642,-0.062130
345.000000,209.190994,-0.203554,-0.090403
346.000000,209.190994,-0.217588,-0.100568
347.000000,209.190994,-0.230679,-0.105031
348.000000,209.190994,-0.242778,-0.135441
349.000000,209.190994,-0.253827,-0.138890
350.000000,209.190994,-0.263779,-0.141352
351.000000,209.190994,-0.272597,-0.171616
352.000000,209.190994,-0.280232,-0.182928
353.000000,209.190994,-0.286659,-0.180814
354.000000,209.190994,-0.291853,-0.205933
355.000000,209.190994,-0.295779,-0.211956
356.000000,209.190994,-0.298432,-0.211555
357.000000,209.190994,-0.299800,-0.230955
358.000000,209.190994,-0.299866,-0.233834
359.000000,209.190994,-0.298642,-0.234430
360.000000,209.190994,-0.296130,-0.250689
361.000000,209.190994,-0.292334,-0.248419
362.000000,209.190994,-0.287282,-0.255576
363.000000,209.190994,-0.280987,-0.260414
364.000000,209.190994,-0.273476,-0.252574
365.000000,209.190994,-0.264790,-0.263986
366.000000,209.190994,-0.254957,-0.256557
367.000000,209.190994,-0.244022,-0.247863
368.000000,209.190994,-0.232039,-0.246395
369.000000,209.190994,-0.219048,-0.238261
370.000000,209.190994,-0.205114,-0.225137
371.000000,209.190994,-0.190297,-0.227668
372.000000,209.190994,-0.174653,-0.215816
373.000000,209.190994,-0.158258,-0.199259
374.000000,209.190994,-0.141180,-0.198213
375.000000,209.190994,-0.123490,-0.185648
376.000000,209.190994,-0.105270,-0.179386
377.000000,209.190994,-0.086594,-0.165755
378.000000,209.190994,-0.067544,-0.149473
379.000000,209.190994,-0.048203,-0.127333
380.000000,209.190994,-0.028653,-0.123149
381.000000,209.190994,-0.008980,-0.105154
382.000000,209.190994,0.010732,-0.093574
383.000000,209.190994,0.030398,-0.076968
384.000000,209.190994,0.049932,-0.055116
385.000000,209.190994,0.069252,-0.050799
386.000000,209.190994,0.088270,-0.028073
387.000000,209.190994,0.106909,-0.001649
388.000000,209.190994,0.125088,0.000392
389.000000,209.190994,0.142723,0.022681
390.000000,209.190994,0.159744,0.044957
391.000000,209.190994,0.176076,0.048436
392.000000,209.190994,0.191645,0.068866
393.000000,209.190994,0.206390,0.096430
394.000000,209.190994,0.220243,0.100621
395.000000,209.190994,0.233142,0.115186
396.000000,209.190994,0.245040,0.136892
397.000000,209.190994,0.255875,0.139082
398.000000,209.190994,0.265607,0.155079
399.000000,209.190994,0.274196,0.174787
400.000000,209.190994,0.281594,0.173113
401.000000,209.190994,0.287780,0.196969
402.000000,209.190994,0.292728,0.203682
403.000000,209.190994,0.296403,0.209712
404.000000,209.190994,0.298803,0.229135
405.000000,209.190994,0.299916,0.224437
406.000000,209.190994,0.299727,0.235301
407.000000,209.190994,0.298249,0.246855
408.000000,209.190994,0.295483,0.241746
409.000000,209.190994,0.291438,0.250168
410.000000,209.190994,0.286140,0.261576
411.000000,209.190994,0.279603,0.251043
412.000000,209.190994,0.271858,0.255741
413.000000,209.190994,0.262944,0.261861
414.000000,209.190994,0.252889,0.246033
415.000000,209.190994,0.241744,0.245589
416.000000,209.190994,0.229560,0.249990
417.000000,209.190994,0.216377,0.233449
418.000000,209.190994,0.202264,0.232432
419.000000,209.190994,0.187280,0.231690
420.000000,209.190994,0.171482,0.215434
421.000000,209.190994,0.154947,0.207121
422.000000,209.190994,0.137743,0.194958
423.000000,209.190994,0.119943,0.176112
424.000000,209.190994,0.101627,0.174946
425.000000,209.190994,0.082871,0.153084
426.000000,209.190994,0.063756,0.145510
427.000000,209.190994,0.044368,0.137475
428.000000,209.190994,0.024787,0.117638
429.000000,209.190994,0.005100,0.102181
430.000000,209.190994,-0.014610,0.097434
431.000000,209.190994,-0.034256,0.069306
432.000000,209.190994,-0.053755,0.056136
433.000000,209.190994,-0.073022,0.047386
434.000000,209.190994,-0.091972,0.018549
435.000000,209.190994,-0.110526,0.010524
436.000000,209.190994,-0.128604,0.000631
437.000000,209.190994,-0.146124,-0.030922
438.000000,209.190994,-0.163016,-0.040236
439.000000,209.190994,-0.179203,-0.052415
440.000000,209.190994,-0.194615,-0.080254
441.000000,209.190994,-0.209190,-0.088564
442.000000,209.190994,-0.222859,-0.107155
443.000000,209.190994,-0.235565,-0.122294
444.000000,209.190994,-0.247259,-0.129325
445.000000,209.190994,-0.257880,-0.151601
446.000000,209.190994,-0.267389,-0.167478
447.000000,209.190994,-0.275749,-0.164078
448.000000,209.190994,-0.282909,-0.185771
449.000000,209.190994,-0.288853,-0.191364
450.000000,209.190994,-0.293552,-0.195538
451.000000,209.190994,-0.296976,-0.214942
452.000000,209.190994,-0.299125,-0.227254
453.000000,209.190994,-0.299981,-0.224709
454.000000,209.190994,-0.299538,-0.233957
455.000000,209.190994,-0.297807,-0.239553
456.000000,209.190994,-0.294787,-0.241438
457.000000,209.190994,-0.290493,-0.256408
458.000000,209.190994,-0.284951,-0.254854
459.000000,209.190994,-0.278172,-0.254867
460.000000,209.190994,-0.270194,-0.260414
461.000000,209.190994,-0.261054,-0.251428
462.000000,209.190994,-0.250779,-0.256133
463.000000,209.190994,-0.239425,-0.251123
464.000000,209.190994,-0.227041,-0.239997
465.000000,209.190994,-0.213670,-0.244109
466.000000,209.190994,-0.199380,-0.229683
467.000000,209.190994,-0.184230,-0.218702
468.000000,209.190994,-0.168282,-0.219660
469.000000,209.190994,-0.151610,-0.201373
470.000000,209.190994,-0.134282,-0.186248
471.000000,209.190994,-0.116374,-0.183912
472.000000,209.190994,-0.097965,-0.169492
473.000000,209.190994,-0.079131,-0.149357
474.000000,209.190994,-0.059957,-0.147171
475.000000,209.190994,-0.040524,-0.129603
476.000000,209.190994,-0.020915,-0.117165
477.000000,209.190994,-0.001217,-0.105280
0.000000,218.473999,0.005738,-0.099846
1.000000,218.473999,0.026295,-0.078564
2.000000,218.473999,0.046728,-0.074821
3.000000,218.473999,0.066941,-0.050524
4.000000,218.473999,0.086840,-0.024385
5.000000,218.473999,0.106328,-0.020628
6.000000,218.473999,0.125317,-0.000913
7.000000,218.473999,0.143714,0.027797
8.000000,218.473999,0.161436,0.035994
9.000000,218.473999,0.178398,0.045984
10.000000,218.473999,0.194517,0.070980
11.000000,218.473999,0.209725,0.078030
12.000000,218.473999,0.223940,0.101032
13.000000,218.473999,0.237104,0.118738
14.000000,218.473999,0.249151,0.128930
15.000000,218.473999,0.260022,0.145924
16.000000,218.473999,0.269675,0.156358
17.000000,218.473999,0.278050,0.168677
18.000000,218.473999,0.285121,0.185810
19.000000,218.473999,0.290848,0.184978
20.000000,218.473999,0.295204,0.202844
21.000000,218.473999,0.298176,0.221117
22.000000,218.473999,0.299734,0.218297
23.000000,218.473999,0.299888,0.229579
24.000000,218.473999,0.298627,0.243989
25.000000,218.473999,0.295959,0.239744
26.000000,218.473999,0.291903,0.248449
27.000000,218.473999,0.286463,0.255997
28.000000,218.473999,0.279681,0.248034
29.000000,218.473999,0.271579,0.254164
30.000000,218.473999,0.262199,0.257855
31.000000,218.473999,0.251588,0.245175
32.000000,218.473999,0.239785,0.244015
33.000000,218.473999,0.226859,0.245563
34.000000,218.473999,0.212861,0.233880
35.000000,218.473999,0.197862,0.231856
36.000000,218.473999,0.181933,0.219268
37.000000,218.473999,0.165143,0.209712
38.000000,218.473999,0.147580,0.204540
39.000000,218.473999,0.129319,0.195412
40.000000,218.473999,0.110450,0.172961
41.000000,218.473999,0.091062,0.170360
42.000000,218.473999,0.071243,0.146378
43.000000,218.473999,0.051090,0.134211
44.000000,218.473999,0.030696,0.132750
45.000000,218.473999,0.010157,0.104338
46.000000,218.473999,-0.010429,0.094027
47.000000,218.473999,-0.030966,0.087706
48.000000,218.473999,-0.051358,0.054151
49.000000,218.473999,-0.071507,0.044553
50.000000,218.473999,-0.091320,0.033374
51.000000,218.473999,-0.110703,0.005107
52.000000,218.473999,-0.129564,-0.006493
53.000000,218.473999,-0.147817,-0.017665
54.000000,218.473999,-0.165370,-0.039931
55.000000,218.473999,-0.182148,-0.054967
56.000000,218.473999,-0.198066,-0.075987
57.000000,218.473999,-0.213052,-0.094555
58.000000,218.473999,-0.227038,-0.103302
59.000000,218.473999,-0.239948,-0.126866
60.000000,218.473999,-0.251734,-0.138026
61.000000,218.473999,-0.262331,-0.143774
62.000000,218.473999,-0.271694,-0.168614
63.000000,218.473999,-0.279781,-0.172776
64.000000,218.473999,-0.286543,-0.182384
65.000000,218.473999,-0.291964,-0.202643
66.000000,218.473999,-0.296003,-0.208093
67.000000,218.473999,-0.298652,-0.212125
68.000000,218.473999,-0.299896,-0.229096
69.000000,218.473999,-0.299722,-0.235120
70.000000,218.473999,-0.298145,-0.233860
71.000000,218.473999,-0.295156,-0.253834
72.000000,218.473999,-0.290781,-0.249562
73.000000,218.473999,-0.285037,-0.244725
74.000000,218.473999,-0.277948,-0.264559
75.000000,218.473999,-0.269556,-0.253711
76.000000,218.473999,-0.259887,-0.252998
77.000000,218.473999,-0.248999,-0.256123
78.000000,218.473999,-0.236938,-0.243708
79.000000,218.473999,-0.223759,-0.248406
80.000000,218.473999,-0.209532,-0.240116
81.000000,218.473999,-0.194311,-0.226989
82.000000,218.473999,-0.178180,-0.227380
83.000000,218.473999,-0.161207,-0.212380
84.000000,218.473999,-0.143476,-0.191821
85.000000,218.473999,-0.125071,-0.194349
86.000000,218.473999,-0.106074,-0.177209
87.000000,218.473999,-0.086580,-0.159794
88.000000,218.473999,-0.066677,-0.151601
89.000000,218.473999,-0.046461,-0.134457
90.000000,218.473999,-0.026026,-0.115614
91.000000,218.473999,-0.005467,-0.115853
92.000000,218.473999,0.015116,-0.095711
93.000000,218.473999,0.035629,-0.066000
94.000000,218.473999,0.055973,-0.065523
95.000000,218.473999,0.076055,-0.043953
96.000000,218.473999,0.095777,-0.019242
97.000000,218.473999,0.115050,-0.010479
98.000000,218.473999,0.133779,0.007947
99.000000,218.473999,0.151880,0.022953
100.000000,218.473999,0.169266,0.035417
101.000000,218.473999,0.185852,0.063846
102.000000,218.473999,0.201568,0.070164
103.000000,218.473999,0.216329,0.090747
104.000000,218.473999,0.230074,0.118172
105.000000,218.473999,0.242736,0.117638
106.000000,218.473999,0.254253,0.135066
107.000000,218.473999,0.264579,0.155483
108.000000,218.473999,0.273650,0.160244
109.000000,218.473999,0.281438,0.176814
110.000000,218.473999,0.287899,0.195515
111.000000,218.473999,0.293004,0.193129
112.000000,218.473999,0.296734,0.205693
113.000000,218.473999,0.299058,0.226117
114.000000,218.473999,0.299981,0.226872
115.000000,218.473999,0.299487,0.237720
116.000000,218.473999,0.297584,0.238429
117.000000,218.473999,0.294284,0.244598
118.000000,218.473999,0.289590,0.253154
119.000000,218.473999,0.283540,0.242743
120.000000,218.473999,0.276149,0.251315
121.000000,218.473999,0.267460,0.256861
122.000000,218.473999,0.257514,0.245894
123.000000,218.473999,0.246350,0.251454
124.000000,218.473999,0.234033,0.253426
125.000000,218.473999,0.220607,0.236739
126.000000,218.473999,0.206146,0.236295
127.000000,218.473999,0.190714,0.233691
128.000000,218.473999,0.174382,0.216293
129.000000,218.473999,0.157232,0.208695
130.000000,218.473999,0.139338,0.201807
131.000000,218.473999,0.120790,0.178686
132.000000,218.473999,0.101673,0.171231
133.000000,218.473999,0.082076,0.157928
134.000000,218.473999,0.062095,0.141653
135.000000,218.473999,0.041819,0.132336
136.000000,218.473999,0.021348,0.111624
137.000000,218.473999,0.000775,0.102758
138.000000,218.473999,-0.019800,0.094435
139.000000,218.473999,-0.040284,0.066019
140.000000,218.473999,-0.060576,0.051563
141.000000,218.473999,-0.080584,0.044672
142.000000,218.473999,-0.100212,0.015832
143.000000,218.473999,-0.119368,0.004232
144.000000,218.473999,-0.137964,-0.004660
145.000000,218.473999,-0.155907,-0.036498
146.000000,218.473999,-0.173119,-0.053244
147.000000,218.473999,-0.189513,-0.058134
148.000000,218.473999,-0.205016,-0.081825
149.000000,218.473999,-0.219555,-0.096715
150.000000,218.473999,-0.233056,-0.110747
151.000000,218.473999,-0.245465,-0.132015
152.000000,218.473999,-0.256713,-0.133178
153.000000,218.473999,-0.266754,-0.162475
154.000000,218.473999,-0.275541,-0.172769
155.000000,218.473999,-0.283026,-0.175655
156.000000,218.473999,-0.289185,-0.198067
157.000000,218.473999,-0.293975,-0.201940
158.000000,218.473999,-0.297385,-0.207834
159.000000,218.473999,-0.299394,-0.226379
160.000000,218.473999,-0.299990,-0.230256
161.000000,218.473999,-0.299181,-0.230143
162.000000,218.473999,-0.296954,-0.246541
163.000000,218.473999,-0.293334,-0.246988
164.000000,218.473999,-0.288332,-0.241296
165.000000,218.473999,-0.281970,-0.260407
166.000000,218.473999,-0.274286,-0.254708
167.000000,218.473999,-0.265302,-0.248870
168.000000,218.473999,-0.255075,-0.246113
169.000000,218.473999,-0.243644,-0.247707
170.000000,218.473999,-0.231066,-0.245563
171.000000,218.473999,-0.217404,-0.248118
172.000000,218.473999,-0.202711,-0.230411
173.000000,218.473999,-0.187069,-0.233675
174.000000,218.473999,-0.170543,-0.219670
175.000000,218.473999,-0.153216,-0.202540
176.000000,218.473999,-0.135168,-0.203073
177.000000,218.473999,-0.116480,-0.184499
178.000000,218.473999,-0.097247,-0.162654
179.000000,218.473999,-0.077554,-0.164181
180.000000,218.473999,-0.057497,-0.143751
181.000000,218.473999,-0.037169,-0.120617
182.000000,218.473999,-0.016666,-0.121144
183.000000,218.473999,0.003916,-0.095854
184.000000,218.473999,0.024479,-0.074721
185.000000,218.473999,0.044927,-0.072104
186.000000,218.473999,0.065164,-0.050673
187.000000,218.473999,0.085093,-0.029109
188.000000,218.473999,0.104623,-0.019915
189.000000,218.473999,0.123658,-0.000489
190.000000,218.473999,0.142112,0.016800
191.000000,218.473999,0.159897,0.029699
192.000000,218.473999,0.176928,0.049837
193.000000,218.473999,0.193130,0.061576
194.000000,218.473999,0.208415,0.080310
195.000000,218.473999,0.222724,0.106449
196.000000,218.473999,0.235983,0.109202
197.000000,218.473999,0.248130,0.127492
198.000000,218.473999,0.259112,0.148479
199.000000,218.473999,0.268867,0.152670
200.000000,218.473999,0.277363,0.170810
201.000000,218.473999,0.284548,0.188226
202.000000,218.473999,0.290395,0.187838
203.000000,218.473999,0.294878,0.204835
204.000000,218.473999,0.297964,0.224255
205.000000,218.473999,0.299656,0.219579
206.000000,218.473999,0.299930,0.233002
207.000000,218.473999,0.298794,0.247282
208.000000,218.473999,0.296254,0.237594
209.000000,218.473999,0.292313,0.245579
210.000000,218.473999,0.287003,0.244880
211.000000,218.473999,0.280334,0.250460
212.000000,218.473999,0.272349,0.262014
213.000000,218.473999,0.263082,0.247322
214.000000,218.473999,0.252572,0.253028
215.000000,218.473999,0.240880,0.255142
216.000000,218.473999,0.228045,0.239599
217.000000,218.473999,0.214142,0.237438
218.000000,218.473999,0.199229,0.241842
219.000000,218.473999,0.183377,0.216008
220.000000,218.473999,0.166665,0.214845
221.000000,218.473999,0.149162,0.208384
222.000000,218.473999,0.130962,0.188268
223.000000,218.473999,0.112143,0.181244
224.000000,218.473999,0.092796,0.175075
225.000000,218.473999,0.073013,0.150520
226.000000,218.473999,0.052885,0.144350
227.000000,218.473999,0.032508,0.123045
228.000000,218.473999,0.011979,0.109481
229.000000,218.473999,-0.008607,0.099590
230.000000,218.473999,-0.029153,0.073166
231.000000,218.473999,-0.049561,0.062434
232.000000,218.473999,-0.069736,0.055258
233.000000,218.473999,-0.089582,0.023841
234.000000,218.473999,-0.109006,0.005240
235.000000,218.473999,-0.127919,0.003063
236.000000,218.473999,-0.146226,-0.025773
237.000000,218.473999,-0.163848,-0.040232
238.000000,218.473999,-0.180695,-0.046982
239.000000,218.473999,-0.196694,-0.077249
240.000000,218.473999,-0.211766,-0.085847
241.000000,218.473999,-0.225839,-0.095741
242.000000,218.473999,-0.238853,-0.124007
243.000000,218.473999,-0.250736,-0.133032
244.000000,218.473999,-0.261443,-0.141630
245.000000,218.473999,-0.270918,-0.160324
246.000000,218.473999,-0.279114,-0.170069
247.000000,218.473999,-0.286004,-0.190648
248.000000,218.473999,-0.291536,-0.198935
249.000000,218.473999,-0.295703,-0.202964
250.000000,218.473999,-0.298475,-0.223089
251.000000,218.473999,-0.299840,-0.225392
252.000000,218.473999,-0.299800,-0.224706
253.000000,218.473999,-0.298338,-0.238818
254.000000,218.473999,-0.295478,-0.239553
255.000000,218.473999,-0.291224,-0.241011
256.000000,218.473999,-0.285598,-0.257979
257.000000,218.473999,-0.278633,-0.259569
258.000000,218.473999,-0.270347,-0.248588
259.000000,218.473999,-0.260795,-0.260980
260.000000,218.473999,-0.250011,-0.246703
261.000000,218.473999,-0.238050,-0.247435
262.000000,218.473999,-0.224972,-0.244397
263.000000,218.473999,-0.210829,-0.237840
264.000000,218.473999,-0.195698,-0.230975
265.000000,218.473999,-0.179642,-0.229673
266.000000,218.473999,-0.162741,-0.205108
267.000000,218.473999,-0.145075,-0.207218
268.000000,218.473999,-0.126724,-0.189929
269.000000,218.473999,-0.107779,-0.170798
270.000000,218.473999,-0.088323,-0.167899
271.000000,218.473999,-0.068453,-0.154188
272.000000,218.473999,-0.048261,-0.129053
273.000000,218.473999,-0.027840,-0.123434
274.000000,218.473999,-0.007290,-0.107006
275.000000,218.473999,0.013296,-0.082729
276.000000,218.473999,0.033818,-0.080824
277.000000,218.473999,0.054182,-0.061826
278.000000,218.473999,0.074290,-0.032396
279.000000,218.473999,0.094050,-0.031210
280.000000,218.473999,0.113364,-0.012069
281.000000,218.473999,0.132146,0.010216
282.000000,218.473999,0.150305,0.020978
283.000000,218.473999,0.167757,0.042405
284.000000,218.473999,0.184421,0.055556
285.000000,218.473999,0.200211,0.072020
286.000000,218.473999,0.215064,0.095588
287.000000,218.473999,0.228900,0.102049
288.000000,218.473999,0.241660,0.118914
289.000000,218.473999,0.253284,0.141905
290.000000,218.473999,0.263710,0.145520
291.000000,218.473999,0.272901,0.161232
292.000000,218.473999,0.280801,0.185651
293.000000,218.473999,0.287381,0.184693
294.000000,218.473999,0.292610,0.197403
295.000000,218.473999,0.296456,0.220537
296.000000,218.473999,0.298913,0.210146
297.000000,218.473999,0.299954,0.229715
298.000000,218.473999,0.299588,0.244274
299.000000,218.473999,0.297811,0.237167
300.000000,218.473999,0.294628,0.245440
301.000000,218.473999,0.290065,0.251003
302.000000,218.473999,0.284127,0.249747
303.000000,218.473999,0.276857,0.257590
304.000000,218.473999,0.268282,0.248594
305.000000,218.473999,0.258442,0.251745
306.000000,218.473999,0.247390,0.260297
307.000000,218.473999,0.235166,0.239744
308.000000,218.473999,0.221839,0.239158
309.000000,218.473999,0.207466,0.243134
310.000000,218.473999,0.192116,0.224443
311.000000,218.473999,0.175864,0.221852
312.000000,218.473999,0.158779,0.219822
313.000000,218.473999,0.140950,0.195276
314.000000,218.473999,0.122456,0.188537
315.000000,218.473999,0.103385,0.184362
316.000000,218.473999,0.083829,0.151096
317.000000,218.473999,0.063876,0.150646
318.000000,218.473999,0.043624,0.135895
319.000000,218.473999,0.023165,0.116346
320.000000,218.473999,0.002598,0.107320
321.000000,218.473999,-0.017982,0.086443
322.000000,218.473999,-0.038476,0.071589
323.000000,218.473999,-0.058791,0.060699
324.000000,218.473999,-0.078827,0.033704
325.000000,218.473999,-0.098492,0.019540
326.000000,218.473999,-0.117695,0.014077
327.000000,218.473999,-0.136341,-0.015621
328.000000,218.473999,-0.154349,-0.027506
329.000000,218.473999,-0.171626,-0.034255
330.000000,218.473999,-0.188097,-0.065954
331.000000,218.473999,-0.203682,-0.078982
332.000000,218.473999,-0.218307,-0.084873
333.000000,218.473999,-0.231908,-0.110707
334.000000,218.473999,-0.244410,-0.117301
335.000000,218.473999,-0.255766,-0.131485
336.000000,218.473999,-0.265916,-0.159751
337.000000,218.473999,-0.274813,-0.168349
338.000000,218.473999,-0.282421,-0.178660
339.000000,218.473999,-0.288691,-0.193783
340.000000,218.473999,-0.293608,-0.202380
341.000000,218.473999,-0.297139,-0.218245
342.000000,218.473999,-0.299271,-0.223669
343.000000,218.473999,-0.299998,-0.222837
344.000000,218.473999,-0.299305,-0.245109
345.000000,218.473999,-0.297210,-0.243118
346.000000,218.473999,-0.293710,-0.241004
347.000000,218.473999,-0.288829,-0.254403
348.000000,218.473999,-0.282590,-0.247985
349.000000,218.473999,-0.275015,-0.246441
350.000000,218.473999,-0.266151,-0.259695
351.000000,218.473999,-0.256028,-0.252988
352.000000,218.473999,-0.244703,-0.239294
353.000000,218.473999,-0.232226,-0.247114
354.000000,218.473999,-0.218652,-0.236836
355.000000,218.473999,-0.204054,-0.224709
356.000000,218.473999,-0.188489,-0.229527
357.000000,218.473999,-0.172040,-0.214961
358.000000,218.473999,-0.154780,-0.202397
359.000000,218.473999,-0.136791,-0.197785
360.000000,218.473999,-0.118160,-0.182935
361.000000,218.473999,-0.098969,-0.178356
362.000000,218.473999,-0.079314,-0.162472
363.000000,218.473999,-0.059285,-0.139765
364.000000,218.473999,-0.038977,-0.135730
365.000000,218.473999,-0.018485,-0.117152
366.000000,218.473999,0.002094,-0.094733
367.000000,218.473999,0.022662,-0.089830
368.000000,218.473999,0.043124,-0.069542
369.000000,218.473999,0.063383,-0.048980
370.000000,218.473999,0.083345,-0.042221
371.000000,218.473999,0.102911,-0.024077
372.000000,218.473999,0.121996,0.006777
373.000000,218.473999,0.140504,0.010968
374.000000,218.473999,0.158351,0.033685
375.000000,218.473999,0.175455,0.056683
376.000000,218.473999,0.191728,0.064300
377.000000,218.473999,0.207103,0.085870
378.000000,218.473999,0.221498,0.094889
379.000000,218.473999,0.234853,0.111909
380.000000,218.473999,0.247103,0.132187
381.000000,218.473999,0.258185,0.136083
382.000000,218.473999,0.268058,0.157375
383.000000,218.473999,0.276661,0.176503
384.000000,218.473999,0.283966,0.178978
385.000000,218.473999,0.289934,0.191542
386.000000,218.473999,0.294533,0.215819
387.000000,218.473999,0.297752,0.213576
388.000000,218.473999,0.299560,0.223280
389.000000,218.473999,0.299963,0.240841
390.000000,218.473999,0.298953,0.236739
391.000000,218.473999,0.296533,0.235580
392.000000,218.473999,0.292723,0.253426
393.000000,218.473999,0.287524,0.254900
394.000000,218.473999,0.280979,0.254449
395.000000,218.473999,0.273108,0.253150
396.000000,218.473999,0.263951,0.250890
397.000000,218.473999,0.253555,0.253584
398.000000,218.473999,0.241958,0.243025
399.000000,218.473999,0.229227,0.240162
400.000000,218.473999,0.215414,0.242995
401.000000,218.473999,0.200587,0.226590
402.000000,218.473999,0.184818,0.221001
403.000000,218.473999,0.168174,0.221399
404.000000,218.473999,0.150743,0.203427
405.000000,218.473999,0.132598,0.192258
406.000000,218.473999,0.113831,0.194375
407.000000,218.473999,0.094528,0.166964
408.000000,218.473999,0.074778,0.157223
409.000000,218.473999,0.054678,0.149330
410.000000,218.473999,0.034319,0.122780
411.000000,218.473999,0.013800,0.116187
412.000000,218.473999,-0.006785,0.099435
413.000000,218.473999,-0.027338,0.077169
414.000000,218.473999,-0.047763,0.066139
415.000000,218.473999,-0.067961,0.046693
416.000000,218.473999,-0.087841,0.025693
417.000000,218.473999,-0.107307,0.020378
418.000000,218.473999,-0.126266,0.026544
419.000000,218.473999,-0.144635,-0.020922
420.000000,218.473999,-0.162317,-0.036250
421.000000,218.473999,-0.179238,-0.063950
422.000000,218.473999,-0.195314,-0.075689
423.000000,218.473999,-0.210470,-0.081152
424.000000,218.473999,-0.224638,-0.109276
425.000000,218.473999,-0.237743,-0.122592
426.000000,218.473999,-0.249733,-0.131485
427.000000,218.473999,-0.260544,-0.149596
428.000000,218.473999,-0.270128,-0.151614
429.000000,218.473999,-0.278445,-0.162369
430.000000,218.473999,-0.285443,-0.191636
431.000000,218.473999,-0.291104,-0.195943
432.000000,218.473999,-0.295389,-0.200830
433.000000,218.473999,-0.298285,-0.222377
434.000000,218.473999,-0.299779,-0.224829
435.000000,218.473999,-0.299855,-0.230418
436.000000,218.473999,-0.298527,-0.244112
437.000000,218.473999,-0.295786,-0.242416
438.000000,218.473999,-0.291656,-0.254274
439.000000,218.473999,-0.286153,-0.253983
440.000000,218.473999,-0.279299,-0.245858
441.000000,218.473999,-0.271136,-0.258263
442.000000,218.473999,-0.261689,-0.254987
443.000000,218.473999,-0.251014,-0.242578
444.000000,218.473999,-0.239156,-0.252687
445.000000,218.473999,-0.226171,-0.238691
446.000000,218.473999,-0.212125,-0.231571
447.000000,218.473999,-0.197074,-0.233387
448.000000,218.473999,-0.181099,-0.223109
449.000000,218.473999,-0.164270,-0.205694
450.000000,218.473999,-0.146667,-0.208365
451.000000,218.473999,-0.128376,-0.190366
452.000000,218.473999,-0.109476,-0.170804
453.000000,218.473999,-0.090064,-0.165901
454.000000,218.473999,-0.070226,-0.152051
455.000000,218.473999,-0.050058,-0.137045
456.000000,218.473999,-0.029655,-0.128298
0.000000,228.167999,0.015607,-0.101274
1.000000,228.167999,0.037023,-0.075559
2.000000,228.167999,0.058250,-0.068386
3.000000,228.167999,0.079177,-0.047661
4.000000,228.167999,0.099697,-0.019236
5.000000,228.167999,0.119705,-0.013908
6.000000,228.167999,0.139099,0.007526
7.000000,228.167999,0.157779,0.033947
8.000000,228.167999,0.175649,0.038853
9.000000,228.167999,0.192614,0.059711
10.000000,228.167999,0.208591,0.084134
11.000000,228.167999,0.223496,0.088756
12.000000,228.167999,0.237255,0.114905
13.000000,228.167999,0.249796,0.133890
14.000000,228.167999,0.261056,0.135079
15.000000,228.167999,0.270970,0.152504
16.000000,228.167999,0.279492,0.177215
17.000000,228.167999,0.286580,0.177828
18.000000,228.167999,0.292198,0.196254
19.000000,228.167999,0.296315,0.203692
20.000000,228.167999,0.298912,0.211283
21.000000,228.167999,0.299971,0.225557
22.000000,228.167999,0.299487,0.223300
23.000000,228.167999,0.297466,0.238588
24.000000,228.167999,0.293919,0.246994
25.000000,228.167999,0.288863,0.243177
26.000000,228.167999,0.282325,0.249595
27.000000,228.167999,0.274335,0.251997
28.000000,228.167999,0.264933,0.248177
29.000000,228.167999,0.254172,0.252305
30.000000,228.167999,0.242106,0.254280
31.000000,228.167999,0.228798,0.239025
32.000000,228.167999,0.214315,0.237720
33.000000,228.167999,0.198732,0.233125
34.000000,228.167999,0.182124,0.216289
35.000000,228.167999,0.164583,0.216555
36.000000,228.167999,0.146196,0.196548
37.000000,228.167999,0.127059,0.189120
38.000000,228.167999,0.107270,0.180515
39.000000,228.167999,0.086930,0.156387
40.000000,228.167999,0.066143,0.149082
41.000000,228.167999,0.045016,0.143903
42.000000,228.167999,0.023658,0.118350
43.000000,228.167999,0.002178,0.106181
44.000000,228.167999,-0.019312,0.100290
45.000000,228.167999,-0.040704,0.067448
46.000000,228.167999,-0.061887,0.057421
47.000000,228.167999,-0.082751,0.047386
48.000000,228.167999,-0.103190,0.017260
49.000000,228.167999,-0.123099,0.001800
50.000000,228.167999,-0.142377,-0.013948
51.000000,228.167999,-0.160924,-0.037214
52.000000,228.167999,-0.178645,-0.046674
53.000000,228.167999,-0.195445,-0.070692
54.000000,228.167999,-0.211242,-0.088551
55.000000,228.167999,-0.225955,-0.097441
56.000000,228.167999,-0.239508,-0.122718
57.000000,228.167999,-0.251833,-0.130736
58.000000,228.167999,-0.262864,-0.137913
59.000000,228.167999,-0.272542,-0.167756
60.000000,228.167999,-0.280820,-0.170775
61.000000,228.167999,-0.287656,-0.174379
62.000000,228.167999,-0.293016,-0.197924
63.000000,228.167999,-0.296872,-0.210097
64.000000,228.167999,-0.299205,-0.211413
65.000000,228.167999,-0.299998,-0.233241
66.000000,228.167999,-0.299248,-0.233403
67.000000,228.167999,-0.296963,-0.237863
68.000000,228.167999,-0.293153,-0.249831
69.000000,228.167999,-0.287839,-0.254851
70.000000,228.167999,-0.281048,-0.249725
71.000000,228.167999,-0.272813,-0.261699
72.000000,228.167999,-0.263172,-0.249997
73.000000,228.167999,-0.252181,-0.261991
74.000000,228.167999,-0.239896,-0.249980
75.000000,228.167999,-0.226380,-0.236279
76.000000,228.167999,-0.211701,-0.241104
77.000000,228.167999,-0.195936,-0.231111
78.000000,228.167999,-0.179161,-0.211409
79.000000,228.167999,-0.161467,-0.218086
80.000000,228.167999,-0.142944,-0.200230
81.000000,228.167999,-0.123687,-0.183531
82.000000,228.167999,-0.103796,-0.182484
83.000000,228.167999,-0.083371,-0.169777
84.000000,228.167999,-0.062518,-0.144639
85.000000,228.167999,-0.041343,-0.141021
86.000000,228.167999,-0.019956,-0.126883
87.000000,228.167999,0.001533,-0.099882
88.000000,228.167999,0.023015,-0.090834
89.000000,228.167999,0.044378,-0.071265
90.000000,228.167999,0.065514,-0.054112
91.000000,228.167999,0.086312,-0.039076
92.000000,228.167999,0.106667,-0.015508
93.000000,228.167999,0.126474,-0.072683
94.000000,228.167999,0.145633,0.010819
95.000000,228.167999,0.164044,0.047253
96.000000,228.167999,0.181613,0.054297
97.000000,228.167999,0.198246,0.074873
98.000000,228.167999,0.213862,0.097719
99.000000,228.167999,0.228379,0.101767
100.000000,228.167999,0.241725,0.112476
101.000000,228.167999,0.253830,0.149330
102.000000,228.167999,0.264633,0.145374
103.000000,228.167999,0.274072,0.158657
104.000000,228.167999,0.282104,0.181360
105.000000,228.167999,0.288687,0.184693
106.000000,228.167999,0.293789,0.198974
107.000000,228.167999,0.297384,0.216250
108.000000,228.167999,0.299452,0.214719
109.000000,228.167999,0.299979,0.229712
110.000000,228.167999,0.298964,0.232419
111.000000,228.167999,0.296414,0.239310
112.000000,228.167999,0.292343,0.246295
113.000000,228.167999,0.286771,0.243306
114.000000,228.167999,0.279728,0.255751
115.000000,228.167999,0.271248,0.260297
116.000000,228.167999,0.261370,0.245321
117.000000,228.167999,0.250151,0.245450
118.000000,228.167999,0.237649,0.250854
119.000000,228.167999,0.223927,0.237597
120.000000,228.167999,0.209055,0.235722
121.000000,228.167999,0.193111,0.235407
122.000000,228.167999,0.176170,0.212721
123.000000,228.167999,0.158326,0.207413
124.000000,228.167999,0.139670,0.206525
125.000000,228.167999,0.120296,0.183265
126.000000,228.167999,0.100305,0.173667
127.000000,228.167999,0.079799,0.166632
128.000000,228.167999,0.058883,0.137369
129.000000,228.167999,0.037663,0.132489
130.000000,228.167999,0.016251,0.121883
131.000000,228.167999,-0.005245,0.098331
132.000000,228.167999,-0.026714,0.087301
133.000000,228.167999,-0.048046,0.068561
134.000000,228.167999,-0.069131,0.046855
135.000000,228.167999,-0.089860,0.039397
136.000000,228.167999,-0.110128,0.010823
137.000000,228.167999,-0.129830,-0.003908
138.000000,228.167999,-0.148867,-0.014945
139.000000,228.167999,-0.167139,-0.042502
140.000000,228.167999,-0.184554,-0.058386
141.000000,228.167999,-0.201017,-0.063565
142.000000,228.167999,-0.216448,-0.094402
143.000000,228.167999,-0.230769,-0.104717
144.000000,228.167999,-0.243905,-0.112181
145.000000,228.167999,-0.255789,-0.140163
146.000000,228.167999,-0.266361,-0.156193
147.000000,228.167999,-0.275561,-0.156365
148.000000,228.167999,-0.283345,-0.182630
149.000000,228.167999,-0.289675,-0.187650
150.000000,228.167999,-0.294518,-0.196539
151.000000,228.167999,-0.297849,-0.214945
152.000000,228.167999,-0.299653,-0.216823
153.000000,228.167999,-0.299914,-0.233692
154.000000,228.167999,-0.298633,-0.242257
155.000000,228.167999,-0.295819,-0.239420
156.000000,228.167999,-0.291488,-0.256120
157.000000,228.167999,-0.285660,-0.247551
158.000000,228.167999,-0.278365,-0.242720
159.000000,228.167999,-0.269642,-0.257836
160.000000,228.167999,-0.259528,-0.252561
161.000000,228.167999,-0.248084,-0.241438
162.000000,228.167999,-0.235366,-0.251544
163.000000,228.167999,-0.221440,-0.245414
164.000000,228.167999,-0.206377,-0.229000
165.000000,228.167999,-0.190255,-0.231243
166.000000,228.167999,-0.173153,-0.220965
167.000000,228.167999,-0.155162,-0.202685
168.000000,228.167999,-0.136374,-0.201788
169.000000,228.167999,-0.116887,-0.181649
170.000000,228.167999,-0.096800,-0.176073
171.000000,228.167999,-0.076215,-0.161756
172.000000,228.167999,-0.055239,-0.138045
173.000000,228.167999,-0.033978,-0.136306
174.000000,228.167999,-0.012544,-0.115435
175.000000,228.167999,0.008955,-0.094014
176.000000,228.167999,0.030408,-0.090403
177.000000,228.167999,0.051706,-0.065967
178.000000,228.167999,0.072737,-0.038973
179.000000,228.167999,0.093395,-0.035925
180.000000,228.167999,0.113572,-0.018643
181.000000,228.167999,0.133167,0.007781
182.000000,228.167999,0.152078,0.014404
183.000000,228.167999,0.170208,0.037979
184.000000,228.167999,0.187466,0.065115
185.000000,228.167999,0.203757,0.071596
186.000000,228.167999,0.219002,0.089451
187.000000,228.167999,0.233123,0.114444
188.000000,228.167999,0.246047,0.116207
189.000000,228.167999,0.257709,0.138350
190.000000,228.167999,0.268048,0.161918
191.000000,228.167999,0.277007,0.160672
192.000000,228.167999,0.284543,0.176523
193.000000,228.167999,0.290618,0.187390
194.000000,228.167999,0.295201,0.201562
195.000000,228.167999,0.298270,0.219696
196.000000,228.167999,0.299808,0.216008
197.000000,228.167999,0.299804,0.229867
198.000000,228.167999,0.298257,0.244566
199.000000,228.167999,0.295180,0.236169
200.000000,228.167999,0.290587,0.244446
201.000000,228.167999,0.284504,0.254284
202.000000,228.167999,0.276960,0.249323
203.000000,228.167999,0.267994,0.253167
204.000000,228.167999,0.257647,0.256282
205.000000,228.167999,0.245978,0.243604
206.000000,228.167999,0.233046,0.250162
207.000000,228.167999,0.218919,0.252852
208.000000,228.167999,0.203667,0.226302
209.000000,228.167999,0.187371,0.228999
210.000000,228.167999,0.170109,0.222257
211.000000,228.167999,0.151973,0.201992
212.000000,228.167999,0.133058,0.194252
213.000000,228.167999,0.113460,0.184524
214.000000,228.167999,0.093279,0.165386
215.000000,228.167999,0.072619,0.159071
216.000000,228.167999,0.051586,0.136226
217.000000,228.167999,0.030288,0.123489
218.000000,228.167999,0.008834,0.118742
219.000000,228.167999,-0.012665,0.092042
220.000000,228.167999,-0.034099,0.078160
221.000000,228.167999,-0.055358,0.069121
222.000000,228.167999,-0.076333,0.040855
223.000000,228.167999,-0.096915,0.028685
224.000000,228.167999,-0.116999,0.019504
225.000000,228.167999,-0.136482,-0.014766
226.000000,228.167999,-0.155265,-0.025508
227.000000,228.167999,-0.173252,-0.036402
228.000000,228.167999,-0.190349,-0.067528
229.000000,228.167999,-0.206466,-0.083273
230.000000,228.167999,-0.221522,-0.088872
231.000000,228.167999,-0.235441,-0.120859
232.000000,228.167999,-0.248152,-0.123311
233.000000,228.167999,-0.259589,-0.140332
234.000000,228.167999,-0.269694,-0.153463
235.000000,228.167999,-0.278411,-0.161351
236.000000,228.167999,-0.285697,-0.187921
237.000000,228.167999,-0.291516,-0.194932
238.000000,228.167999,-0.295840,-0.196390
239.000000,228.167999,-0.298644,-0.214653
240.000000,228.167999,-0.299917,-0.217808
241.000000,228.167999,-0.299647,-0.225279
242.000000,228.167999,-0.297835,-0.243966
243.000000,228.167999,-0.294495,-0.243267
244.000000,228.167999,-0.289643,-0.238721
245.000000,228.167999,-0.283305,-0.252690
246.000000,228.167999,-0.275512,-0.252422
247.000000,228.167999,-0.266306,-0.248446
248.000000,228.167999,-0.255726,-0.255550
249.000000,228.167999,-0.243834,-0.247846
250.000000,228.167999,-0.230691,-0.241720
251.000000,228.167999,-0.216364,-0.240106
252.000000,228.167999,-0.200927,-0.228834
253.000000,228.167999,-0.184458,-0.230259
254.000000,228.167999,-0.167038,-0.217808
255.000000,228.167999,-0.148761,-0.197672
256.000000,228.167999,-0.129721,-0.201788
257.000000,228.167999,-0.110015,-0.184784
258.000000,228.167999,-0.089744,-0.164509
259.000000,228.167999,-0.069013,-0.159036
260.000000,228.167999,-0.047926,-0.140464
261.000000,228.167999,-0.026593,-0.115614
262.000000,228.167999,-0.005123,-0.114567
263.000000,228.167999,0.016372,-0.090708
264.000000,228.167999,0.037784,-0.072146
265.000000,228.167999,0.059001,-0.057373
266.000000,228.167999,0.079917,-0.037231
267.000000,228.167999,0.100420,-0.017526
268.000000,228.167999,0.120408,-0.015624
269.000000,228.167999,0.139777,0.009805
270.000000,228.167999,0.158429,0.030527
271.000000,228.167999,0.176269,0.044138
272.000000,228.167999,0.193203,0.069426
273.000000,228.167999,0.209143,0.073736
274.000000,228.167999,0.224008,0.092891
275.000000,228.167999,0.237723,0.117313
276.000000,228.167999,0.250218,0.121213
277.000000,228.167999,0.261430,0.139930
278.000000,228.167999,0.271299,0.168210
279.000000,228.167999,0.279773,0.165108
280.000000,228.167999,0.286807,0.183964
281.000000,228.167999,0.292370,0.200806
282.000000,228.167999,0.296432,0.204139
283.000000,228.167999,0.298973,0.216846
284.000000,228.167999,0.299980,0.232833
285.000000,228.167999,0.299445,0.227730
286.000000,228.167999,0.297368,0.239294
287.000000,228.167999,0.293765,0.250139
288.000000,228.167999,0.288654,0.243886
289.000000,228.167999,0.282062,0.254303
290.000000,228.167999,0.274022,0.250162
291.000000,228.167999,0.264576,0.247458
292.000000,228.167999,0.253766,0.255155
293.000000,228.167999,0.241653,0.243316
294.000000,228.167999,0.228301,0.241017
295.000000,228.167999,0.213776,0.245994
296.000000,228.167999,0.198155,0.225302
297.000000,228.167999,0.181516,0.224142
298.000000,228.167999,0.163943,0.221395
299.000000,228.167999,0.145527,0.198278
300.000000,228.167999,0.126364,0.190538
301.000000,228.167999,0.106553,0.188080
302.000000,228.167999,0.086196,0.162388
303.000000,228.167999,0.065395,0.142495
304.000000,228.167999,0.044258,0.141902
305.000000,228.167999,0.022894,0.116207
306.000000,228.167999,0.001412,0.107605
307.000000,228.167999,-0.020077,0.094302
308.000000,228.167999,-0.041463,0.071019
309.000000,228.167999,-0.062636,0.061272
310.000000,228.167999,-0.083488,0.035417
311.000000,228.167999,-0.103910,0.020113
312.000000,228.167999,-0.123798,0.012649
313.000000,228.167999,-0.143051,-0.020054
314.000000,228.167999,-0.161569,-0.034941
315.000000,228.167999,-0.179258,-0.039116
316.000000,228.167999,-0.196028,-0.067094
317.000000,228.167999,-0.211788,-0.082554
318.000000,228.167999,-0.226460,-0.088302
319.000000,228.167999,-0.239969,-0.122003
320.000000,228.167999,-0.252247,-0.134745
321.000000,228.167999,-0.263230,-0.137634
322.000000,228.167999,-0.272862,-0.161325
323.000000,228.167999,-0.281091,-0.169492
324.000000,228.167999,-0.287874,-0.180095
325.000000,228.167999,-0.293179,-0.201218
326.000000,228.167999,-0.296980,-0.204670
327.000000,228.167999,-0.299257,-0.220246
328.000000,228.167999,-0.299997,-0.228818
329.000000,228.167999,-0.299197,-0.227413
330.000000,228.167999,-0.296855,-0.243678
331.000000,228.167999,-0.292990,-0.246978
332.000000,228.167999,-0.287621,-0.239003
333.000000,228.167999,-0.280777,-0.249970
334.000000,228.167999,-0.272491,-0.251703
335.000000,228.167999,-0.262806,-0.241865
336.000000,228.167999,-0.251767,-0.255835
337.000000,228.167999,-0.239436,-0.246130
338.000000,228.167999,-0.225875,-0.232432
339.000000,228.167999,-0.211156,-0.240395
340.000000,228.167999,-0.195353,-0.229974
341.000000,228.167999,-0.178547,-0.218414
342.000000,228.167999,-0.160822,-0.216088
343.000000,228.167999,-0.142270,-0.202526
344.000000,228.167999,-0.122988,-0.193365
345.000000,228.167999,-0.103076,-0.181205
346.000000,228.167999,-0.082634,-0.165215
347.000000,228.167999,-0.061768,-0.155315
348.000000,228.167999,-0.040584,-0.133738
349.000000,228.167999,-0.019191,-0.115753
350.000000,228.167999,0.002300,-0.111420
351.000000,228.167999,0.023779,-0.086560
352.000000,228.167999,0.045136,-0.059708
353.000000,228.167999,0.066261,-0.054944
354.000000,228.167999,0.087047,-0.033086
355.000000,228.167999,0.107384,-0.008235
356.000000,228.167999,0.127169,-0.003902
357.000000,228.167999,0.146302,0.015528
358.000000,228.167999,0.164684,0.038668
359.000000,228.167999,0.182221,0.038134
360.000000,228.167999,0.198823,0.070430
361.000000,228.167999,0.214400,0.085300
362.000000,228.167999,0.228877,0.101903
363.000000,228.167999,0.242178,0.128904
364.000000,228.167999,0.254236,0.126355
365.000000,228.167999,0.264990,0.144506
366.000000,228.167999,0.274384,0.168071
367.000000,228.167999,0.282367,0.172255
368.000000,228.167999,0.288896,0.188968
369.000000,228.167999,0.293944,0.207383
370.000000,228.167999,0.297482,0.208572
371.000000,228.167999,0.299494,0.222137
372.000000,228.167999,0.299969,0.236551
373.000000,228.167999,0.298903,0.226730
374.000000,228.167999,0.296297,0.241010
375.000000,228.167999,0.292170,0.250858
376.000000,228.167999,0.286544,0.245887
377.000000,228.167999,0.279448,0.255304
378.000000,228.167999,0.270917,0.249019
379.000000,228.167999,0.260996,0.251318
380.000000,228.167999,0.249729,0.254724
381.000000,228.167999,0.237181,0.243174
382.000000,228.167999,0.223415,0.239016
383.000000,228.167999,0.208503,0.243134
384.000000,228.167999,0.192521,0.225017
385.000000,228.167999,0.175550,0.219709
386.000000,228.167999,0.157676,0.216535
387.000000,228.167999,0.138991,0.192132
388.000000,228.167999,0.119593,0.189968
389.000000,228.167999,0.099582,0.182218
390.000000,228.167999,0.079059,0.157958
391.000000,228.167999,0.058131,0.148359
392.000000,228.167999,0.036903,0.140325
393.000000,228.167999,0.015485,0.113486
394.000000,228.167999,-0.006011,0.100743
395.000000,228.167999,-0.027477,0.085290
396.000000,228.167999,-0.048802,0.064442
397.000000,228.167999,-0.069876,0.056984
398.000000,228.167999,-0.090592,0.024265
399.000000,228.167999,-0.110841,0.010534
400.000000,228.167999,-0.130521,0.005644
401.000000,228.167999,-0.149531,-0.026916
402.000000,228.167999,-0.167774,-0.036797
403.000000,228.167999,-0.185155,-0.044550
404.000000,228.167999,-0.201587,-0.078107
405.000000,228.167999,-0.216980,-0.090420
406.000000,228.167999,-0.231259,-0.099601
407.000000,228.167999,-0.244350,-0.125862
408.000000,228.167999,-0.256187,-0.133745
409.000000,228.167999,-0.266710,-0.143638
410.000000,228.167999,-0.275863,-0.168045
411.000000,228.167999,-0.283599,-0.172064
412.000000,228.167999,-0.289875,-0.186099
413.000000,228.167999,-0.294663,-0.205220
414.000000,228.167999,-0.297939,-0.208815
415.000000,228.167999,-0.299685,-0.219544
416.000000,228.167999,-0.299894,-0.232532
417.000000,228.167999,-0.298563,-0.233413
418.000000,228.167999,-0.295693,-0.249261
419.000000,228.167999,-0.291306,-0.250838
420.000000,228.167999,-0.285424,-0.241716
421.000000,228.167999,-0.278076,-0.256120
422.000000,228.167999,-0.269302,-0.251415
423.000000,228.167999,-0.259146,-0.238290
424.000000,228.167999,-0.247654,-0.254546
425.000000,228.167999,-0.234890,-0.247985
426.000000,228.167999,-0.220921,-0.235004
427.000000,228.167999,-0.205819,-0.237532
428.000000,228.167999,-0.189660,-0.225680
429.000000,228.167999,-0.172527,-0.210412
430.000000,228.167999,-0.154507,-0.213368
431.000000,228.167999,-0.135692,-0.193657
432.000000,228.167999,-0.116181,-0.180529
433.000000,228.167999,-0.096073,-0.176480
434.000000,228.167999,-0.075473,-0.156769
435.000000,228.167999,-0.054485,-0.143625
436.000000,228.167999,-0.033217,-0.133158
437.000000,228.167999,-0.011778,-0.109302
0.000000,238.292007,0.007793,-0.107563
1.000000,238.292007,0.030200,-0.088707
2.000000,238.292007,0.052439,-0.060997
3.000000,238.292007,0.074384,-0.054231
4.000000,238.292007,0.095912,-0.034232
5.000000,238.292007,0.116903,-0.010661
6.000000,238.292007,0.137239,-0.002901
7.000000,238.292007,0.156807,0.022671
8.000000,238.292007,0.175497,0.033691
9.000000,238.292007,0.193204,0.055718
10.000000,238.292007,0.209827,0.082146
11.000000,238.292007,0.225274,0.088325
12.000000,238.292007,0.239459,0.109759
13.000000,238.292007,0.252304,0.132893
14.000000,238.292007,0.263735,0.136796
15.000000,238.292007,0.273690,0.154224
16.000000,238.292007,0.282112,0.174783
17.000000,238.292007,0.288954,0.178975
18.000000,238.292007,0.294178,0.193971
19.000000,238.292007,0.297753,0.208530
20.000000,238.292007,0.299658,0.213576
21.000000,238.292007,0.299884,0.224566
22.000000,238.292007,0.298432,0.237273
23.000000,238.292007,0.295307,0.239310
24.000000,238.292007,0.290529,0.248011
25.000000,238.292007,0.284124,0.243011
26.000000,238.292007,0.276128,0.245172
27.000000,238.292007,0.266586,0.253439
28.000000,238.292007,0.255550,0.238741
29.000000,238.292007,0.243082,0.243021
30.000000,238.292007,0.229251,0.249141
31.000000,238.292007,0.214135,0.233452
32.000000,238.292007,0.197821,0.228290
33.000000,238.292007,0.180398,0.228261
34.000000,238.292007,0.161966,0.197420
35.000000,238.292007,0.142626,0.200978
36.000000,238.292007,0.122488,0.200237
37.000000,238.292007,0.101664,0.173256
38.000000,238.292007,0.080270,0.166947
39.000000,238.292007,0.058426,0.158339
40.000000,238.292007,0.036254,0.129645
41.000000,238.292007,0.013879,0.116903
42.000000,238.292007,-0.008573,0.108583
43.000000,238.292007,-0.030977,0.077742
44.000000,238.292007,-0.053207,0.069287
45.000000,238.292007,-0.075140,0.048973
46.000000,238.292007,-0.096651,0.023407
47.000000,238.292007,-0.117622,0.003938
48.000000,238.292007,-0.137934,-0.012487
49.000000,238.292007,-0.157473,-0.031214
50.000000,238.292007,-0.176129,-0.037963
51.000000,238.292007,-0.193798,-0.059805
52.000000,238.292007,-0.210382,-0.074830
53.000000,238.292007,-0.225787,-0.086013
54.000000,238.292007,-0.239928,-0.115995
55.000000,238.292007,-0.252725,-0.127022
56.000000,238.292007,-0.264107,-0.135487
57.000000,238.292007,-0.274011,-0.164035
58.000000,238.292007,-0.282379,-0.169489
59.000000,238.292007,-0.289165,-0.176669
60.000000,238.292007,-0.294329,-0.199786
61.000000,238.292007,-0.297844,-0.205952
62.000000,238.292007,-0.299692,-0.213414
63.000000,238.292007,-0.299861,-0.229384
64.000000,238.292007,-0.298350,-0.232976
65.000000,238.292007,-0.295169,-0.238141
66.000000,238.292007,-0.290335,-0.247402
67.000000,238.292007,-0.283875,-0.245563
68.000000,238.292007,-0.275826,-0.256709
69.000000,238.292007,-0.266230,-0.257127
70.000000,238.292007,-0.255140,-0.249718
71.000000,238.292007,-0.242622,-0.257263
72.000000,238.292007,-0.228745,-0.243691
73.000000,238.292007,-0.213588,-0.238714
74.000000,238.292007,-0.197234,-0.234815
75.000000,238.292007,-0.179776,-0.238118
76.000000,238.292007,-0.161311,-0.204120
77.000000,238.292007,-0.141942,-0.212506
78.000000,238.292007,-0.121778,-0.187076
79.000000,238.292007,-0.100932,-0.170231
80.000000,238.292007,-0.079519,-0.168900
81.000000,238.292007,-0.057661,-0.151617
82.000000,238.292007,-0.035481,-0.124623
83.000000,238.292007,-0.013102,-0.127294
84.000000,238.292007,0.009351,-0.103434
85.000000,238.292007,0.031751,-0.080725
86.000000,238.292007,0.053973,-0.070102
87.000000,238.292007,0.075893,-0.050961
88.000000,238.292007,0.097389,-0.029951
89.000000,238.292007,0.118338,-0.018772
90.000000,238.292007,0.138624,0.010660
91.000000,238.292007,0.158133,0.020398
92.000000,238.292007,0.176757,0.067590
93.000000,238.292007,0.194391,0.062266
94.000000,238.292007,0.210935,0.070880
95.000000,238.292007,0.226299,0.091314
96.000000,238.292007,0.240396,0.115306
97.000000,238.292007,0.253146,0.118208
98.000000,238.292007,0.264479,0.139639
99.000000,238.292007,0.274329,0.161345
100.000000,238.292007,0.282640,0.164250
101.000000,238.292007,0.289368,0.169806
102.000000,238.292007,0.294476,0.202950
103.000000,238.292007,0.297935,0.204570
104.000000,238.292007,0.299725,0.215275
105.000000,238.292007,0.299837,0.233834
106.000000,238.292007,0.298269,0.229592
107.000000,238.292007,0.295031,0.239151
108.000000,238.292007,0.290141,0.250566
109.000000,238.292007,0.283624,0.242743
110.000000,238.292007,0.275517,0.246729
111.000000,238.292007,0.265866,0.246295
112.000000,238.292007,0.254727,0.248173
113.000000,238.292007,0.242162,0.250294
114.000000,238.292007,0.228240,0.236451
115.000000,238.292007,0.213040,0.234586
116.000000,238.292007,0.196647,0.237273
117.000000,238.292007,0.179152,0.216011
118.000000,238.292007,0.160654,0.210988
119.000000,238.292007,0.141255,0.210816
120.000000,238.292007,0.121064,0.183265
121.000000,238.292007,0.100196,0.173527
122.000000,238.292007,0.078766,0.168634
123.000000,238.292007,0.056895,0.145659
124.000000,238.292007,0.034706,0.133917
125.000000,238.292007,0.012322,0.123881
126.000000,238.292007,-0.010131,0.093328
127.000000,238.292007,-0.032527,0.086589
128.000000,238.292007,-0.054741,0.069983
129.000000,238.292007,-0.076649,0.043426
130.000000,238.292007,-0.098126,0.030537
131.000000,238.292007,-0.119054,0.013520
132.000000,238.292007,-0.139315,-0.009336
133.000000,238.292007,-0.158795,-0.023659
134.000000,238.292007,-0.177387,-0.052227
135.000000,238.292007,-0.194985,-0.065391
136.000000,238.292007,-0.211491,-0.072856
137.000000,238.292007,-0.226812,-0.103700
138.000000,238.292007,-0.240864,-0.112864
139.000000,238.292007,-0.253565,-0.122618
140.000000,238.292007,-0.264844,-0.148599
141.000000,238.292007,-0.274640,-0.157336
142.000000,238.292007,-0.282898,-0.163084
143.000000,238.292007,-0.289572,-0.187630
144.000000,238.292007,-0.294623,-0.197517
145.000000,238.292007,-0.298025,-0.200402
146.000000,238.292007,-0.299758,-0.221664
147.000000,238.292007,-0.299813,-0.225544
148.000000,238.292007,-0.298188,-0.239705
149.000000,238.292007,-0.294891,-0.246975
150.000000,238.292007,-0.289940,-0.243708
151.000000,238.292007,-0.283366,-0.256126
152.000000,238.292007,-0.275205,-0.254556
153.000000,238.292007,-0.265503,-0.246292
154.000000,238.292007,-0.254314,-0.252830
155.000000,238.292007,-0.241701,-0.247270
156.000000,238.292007,-0.227735,-0.231998
157.000000,238.292007,-0.212492,-0.241823
158.000000,238.292007,-0.196060,-0.228400
159.000000,238.292007,-0.178528,-0.216131
160.000000,238.292007,-0.159995,-0.217231
161.000000,238.292007,-0.140566,-0.205525
162.000000,238.292007,-0.120350,-0.185956
163.000000,238.292007,-0.099461,-0.181629
164.000000,238.292007,-0.078014,-0.161491
165.000000,238.292007,-0.056131,-0.156759
166.000000,238.292007,-0.033933,-0.137737
167.000000,238.292007,-0.011545,-0.111741
168.000000,238.292007,0.010909,-0.106702
169.000000,238.292007,0.033301,-0.082978
170.000000,238.292007,0.055506,-0.056415
171.000000,238.292007,0.077400,-0.049653
172.000000,238.292007,0.098860,-0.033940
173.000000,238.292007,0.119767,0.023089
174.000000,238.292007,0.140003,0.000962
175.000000,238.292007,0.159455,0.018099
176.000000,238.292007,0.178015,0.046097
177.000000,238.292007,0.195577,0.051003
178.000000,238.292007,0.212044,0.075721
179.000000,238.292007,0.227322,0.093146
180.000000,238.292007,0.241326,0.102907
181.000000,238.292007,0.253978,0.131766
182.000000,238.292007,0.265207,0.137498
183.000000,238.292007,0.274951,0.155662
184.000000,238.292007,0.283156,0.178657
185.000000,238.292007,0.289775,0.178689
186.000000,238.292007,0.294771,0.200982
187.000000,238.292007,0.298116,0.216253
188.000000,238.292007,0.299792,0.210431
189.000000,238.292007,0.299786,0.226143
190.000000,238.292007,0.298099,0.241126
191.000000,238.292007,0.294744,0.235739
192.000000,238.292007,0.289737,0.244012
193.000000,238.292007,0.283108,0.254138
194.000000,238.292007,0.274894,0.248177
195.000000,238.292007,0.265140,0.251162
196.000000,238.292007,0.253901,0.251573
197.000000,238.292007,0.241241,0.245029
198.000000,238.292007,0.227229,0.245152
199.000000,238.292007,0.211942,0.232720
200.000000,238.292007,0.195468,0.225437
201.000000,238.292007,0.177899,0.226269
202.000000,238.292007,0.159333,0.205428
203.000000,238.292007,0.139876,0.199265
204.000000,238.292007,0.119635,0.197092
205.000000,238.292007,0.098725,0.169538
206.000000,238.292007,0.077261,0.155082
207.000000,238.292007,0.055365,0.152763
208.000000,238.292007,0.033158,0.120928
209.000000,238.292007,0.010765,0.117903
210.000000,238.292007,-0.011688,0.105866
211.000000,238.292007,-0.034076,0.078743
212.000000,238.292007,-0.056272,0.070145
213.000000,238.292007,-0.078153,0.052399
214.000000,238.292007,-0.099597,0.025123
215.000000,238.292007,-0.120483,0.010376
216.000000,238.292007,-0.140694,-0.011350
217.000000,238.292007,-0.160117,-0.028785
218.000000,238.292007,-0.178644,-0.039106
219.000000,238.292007,-0.196169,-0.068237
220.000000,238.292007,-0.212594,-0.081835
221.000000,238.292007,-0.227828,-0.089442
222.000000,238.292007,-0.241787,-0.118570
223.000000,238.292007,-0.254391,-0.131883
224.000000,238.292007,-0.265571,-0.138347
225.000000,238.292007,-0.275263,-0.163896
226.000000,238.292007,-0.283414,-0.172206
227.000000,238.292007,-0.289978,-0.177812
228.000000,238.292007,-0.294918,-0.202788
229.000000,238.292007,-0.298203,-0.211814
230.000000,238.292007,-0.299817,-0.215700
231.000000,238.292007,-0.299752,-0.230670
232.000000,238.292007,-0.298009,-0.233119
233.000000,238.292007,-0.294596,-0.235570
234.000000,238.292007,-0.289534,-0.250116
235.000000,238.292007,-0.282850,-0.248565
236.000000,238.292007,-0.274582,-0.247849
237.000000,238.292007,-0.264777,-0.254552
238.000000,238.292007,-0.253489,-0.246428
239.000000,238.292007,-0.240777,-0.254407
240.000000,238.292007,-0.226717,-0.240544
241.000000,238.292007,-0.211388,-0.229421
242.000000,238.292007,-0.194875,-0.232814
243.000000,238.292007,-0.177270,-0.203656
244.000000,238.292007,-0.158673,-0.203404
245.000000,238.292007,-0.139187,-0.207791
246.000000,238.292007,-0.118922,-0.191509
247.000000,238.292007,-0.097990,-0.175380
248.000000,238.292007,-0.076509,-0.164897
249.000000,238.292007,-0.054599,-0.143181
250.000000,238.292007,-0.032384,-0.125624
251.000000,238.292007,-0.009987,-0.118716
252.000000,238.292007,0.012466,-0.100860
253.000000,238.292007,0.034849,-0.077007
254.000000,238.292007,0.057036,-0.072389
255.000000,238.292007,0.078905,-0.045100
256.000000,238.292007,0.100331,-0.026664
257.000000,238.292007,0.121196,-0.014770
258.000000,238.292007,0.141382,0.009229
259.000000,238.292007,0.160775,0.016684
260.000000,238.292007,0.179267,0.045139
261.000000,238.292007,0.196755,0.069701
262.000000,238.292007,0.213141,0.074313
263.000000,238.292007,0.228333,0.097032
264.000000,238.292007,0.242247,0.123314
265.000000,238.292007,0.254803,0.126929
266.000000,238.292007,0.265933,0.148787
267.000000,238.292007,0.275574,0.164916
268.000000,238.292007,0.283672,0.175684
269.000000,238.292007,0.290177,0.186247
270.000000,238.292007,0.295057,0.200952
271.000000,238.292007,0.298284,0.200707
272.000000,238.292007,0.299841,0.217701
273.000000,238.292007,0.299719,0.220414
274.000000,238.292007,0.297918,0.233161
275.000000,238.292007,0.294449,0.244290
276.000000,238.292007,0.289331,0.240026
277.000000,238.292007,0.282592,0.248024
278.000000,238.292007,0.274271,0.260721
279.000000,238.292007,0.264410,0.246606
280.000000,238.292007,0.253068,0.248306
281.000000,238.292007,0.240309,0.254854
282.000000,238.292007,0.226205,0.237312
283.000000,238.292007,0.210833,0.239725
284.000000,238.292007,0.194281,0.236551
285.000000,238.292007,0.176641,0.214576
286.000000,238.292007,0.158012,0.209984
287.000000,238.292007,0.138497,0.206817
288.000000,238.292007,0.118207,0.186121
289.000000,238.292007,0.097253,0.187533
290.000000,238.292007,0.075754,0.163369
291.000000,238.292007,0.053832,0.142080
292.000000,238.292007,0.031608,0.133049
293.000000,238.292007,0.009207,0.108483
294.000000,238.292007,-0.013245,0.097036
295.000000,238.292007,-0.035624,0.088713
296.000000,238.292007,-0.057803,0.060443
297.000000,238.292007,-0.079658,0.044128
298.000000,238.292007,-0.101068,0.036806
299.000000,238.292007,-0.121910,0.005680
300.000000,238.292007,-0.142069,-0.011781
301.000000,238.292007,-0.161432,-0.016814
302.000000,238.292007,-0.179891,-0.048367
303.000000,238.292007,-0.197343,-0.070831
304.000000,238.292007,-0.213689,-0.076149
305.000000,238.292007,-0.228839,-0.101987
306.000000,238.292007,-0.242708,-0.114302
307.000000,238.292007,-0.255217,-0.126757
308.000000,238.292007,-0.266297,-0.149745
309.000000,238.292007,-0.275882,-0.159204
310.000000,238.292007,-0.283922,-0.178627
311.000000,238.292007,-0.290371,-0.188640
312.000000,238.292007,-0.295195,-0.197818
313.000000,238.292007,-0.298365,-0.215081
314.000000,238.292007,-0.299865,-0.216668
315.000000,238.292007,-0.299685,-0.218987
316.000000,238.292007,-0.297827,-0.240249
317.000000,238.292007,-0.294301,-0.236975
318.000000,238.292007,-0.289127,-0.238864
319.000000,238.292007,-0.282330,-0.252975
320.000000,238.292007,-0.273951,-0.249847
321.000000,238.292007,-0.264039,-0.242154
322.000000,238.292007,-0.252647,-0.254549
323.000000,238.292007,-0.239841,-0.248847
324.000000,238.292007,-0.225692,-0.240003
325.000000,238.292007,-0.210279,-0.239537
326.000000,238.292007,-0.193688,-0.225117
327.000000,238.292007,-0.176013,-0.218679
328.000000,238.292007,-0.157351,-0.214375
329.000000,238.292007,-0.137806,-0.193239
330.000000,238.292007,-0.117489,-0.194210
331.000000,238.292007,-0.096515,-0.176490
332.000000,238.292007,-0.075000,-0.151498
333.000000,238.292007,-0.053065,-0.149742
334.000000,238.292007,-0.030834,-0.133172
335.000000,238.292007,-0.008429,-0.106320
336.000000,238.292007,0.014023,-0.102556
337.000000,238.292007,0.036397,-0.081271
338.000000,238.292007,0.058567,-0.062567
339.000000,238.292007,0.080408,-0.050226
340.000000,238.292007,0.101799,-0.027367
341.000000,238.292007,0.122619,-0.005939
342.000000,238.292007,0.142753,0.005392
343.000000,238.292007,0.162087,0.033682
344.000000,238.292007,0.180513,0.043555
345.000000,238.292007,0.197929,0.063296
346.000000,238.292007,0.214236,0.085575
347.000000,238.292007,0.229344,0.094902
348.000000,238.292007,0.243167,0.114335
349.000000,238.292007,0.255625,0.136183
350.000000,238.292007,0.266651,0.141229
351.000000,238.292007,0.276184,0.157942
352.000000,238.292007,0.284170,0.181645
353.000000,238.292007,0.290565,0.183550
354.000000,238.292007,0.295333,0.198974
355.000000,238.292007,0.298447,0.211674
356.000000,238.292007,0.299889,0.216293
357.000000,238.292007,0.299652,0.230000
358.000000,238.292007,0.297736,0.239277
359.000000,238.292007,0.294149,0.237452
360.000000,238.292007,0.288915,0.249728
361.000000,238.292007,0.282063,0.248449
362.000000,238.292007,0.273631,0.251175
363.000000,238.292007,0.263667,0.258727
364.000000,238.292007,0.252226,0.245032
365.000000,238.292007,0.239373,0.243449
366.000000,238.292007,0.225179,0.253141
367.000000,238.292007,0.209724,0.232737
368.000000,238.292007,0.193094,0.225716
369.000000,238.292007,0.175380,0.224828
370.000000,238.292007,0.156684,0.207287
371.000000,238.292007,0.137111,0.200836
372.000000,238.292007,0.116770,0.194372
373.000000,238.292007,0.095776,0.067985
374.000000,238.292007,0.074245,0.161656
375.000000,238.292007,0.052297,0.169644
376.000000,238.292007,0.030057,0.140520
377.000000,238.292007,0.007649,0.129636
378.000000,238.292007,-0.014803,0.110306
379.000000,238.292007,-0.037171,0.081748
380.000000,238.292007,-0.059331,0.070860
381.000000,238.292007,-0.081159,0.049118
382.000000,238.292007,-0.102532,0.023407
383.000000,238.292007,-0.123331,0.015090
384.000000,238.292007,-0.143439,-0.018056
385.000000,238.292007,-0.162744,-0.028358
386.000000,238.292007,-0.181137,-0.039252
387.000000,238.292007,-0.198517,-0.067667
388.000000,238.292007,-0.214784,-0.088985
389.000000,238.292007,-0.229846,-0.090303
390.000000,238.292007,-0.243620,-0.115995
391.000000,238.292007,-0.256030,-0.130740
392.000000,238.292007,-0.267006,-0.137346
393.000000,238.292007,-0.276487,-0.164039
394.000000,238.292007,-0.284420,-0.174065
395.000000,238.292007,-0.290759,-0.179671
396.000000,238.292007,-0.295471,-0.205220
397.000000,238.292007,-0.298528,-0.208527
398.000000,238.292007,-0.299912,-0.212980
399.000000,238.292007,-0.299613,-0.229958
400.000000,238.292007,-0.297636,-0.230693
401.000000,238.292007,-0.293992,-0.243840
402.000000,238.292007,-0.288702,-0.246975
403.000000,238.292007,-0.281796,-0.251719
404.000000,238.292007,-0.273311,-0.257263
405.000000,238.292007,-0.263295,-0.248267
406.000000,238.292007,-0.251805,-0.239003
407.000000,238.292007,-0.238905,-0.248685
408.000000,238.292007,-0.224666,-0.243410
409.000000,238.292007,-0.209166,-0.226425
410.000000,238.292007,-0.192495,-0.231528
411.000000,238.292007,-0.174746,-0.217248
412.000000,238.292007,-0.156019,-0.202119
413.000000,238.292007,-0.136418,-0.204647
414.000000,238.292007,-0.116053,-0.181931
415.000000,238.292007,-0.095038,-0.168939
416.000000,238.292007,-0.073490,-0.165328
417.000000,238.292007,-0.051531,-0.141902
418.000000,238.292007,-0.029283,-0.133602
0.000000,248.865997,0.004166,-0.113855
1.000000,248.865997,0.027582,-0.092712
2.000000,248.865997,0.050830,-0.075420
3.000000,248.865997,0.073766,-0.059380
4.000000,248.865997,0.096252,-0.033096
5.000000,248.865997,0.118152,-0.023205
6.000000,248.865997,0.139326,-0.001192
7.000000,248.865997,0.159652,0.026803
8.000000,248.865997,0.179003,0.033565
9.000000,248.865997,0.197256,0.058856
10.000000,248.865997,0.214309,0.083849
11.000000,248.865997,0.230050,0.091184
12.000000,248.865997,0.244385,0.109328
13.000000,248.865997,0.257231,0.135892
14.000000,248.865997,0.268499,0.134079
15.000000,248.865997,0.278130,0.159224
16.000000,248.865997,0.286065,0.180502
17.000000,248.865997,0.292245,0.181976
18.000000,248.865997,0.296646,0.200829
19.000000,248.865997,0.299232,0.207115
20.000000,248.865997,0.299988,0.217290
21.000000,248.865997,0.298917,0.232137
22.000000,248.865997,0.296013,0.229012
23.000000,248.865997,0.291303,0.239589
24.000000,248.865997,0.284817,0.252859
25.000000,248.865997,0.276583,0.240033
26.000000,248.865997,0.266666,0.246305
27.000000,248.865997,0.255118,0.257289
28.000000,248.865997,0.242009,0.242601
29.000000,248.865997,0.227426,0.243011
30.000000,248.865997,0.211449,0.242127
31.000000,248.865997,0.194181,0.223155
32.000000,248.865997,0.175731,0.218847
33.000000,248.865997,0.156201,0.213394
34.000000,248.865997,0.135720,0.195415
35.000000,248.865997,0.114410,0.188530
36.000000,248.865997,0.092400,0.164376
37.000000,248.865997,0.069827,0.155662
38.000000,248.865997,0.046826,0.146630
39.000000,248.865997,0.023539,0.122499
40.000000,248.865997,0.000108,0.105041
41.000000,248.865997,-0.023323,0.102294
42.000000,248.865997,-0.046612,0.075171
43.000000,248.865997,-0.069616,0.057567
44.000000,248.865997,-0.092194,0.048386
45.000000,248.865997,-0.114210,0.015975
46.000000,248.865997,-0.135527,-0.000343
47.000000,248.865997,-0.156016,-0.011380
48.000000,248.865997,-0.175555,-0.042648
49.000000,248.865997,-0.194016,-0.064112
50.000000,248.865997,-0.211295,-0.069280
51.000000,248.865997,-0.227285,-0.097984
52.000000,248.865997,-0.241881,-0.120313
53.000000,248.865997,-0.255003,-0.130173
54.000000,248.865997,-0.266567,-0.142883
55.000000,248.865997,-0.276499,-0.153489
56.000000,248.865997,-0.284748,-0.176050
57.000000,248.865997,-0.291251,-0.182925
58.000000,248.865997,-0.295977,-0.185525
59.000000,248.865997,-0.298899,-0.207218
60.000000,248.865997,-0.299986,-0.217383
61.000000,248.865997,-0.299246,-0.221276
62.000000,248.865997,-0.296679,-0.236959
63.000000,248.865997,-0.292294,-0.241408
64.000000,248.865997,-0.286129,-0.235004
65.000000,248.865997,-0.278212,-0.251544
66.000000,248.865997,-0.268595,-0.251706
67.000000,248.865997,-0.257343,-0.245871
68.000000,248.865997,-0.244510,-0.253834
69.000000,248.865997,-0.230188,-0.245129
70.000000,248.865997,-0.214461,-0.233715
71.000000,248.865997,-0.197419,-0.237678
72.000000,248.865997,-0.179175,-0.223685
73.000000,248.865997,-0.159835,-0.219398
74.000000,248.865997,-0.139517,-0.208083
75.000000,248.865997,-0.118350,-0.189376
76.000000,248.865997,-0.096457,-0.184631
77.000000,248.865997,-0.073975,-0.166766
78.000000,248.865997,-0.051043,-0.140630
79.000000,248.865997,-0.027797,-0.134871
80.000000,248.865997,-0.004382,-0.101715
81.000000,248.865997,0.019060,-0.089591
82.000000,248.865997,0.042385,-0.086543
83.000000,248.865997,0.065452,-0.063542
84.000000,248.865997,0.088118,-0.039404
85.000000,248.865997,0.110246,-0.034497
86.000000,248.865997,0.131702,-0.007351
87.000000,248.865997,0.152350,0.020939
88.000000,248.865997,0.172070,0.023125
89.000000,248.865997,0.190738,0.052558
90.000000,248.865997,0.208239,0.068425
91.000000,248.865997,0.224472,0.082745
92.000000,248.865997,0.239329,0.109743
93.000000,248.865997,0.252725,0.118778
94.000000,248.865997,0.264582,0.136501
95.000000,248.865997,0.274814,0.156633
96.000000,248.865997,0.283372,0.164535
97.000000,248.865997,0.290199,0.182536
98.000000,248.865997,0.295249,0.201095
99.000000,248.865997,0.298501,0.204716
100.000000,248.865997,0.299925,0.212847
101.000000,248.865997,0.299517,0.228118
102.000000,248.865997,0.297285,0.223728
103.000000,248.865997,0.293227,0.237578
104.000000,248.865997,0.287383,0.249562
105.000000,248.865997,0.279785,0.244602
106.000000,248.865997,0.270472,0.250589
107.000000,248.865997,0.259511,0.250854
108.000000,248.865997,0.246963,0.238452
109.000000,248.865997,0.232905,0.243151
110.000000,248.865997,0.217429,0.235437
111.000000,248.865997,0.200618,0.228154
112.000000,248.865997,0.182584,0.231133
113.000000,248.865997,0.163437,0.209431
114.000000,248.865997,0.143287,0.199981
115.000000,248.865997,0.122265,0.198666
116.000000,248.865997,0.100495,0.173256
117.000000,248.865997,0.078110,0.162945
118.000000,248.865997,0.055250,0.155337
119.000000,248.865997,0.032050,0.125070
120.000000,248.865997,0.008656,0.116187
121.000000,248.865997,-0.014792,0.100147
122.000000,248.865997,-0.038149,0.077600
123.000000,248.865997,-0.061273,0.064141
124.000000,248.865997,-0.084023,0.053399
125.000000,248.865997,-0.106259,0.025981
126.000000,248.865997,-0.127847,0.009517
127.000000,248.865997,-0.148653,-0.015359
128.000000,248.865997,-0.168550,-0.033931
129.000000,248.865997,-0.187421,-0.044536
130.000000,248.865997,-0.205141,-0.074390
131.000000,248.865997,-0.221612,-0.090271
132.000000,248.865997,-0.236729,-0.111887
133.000000,248.865997,-0.250396,-0.124859
134.000000,248.865997,-0.262538,-0.139745
135.000000,248.865997,-0.273073,-0.142923
136.000000,248.865997,-0.281939,-0.164324
137.000000,248.865997,-0.289088,-0.178926
138.000000,248.865997,-0.294463,-0.183673
139.000000,248.865997,-0.298042,-0.208365
140.000000,248.865997,-0.299804,-0.213530
141.000000,248.865997,-0.299727,-0.218848
142.000000,248.865997,-0.297825,-0.235819
143.000000,248.865997,-0.294102,-0.238267
144.000000,248.865997,-0.288579,-0.237717
145.000000,248.865997,-0.281299,-0.253691
146.000000,248.865997,-0.272294,-0.249566
147.000000,248.865997,-0.261628,-0.253141
148.000000,248.865997,-0.249367,-0.250835
149.000000,248.865997,-0.235575,-0.237131
150.000000,248.865997,-0.220349,-0.245971
151.000000,248.865997,-0.203777,-0.236256
152.000000,248.865997,-0.185956,-0.224702
153.000000,248.865997,-0.167004,-0.222092
154.000000,248.865997,-0.147028,-0.211383
155.000000,248.865997,-0.126155,-0.188391
156.000000,248.865997,-0.104513,-0.187202
157.000000,248.865997,-0.082229,-0.167203
158.000000,248.865997,-0.059444,-0.141494
159.000000,248.865997,-0.036297,-0.143450
160.000000,248.865997,-0.012927,-0.126310
161.000000,248.865997,0.010522,-0.098024
162.000000,248.865997,0.033906,-0.082252
163.000000,248.865997,0.057083,-0.067405
164.000000,248.865997,0.079913,-0.048830
165.000000,248.865997,0.102252,-0.034500
166.000000,248.865997,0.123967,-0.012076
167.000000,248.865997,0.144927,-0.000476
168.000000,248.865997,0.164997,-0.078584
169.000000,248.865997,0.184063,0.048542
170.000000,248.865997,0.202003,0.072179
171.000000,248.865997,0.218708,0.095757
172.000000,248.865997,0.234080,0.116028
173.000000,248.865997,0.248017,0.119643
174.000000,248.865997,0.260441,0.140785
175.000000,248.865997,0.271278,0.156202
176.000000,248.865997,0.280450,0.161102
177.000000,248.865997,0.287914,0.183388
178.000000,248.865997,0.293617,0.201807
179.000000,248.865997,0.297524,0.200707
180.000000,248.865997,0.299620,0.214987
181.000000,248.865997,0.299878,0.227548
182.000000,248.865997,0.298307,0.228731
183.000000,248.865997,0.294918,0.238290
184.000000,248.865997,0.289718,0.236295
185.000000,248.865997,0.282753,0.247600
186.000000,248.865997,0.274062,0.251580
187.000000,248.865997,0.263692,0.243174
188.000000,248.865997,0.251716,0.240732
189.000000,248.865997,0.238199,0.254857
190.000000,248.865997,0.223226,0.235739
191.000000,248.865997,0.206895,0.234151
192.000000,248.865997,0.189292,0.234407
193.000000,248.865997,0.170537,0.214006
194.000000,248.865997,0.150740,0.208125
195.000000,248.865997,0.130020,0.198805
196.000000,248.865997,0.108508,0.171685
197.000000,248.865997,0.086332,0.165377
198.000000,248.865997,0.063628,0.164207
199.000000,248.865997,0.040536,0.137077
200.000000,248.865997,0.017196,0.128337
201.000000,248.865997,-0.006249,0.103315
202.000000,248.865997,-0.029656,0.087318
203.000000,248.865997,-0.052881,0.072709
204.000000,248.865997,-0.075784,0.047143
205.000000,248.865997,-0.098223,0.030835
206.000000,248.865997,-0.120062,0.022370
207.000000,248.865997,-0.141169,-0.015336
208.000000,248.865997,-0.161411,-0.024789
209.000000,248.865997,-0.180668,-0.033254
210.000000,248.865997,-0.198824,-0.065523
211.000000,248.865997,-0.215760,-0.077408
212.000000,248.865997,-0.231381,-0.089160
213.000000,248.865997,-0.245589,-0.116423
214.000000,248.865997,-0.258293,-0.126306
215.000000,248.865997,-0.269424,-0.138204
216.000000,248.865997,-0.278905,-0.166613
217.000000,248.865997,-0.286682,-0.177355
218.000000,248.865997,-0.292714,-0.177955
219.000000,248.865997,-0.296947,-0.205933
220.000000,248.865997,-0.299372,-0.212387
221.000000,248.865997,-0.299969,-0.210694
222.000000,248.865997,-0.298729,-0.234388
223.000000,248.865997,-0.295669,-0.234981
224.000000,248.865997,-0.290799,-0.243850
225.000000,248.865997,-0.284152,-0.252979
226.000000,248.865997,-0.275774,-0.242137
227.000000,248.865997,-0.265704,-0.251259
228.000000,248.865997,-0.254014,-0.250981
229.000000,248.865997,-0.240775,-0.238999
230.000000,248.865997,-0.226059,-0.246538
231.000000,248.865997,-0.209967,-0.238546
232.000000,248.865997,-0.192590,-0.222420
233.000000,248.865997,-0.174035,-0.222092
234.000000,248.865997,-0.154420,-0.209382
235.000000,248.865997,-0.133859,-0.191824
236.000000,248.865997,-0.112481,-0.190635
237.000000,248.865997,-0.090417,-0.173210
238.000000,248.865997,-0.067798,-0.151789
239.000000,248.865997,-0.044766,-0.147741
240.000000,248.865997,-0.021461,-0.128742
241.000000,248.865997,0.001975,-0.104170
242.000000,248.865997,0.025400,-0.091404
243.000000,248.865997,0.048669,-0.071838
244.000000,248.865997,0.071640,-0.062259
245.000000,248.865997,0.094176,-0.043225
246.000000,248.865997,0.116133,-0.014796
247.000000,248.865997,0.137383,-0.006904
248.000000,248.865997,0.157793,0.017824
249.000000,248.865997,0.177237,0.046965
250.000000,248.865997,0.195602,0.050864
251.000000,248.865997,0.212769,0.078733
252.000000,248.865997,0.228636,0.098862
253.000000,248.865997,0.243112,0.106770
254.000000,248.865997,0.256093,0.125199
255.000000,248.865997,0.267515,0.150334
256.000000,248.865997,0.277304,0.151951
257.000000,248.865997,0.285394,0.172093
258.000000,248.865997,0.291745,0.193799
259.000000,248.865997,0.296311,0.194988
260.000000,248.865997,0.299065,0.205693
261.000000,248.865997,0.299999,0.220113
262.000000,248.865997,0.299091,0.223297
263.000000,248.865997,0.296360,0.237717
264.000000,248.865997,0.291822,0.237581
265.000000,248.865997,0.285493,0.244598
266.000000,248.865997,0.277426,0.255586
267.000000,248.865997,0.267663,0.243031
268.000000,248.865997,0.256262,0.246166
269.000000,248.865997,0.243300,0.252998
270.000000,248.865997,0.228847,0.235454
271.000000,248.865997,0.212997,0.235580
272.000000,248.865997,0.195849,0.239983
273.000000,248.865997,0.177499,0.215590
274.000000,248.865997,0.158068,0.212559
275.000000,248.865997,0.137671,0.209239
276.000000,248.865997,0.116432,0.190124
277.000000,248.865997,0.094483,0.181529
278.000000,248.865997,0.071955,0.164207
279.000000,248.865997,0.048988,0.143081
280.000000,248.865997,0.025723,0.131335
281.000000,248.865997,0.002299,0.111190
282.000000,248.865997,-0.021138,0.094465
283.000000,248.865997,-0.044446,0.082858
284.000000,248.865997,-0.067482,0.057445
285.000000,248.865997,-0.090107,0.036554
286.000000,248.865997,-0.112181,0.030517
287.000000,248.865997,-0.133568,-0.000039
288.000000,248.865997,-0.154143,-0.019786
289.000000,248.865997,-0.173771,-0.028967
290.000000,248.865997,-0.192340,-0.057518
291.000000,248.865997,-0.209736,-0.072978
292.000000,248.865997,-0.225846,-0.083014
293.000000,248.865997,-0.240580,-0.109564
294.000000,248.865997,-0.253843,-0.121022
295.000000,248.865997,-0.265553,-0.133910
296.000000,248.865997,-0.275646,-0.159036
297.000000,248.865997,-0.284048,-0.167637
298.000000,248.865997,-0.290718,-0.180645
299.000000,248.865997,-0.295615,-0.200220
300.000000,248.865997,-0.298699,-0.204962
301.000000,248.865997,-0.299964,-0.228954
302.000000,248.865997,-0.299394,-0.226677
303.000000,248.865997,-0.296993,-0.226849
304.000000,248.865997,-0.292783,-0.243539
305.000000,248.865997,-0.286778,-0.246269
306.000000,248.865997,-0.279023,-0.237720
307.000000,248.865997,-0.269568,-0.253976
308.000000,248.865997,-0.258458,-0.250991
309.000000,248.865997,-0.245774,-0.238294
310.000000,248.865997,-0.231588,-0.246398
311.000000,248.865997,-0.215985,-0.240696
312.000000,248.865997,-0.199066,-0.232853
313.000000,248.865997,-0.180927,-0.220233
314.000000,248.865997,-0.161684,-0.210531
315.000000,248.865997,-0.141456,-0.202384
316.000000,248.865997,-0.120359,-0.193213
317.000000,248.865997,-0.098529,-0.173362
318.000000,248.865997,-0.076097,-0.171192
319.000000,248.865997,-0.053200,-0.153038
320.000000,248.865997,-0.029978,-0.126187
321.000000,248.865997,-0.006573,-0.120001
322.000000,248.865997,0.016873,-0.099140
323.000000,248.865997,0.040215,-0.074005
324.000000,248.865997,0.063311,-0.068814
325.000000,248.865997,0.086021,-0.044238
326.000000,248.865997,0.108206,-0.019100
327.000000,248.865997,0.129728,-0.012904
328.000000,248.865997,0.150459,0.012244
329.000000,248.865997,0.170271,0.038807
330.000000,248.865997,0.189040,0.043714
331.000000,248.865997,0.206659,0.073007
332.000000,248.865997,0.223010,0.098003
333.000000,248.865997,0.238001,0.095187
334.000000,248.865997,0.251541,0.121902
335.000000,248.865997,0.263537,0.135623
336.000000,248.865997,0.273929,0.149658
337.000000,248.865997,0.282646,0.170940
338.000000,248.865997,0.289633,0.173683
339.000000,248.865997,0.294856,0.193692
340.000000,248.865997,0.298273,0.208390
341.000000,248.865997,0.299868,0.209576
342.000000,248.865997,0.299638,0.224573
343.000000,248.865997,0.297566,0.247703
344.000000,248.865997,0.293683,0.233164
345.000000,248.865997,0.288006,0.242014
346.000000,248.865997,0.280564,0.254996
347.000000,248.865997,0.271415,0.247464
348.000000,248.865997,0.260603,0.250735
349.000000,248.865997,0.248199,0.253853
350.000000,248.865997,0.234284,0.239025
351.000000,248.865997,0.218930,0.242438
352.000000,248.865997,0.202242,0.233993
353.000000,248.865997,0.184320,0.222296
354.000000,248.865997,0.165268,0.219414
355.000000,248.865997,0.145209,0.201270
356.000000,248.865997,0.124263,0.191979
357.000000,248.865997,0.102556,0.185661
358.000000,248.865997,0.080225,0.161676
359.000000,248.865997,0.057401,0.152653
360.000000,248.865997,0.034228,0.145189
361.000000,248.865997,0.010846,0.115063
362.000000,248.865997,-0.012603,0.102178
363.000000,248.865997,-0.035975,0.093570
364.000000,248.865997,-0.059127,0.059873
365.000000,248.865997,-0.081917,0.047130
366.000000,248.865997,-0.104208,0.038234
367.000000,248.865997,-0.125861,0.000535
368.000000,248.865997,-0.146745,0.114328
369.000000,248.865997,-0.166736,-0.018099
370.000000,248.865997,-0.185702,-0.071815
371.000000,248.865997,-0.203538,-0.085274
372.000000,248.865997,-0.220130,-0.091019
373.000000,248.865997,-0.235374,-0.113998
374.000000,248.865997,-0.249185,-0.123738
375.000000,248.865997,-0.261470,-0.141339
376.000000,248.865997,-0.272157,-0.157180
377.000000,248.865997,-0.281187,-0.163495
378.000000,248.865997,-0.288491,-0.176918
379.000000,248.865997,-0.294036,-0.196218
380.000000,248.865997,-0.297788,-0.201536
381.000000,248.865997,-0.299713,-0.222943
382.000000,248.865997,-0.299814,-0.224961
383.000000,248.865997,-0.298080,-0.221704
384.000000,248.865997,-0.294524,-0.242535
385.000000,248.865997,-0.289174,-0.246127
386.000000,248.865997,-0.282050,-0.234430
387.000000,248.865997,-0.273206,-0.253403
388.000000,248.865997,-0.262696,-0.253707
389.000000,248.865997,-0.250574,-0.242154
390.000000,248.865997,-0.236927,-0.253834
391.000000,248.865997,-0.221831,-0.247989
392.000000,248.865997,-0.205377,-0.225852
393.000000,248.865997,-0.187673,-0.233957
394.000000,248.865997,-0.168818,-0.215962
395.000000,248.865997,-0.148934,-0.204395
396.000000,248.865997,-0.128141,-0.201075
397.000000,248.865997,-0.106562,-0.177792
398.000000,248.865997,-0.084334,-0.173343
399.000000,248.865997,-0.061591,-0.155182
400.000000,248.865997,-0.038470,-0.135620
0.000000,259.908997,0.006115,-0.115856
1.000000,259.908997,0.030558,-0.090996
2.000000,259.908997,0.054798,-0.064274
3.000000,259.908997,0.078671,-0.057522
4.000000,259.908997,0.102021,-0.035093
5.000000,259.908997,0.124692,-0.024501
6.000000,259.908997,0.146529,-0.001761
7.000000,259.908997,0.167393,0.032240
8.000000,259.908997,0.187141,0.031992
9.000000,259.908997,0.205640,0.062719
10.000000,259.908997,0.222771,0.092715
11.000000,259.908997,0.238417,0.094186
12.000000,259.908997,0.252472,0.116475
13.000000,259.908997,0.264849,0.143469
14.000000,259.908997,0.275458,0.146232
15.000000,259.908997,0.284230,0.163087
16.000000,259.908997,0.291114,0.181933
17.000000,259.908997,0.296053,0.189985
18.000000,259.908997,0.299019,0.205693
19.000000,259.908997,0.299998,0.224116
20.000000,259.908997,0.298972,0.221153
21.000000,259.908997,0.295955,0.237717
22.000000,259.908997,0.290971,0.231428
23.000000,259.908997,0.284040,0.231875
24.000000,259.908997,0.275221,0.249579
25.000000,259.908997,0.264572,0.241315
26.000000,259.908997,0.252151,0.247740
27.000000,259.908997,0.238054,0.248568
28.000000,259.908997,0.222374,0.232309
29.000000,259.908997,0.205206,0.231150
30.000000,259.908997,0.186675,0.233837
31.000000,259.908997,0.166900,0.214865
32.000000,259.908997,0.146010,0.202980
33.000000,259.908997,0.124150,0.202092
34.000000,259.908997,0.101462,0.177258
35.000000,259.908997,0.078096,0.162799
36.000000,259.908997,0.054212,0.158485
37.000000,259.908997,0.029966,0.127929
38.000000,259.908997,0.005520,0.112754
39.000000,259.908997,-0.018963,0.101731
40.000000,259.908997,-0.043319,0.079455
41.000000,259.908997,-0.067386,0.066139
42.000000,259.908997,-0.091006,0.037555
43.000000,259.908997,-0.114017,0.020971
44.000000,259.908997,-0.136269,0.031528
45.000000,259.908997,-0.157615,-0.023629
46.000000,259.908997,-0.177908,-0.040517
47.000000,259.908997,-0.197016,-0.051554
48.000000,259.908997,-0.214815,-0.082683
49.000000,259.908997,-0.231176,-0.099571
50.000000,259.908997,-0.246000,-0.101459
51.000000,259.908997,-0.259189,-0.129153
52.000000,259.908997,-0.270642,-0.141468
53.000000,259.908997,-0.280296,-0.154503
54.000000,259.908997,-0.288086,-0.173194
55.000000,259.908997,-0.293949,-0.188083
56.000000,259.908997,-0.297858,-0.202523
57.000000,259.908997,-0.299784,-0.215376
58.000000,259.908997,-0.299706,-0.224550
59.000000,259.908997,-0.297636,-0.233818
60.000000,259.908997,-0.293583,-0.236399
61.000000,259.908997,-0.287569,-0.233996
62.000000,259.908997,-0.279644,-0.249400
63.000000,259.908997,-0.269854,-0.248844
64.000000,259.908997,-0.258263,-0.237720
65.000000,259.908997,-0.244956,-0.250401
66.000000,259.908997,-0.230013,-0.242555
67.000000,259.908997,-0.213538,-0.232002
68.000000,259.908997,-0.195642,-0.235103
69.000000,259.908997,-0.176440,-0.223682
70.000000,259.908997,-0.156063,-0.210405
71.000000,259.908997,-0.134648,-0.211797
72.000000,259.908997,-0.112333,-0.189227
73.000000,259.908997,-0.089270,-0.175357
74.000000,259.908997,-0.065614,-0.162472
75.000000,259.908997,-0.041519,-0.137187
76.000000,259.908997,-0.017148,-0.134444
77.000000,259.908997,0.007338,-0.113577
78.000000,259.908997,0.031774,-0.085725
79.000000,259.908997,0.055999,-0.076676
80.000000,259.908997,0.079852,-0.056246
81.000000,259.908997,0.103170,-0.026393
82.000000,259.908997,0.125802,-0.022771
83.000000,259.908997,0.147597,-0.002059
84.000000,259.908997,0.168406,0.021648
85.000000,259.908997,0.188095,0.037568
86.000000,259.908997,0.206531,0.070294
87.000000,259.908997,0.223587,0.092712
88.000000,259.908997,0.239157,0.098189
89.000000,259.908997,0.253133,0.119904
90.000000,259.908997,0.265419,0.137469
91.000000,259.908997,0.275941,0.145944
92.000000,259.908997,0.284621,0.166513
93.000000,259.908997,0.291404,0.175380
94.000000,259.908997,0.296250,0.192268
95.000000,259.908997,0.299117,0.205399
96.000000,259.908997,0.299991,0.209000
97.000000,259.908997,0.298871,0.220858
98.000000,259.908997,0.295753,0.234698
99.000000,259.908997,0.290667,0.232737
100.000000,259.908997,0.283648,0.245162
101.000000,259.908997,0.274732,0.253995
102.000000,259.908997,0.263988,0.243031
103.000000,259.908997,0.251490,0.244728
104.000000,259.908997,0.237308,0.251563
105.000000,259.908997,0.221549,0.237882
106.000000,259.908997,0.204315,0.236580
107.000000,259.908997,0.185715,0.231123
108.000000,259.908997,0.165881,0.216008
109.000000,259.908997,0.144942,0.205405
110.000000,259.908997,0.123034,0.187811
111.000000,259.908997,0.100309,0.174396
112.000000,259.908997,0.076916,0.167080
113.000000,259.908997,0.053008,0.144655
114.000000,259.908997,0.028749,0.132210
115.000000,259.908997,0.004297,0.122890
116.000000,259.908997,-0.020183,0.094474
117.000000,259.908997,-0.044529,0.079160
118.000000,259.908997,-0.068578,0.066977
119.000000,259.908997,-0.092169,0.035567
120.000000,259.908997,-0.115148,0.023682
121.000000,259.908997,-0.137358,0.017933
122.000000,259.908997,-0.158652,-0.021058
123.000000,259.908997,-0.178893,-0.036518
124.000000,259.908997,-0.197937,-0.050129
125.000000,259.908997,-0.215663,-0.083830
126.000000,259.908997,-0.231957,-0.093856
127.000000,259.908997,-0.246698,-0.111174
128.000000,259.908997,-0.259798,-0.135587
129.000000,259.908997,-0.271172,-0.144762
130.000000,259.908997,-0.280729,-0.165623
131.000000,259.908997,-0.288422,-0.175486
132.000000,259.908997,-0.294195,-0.182090
133.000000,259.908997,-0.298000,-0.207503
134.000000,259.908997,-0.299825,-0.211376
135.000000,259.908997,-0.299654,-0.223844
136.000000,259.908997,-0.297479,-0.239818
137.000000,259.908997,-0.293328,-0.236405
138.000000,259.908997,-0.287221,-0.231001
139.000000,259.908997,-0.279197,-0.247399
140.000000,259.908997,-0.269317,-0.245129
141.000000,259.908997,-0.257641,-0.239294
142.000000,259.908997,-0.244246,-0.251832
143.000000,259.908997,-0.229227,-0.241985
144.000000,259.908997,-0.212678,-0.236428
145.000000,259.908997,-0.194711,-0.233390
146.000000,259.908997,-0.175451,-0.218682
147.000000,259.908997,-0.155018,-0.218242
148.000000,259.908997,-0.133552,-0.203653
149.000000,259.908997,-0.111199,-0.154500
150.000000,259.908997,-0.088102,-0.179336
151.000000,259.908997,-0.064419,-0.159615
152.000000,259.908997,-0.040308,-0.139202
153.000000,259.908997,-0.015926,-0.134868
154.000000,259.908997,0.008560,-0.114869
155.000000,259.908997,0.032991,-0.084873
156.000000,259.908997,0.057200,-0.080824
157.000000,259.908997,0.081029,-0.056249
158.000000,259.908997,0.104319,-0.027681
159.000000,259.908997,0.126911,-0.017198
160.000000,259.908997,0.148660,0.006376
161.000000,259.908997,0.169418,0.027088
162.000000,259.908997,0.189045,0.034990
163.000000,259.908997,0.207415,0.063422
164.000000,259.908997,0.224403,0.082586
165.000000,259.908997,0.239892,0.098470
166.000000,259.908997,0.253787,0.121180
167.000000,259.908997,0.265989,0.130219
168.000000,259.908997,0.276416,0.152084
169.000000,259.908997,0.285006,0.175502
170.000000,259.908997,0.291694,0.174114
171.000000,259.908997,0.296437,0.192258
172.000000,259.908997,0.299210,0.210243
173.000000,259.908997,0.299983,0.212433
174.000000,259.908997,0.298759,0.225998
175.000000,259.908997,0.295549,0.240126
176.000000,259.908997,0.290362,0.234165
177.000000,259.908997,0.283244,0.247872
178.000000,259.908997,0.274242,0.247425
179.000000,259.908997,0.263405,0.238025
180.000000,259.908997,0.250817,0.248869
181.000000,259.908997,0.236561,0.243011
182.000000,259.908997,0.220722,0.234446
183.000000,259.908997,0.203416,0.235136
184.000000,259.908997,0.184756,0.241033
185.000000,259.908997,0.164860,0.213851
186.000000,259.908997,0.143869,0.204242
187.000000,259.908997,0.121919,0.186694
188.000000,259.908997,0.099155,0.171665
189.000000,259.908997,0.075732,0.170208
190.000000,259.908997,0.051804,0.146090
191.000000,259.908997,0.027531,0.133774
192.000000,259.908997,0.003074,0.121594
193.000000,259.908997,-0.021403,0.094471
194.000000,259.908997,-0.045738,0.080870
195.000000,259.908997,-0.069768,0.064837
196.000000,259.908997,-0.093333,0.037134
197.000000,259.908997,-0.116275,0.026819
198.000000,259.908997,-0.138445,-0.001347
199.000000,259.908997,-0.159690,-0.021920
200.000000,259.908997,-0.179871,-0.032526
201.000000,259.908997,-0.198857,-0.065238
202.000000,259.908997,-0.216512,-0.077832
203.000000,259.908997,-0.232727,-0.083862
204.000000,259.908997,-0.247396,-0.115137
205.000000,259.908997,-0.260407,-0.127019
206.000000,259.908997,-0.271688,-0.139490
207.000000,259.908997,-0.281163,-0.165182
208.000000,259.908997,-0.288755,-0.175208
209.000000,259.908997,-0.294429,-0.184531
210.000000,259.908997,-0.298143,-0.208507
211.000000,259.908997,-0.299863,-0.213530
212.000000,259.908997,-0.299590,-0.219136
213.000000,259.908997,-0.297322,-0.233387
214.000000,259.908997,-0.293067,-0.238406
215.000000,259.908997,-0.286865,-0.236859
216.000000,259.908997,-0.278750,-0.253260
217.000000,259.908997,-0.268774,-0.247134
218.000000,259.908997,-0.257012,-0.240852
219.000000,259.908997,-0.243535,-0.250119
220.000000,259.908997,-0.228434,-0.239848
221.000000,259.908997,-0.211815,-0.243685
222.000000,259.908997,-0.193780,-0.233109
223.000000,259.908997,-0.174455,-0.219696
224.000000,259.908997,-0.153970,-0.216370
225.000000,259.908997,-0.132456,-0.200512
226.000000,259.908997,-0.110061,-0.177093
227.000000,259.908997,-0.086933,-0.189919
228.000000,259.908997,-0.063224,-0.157763
229.000000,259.908997,-0.039095,-0.127622
230.000000,259.908997,-0.014705,-0.128722
231.000000,259.908997,0.009783,-0.107579
232.000000,259.908997,0.034205,-0.080585
233.000000,259.908997,0.058401,-0.072819
234.000000,259.908997,0.082206,-0.053247
235.000000,259.908997,0.105464,-0.024961
236.000000,259.908997,0.128020,-0.017198
237.000000,259.908997,0.149720,0.041554
238.000000,259.908997,0.170425,0.022671
239.000000,259.908997,0.189995,0.039562
240.000000,259.908997,0.208296,0.067421
241.000000,259.908997,0.225212,0.076165
242.000000,259.908997,0.240626,0.095608
243.000000,259.908997,0.254435,0.121458
244.000000,259.908997,0.266552,0.126644
245.000000,259.908997,0.276891,0.149506
246.000000,259.908997,0.285383,0.172640
247.000000,259.908997,0.291979,0.175257
248.000000,259.908997,0.296624,0.193828
249.000000,259.908997,0.299292,0.215103
250.000000,259.908997,0.299972,0.208572
251.000000,259.908997,0.298646,0.230716
252.000000,259.908997,0.295333,0.235123
253.000000,259.908997,0.290056,0.236454
254.000000,259.908997,0.282839,0.243296
255.000000,259.908997,0.273740,0.250573
256.000000,259.908997,0.262822,0.243028
257.000000,259.908997,0.250144,0.244294
258.000000,259.908997,0.235804,0.238873
259.000000,259.908997,0.219895,0.238734
260.000000,259.908997,0.202514,0.238565
261.000000,259.908997,0.183788,0.219155
262.000000,259.908997,0.163839,0.220000
263.000000,259.908997,0.142794,0.214537
264.000000,259.908997,0.120800,0.187698
265.000000,259.908997,0.098001,0.180104
266.000000,259.908997,0.074548,0.168922
267.000000,259.908997,0.050599,0.145516
268.000000,259.908997,0.026313,0.135921
269.000000,259.908997,0.001851,0.125597
270.000000,259.908997,-0.022623,0.090184
271.000000,259.908997,-0.046946,0.077295
272.000000,259.908997,-0.070956,0.070549
273.000000,259.908997,-0.094495,0.037707
274.000000,259.908997,-0.117402,0.022101
275.000000,259.908997,-0.139527,-0.002066
276.000000,259.908997,-0.160725,-0.022062
277.000000,259.908997,-0.180849,-0.034812
278.000000,259.908997,-0.199768,-0.065815
279.000000,259.908997,-0.217360,-0.079260
280.000000,259.908997,-0.233497,-0.088584
281.000000,259.908997,-0.248081,-0.118709
282.000000,259.908997,-0.261017,-0.131883
283.000000,259.908997,-0.272204,-0.138059
284.000000,259.908997,-0.281583,-0.163469
285.000000,259.908997,-0.289089,-0.171779
286.000000,259.908997,-0.294660,-0.177096
287.000000,259.908997,-0.298273,-0.203935
288.000000,259.908997,-0.299900,-0.213103
289.000000,259.908997,-0.299523,-0.219129
290.000000,259.908997,-0.297155,-0.233818
291.000000,259.908997,-0.292806,-0.235269
292.000000,259.908997,-0.286503,-0.249844
293.000000,259.908997,-0.278295,-0.250408
294.000000,259.908997,-0.268231,-0.241140
295.000000,259.908997,-0.256377,-0.253688
296.000000,259.908997,-0.242819,-0.242545
297.000000,259.908997,-0.227641,-0.235428
298.000000,259.908997,-0.210944,-0.244109
299.000000,259.908997,-0.192846,-0.229255
300.000000,259.908997,-0.173460,-0.214414
301.000000,259.908997,-0.152917,-0.214083
302.000000,259.908997,-0.131359,-0.199660
303.000000,259.908997,-0.108922,-0.176811
304.000000,259.908997,-0.085761,-0.170619
305.000000,259.908997,-0.062029,-0.156481
306.000000,259.908997,-0.037882,-0.136200
307.000000,259.908997,-0.013483,-0.127582
308.000000,259.908997,0.011005,-0.104296
309.000000,259.908997,0.035420,-0.100151
310.000000,259.908997,0.059599,-0.075825
311.000000,259.908997,0.083382,-0.043248
312.000000,259.908997,0.106607,-0.035359
313.000000,259.908997,0.129124,-0.010201
314.000000,259.908997,0.150781,0.017509
315.000000,259.908997,0.171429,0.024984
316.000000,259.908997,0.190939,0.047130
317.000000,259.908997,0.209176,0.074124
318.000000,259.908997,0.226016,0.078746
319.000000,259.908997,0.241354,0.104892
320.000000,259.908997,0.255083,0.130458
321.000000,259.908997,0.267109,0.133933
322.000000,259.908997,0.277360,0.154363
323.000000,259.908997,0.285759,0.169787
324.000000,259.908997,0.292254,0.179402
325.000000,259.908997,0.296806,0.197682
326.000000,259.908997,0.299375,0.202552
327.000000,259.908997,0.299950,0.214285
328.000000,259.908997,0.298531,0.232846
329.000000,259.908997,0.295116,0.229877
330.000000,259.908997,0.289737,0.241159
331.000000,259.908997,0.282433,0.249996
332.000000,259.908997,0.273237,0.238886
333.000000,259.908997,0.262226,0.246590
334.000000,259.908997,0.249471,0.256997
335.000000,259.908997,0.235045,0.242604
336.000000,259.908997,0.219058,0.241726
337.000000,259.908997,0.201613,0.239125
338.000000,259.908997,0.182820,0.221011
339.000000,259.908997,0.162811,0.217704
340.000000,259.908997,0.141719,0.206820
341.000000,259.908997,0.119679,0.190697
342.000000,259.908997,0.096844,0.179094
343.000000,259.908997,0.073363,0.159085
344.000000,259.908997,0.049393,0.148942
345.000000,259.908997,0.025094,0.139622
346.000000,259.908997,0.000628,0.101767
347.000000,259.908997,-0.023842,0.098321
348.000000,259.908997,-0.048154,0.089714
349.000000,259.908997,-0.072145,0.057584
350.000000,259.908997,-0.095654,0.041123
351.000000,259.908997,-0.118528,0.027655
352.000000,259.908997,-0.140610,-0.004184
353.000000,259.908997,-0.161755,-0.030508
354.000000,259.908997,-0.181825,-0.031826
355.000000,259.908997,-0.200679,-0.065523
356.000000,259.908997,-0.218198,-0.073263
357.000000,259.908997,-0.234266,-0.086016
358.000000,259.908997,-0.248767,-0.118000
359.000000,259.908997,-0.261613,-0.131316
360.000000,259.908997,-0.272721,-0.142774
361.000000,259.908997,-0.282002,-0.165613
362.000000,259.908997,-0.289409,-0.171928
363.000000,259.908997,-0.294891,-0.190082
364.000000,259.908997,-0.298400,-0.203222
365.000000,259.908997,-0.299927,-0.206108
366.000000,259.908997,-0.299455,-0.227953
367.000000,259.908997,-0.296983,-0.230395
368.000000,259.908997,-0.292537,-0.229851
369.000000,259.908997,-0.286140,-0.243966
370.000000,259.908997,-0.277834,-0.242982
371.000000,259.908997,-0.267681,-0.234719
372.000000,259.908997,-0.255742,-0.249685
373.000000,259.908997,-0.242097,-0.245272
374.000000,259.908997,-0.226843,-0.259019
375.000000,259.908997,-0.210074,-0.237963
376.000000,259.908997,-0.191906,-0.224971
377.000000,259.908997,-0.172461,-0.211260
378.000000,259.908997,-0.151865,-0.209083
379.000000,259.908997,-0.130257,-0.193948
380.000000,259.908997,-0.107783,-0.191364
381.000000,259.908997,-0.084588,-0.174628
382.000000,259.908997,-0.060831,-0.148347
383.000000,259.908997,-0.036669,-0.145594
0.000000,271.441986,0.015269,-0.103027
1.000000,271.441986,0.040732,-0.091692
2.000000,271.441986,0.065899,-0.068406
3.000000,271.441986,0.090588,-0.050255
4.000000,271.441986,0.114617,-0.037218
5.000000,271.441986,0.137813,-0.001781
6.000000,271.441986,0.160008,0.005677
7.000000,271.441986,0.181040,0.027548
8.000000,271.441986,0.200756,0.060692
9.000000,271.441986,0.219013,0.068166
10.000000,271.441986,0.235678,0.092745
11.000000,271.441986,0.250631,0.119308
12.000000,271.441986,0.263762,0.116495
13.000000,271.441986,0.274977,0.142071
14.000000,271.441986,0.284193,0.169780
15.000000,271.441986,0.291343,0.172397
16.000000,271.441986,0.296377,0.188252
17.000000,271.441986,0.299257,0.215962
18.000000,271.441986,0.299962,0.208712
19.000000,271.441986,0.298487,0.222992
20.000000,271.441986,0.294843,0.232124
21.000000,271.441986,0.289056,0.231733
22.000000,271.441986,0.281169,0.239433
23.000000,271.441986,0.271237,0.237299
24.000000,271.441986,0.259333,0.173385
25.000000,271.441986,0.245544,0.247859
26.000000,271.441986,0.229972,0.248183
27.000000,271.441986,0.212728,0.241878
28.000000,271.441986,0.193938,0.244993
29.000000,271.441986,0.173739,0.226448
30.000000,271.441986,0.152277,0.214706
31.000000,271.441986,0.129709,0.205382
32.000000,271.441986,0.106198,0.182977
33.000000,271.441986,0.081915,0.177242
34.000000,271.441986,0.057037,0.165632
35.000000,271.441986,0.031745,0.139082
36.000000,271.441986,0.006222,0.120189
37.000000,271.441986,-0.019347,0.107871
38.000000,271.441986,-0.044775,0.080171
39.000000,271.441986,-0.069878,0.067998
40.000000,271.441986,-0.094473,0.039407
41.000000,271.441986,-0.118381,0.022260
42.000000,271.441986,-0.141430,0.049837
43.000000,271.441986,-0.163450,-0.023772
44.000000,271.441986,-0.184281,-0.045806
45.000000,271.441986,-0.203774,-0.055272
46.000000,271.441986,-0.221785,-0.086686
47.000000,271.441986,-0.238185,-0.102715
48.000000,271.441986,-0.252853,-0.110038
49.000000,271.441986,-0.265684,-0.140590
50.000000,271.441986,-0.276584,-0.147329
51.000000,271.441986,-0.285475,-0.157223
52.000000,271.441986,-0.292290,-0.183346
53.000000,271.441986,-0.296982,-0.191513
54.000000,271.441986,-0.299515,-0.204398
55.000000,271.441986,-0.299871,-0.224524
56.000000,271.441986,-0.298049,-0.222257
57.000000,271.441986,-0.294060,-0.240689
58.000000,271.441986,-0.287934,-0.237969
59.000000,271.441986,-0.279716,-0.233705
60.000000,271.441986,-0.269465,-0.251113
61.000000,271.441986,-0.257256,-0.245696
62.000000,271.441986,-0.243176,-0.235716
63.000000,271.441986,-0.227328,-0.242535
64.000000,271.441986,-0.209828,-0.234974
65.000000,271.441986,-0.190804,-0.224139
66.000000,271.441986,-0.170392,-0.227380
67.000000,271.441986,-0.148743,-0.210671
68.000000,271.441986,-0.126013,-0.192825
69.000000,271.441986,-0.102367,-0.190350
70.000000,271.441986,-0.077977,-0.161912
71.000000,271.441986,-0.053020,-0.149781
72.000000,271.441986,-0.027679,-0.144454
73.000000,271.441986,-0.002136,-0.123026
74.000000,271.441986,0.023423,-0.107158
75.000000,271.441986,0.048811,-0.086119
76.000000,271.441986,0.073845,-0.060692
77.000000,271.441986,0.098342,-0.047797
78.000000,271.441986,0.122124,-0.027357
79.000000,271.441986,0.145020,0.004928
80.000000,271.441986,0.166861,0.012403
81.000000,271.441986,0.187490,0.037555
82.000000,271.441986,0.206755,0.062402
83.000000,271.441986,0.224518,0.075887
84.000000,271.441986,0.240648,0.091887
85.000000,271.441986,0.255030,0.123596
86.000000,271.441986,0.267558,0.127929
87.000000,271.441986,0.278142,0.151646
88.000000,271.441986,0.286704,0.174353
89.000000,271.441986,0.293183,0.174826
90.000000,271.441986,0.297532,0.193682
91.000000,271.441986,0.299718,0.208675
92.000000,271.441986,0.299726,0.208142
93.000000,271.441986,0.297556,0.225706
94.000000,271.441986,0.293223,0.226425
95.000000,271.441986,0.286759,0.235020
96.000000,271.441986,0.278212,0.248863
97.000000,271.441986,0.267643,0.238455
98.000000,271.441986,0.255128,0.243449
99.000000,271.441986,0.240760,0.250854
100.000000,271.441986,0.224641,0.235023
101.000000,271.441986,0.206890,0.232720
102.000000,271.441986,0.187634,0.234122
103.000000,271.441986,0.167015,0.207144
104.000000,271.441986,0.145182,0.206267
105.000000,271.441986,0.122294,0.209530
106.000000,271.441986,0.098517,0.176973
107.000000,271.441986,0.074025,0.164515
108.000000,271.441986,0.048995,0.152193
109.000000,271.441986,0.023608,0.126213
110.000000,271.441986,-0.001950,0.115756
111.000000,271.441986,-0.027493,0.096585
112.000000,271.441986,-0.052837,0.073021
113.000000,271.441986,-0.077797,0.063419
114.000000,271.441986,-0.102192,0.034275
115.000000,271.441986,-0.125844,0.015680
116.000000,271.441986,-0.148581,0.007930
117.000000,271.441986,-0.170239,-0.029776
118.000000,271.441986,-0.190660,-0.041800
119.000000,271.441986,-0.209695,-0.055987
120.000000,271.441986,-0.227207,-0.091258
121.000000,271.441986,-0.243067,-0.104859
122.000000,271.441986,-0.257159,-0.110896
123.000000,271.441986,-0.269382,-0.145882
124.000000,271.441986,-0.279648,-0.151047
125.000000,271.441986,-0.287881,-0.162657
126.000000,271.441986,-0.294022,-0.201072
127.000000,271.441986,-0.298027,-0.196516
128.000000,271.441986,-0.299866,-0.203543
129.000000,271.441986,-0.299525,-0.219948
130.000000,271.441986,-0.297008,-0.224116
131.000000,271.441986,-0.292332,-0.235120
132.000000,271.441986,-0.285532,-0.244116
133.000000,271.441986,-0.276657,-0.244712
134.000000,271.441986,-0.265771,-0.254119
135.000000,271.441986,-0.252954,-0.245265
136.000000,271.441986,-0.238298,-0.235428
137.000000,271.441986,-0.221911,-0.245968
138.000000,271.441986,-0.203911,-0.233973
139.000000,271.441986,-0.184429,-0.218848
140.000000,271.441986,-0.163606,-0.222662
141.000000,271.441986,-0.141594,-0.206237
142.000000,271.441986,-0.118552,-0.185532
143.000000,271.441986,-0.094649,-0.184343
144.000000,271.441986,-0.070059,-0.165344
145.000000,271.441986,-0.044959,-0.142349
146.000000,271.441986,-0.019533,-0.136303
147.000000,271.441986,0.006036,-0.115733
148.000000,271.441986,0.031560,-0.096297
149.000000,271.441986,0.056855,-0.078826
150.000000,271.441986,0.081736,-0.049825
151.000000,271.441986,0.106024,-0.043937
152.000000,271.441986,0.129541,-0.019206
153.000000,271.441986,0.152117,0.009219
154.000000,271.441986,0.173587,0.018122
155.000000,271.441986,0.193796,0.045275
156.000000,271.441986,0.212597,0.072696
157.000000,271.441986,0.229853,0.079031
158.000000,271.441986,0.245438,0.102036
159.000000,271.441986,0.259240,0.126455
160.000000,271.441986,0.271158,0.133363
161.000000,271.441986,0.281103,0.152362
162.000000,271.441986,0.289006,0.176785
163.000000,271.441986,0.294808,0.179975
164.000000,271.441986,0.298468,0.200402
165.000000,271.441986,0.299958,0.212251
166.000000,271.441986,0.299269,0.214719
167.000000,271.441986,0.296405,0.227853
168.000000,271.441986,0.291387,0.230712
169.000000,271.441986,0.284252,0.239453
170.000000,271.441986,0.275051,0.246719
171.000000,271.441986,0.263851,0.238167
172.000000,271.441986,0.250733,0.240304
173.000000,271.441986,0.235793,0.247425
174.000000,271.441986,0.219140,0.230735
175.000000,271.441986,0.200894,0.231292
176.000000,271.441986,0.181188,0.231263
177.000000,271.441986,0.160166,0.206144
178.000000,271.441986,0.137979,0.202552
179.000000,271.441986,0.114789,0.202238
180.000000,271.441986,0.090764,0.171970
181.000000,271.441986,0.066080,0.159370
182.000000,271.441986,0.040916,0.150762
183.000000,271.441986,0.015454,0.123211
184.000000,271.441986,-0.010119,0.114186
185.000000,271.441986,-0.035619,0.098431
186.000000,271.441986,-0.060860,0.064161
187.000000,271.441986,-0.085659,0.048555
188.000000,271.441986,-0.109835,0.033953
189.000000,271.441986,-0.133214,0.008251
190.000000,271.441986,-0.155623,-0.006639
191.000000,271.441986,-0.176902,-0.034944
192.000000,271.441986,-0.196896,-0.065961
193.000000,271.441986,-0.215458,-0.068416
194.000000,271.441986,-0.232455,-0.091974
195.000000,271.441986,-0.247763,-0.105426
196.000000,271.441986,-0.261270,-0.116608
197.000000,271.441986,-0.272879,-0.148453
198.000000,271.441986,-0.282505,-0.164625
199.000000,271.441986,-0.290076,-0.165370
200.000000,271.441986,-0.295539,-0.197209
201.000000,271.441986,-0.298853,-0.198229
202.000000,271.441986,-0.299996,-0.201260
203.000000,271.441986,-0.298959,-0.219945
204.000000,271.441986,-0.295749,-0.233119
205.000000,271.441986,-0.290389,-0.230000
206.000000,271.441986,-0.282920,-0.249974
207.000000,271.441986,-0.273394,-0.243559
208.000000,271.441986,-0.261882,-0.243714
209.000000,271.441986,-0.248466,-0.249261
210.000000,271.441986,-0.233245,-0.239559
211.000000,271.441986,-0.216329,-0.240120
212.000000,271.441986,-0.197841,-0.233536
213.000000,271.441986,-0.177914,-0.216406
214.000000,271.441986,-0.156695,-0.218941
215.000000,271.441986,-0.134337,-0.204229
216.000000,271.441986,-0.111003,-0.184240
217.000000,271.441986,-0.086861,-0.178624
218.000000,271.441986,-0.062089,-0.158051
219.000000,271.441986,-0.036864,-0.135060
220.000000,271.441986,-0.011372,-0.130296
221.000000,271.441986,0.014202,-0.108865
222.000000,271.441986,0.039674,-0.079154
223.000000,271.441986,0.064856,-0.076391
224.000000,271.441986,0.089568,-0.050815
225.000000,271.441986,0.113628,-0.022675
226.000000,271.441986,0.136863,-0.012911
227.000000,271.441986,0.159102,0.013808
228.000000,271.441986,0.180186,0.031104
229.000000,271.441986,0.199960,0.046713
230.000000,271.441986,0.218281,0.077716
231.000000,271.441986,0.235016,0.085605
232.000000,271.441986,0.250043,0.106475
233.000000,271.441986,0.263253,0.133754
234.000000,271.441986,0.274550,0.138085
235.000000,271.441986,0.283852,0.160231
236.000000,271.441986,0.291090,0.181649
237.000000,271.441986,0.296214,0.182550
238.000000,271.441986,0.299184,0.197261
239.000000,271.441986,0.299979,0.219537
240.000000,271.441986,0.298593,0.224301
241.000000,271.441986,0.295038,0.233433
242.000000,271.441986,0.289338,0.247992
243.000000,271.441986,0.281536,0.233449
244.000000,271.441986,0.271688,0.243296
245.000000,271.441986,0.259865,0.245719
246.000000,271.441986,0.246154,0.239880
247.000000,271.441986,0.230654,0.241431
248.000000,271.441986,0.213478,0.230871
249.000000,271.441986,0.194751,0.233300
250.000000,271.441986,0.174608,0.227837
251.000000,271.441986,0.153196,0.204285
252.000000,271.441986,0.130671,0.198550
253.000000,271.441986,0.107196,0.189657
254.000000,271.441986,0.082942,0.165536
255.000000,271.441986,0.058086,0.156941
256.000000,271.441986,0.032807,0.148903
257.000000,271.441986,0.007289,0.124212
258.000000,271.441986,-0.018282,0.105034
259.000000,271.441986,-0.043719,0.091996
260.000000,271.441986,-0.068839,0.062441
261.000000,271.441986,-0.093458,0.048267
262.000000,271.441986,-0.117398,0.026386
263.000000,271.441986,-0.140485,0.000386
264.000000,271.441986,-0.162551,-0.013792
265.000000,271.441986,-0.183436,-0.040793
266.000000,271.441986,-0.202987,-0.057671
267.000000,271.441986,-0.221063,-0.063134
268.000000,271.441986,-0.237533,-0.098693
269.000000,271.441986,-0.252276,-0.116439
270.000000,271.441986,-0.265187,-0.123904
271.000000,271.441986,-0.276170,-0.153602
272.000000,271.441986,-0.285146,-0.168774
273.000000,271.441986,-0.292050,-0.171235
274.000000,271.441986,-0.296831,-0.196069
275.000000,271.441986,-0.299456,-0.203524
276.000000,271.441986,-0.299904,-0.212267
277.000000,271.441986,-0.298173,-0.227956
278.000000,271.441986,-0.294272,-0.227118
279.000000,271.441986,-0.288234,-0.242124
280.000000,271.441986,-0.280100,-0.246547
281.000000,271.441986,-0.269931,-0.241710
282.000000,271.441986,-0.257800,-0.248970
283.000000,271.441986,-0.243796,-0.242117
284.000000,271.441986,-0.228021,-0.232426
285.000000,271.441986,-0.210588,-0.240676
286.000000,271.441986,-0.191625,-0.228539
287.000000,271.441986,-0.171269,-0.214126
288.000000,271.441986,-0.149669,-0.212225
289.000000,271.441986,-0.126981,-0.193657
290.000000,271.441986,-0.103370,-0.175953
291.000000,271.441986,-0.079008,-0.170762
292.000000,271.441986,-0.054071,-0.154480
293.000000,271.441986,-0.028742,-0.135769
294.000000,271.441986,-0.003203,-0.124865
295.000000,271.441986,0.022359,-0.097576
296.000000,271.441986,0.047758,-0.084698
297.000000,271.441986,0.072810,-0.066676
298.000000,271.441986,0.097333,-0.038105
299.000000,271.441986,0.121149,-0.030064
300.000000,271.441986,0.144084,-0.003769
301.000000,271.441986,0.165971,0.025799
302.000000,271.441986,0.186653,0.035567
303.000000,271.441986,0.205977,0.059284
304.000000,271.441986,0.223805,0.087848
305.000000,271.441986,0.240007,0.090326
306.000000,271.441986,0.254464,0.117188
307.000000,271.441986,0.267072,0.137465
308.000000,271.441986,0.277739,0.147518
309.000000,271.441986,0.286388,0.161941
310.000000,271.441986,0.292956,0.182513
311.000000,271.441986,0.297394,0.194988
312.000000,271.441986,0.299672,0.210266
313.000000,271.441986,0.299772,0.209699
314.000000,271.441986,0.297693,0.220577
315.000000,271.441986,0.293450,0.235563
316.000000,271.441986,0.287076,0.230735
317.000000,271.441986,0.278613,0.241017
318.000000,271.441986,0.268125,0.251855
319.000000,271.441986,0.255688,0.240172
320.000000,271.441986,0.241394,0.246305
321.000000,271.441986,0.225345,0.251278
322.000000,271.441986,0.207659,0.234453
323.000000,271.441986,0.188464,0.229430
324.000000,271.441986,0.167899,0.225971
325.000000,271.441986,0.146114,0.202423
326.000000,271.441986,0.123267,0.196684
327.000000,271.441986,0.099525,0.184226
328.000000,271.441986,0.075059,0.163816
329.000000,271.441986,0.050048,0.152501
330.000000,271.441986,0.024673,0.132343
331.000000,271.441986,-0.000882,0.115915
332.000000,271.441986,-0.026430,0.103735
333.000000,271.441986,-0.051786,0.068736
334.000000,271.441986,-0.076766,0.058574
335.000000,271.441986,-0.101189,0.046965
336.000000,271.441986,-0.124875,0.015262
337.000000,271.441986,-0.147654,0.025554
338.000000,271.441986,-0.169359,-0.010233
339.000000,271.441986,-0.189834,-0.051515
340.000000,271.441986,-0.208929,-0.067687
341.000000,271.441986,-0.226505,-0.075152
342.000000,271.441986,-0.242436,-0.106562
343.000000,271.441986,-0.256604,-0.122738
344.000000,271.441986,-0.268908,-0.131342
345.000000,271.441986,-0.279258,-0.157750
346.000000,271.441986,-0.287578,-0.167491
347.000000,271.441986,-0.293808,-0.178521
348.000000,271.441986,-0.297903,-0.199501
349.000000,271.441986,-0.299833,-0.204813
350.000000,271.441986,-0.299584,-0.222396
351.000000,271.441986,-0.297158,-0.232105
352.000000,271.441986,-0.292572,-0.226266
353.000000,271.441986,-0.285861,-0.246541
354.000000,271.441986,-0.277072,-0.241975
355.000000,271.441986,-0.266269,-0.237429
356.000000,271.441986,-0.253529,-0.249258
357.000000,271.441986,-0.238947,-0.243125
358.000000,271.441986,-0.222628,-0.232287
359.000000,271.441986,-0.204692,-0.241534
360.000000,271.441986,-0.185268,-0.228970
361.000000,271.441986,-0.164498,-0.211124
362.000000,271.441986,-0.142532,-0.207934
363.000000,271.441986,-0.119531,-0.191795
364.000000,271.441986,-0.095661,-0.169519
365.000000,271.441986,-0.071096,-0.169045
366.000000,271.441986,-0.046014,-0.147903
367.000000,271.441986,-0.020598,-0.126906
0.000000,283.485992,0.006658,-0.109746
1.000000,283.485992,0.033308,-0.102842
2.000000,283.485992,0.059692,-0.076692
3.000000,283.485992,0.085604,-0.046693
4.000000,283.485992,0.110839,-0.041932
5.000000,283.485992,0.135194,-0.012354
6.000000,283.485992,0.158476,0.015213
7.000000,283.485992,0.180504,0.021405
8.000000,283.485992,0.201102,0.050845
9.000000,283.485992,0.220105,0.073415
10.000000,283.485992,0.237360,0.092752
11.000000,283.485992,0.252737,0.111035
12.000000,283.485992,0.266113,0.126634
13.000000,283.485992,0.277376,0.140361
14.000000,283.485992,0.286439,0.161639
15.000000,283.485992,0.293234,0.166967
16.000000,283.485992,0.297708,0.187685
17.000000,283.485992,0.299817,0.207102
18.000000,283.485992,0.299549,0.210146
19.000000,283.485992,0.296910,0.222283
20.000000,283.485992,0.291920,0.236266
21.000000,283.485992,0.284610,0.232021
22.000000,283.485992,0.275045,0.242011
23.000000,283.485992,0.263303,0.245417
24.000000,283.485992,0.249476,0.238598
25.000000,283.485992,0.233665,0.241153
26.000000,283.485992,0.216004,0.239277
27.000000,283.485992,0.196633,0.219579
28.000000,283.485992,0.175705,0.223990
29.000000,283.485992,0.153379,0.207413
30.000000,283.485992,0.129839,0.194696
31.000000,283.485992,0.105272,0.194528
32.000000,283.485992,0.079870,0.167537
33.000000,283.485992,0.053833,0.159804
34.000000,283.485992,0.027370,0.145904
35.000000,283.485992,0.000691,0.116492
36.000000,283.485992,-0.025994,0.097317
37.000000,283.485992,-0.052473,0.087421
38.000000,283.485992,-0.078536,0.056152
39.000000,283.485992,-0.103977,0.038549
40.000000,283.485992,-0.128594,0.022509
41.000000,283.485992,-0.152189,-0.005761
42.000000,283.485992,-0.174580,-0.020793
43.000000,283.485992,-0.195588,-0.039964
44.000000,283.485992,-0.215045,-0.065957
45.000000,283.485992,-0.232795,-0.082279
46.000000,283.485992,-0.248702,-0.110575
47.000000,283.485992,-0.262640,-0.126442
48.000000,283.485992,-0.274493,-0.132618
49.000000,283.485992,-0.284169,-0.163608
50.000000,283.485992,-0.291595,-0.170629
51.000000,283.485992,-0.296713,-0.177235
52.000000,283.485992,-0.299473,-0.203073
53.000000,283.485992,-0.299860,-0.209667
54.000000,283.485992,-0.297872,-0.214272
55.000000,283.485992,-0.293527,-0.232529
56.000000,283.485992,-0.286848,-0.235835
57.000000,283.485992,-0.277897,-0.234861
58.000000,283.485992,-0.266746,-0.248400
59.000000,283.485992,-0.253483,-0.241842
60.000000,283.485992,-0.238204,-0.238714
61.000000,283.485992,-0.221039,-0.242111
62.000000,283.485992,-0.202124,-0.233695
63.000000,283.485992,-0.181608,-0.231830
64.000000,283.485992,-0.159648,-0.219809
65.000000,283.485992,-0.136425,-0.199389
66.000000,283.485992,-0.112121,-0.201214
67.000000,283.485992,-0.086929,-0.179920
68.000000,283.485992,-0.061046,-0.153641
69.000000,283.485992,-0.034680,-0.151170
70.000000,283.485992,-0.008039,-0.126021
71.000000,283.485992,0.018665,-0.108891
72.000000,283.485992,0.045222,-0.092978
73.000000,283.485992,0.071420,-0.063396
74.000000,283.485992,0.097052,-0.039119
75.000000,283.485992,0.121916,-0.032496
76.000000,283.485992,0.145811,-0.006635
77.000000,283.485992,0.168551,0.022078
78.000000,283.485992,0.189958,0.034132
79.000000,283.485992,0.209857,0.058134
80.000000,283.485992,0.228090,0.075145
81.000000,283.485992,0.244518,0.098328
82.000000,283.485992,0.259010,0.117751
83.000000,283.485992,0.271446,0.125782
84.000000,283.485992,0.281728,0.151799
85.000000,283.485992,0.289781,0.173647
86.000000,283.485992,0.295539,0.176831
87.000000,283.485992,0.298949,0.190684
88.000000,283.485992,0.299990,0.213533
89.000000,283.485992,0.298656,0.211432
90.000000,283.485992,0.294957,0.226856
91.000000,283.485992,0.288914,0.238267
92.000000,283.485992,0.280582,0.235308
93.000000,283.485992,0.270028,0.240579
94.000000,283.485992,0.257337,0.245281
95.000000,283.485992,0.242599,0.239168
96.000000,283.485992,0.225941,0.238717
97.000000,283.485992,0.207494,0.224427
98.000000,283.485992,0.187403,0.223579
99.000000,283.485992,0.165822,0.223410
100.000000,283.485992,0.142929,0.201426
101.000000,283.485992,0.118904,0.192546
102.000000,283.485992,0.093936,0.188371
103.000000,283.485992,0.068223,0.156812
104.000000,283.485992,0.041969,0.154367
105.000000,283.485992,0.015383,0.140467
106.000000,283.485992,-0.011325,0.106913
107.000000,283.485992,-0.037943,0.091880
108.000000,283.485992,-0.064261,0.074697
109.000000,283.485992,-0.090070,0.048286
110.000000,283.485992,-0.115165,0.033396
111.000000,283.485992,-0.139345,0.009229
112.000000,283.485992,-0.162422,-0.017202
113.000000,283.485992,-0.184213,-0.029520
114.000000,283.485992,-0.204542,-0.059380
115.000000,283.485992,-0.223248,-0.078117
116.000000,283.485992,-0.240187,-0.088584
117.000000,283.485992,-0.255225,-0.116280
118.000000,283.485992,-0.268235,-0.133026
119.000000,283.485992,-0.279119,-0.135342
120.000000,283.485992,-0.287792,-0.170046
121.000000,283.485992,-0.294188,-0.178783
122.000000,283.485992,-0.298246,-0.186248
123.000000,283.485992,-0.299940,-0.209796
124.000000,283.485992,-0.299260,-0.216963
125.000000,283.485992,-0.296210,-0.223274
126.000000,283.485992,-0.290806,-0.235249
127.000000,283.485992,-0.283098,-0.237986
128.000000,283.485992,-0.273149,-0.249125
129.000000,283.485992,-0.261037,-0.245547
130.000000,283.485992,-0.246850,-0.242283
131.000000,283.485992,-0.230707,-0.251971
132.000000,283.485992,-0.212739,-0.239831
133.000000,283.485992,-0.193085,-0.220272
134.000000,283.485992,-0.171896,-0.228666
135.000000,283.485992,-0.149347,-0.211525
136.000000,283.485992,-0.125615,-0.189250
137.000000,283.485992,-0.100888,-0.187918
138.000000,283.485992,-0.075358,-0.169920
139.000000,283.485992,-0.049233,-0.147929
140.000000,283.485992,-0.022718,-0.139735
141.000000,283.485992,0.003978,-0.120163
142.000000,283.485992,0.030642,-0.093448
143.000000,283.485992,0.057063,-0.085688
144.000000,283.485992,0.083033,-0.058257
145.000000,283.485992,0.108344,-0.044523
146.000000,283.485992,0.132795,-0.022493
147.000000,283.485992,0.156194,0.003361
148.000000,283.485992,0.178357,0.019838
149.000000,283.485992,0.199105,0.043704
150.000000,283.485992,0.218273,0.073985
151.000000,283.485992,0.235712,0.081175
152.000000,283.485992,0.251286,0.105037
153.000000,283.485992,0.264864,0.130888
154.000000,283.485992,0.276342,0.143230
155.000000,283.485992,0.285632,0.161513
156.000000,283.485992,0.292660,0.182504
157.000000,283.485992,0.297364,0.184693
158.000000,283.485992,0.299710,0.202837
159.000000,283.485992,0.299684,0.215395
160.000000,283.485992,0.297286,0.217151
161.000000,283.485992,0.292524,0.228854
162.000000,283.485992,0.285445,0.239287
163.000000,283.485992,0.276106,0.235878
164.000000,283.485992,0.264581,0.244718
165.000000,283.485992,0.250951,0.246603
166.000000,283.485992,0.235335,0.237588
167.000000,283.485992,0.217856,0.237989
168.000000,283.485992,0.198652,0.223300
169.000000,283.485992,0.177867,0.224573
170.000000,283.485992,0.155675,0.220968
171.000000,283.485992,0.132251,0.196565
172.000000,283.485992,0.107778,0.184107
173.000000,283.485992,0.082449,0.176642
174.000000,283.485992,0.056467,0.153382
175.000000,283.485992,0.030038,0.141782
176.000000,283.485992,0.003371,0.128314
177.000000,283.485992,-0.023323,0.098189
178.000000,283.485992,-0.049832,0.083872
179.000000,283.485992,-0.075947,0.066404
180.000000,283.485992,-0.101459,0.039423
181.000000,283.485992,-0.126166,0.023818
182.000000,283.485992,-0.149874,-0.009508
183.000000,283.485992,-0.172395,-0.023775
184.000000,283.485992,-0.193548,-0.035378
185.000000,283.485992,-0.213166,-0.068962
186.000000,283.485992,-0.231096,-0.085264
187.000000,283.485992,-0.247196,-0.095300
188.000000,283.485992,-0.261334,-0.125004
189.000000,283.485992,-0.273399,-0.141747
190.000000,283.485992,-0.283299,-0.151355
191.000000,283.485992,-0.290957,-0.180195
192.000000,283.485992,-0.296303,-0.186361
193.000000,283.485992,-0.299301,-0.194968
194.000000,283.485992,-0.299929,-0.212798
195.000000,283.485992,-0.298183,-0.224252
196.000000,283.485992,-0.294066,-0.221565
197.000000,283.485992,-0.287620,-0.239679
198.000000,283.485992,-0.278897,-0.239268
199.000000,283.485992,-0.267966,-0.235000
200.000000,283.485992,-0.254903,-0.251405
201.000000,283.485992,-0.239822,-0.242846
202.000000,283.485992,-0.222843,-0.241693
203.000000,283.485992,-0.204099,-0.240255
204.000000,283.485992,-0.183732,-0.218404
205.000000,283.485992,-0.161910,-0.224090
206.000000,283.485992,-0.138807,-0.207662
207.000000,283.485992,-0.114604,-0.186529
208.000000,283.485992,-0.089490,-0.180625
209.000000,283.485992,-0.063667,-0.161912
210.000000,283.485992,-0.037341,-0.136919
211.000000,283.485992,-0.010718,-0.135014
212.000000,283.485992,0.015990,-0.110154
213.000000,283.485992,0.042570,-0.081013
214.000000,283.485992,0.068814,-0.073247
215.000000,283.485992,0.094513,-0.043098
216.000000,283.485992,0.119461,-0.027817
217.000000,283.485992,0.143463,-0.019770
218.000000,283.485992,0.166329,0.018672
219.000000,283.485992,0.187876,0.035255
220.000000,283.485992,0.207931,0.053575
221.000000,283.485992,0.226341,0.078286
222.000000,283.485992,0.242958,0.090038
223.000000,283.485992,0.257647,0.111764
224.000000,283.485992,0.270292,0.140331
225.000000,283.485992,0.280797,0.144950
226.000000,283.485992,0.289079,0.165238
227.000000,283.485992,0.295065,0.187367
228.000000,283.485992,0.298712,0.187556
229.000000,283.485992,0.299994,0.205554
230.000000,283.485992,0.298901,0.222254
231.000000,283.485992,0.295431,0.221153
232.000000,283.485992,0.289622,0.233433
233.000000,283.485992,0.281520,0.244128
234.000000,283.485992,0.271189,0.234592
235.000000,283.485992,0.258701,0.207257
236.000000,283.485992,0.244165,0.248853
237.000000,283.485992,0.227696,0.242743
238.000000,283.485992,0.209423,0.240291
239.000000,283.485992,0.189486,0.230292
240.000000,283.485992,0.168048,0.219291
241.000000,283.485992,0.145280,0.218264
242.000000,283.485992,0.121361,0.190273
243.000000,283.485992,0.096477,0.180393
244.000000,283.485992,0.070829,0.173786
245.000000,283.485992,0.044621,0.143515
246.000000,283.485992,0.018059,0.134778
247.000000,283.485992,-0.008647,0.122737
248.000000,283.485992,-0.035283,0.089468
249.000000,283.485992,-0.061641,0.076867
250.000000,283.485992,-0.087510,0.064830
251.000000,283.485992,-0.112684,0.028986
252.000000,283.485992,-0.136966,0.017814
253.000000,283.485992,-0.160164,-0.005936
254.000000,283.485992,-0.182090,-0.035501
255.000000,283.485992,-0.202572,-0.050106
256.000000,283.485992,-0.221450,-0.076550
257.000000,283.485992,-0.238575,-0.097845
258.000000,283.485992,-0.253805,-0.108308
259.000000,283.485992,-0.267022,-0.133725
260.000000,283.485992,-0.278126,-0.148751
261.000000,283.485992,-0.287028,-0.155358
262.000000,283.485992,-0.293649,-0.183912
263.000000,283.485992,-0.297943,-0.191506
264.000000,283.485992,-0.299878,-0.196254
265.000000,283.485992,-0.299440,-0.216943
266.000000,283.485992,-0.296620,-0.225538
267.000000,283.485992,-0.291451,-0.227999
268.000000,283.485992,-0.283975,-0.242823
269.000000,283.485992,-0.274250,-0.241554
270.000000,283.485992,-0.262344,-0.237005
271.000000,283.485992,-0.248362,-0.245825
272.000000,283.485992,-0.232413,-0.234977
273.000000,283.485992,-0.214622,-0.232711
274.000000,283.485992,-0.195126,-0.235676
275.000000,283.485992,-0.174085,-0.219540
276.000000,283.485992,-0.151666,-0.216108
277.000000,283.485992,-0.128045,-0.203365
278.000000,283.485992,-0.103406,-0.183229
279.000000,283.485992,-0.077949,-0.176480
280.000000,283.485992,-0.051875,-0.159615
281.000000,283.485992,-0.025389,-0.140915
282.000000,283.485992,0.001298,-0.126005
283.000000,283.485992,0.027975,-0.106572
284.000000,283.485992,0.054431,-0.073289
285.000000,283.485992,0.080454,-0.060520
286.000000,283.485992,0.105840,-0.036515
287.000000,283.485992,0.130387,-0.008235
288.000000,283.485992,0.153902,-0.034358
289.000000,283.485992,0.176195,0.023536
290.000000,283.485992,0.197091,0.055536
291.000000,283.485992,0.216426,0.067878
292.000000,283.485992,0.234048,0.083448
293.000000,283.485992,0.249811,0.114447
294.000000,283.485992,0.263593,0.122495
295.000000,283.485992,0.275288,0.147640
296.000000,283.485992,0.284805,0.164502
297.000000,283.485992,0.292057,0.170535
298.000000,283.485992,0.296996,0.189100
299.000000,283.485992,0.299583,0.194839
300.000000,283.485992,0.299799,0.210995
301.000000,283.485992,0.297630,0.228125
302.000000,283.485992,0.293105,0.223588
303.000000,283.485992,0.286259,0.238731
304.000000,283.485992,0.277146,0.247422
305.000000,283.485992,0.265830,0.236169
306.000000,283.485992,0.252409,0.244731
307.000000,283.485992,0.236990,0.250135
308.000000,283.485992,0.219692,0.233595
309.000000,283.485992,0.200649,0.234864
310.000000,283.485992,0.180018,0.231832
311.000000,283.485992,0.157961,0.206856
312.000000,283.485992,0.134652,0.196115
313.000000,283.485992,0.110273,0.197662
314.000000,283.485992,0.085022,0.176973
315.000000,283.485992,0.059097,0.162368
316.000000,283.485992,0.032704,0.147485
317.000000,283.485992,0.006051,0.121349
318.000000,283.485992,-0.020650,0.107599
319.000000,283.485992,-0.047188,0.078882
320.000000,283.485992,-0.073351,0.063438
321.000000,283.485992,-0.098932,0.054403
322.000000,283.485992,-0.123729,0.017121
323.000000,283.485992,-0.147548,-0.003481
324.000000,283.485992,-0.170194,-0.006658
325.000000,283.485992,-0.191491,-0.044646
326.000000,283.485992,-0.211272,-0.061680
327.000000,283.485992,-0.229380,-0.069144
328.000000,283.485992,-0.245667,-0.105989
329.000000,283.485992,-0.260005,-0.117589
330.000000,283.485992,-0.272285,-0.128341
331.000000,283.485992,-0.282410,-0.155749
332.000000,283.485992,-0.290290,-0.168634
333.000000,283.485992,-0.295870,-0.179379
334.000000,283.485992,-0.299108,-0.195214
335.000000,283.485992,-0.299978,-0.206956
336.000000,283.485992,-0.298462,-0.217678
337.000000,283.485992,-0.294583,-0.235392
338.000000,283.485992,-0.288371,-0.231843
339.000000,283.485992,-0.279877,-0.246113
340.000000,283.485992,-0.269156,-0.243549
341.000000,283.485992,-0.256305,-0.236571
342.000000,283.485992,-0.241424,-0.246826
343.000000,283.485992,-0.224631,-0.239692
344.000000,283.485992,-0.206052,-0.227711
345.000000,283.485992,-0.185842,-0.237959
346.000000,283.485992,-0.164161,-0.213384
347.000000,283.485992,-0.141179,-0.188676
348.000000,283.485992,-0.117074,-0.197639
349.000000,283.485992,-0.092044,-0.184359
350.000000,283.485992,-0.066284,-0.155507
351.000000,283.485992,-0.039999,-0.151316
0.000000,296.065002,0.006611,-0.124017
1.000000,296.065002,0.034439,-0.090731
2.000000,296.065002,0.061969,-0.082683
3.000000,296.065002,0.088962,-0.059679
4.000000,296.065002,0.115189,-0.030110
5.000000,296.065002,0.140417,-0.018769
6.000000,296.065002,0.164432,0.005233
7.000000,296.065002,0.187027,0.032230
8.000000,296.065002,0.208002,0.048860
9.000000,296.065002,0.227185,0.069717
10.000000,296.065002,0.244396,0.094153
11.000000,296.065002,0.259500,0.114344
12.000000,296.065002,0.272358,0.137342
13.000000,296.065002,0.282861,0.144503
14.000000,296.065002,0.290923,0.164956
15.000000,296.065002,0.296463,0.186519
16.000000,296.065002,0.299449,0.188268
17.000000,296.065002,0.299837,0.203268
18.000000,296.065002,0.297638,0.225116
19.000000,296.065002,0.292866,0.221441
20.000000,296.065002,0.285560,0.235580
21.000000,296.065002,0.275790,0.246418
22.000000,296.065002,0.263628,0.237597
23.000000,296.065002,0.249195,0.240868
24.000000,296.065002,0.232602,0.245275
25.000000,296.065002,0.214000,0.229447
26.000000,296.065002,0.193550,0.226852
27.000000,296.065002,0.171423,0.222267
28.000000,296.065002,0.147819,0.204709
29.000000,296.065002,0.122932,0.195538
30.000000,296.065002,0.096986,0.175390
31.000000,296.065002,0.070199,0.164528
32.000000,296.065002,0.042807,0.157637
33.000000,296.065002,0.015044,0.131219
34.000000,296.065002,-0.012849,0.115908
35.000000,296.065002,-0.040631,0.102440
36.000000,296.065002,-0.068061,0.069452
37.000000,296.065002,-0.094904,0.052992
38.000000,296.065002,-0.120925,0.039808
39.000000,296.065002,-0.145901,0.003252
40.000000,296.065002,-0.169618,-0.014210
41.000000,296.065002,-0.191864,-0.028109
42.000000,296.065002,-0.212456,-0.055802
43.000000,296.065002,-0.231208,-0.078982
44.000000,296.065002,-0.247963,-0.090592
45.000000,296.065002,-0.262576,-0.124004
46.000000,296.065002,-0.274914,-0.136319
47.000000,296.065002,-0.284883,-0.146925
48.000000,296.065002,-0.292380,-0.172620
49.000000,296.065002,-0.297356,-0.184363
50.000000,296.065002,-0.299759,-0.198527
51.000000,296.065002,-0.299570,-0.210512
52.000000,296.065002,-0.296795,-0.220402
53.000000,296.065002,-0.291448,-0.230243
54.000000,296.065002,-0.283589,-0.236684
55.000000,296.065002,-0.273271,-0.234424
56.000000,296.065002,-0.260594,-0.247538
57.000000,296.065002,-0.245665,-0.243695
58.000000,296.065002,-0.228610,-0.233430
59.000000,296.065002,-0.209583,-0.238105
60.000000,296.065002,-0.188738,-0.228685
61.000000,296.065002,-0.166266,-0.212413
62.000000,296.065002,-0.142354,-0.208650
63.000000,296.065002,-0.117212,-0.197659
64.000000,296.065002,-0.091058,-0.170804
65.000000,296.065002,-0.064115,-0.172478
66.000000,296.065002,-0.036620,-0.148618
67.000000,296.065002,-0.008807,-0.128755
68.000000,296.065002,0.019082,-0.116144
69.000000,296.065002,0.046806,-0.091288
70.000000,296.065002,0.074126,-0.079545
71.000000,296.065002,0.100805,-0.054238
72.000000,296.065002,0.126611,-0.023954
73.000000,296.065002,0.151325,-0.014193
74.000000,296.065002,0.174728,0.013102
75.000000,296.065002,0.196622,0.042386
76.000000,296.065002,0.216817,0.059728
77.000000,296.065002,0.235135,0.084018
78.000000,296.065002,0.251426,0.102149
79.000000,296.065002,0.265535,0.116061
80.000000,296.065002,0.277356,0.138777
81.000000,296.065002,0.286774,0.159631
82.000000,296.065002,0.293715,0.166390
83.000000,296.065002,0.298119,0.187672
84.000000,296.065002,0.299940,0.195833
85.000000,296.065002,0.299177,0.209567
86.000000,296.065002,0.295818,0.224268
87.000000,296.065002,0.289908,0.225732
88.000000,296.065002,0.281489,0.233727
89.000000,296.065002,0.270636,0.243419
90.000000,296.065002,0.257448,0.238313
91.000000,296.065002,0.242028,0.242014
92.000000,296.065002,0.224521,0.243701
93.000000,296.065002,0.205069,0.225444
94.000000,296.065002,0.183846,0.223996
95.000000,296.065002,0.161035,0.224397
96.000000,296.065002,0.136829,0.202565
97.000000,296.065002,0.111444,0.190538
98.000000,296.065002,0.085091,0.180936
99.000000,296.065002,0.058005,0.158670
100.000000,296.065002,0.030417,0.144350
101.000000,296.065002,0.002567,0.121044
102.000000,296.065002,-0.025307,0.099186
103.000000,296.065002,-0.052960,0.088580
104.000000,296.065002,-0.080158,0.055437
105.000000,296.065002,-0.106660,0.038843
106.000000,296.065002,-0.132242,0.027661
107.000000,296.065002,-0.156680,-0.007474
108.000000,296.065002,-0.179763,-0.019355
109.000000,296.065002,-0.201295,-0.034113
110.000000,296.065002,-0.221081,-0.078104
111.000000,296.065002,-0.238962,-0.089419
112.000000,296.065002,-0.254772,-0.098027
113.000000,296.065002,-0.268383,-0.130723
114.000000,296.065002,-0.279674,-0.145898
115.000000,296.065002,-0.288543,-0.152932
116.000000,296.065002,-0.294926,-0.182915
117.000000,296.065002,-0.298749,-0.192083
118.000000,296.065002,-0.299997,-0.198825
119.000000,296.065002,-0.298647,-0.215657
120.000000,296.065002,-0.294716,-0.225402
121.000000,296.065002,-0.288241,-0.234268
122.000000,296.065002,-0.279268,-0.240683
123.000000,296.065002,-0.267889,-0.234271
124.000000,296.065002,-0.254185,-0.247687
125.000000,296.065002,-0.238289,-0.244692
126.000000,296.065002,-0.220332,-0.229563
127.000000,296.065002,-0.200469,-0.238390
128.000000,296.065002,-0.178876,-0.224679
129.000000,296.065002,-0.155732,-0.202688
130.000000,296.065002,-0.131246,-0.207218
131.000000,296.065002,-0.105623,-0.189651
132.000000,296.065002,-0.079088,-0.165801
133.000000,296.065002,-0.051869,-0.167326
134.000000,296.065002,-0.024201,-0.142608
135.000000,296.065002,0.003676,-0.113613
136.000000,296.065002,0.031520,-0.108706
137.000000,296.065002,0.059093,-0.084989
138.000000,296.065002,0.086155,-0.057276
139.000000,296.065002,0.112471,-0.045365
140.000000,296.065002,0.137817,0.002655
141.000000,296.065002,0.161968,0.005217
142.000000,296.065002,0.184724,0.016117
143.000000,296.065002,0.205877,0.049983
144.000000,296.065002,0.225254,0.067007
145.000000,296.065002,0.242683,0.085459
146.000000,296.065002,0.258013,0.113599
147.000000,296.065002,0.271117,0.123214
148.000000,296.065002,0.281869,0.144221
149.000000,296.065002,0.290192,0.168925
150.000000,296.065002,0.296001,0.172828
151.000000,296.065002,0.299253,0.190399
152.000000,296.065002,0.299920,0.211674
153.000000,296.065002,0.297990,0.210431
154.000000,296.065002,0.293492,0.220567
155.000000,296.065002,0.286445,0.239268
156.000000,296.065002,0.276930,0.231736
157.000000,296.065002,0.265018,0.239725
158.000000,296.065002,0.250815,0.250135
159.000000,296.065002,0.234447,0.235165
160.000000,296.065002,0.216047,0.235003
161.000000,296.065002,0.195785,0.227555
162.000000,296.065002,0.173825,0.216289
163.000000,296.065002,0.150365,0.212694
164.000000,296.065002,0.125605,0.193832
165.000000,296.065002,0.099758,0.185117
166.000000,296.065002,0.073051,0.172650
167.000000,296.065002,0.045710,0.145805
168.000000,296.065002,0.017975,0.135497
169.000000,296.065002,-0.009915,0.118453
170.000000,296.065002,-0.037720,0.092473
171.000000,296.065002,-0.065199,0.076013
172.000000,296.065002,-0.092113,0.063830
173.000000,296.065002,-0.118234,0.027701
174.000000,296.065002,-0.143329,0.009239
175.000000,296.065002,-0.167187,0.069247
176.000000,296.065002,-0.189599,-0.035929
177.000000,296.065002,-0.210372,-0.063396
178.000000,296.065002,-0.229329,-0.079293
179.000000,296.065002,-0.246298,-0.113567
180.000000,296.065002,-0.261144,-0.124882
181.000000,296.065002,-0.273726,-0.138052
182.000000,296.065002,-0.283946,-0.161325
183.000000,296.065002,-0.291711,-0.171928
184.000000,296.065002,-0.296951,-0.191364
185.000000,296.065002,-0.299631,-0.201363
186.000000,296.065002,-0.299711,-0.206966
187.000000,296.065002,-0.297208,-0.228235
188.000000,296.065002,-0.292131,-0.228679
189.000000,296.065002,-0.284530,-0.223417
190.000000,296.065002,-0.274471,-0.244825
191.000000,296.065002,-0.262035,-0.242267
192.000000,296.065002,-0.247341,-0.235719
193.000000,296.065002,-0.230500,-0.245252
194.000000,296.065002,-0.211672,-0.237691
195.000000,296.065002,-0.191012,-0.222708
196.000000,296.065002,-0.168700,-0.226522
197.000000,296.065002,-0.144933,-0.212672
198.000000,296.065002,-0.119909,-0.192825
199.000000,296.065002,-0.093852,-0.187633
200.000000,296.065002,-0.066981,-0.173210
201.000000,296.065002,-0.039532,-0.147634
202.000000,296.065002,-0.011741,-0.132158
203.000000,296.065002,0.016152,-0.111731
204.000000,296.065002,0.043905,-0.097285
205.000000,296.065002,0.071277,-0.072538
206.000000,296.065002,0.098035,-0.046968
207.000000,296.065002,0.123944,-0.036783
208.000000,296.065002,0.148782,-0.011917
209.000000,296.065002,0.172334,0.021512
210.000000,296.065002,0.194394,0.031703
211.000000,296.065002,0.214779,0.055712
212.000000,296.065002,0.233300,0.085277
213.000000,296.065002,0.249810,0.095333
214.000000,296.065002,0.264158,0.124626
215.000000,296.065002,0.276221,0.145901
216.000000,296.065002,0.285901,0.150665
217.000000,296.065002,0.293102,0.172666
218.000000,296.065002,0.297777,0.192513
219.000000,296.065002,0.299871,0.195130
220.000000,296.065002,0.299377,0.207695
221.000000,296.065002,0.296294,0.220259
222.000000,296.065002,0.290647,0.216289
223.000000,296.065002,0.282494,0.235285
224.000000,296.065002,0.271890,0.092324
225.000000,296.065002,0.258942,0.237733
226.000000,296.065002,0.243752,0.268733
227.000000,296.065002,0.226456,0.255900
228.000000,296.065002,0.207204,0.253455
229.000000,296.065002,0.186157,0.248850
230.000000,296.065002,0.163505,0.224301
231.000000,296.065002,0.139435,0.211989
232.000000,296.065002,0.114163,0.208669
233.000000,296.065002,0.087903,0.179548
234.000000,296.065002,0.060883,0.167375
235.000000,296.065002,0.033337,0.151620
236.000000,296.065002,0.005502,0.124497
237.000000,296.065002,-0.022380,0.109607
238.000000,296.065002,-0.050068,0.087719
239.000000,296.065002,-0.077324,0.063299
240.000000,296.065002,-0.103911,0.050838
241.000000,296.065002,-0.129600,0.022542
242.000000,296.065002,-0.154170,0.035550
243.000000,296.065002,-0.177404,-0.013514
244.000000,296.065002,-0.199107,-0.058085
245.000000,296.065002,-0.219087,-0.070540
246.000000,296.065002,-0.237174,-0.084296
247.000000,296.065002,-0.253212,-0.113994
248.000000,296.065002,-0.267057,-0.127453
249.000000,296.065002,-0.278600,-0.137346
250.000000,296.065002,-0.287726,-0.164324
251.000000,296.065002,-0.294371,-0.178067
252.000000,296.065002,-0.298469,-0.182673
253.000000,296.065002,-0.299985,-0.207218
254.000000,296.065002,-0.298914,-0.214673
255.000000,296.065002,-0.295250,-0.213699
256.000000,296.065002,-0.289042,-0.235103
257.000000,296.065002,-0.280328,-0.235265
258.000000,296.065002,-0.269194,-0.240997
259.000000,296.065002,-0.255734,-0.245686
260.000000,296.065002,-0.240060,-0.237843
261.000000,296.065002,-0.222316,-0.241690
262.000000,296.065002,-0.202643,-0.234109
263.000000,296.065002,-0.181224,-0.216548
264.000000,296.065002,-0.158235,-0.225660
265.000000,296.065002,-0.133879,-0.203802
266.000000,296.065002,-0.108367,-0.189531
267.000000,296.065002,-0.081916,-0.180340
268.000000,296.065002,-0.054758,-0.161342
269.000000,296.065002,-0.027126,-0.134775
270.000000,296.065002,0.000740,-0.128295
271.000000,296.065002,0.028600,-0.100860
272.000000,296.065002,0.056212,-0.075864
273.000000,296.065002,0.083339,-0.065669
274.000000,296.065002,0.109744,-0.039808
275.000000,296.065002,0.135203,-0.011082
276.000000,296.065002,0.159490,-0.001185
277.000000,296.065002,0.182400,0.024388
278.000000,296.065002,0.203733,0.041269
279.000000,296.065002,0.223303,0.065582
280.000000,296.065002,0.240948,0.094011
281.000000,296.065002,0.256502,0.098908
282.000000,296.065002,0.269845,0.125060
283.000000,296.065002,0.280852,0.152196
284.000000,296.065002,0.289431,0.156530
285.000000,296.065002,0.295512,0.179962
286.000000,296.065002,0.299031,0.193517
287.000000,296.065002,0.299974,0.200422
288.000000,296.065002,0.298315,0.211558
289.000000,296.065002,0.294082,0.230116
290.000000,296.065002,0.287306,0.230590
291.000000,296.065002,0.278044,0.237293
292.000000,296.065002,0.266384,0.245275
293.000000,296.065002,0.252413,0.240168
294.000000,296.065002,0.236267,0.241149
295.000000,296.065002,0.218074,0.233144
296.000000,296.065002,0.197998,0.228154
297.000000,296.065002,0.176211,0.226415
298.000000,296.065002,0.152898,0.209000
299.000000,296.065002,0.128267,0.196409
300.000000,296.065002,0.102522,0.194806
301.000000,296.065002,0.075895,0.168683
302.000000,296.065002,0.048610,0.155513
303.000000,296.065002,0.020905,0.144473
304.000000,296.065002,-0.006981,0.113775
305.000000,296.065002,-0.034805,0.098457
306.000000,296.065002,-0.062330,0.084846
307.000000,296.065002,-0.089315,0.055294
308.000000,296.065002,-0.115529,0.037117
309.000000,296.065002,-0.140743,0.017221
310.000000,296.065002,-0.164740,-0.009336
311.000000,296.065002,-0.187317,-0.028801
312.000000,296.065002,-0.208268,-0.046531
313.000000,296.065002,-0.227425,-0.076398
314.000000,296.065002,-0.244610,-0.082859
315.000000,296.065002,-0.259684,-0.120286
316.000000,296.065002,-0.272514,-0.132734
317.000000,296.065002,-0.282984,-0.145348
318.000000,296.065002,-0.291015,-0.170901
319.000000,296.065002,-0.296520,-0.189074
320.000000,296.065002,-0.299469,-0.188534
321.000000,296.065002,-0.299826,-0.212082
322.000000,296.065002,-0.297591,-0.217963
323.000000,296.065002,-0.292787,-0.216273
324.000000,296.065002,-0.285446,-0.236677
325.000000,296.065002,-0.275644,-0.237409
326.000000,296.065002,-0.263452,-0.241574
327.000000,296.065002,-0.248987,-0.244255
328.000000,296.065002,-0.232369,-0.237986
329.000000,296.065002,-0.213741,-0.240408
330.000000,296.065002,-0.193268,-0.232105
331.000000,296.065002,-0.171120,-0.210541
332.000000,296.065002,-0.147496,-0.213368
333.000000,296.065002,-0.122595,-0.200369
334.000000,296.065002,-0.096635,-0.177378
335.000000,296.065002,-0.069840,-0.173906
336.000000,296.065002,-0.042440,-0.151759
0.000000,309.203003,0.017111,-0.113010
1.000000,309.203003,0.046078,-0.085731
2.000000,309.203003,0.074611,-0.078250
3.000000,309.203003,0.102441,-0.048957
4.000000,309.203003,0.129304,-0.017672
5.000000,309.203003,0.154949,-0.007904
6.000000,309.203003,0.179134,0.021531
7.000000,309.203003,0.201629,0.042813
8.000000,309.203003,0.222223,0.058724
9.000000,309.203003,0.240721,0.083584
10.000000,309.203003,0.256948,0.101317
11.000000,309.203003,0.270753,0.122204
12.000000,309.203003,0.282006,0.146630
13.000000,309.203003,0.290600,0.153667
14.000000,309.203003,0.296454,0.173246
15.000000,309.203003,0.299514,0.197523
16.000000,309.203003,0.299749,0.201141
17.000000,309.203003,0.297159,0.216422
18.000000,309.203003,0.291768,0.230262
19.000000,309.203003,0.283625,0.225729
20.000000,309.203003,0.272808,0.237866
21.000000,309.203003,0.259416,0.246703
22.000000,309.203003,0.243579,0.235023
23.000000,309.203003,0.225446,0.237435
24.000000,309.203003,0.205187,0.235984
25.000000,309.203003,0.182994,0.220723
26.000000,309.203003,0.159076,0.217413
27.000000,309.203003,0.133659,0.198262
28.000000,309.203003,0.106981,0.191121
29.000000,309.203003,0.079294,0.182659
30.000000,309.203003,0.050860,0.155814
31.000000,309.203003,0.021946,0.140503
32.000000,309.203003,-0.007176,0.127032
33.000000,309.203003,-0.036229,0.094190
34.000000,309.203003,-0.064941,0.079730
35.000000,309.203003,-0.093040,0.066832
36.000000,309.203003,-0.120262,0.029845
37.000000,309.203003,-0.146350,0.012811
38.000000,309.203003,-0.171058,-0.000084
39.000000,309.203003,-0.194154,-0.035929
40.000000,309.203003,-0.215419,-0.055533
41.000000,309.203003,-0.234654,-0.071000
42.000000,309.203003,-0.251676,-0.102129
43.000000,309.203003,-0.266327,-0.115733
44.000000,309.203003,-0.278463,-0.111585
45.000000,309.203003,-0.287974,-0.160040
46.000000,309.203003,-0.294770,-0.173647
47.000000,309.203003,-0.298787,-0.195790
48.000000,309.203003,-0.299986,-0.206943
49.000000,309.203003,-0.298358,-0.209401
50.000000,309.203003,-0.293917,-0.230382
51.000000,309.203003,-0.286706,-0.238258
52.000000,309.203003,-0.276791,-0.228138
53.000000,309.203003,-0.264266,-0.240534
54.000000,309.203003,-0.249251,-0.239550
55.000000,309.203003,-0.231885,-0.231428
56.000000,309.203003,-0.212330,-0.241823
57.000000,309.203003,-0.190774,-0.228400
58.000000,309.203003,-0.167419,-0.219706
59.000000,309.203003,-0.142487,-0.212513
60.000000,309.203003,-0.116211,-0.197232
61.000000,309.203003,-0.088839,-0.176092
62.000000,309.203003,-0.060630,-0.171047
63.000000,309.203003,-0.031849,-0.147906
64.000000,309.203003,-0.002768,-0.126747
65.000000,309.203003,0.026339,-0.111141
66.000000,309.203003,0.055198,-0.087285
67.000000,309.203003,0.083538,-0.075251
68.000000,309.203003,0.111088,-0.048519
69.000000,309.203003,0.137591,-0.014803
70.000000,309.203003,0.162797,-0.002755
71.000000,309.203003,0.186468,0.024397
72.000000,309.203003,0.208380,0.055251
73.000000,309.203003,0.228329,0.064734
74.000000,309.203003,0.246124,0.090310
75.000000,309.203003,0.261600,0.112731
76.000000,309.203003,0.274609,0.128506
77.000000,309.203003,0.285029,0.150364
78.000000,309.203003,0.292763,0.172351
79.000000,309.203003,0.297735,0.178259
80.000000,309.203003,0.299898,0.196115
81.000000,309.203003,0.299234,0.213960
82.000000,309.203003,0.295748,0.214434
83.000000,309.203003,0.289474,0.217701
84.000000,309.203003,0.280472,0.233701
85.000000,309.203003,0.268825,0.233307
86.000000,309.203003,0.254644,0.241007
87.000000,309.203003,0.238062,0.234006
88.000000,309.203003,0.219236,0.236020
89.000000,309.203003,0.198343,0.234278
90.000000,309.203003,0.175579,0.215007
91.000000,309.203003,0.151160,0.205561
92.000000,309.203003,0.125314,0.207532
93.000000,309.203003,0.098287,0.178404
94.000000,309.203003,0.070334,0.168809
95.000000,309.203003,0.041718,0.159343
96.000000,309.203003,0.012709,0.131362
97.000000,309.203003,-0.016420,0.120335
98.000000,309.203003,-0.045395,0.099859
99.000000,309.203003,-0.073941,0.066304
100.000000,309.203003,-0.101791,0.051988
101.000000,309.203003,-0.128681,0.033804
102.000000,309.203003,-0.154358,-0.000612
103.000000,309.203003,-0.178579,-0.013070
104.000000,309.203003,-0.201115,-0.045255
105.000000,309.203003,-0.221756,-0.063095
106.000000,309.203003,-0.240305,-0.085138
107.000000,309.203003,-0.256589,-0.108007
108.000000,309.203003,-0.270454,-0.127585
109.000000,309.203003,-0.281769,-0.136906
110.000000,309.203003,-0.290428,-0.166756
111.000000,309.203003,-0.296348,-0.170914
112.000000,309.203003,-0.299475,-0.185671
113.000000,309.203003,-0.299779,-0.208222
114.000000,309.203003,-0.297257,-0.213099
115.000000,309.203003,-0.291929,-0.219706
116.000000,309.203003,-0.283849,-0.240391
117.000000,309.203003,-0.273092,-0.233261
118.000000,309.203003,-0.259761,-0.233718
119.000000,309.203003,-0.243981,-0.246829
120.000000,309.203003,-0.225901,-0.239271
121.000000,309.203003,-0.205691,-0.232986
122.000000,309.203003,-0.183543,-0.231532
123.000000,309.203003,-0.159663,-0.214968
124.000000,309.203003,-0.134279,-0.212089
125.000000,309.203003,-0.107628,-0.197076
126.000000,309.203003,-0.079962,-0.169940
127.000000,309.203003,-0.051542,-0.162607
128.000000,309.203003,-0.022636,-0.141750
129.000000,309.203003,0.006484,-0.116184
130.000000,309.203003,0.035542,-0.107132
131.000000,309.203003,0.064264,-0.083415
132.000000,309.203003,0.092381,-0.051272
133.000000,309.203003,0.119627,-0.045223
134.000000,309.203003,0.145745,-0.013928
135.000000,309.203003,0.170490,0.010071
136.000000,309.203003,0.193627,0.026839
137.000000,309.203003,0.214939,0.055987
138.000000,309.203003,0.234225,0.071010
139.000000,309.203003,0.251300,0.089176
140.000000,309.203003,0.266005,0.120607
141.000000,309.203003,0.278203,0.131077
142.000000,309.203003,0.287777,0.150082
143.000000,309.203003,0.294639,0.175645
144.000000,309.203003,0.298723,0.177404
145.000000,309.203003,0.299991,0.198977
146.000000,309.203003,0.298430,0.220537
147.000000,309.203003,0.294057,0.216150
148.000000,309.203003,0.286910,0.228857
149.000000,309.203003,0.277059,0.241985
150.000000,309.203003,0.264596,0.232021
151.000000,309.203003,0.249635,0.240437
152.000000,309.203003,0.232321,0.241418
153.000000,309.203003,0.212817,0.231448
154.000000,309.203003,0.191306,0.226995
155.000000,309.203003,0.167992,0.210127
156.000000,309.203003,0.143095,0.202562
157.000000,309.203003,0.116848,0.202108
158.000000,309.203003,0.089500,0.175684
159.000000,309.203003,0.061308,0.161520
160.000000,309.203003,0.032538,0.165784
161.000000,309.203003,0.003460,0.122926
162.000000,309.203003,-0.025650,0.105896
163.000000,309.203003,-0.054518,0.092855
164.000000,309.203003,-0.082872,0.056441
165.000000,309.203003,-0.110444,0.044410
166.000000,309.203003,-0.136975,0.024365
167.000000,309.203003,-0.162214,-0.009617
168.000000,309.203003,-0.185925,-0.027221
169.000000,309.203003,-0.207882,-0.038546
170.000000,309.203003,-0.227880,-0.071673
171.000000,309.203003,-0.245729,-0.090280
172.000000,309.203003,-0.261262,-0.108027
173.000000,309.203003,-0.274332,-0.136591
174.000000,309.203003,-0.284815,-0.147051
175.000000,309.203003,-0.292610,-0.172912
176.000000,309.203003,-0.297646,-0.184923
177.000000,309.203003,-0.299877,-0.189382
178.000000,309.203003,-0.299280,-0.218513
179.000000,309.203003,-0.295862,-0.217811
180.000000,309.203003,-0.289655,-0.219272
181.000000,309.203003,-0.280717,-0.238098
182.000000,309.203003,-0.269132,-0.237691
183.000000,309.203003,-0.255011,-0.230428
184.000000,309.203003,-0.238485,-0.241823
185.000000,309.203003,-0.219710,-0.237979
186.000000,309.203003,-0.198863,-0.224424
187.000000,309.203003,-0.176139,-0.229669
188.000000,309.203003,-0.151756,-0.212960
189.000000,309.203003,-0.125942,-0.203259
190.000000,309.203003,-0.098941,-0.191781
191.000000,309.203003,-0.071007,-0.177504
192.000000,309.203003,-0.042403,-0.162342
193.000000,309.203003,-0.013400,-0.137880
194.000000,309.203003,0.015729,-0.110452
195.000000,309.203003,0.044711,-0.098269
196.000000,309.203003,0.073271,-0.071540
197.000000,309.203003,0.101140,-0.043403
198.000000,309.203003,0.128056,-0.037499
199.000000,309.203003,0.153763,-0.007918
200.000000,309.203003,0.178021,0.023079
201.000000,309.203003,0.200600,0.036564
202.000000,309.203003,0.221288,0.060281
203.000000,309.203003,0.239889,0.089279
204.000000,309.203003,0.256229,0.098189
205.000000,309.203003,0.270154,0.123049
206.000000,309.203003,0.281532,0.145623
207.000000,309.203003,0.290255,0.158810
208.000000,309.203003,0.296243,0.176662
209.000000,309.203003,0.299437,0.187540
210.000000,309.203003,0.299805,0.199272
211.000000,309.203003,0.297347,0.218692
212.000000,309.203003,0.292085,0.216296
213.000000,309.203003,0.284070,0.228864
214.000000,309.203003,0.273376,0.239987
215.000000,309.203003,0.260106,0.234022
216.000000,309.203003,0.244383,0.236438
217.000000,309.203003,0.226356,0.242843
218.000000,309.203003,0.206196,0.226017
219.000000,309.203003,0.184091,0.223996
220.000000,309.203003,0.160250,0.228542
221.000000,309.203003,0.134899,0.199421
222.000000,309.203003,0.108274,0.190538
223.000000,309.203003,0.080628,0.174932
224.000000,309.203003,0.052223,0.154237
225.000000,309.203003,0.023326,0.142491
226.000000,309.203003,-0.005792,0.117615
227.000000,309.203003,-0.034854,0.097185
228.000000,309.203003,-0.063588,0.086864
229.000000,309.203003,-0.091723,0.052292
230.000000,309.203003,-0.118993,0.037412
231.000000,309.203003,-0.145141,0.019368
232.000000,309.203003,-0.169921,-0.014193
233.000000,309.203003,-0.193100,-0.031224
234.000000,309.203003,-0.214455,-0.064284
235.000000,309.203003,-0.233789,-0.077246
236.000000,309.203003,-0.250919,-0.097139
237.000000,309.203003,-0.265682,-0.107606
238.000000,309.203003,-0.277942,-0.139301
239.000000,309.203003,-0.287580,-0.152618
240.000000,309.203003,-0.294508,-0.163084
241.000000,309.203003,-0.298659,-0.194068
242.000000,309.203003,-0.299995,-0.199518
243.000000,309.203003,-0.298502,-0.203259
244.000000,309.203003,-0.294196,-0.223666
245.000000,309.203003,-0.287114,-0.227403
246.000000,309.203003,-0.277323,-0.240414
247.000000,309.203003,-0.264918,-0.245401
248.000000,309.203003,-0.250016,-0.243850
249.000000,309.203003,-0.232757,-0.242827
250.000000,309.203003,-0.213303,-0.229964
251.000000,309.203003,-0.191839,-0.219842
252.000000,309.203003,-0.168566,-0.217940
253.000000,309.203003,-0.143703,-0.210952
254.000000,309.203003,-0.117486,-0.191536
255.000000,309.203003,-0.090161,-0.184200
256.000000,309.203003,-0.061986,-0.166918
257.000000,309.203003,-0.033226,-0.141352
258.000000,309.203003,-0.004152,-0.135587
259.000000,309.203003,0.024960,-0.110870
260.000000,309.203003,0.053837,-0.087587
261.000000,309.203003,0.082206,-0.072819
262.000000,309.203003,0.109800,-0.043814
263.000000,309.203003,0.136359,-0.029945
264.000000,309.203003,0.161632,-0.004048
265.000000,309.203003,0.185382,0.026528
266.000000,309.203003,0.207384,0.039138
267.000000,309.203003,0.227431,0.066295
268.000000,309.203003,0.245334,0.099723
269.000000,309.203003,0.260923,0.106054
270.000000,309.203003,0.274050,0.126057
271.000000,309.203003,0.284593,0.156053
272.000000,309.203003,0.292454,0.157385
273.000000,309.203003,0.297557,0.179959
274.000000,309.203003,0.299856,0.202523
275.000000,309.203003,0.299327,0.203854
276.000000,309.203003,0.295976,0.220852
277.000000,309.203003,0.289835,0.231120
278.000000,309.203003,0.280962,0.230447
279.000000,309.203003,0.269440,0.236719
280.000000,309.203003,0.255377,0.234135
281.000000,309.203003,0.238905,0.233161
282.000000,309.203003,0.220179,0.241574
283.000000,309.203003,0.199378,0.222724
284.000000,309.203003,0.176698,0.222147
285.000000,309.203003,0.152352,0.219974
286.000000,309.203003,0.126569,0.193990
287.000000,309.203003,0.099594,0.188258
288.000000,309.203003,0.071679,0.178789
289.000000,309.203003,0.043089,0.151523
290.000000,309.203003,0.014092,0.131776
291.000000,309.203003,-0.015038,0.125312
292.000000,309.203003,-0.044027,0.091469
293.000000,309.203003,-0.072600,0.077726
294.000000,309.203003,-0.100488,0.062113
295.000000,309.203003,-0.127428,0.025554
296.000000,309.203003,-0.153167,0.007519
297.000000,309.203003,-0.177462,-0.010949
298.000000,309.203003,-0.200084,-0.040362
299.000000,309.203003,-0.220820,-0.060686
300.000000,309.203003,-0.239474,-0.088282
301.000000,309.203003,-0.255870,-0.114713
302.000000,309.203003,-0.269854,-0.122744
303.000000,309.203003,-0.281294,-0.145742
304.000000,309.203003,-0.290083,-0.161189
305.000000,309.203003,-0.296133,-0.165364
306.000000,309.203003,-0.299391,-0.191493
307.000000,309.203003,-0.299827,-0.202801
308.000000,309.203003,-0.297436,-0.207264
309.000000,309.203003,-0.292241,-0.227095
310.000000,309.203003,-0.284291,-0.230686
311.000000,309.203003,-0.273661,-0.226283
312.000000,309.203003,-0.260450,-0.242393
313.000000,309.203003,-0.244785,-0.232691
314.000000,309.203003,-0.226812,-0.229142
315.000000,309.203003,-0.206700,-0.240676
316.000000,309.203003,-0.184638,-0.225256
317.000000,309.203003,-0.160835,-0.210978
318.000000,309.203003,-0.135515,-0.211797
319.000000,309.203003,-0.108918,-0.192802
320.000000,309.203003,-0.081294,-0.181785
321.000000,309.203003,-0.052904,-0.163903
322.000000,309.203003,-0.024015,-0.136475
0.000000,322.923004,0.009991,-0.122035
1.000000,322.923004,0.040305,-0.102560
2.000000,322.923004,0.070204,-0.078846
3.000000,322.923004,0.099381,-0.062104
4.000000,322.923004,0.127538,-0.036793
5.000000,322.923004,0.154383,-0.004220
6.000000,322.923004,0.179638,0.007827
7.000000,322.923004,0.203047,0.036554
8.000000,322.923004,0.224370,0.065834
9.000000,322.923004,0.243385,0.080177
10.000000,322.923004,0.259894,0.102036
11.000000,322.923004,0.273733,0.129745
12.000000,322.923004,0.284760,0.140656
13.000000,322.923004,0.292854,0.152077
14.000000,322.923004,0.297936,0.181645
15.000000,322.923004,0.299958,0.189985
16.000000,322.923004,0.298899,0.207125
17.000000,322.923004,0.294757,0.227402
18.000000,322.923004,0.287588,0.220580
19.000000,322.923004,0.277464,0.231428
20.000000,322.923004,0.264487,0.232856
21.000000,322.923004,0.248785,0.232588
22.000000,322.923004,0.230528,0.241143
23.000000,322.923004,0.209902,0.223724
24.000000,322.923004,0.187117,0.226150
25.000000,322.923004,0.162405,0.224404
26.000000,322.923004,0.136025,0.204143
27.000000,322.923004,0.108247,0.190972
28.000000,322.923004,0.079355,0.180505
29.000000,322.923004,0.049646,0.154810
30.000000,322.923004,0.019428,0.136348
31.000000,322.923004,-0.010990,0.134318
32.000000,322.923004,-0.041295,0.098189
33.000000,322.923004,-0.071176,0.080870
34.000000,322.923004,-0.100325,0.067547
35.000000,322.923004,-0.128443,0.027555
36.000000,322.923004,-0.155238,0.010949
37.000000,322.923004,-0.180437,-0.014504
38.000000,322.923004,-0.203784,-0.038791
39.000000,322.923004,-0.225033,-0.064407
40.000000,322.923004,-0.243965,-0.092123
41.000000,322.923004,-0.260392,-0.108428
42.000000,322.923004,-0.274143,-0.116035
43.000000,322.923004,-0.285071,-0.144308
44.000000,322.923004,-0.293067,-0.195502
45.000000,322.923004,-0.298053,-0.168946
46.000000,322.923004,-0.299977,-0.192066
47.000000,322.923004,-0.298808,-0.201950
48.000000,322.923004,-0.294568,-0.204408
49.000000,322.923004,-0.287303,-0.228669
50.000000,322.923004,-0.277085,-0.231402
51.000000,322.923004,-0.264011,-0.231856
52.000000,322.923004,-0.248225,-0.239964
53.000000,322.923004,-0.229889,-0.234122
54.000000,322.923004,-0.209188,-0.230415
55.000000,322.923004,-0.186333,-0.226383
56.000000,322.923004,-0.161564,-0.211250
57.000000,322.923004,-0.135136,-0.212947
58.000000,322.923004,-0.107315,-0.196506
59.000000,322.923004,-0.078391,-0.172368
60.000000,322.923004,-0.048661,-0.167041
61.000000,322.923004,-0.018432,-0.144606
62.000000,322.923004,0.011988,-0.120471
63.000000,322.923004,0.042284,-0.114422
64.000000,322.923004,0.072146,-0.080410
65.000000,322.923004,0.101266,-0.045123
66.000000,322.923004,0.129343,-0.037072
67.000000,322.923004,0.156091,-0.003345
68.000000,322.923004,0.181236,0.020647
69.000000,322.923004,0.204515,0.041425
70.000000,322.923004,0.225690,0.063425
71.000000,322.923004,0.244545,0.086423
72.000000,322.923004,0.260889,0.097900
73.000000,322.923004,0.274546,0.125905
74.000000,322.923004,0.285379,0.139639
75.000000,322.923004,0.293280,0.157236
76.000000,322.923004,0.298169,0.182374
77.000000,322.923004,0.299983,0.185840
78.000000,322.923004,0.298716,0.202559
79.000000,322.923004,0.294380,0.221114
80.000000,322.923004,0.287017,0.215438
81.000000,322.923004,0.276697,0.229576
82.000000,322.923004,0.263534,0.246275
83.000000,322.923004,0.247665,0.234880
84.000000,322.923004,0.229246,0.235291
85.000000,322.923004,0.208468,0.240268
86.000000,322.923004,0.185549,0.222296
87.000000,322.923004,0.160723,0.214845
88.000000,322.923004,0.134241,0.209103
89.000000,322.923004,0.106380,0.184978
90.000000,322.923004,0.077425,0.181241
91.000000,322.923004,0.047675,0.156219
92.000000,322.923004,0.017433,0.138220
93.000000,322.923004,-0.012987,0.121468
94.000000,322.923004,-0.043274,0.093040
95.000000,322.923004,-0.073117,0.079164
96.000000,322.923004,-0.102206,0.061547
97.000000,322.923004,-0.130245,0.041865
98.000000,322.923004,-0.156946,0.006668
99.000000,322.923004,-0.182032,-0.010094
100.000000,322.923004,-0.205244,-0.046223
101.000000,322.923004,-0.226348,-0.067402
102.000000,322.923004,-0.245126,-0.078011
103.000000,322.923004,-0.261380,-0.111993
104.000000,322.923004,-0.274945,-0.122589
105.000000,322.923004,-0.285687,-0.140921
106.000000,322.923004,-0.293493,-0.169903
107.000000,322.923004,-0.298273,-0.183362
108.000000,322.923004,-0.299989,-0.190532
109.000000,322.923004,-0.298624,-0.213086
110.000000,322.923004,-0.294188,-0.218540
111.000000,322.923004,-0.286721,-0.232396
112.000000,322.923004,-0.276308,-0.232393
113.000000,322.923004,-0.263058,-0.231846
114.000000,322.923004,-0.247100,-0.242535
115.000000,322.923004,-0.228598,-0.240116
116.000000,322.923004,-0.207749,-0.226564
117.000000,322.923004,-0.184765,-0.238244
118.000000,322.923004,-0.159877,-0.222532
119.000000,322.923004,-0.133346,-0.197970
120.000000,322.923004,-0.105446,-0.194783
121.000000,322.923004,-0.076461,-0.176497
122.000000,322.923004,-0.046688,-0.151647
123.000000,322.923004,-0.016436,-0.141164
124.000000,322.923004,0.013985,-0.120021
125.000000,322.923004,0.044262,-0.094594
126.000000,322.923004,0.074084,-0.082113
127.000000,322.923004,0.103144,-0.056826
128.000000,322.923004,0.131145,-0.031810
129.000000,322.923004,0.157796,-0.015343
130.000000,322.923004,0.182823,0.020809
131.000000,322.923004,0.205971,0.032982
132.000000,322.923004,0.227004,0.063296
133.000000,322.923004,0.245699,0.091721
134.000000,322.923004,0.261867,0.104911
135.000000,322.923004,0.275344,0.124772
136.000000,322.923004,0.285994,0.151623
137.000000,322.923004,0.293694,0.158243
138.000000,322.923004,0.298377,0.177242
139.000000,322.923004,0.299996,0.199090
140.000000,322.923004,0.298529,0.198994
141.000000,322.923004,0.293987,0.213559
142.000000,322.923004,0.286425,0.232548
143.000000,322.923004,0.275920,0.224589
144.000000,322.923004,0.262576,0.235434
145.000000,322.923004,0.246529,0.243847
146.000000,322.923004,0.227950,0.232733
147.000000,322.923004,0.207029,0.229854
148.000000,322.923004,0.183975,0.218990
149.000000,322.923004,0.159030,0.212284
150.000000,322.923004,0.132451,0.208828
151.000000,322.923004,0.104511,0.185124
152.000000,322.923004,0.075493,0.171960
153.000000,322.923004,0.045700,0.170645
154.000000,322.923004,0.015438,0.132366
155.000000,322.923004,-0.014984,0.116763
156.000000,322.923004,-0.045251,0.107440
157.000000,322.923004,-0.075052,0.071165
158.000000,322.923004,-0.104083,0.054135
159.000000,322.923004,-0.132043,0.037376
160.000000,322.923004,-0.158644,-0.001755
161.000000,322.923004,-0.183615,-0.017788
162.000000,322.923004,-0.206700,-0.035829
163.000000,322.923004,-0.227655,-0.070102
164.000000,322.923004,-0.246270,-0.084419
165.000000,322.923004,-0.262354,-0.109163
166.000000,322.923004,-0.275744,-0.132874
167.000000,322.923004,-0.286290,-0.146193
168.000000,322.923004,-0.293895,-0.171053
169.000000,322.923004,-0.298481,-0.190930
170.000000,322.923004,-0.299998,-0.187812
171.000000,322.923004,-0.298425,-0.210220
172.000000,322.923004,-0.293786,-0.219530
173.000000,322.923004,-0.286129,-0.222562
174.000000,322.923004,-0.275526,-0.232956
175.000000,322.923004,-0.262089,-0.234977
176.000000,322.923004,-0.245959,-0.230859
177.000000,322.923004,-0.227302,-0.242111
178.000000,322.923004,-0.206303,-0.229832
179.000000,322.923004,-0.183184,-0.219129
180.000000,322.923004,-0.158182,-0.220806
181.000000,322.923004,-0.131556,-0.205671
182.000000,322.923004,-0.103572,-0.196658
183.000000,322.923004,-0.074526,-0.185920
184.000000,322.923004,-0.044713,-0.152058
185.000000,322.923004,-0.014441,-0.149742
186.000000,322.923004,0.015981,-0.117867
187.000000,322.923004,0.046237,-0.093017
188.000000,322.923004,0.076019,-0.077965
189.000000,322.923004,0.105019,-0.054245
190.000000,322.923004,0.132938,-0.020674
191.000000,322.923004,0.159491,-0.012192
192.000000,322.923004,0.184406,0.018102
193.000000,322.923004,0.207421,0.044669
194.000000,322.923004,0.228303,0.059728
195.000000,322.923004,0.246839,0.088020
196.000000,322.923004,0.262841,0.112734
197.000000,322.923004,0.276132,0.123211
198.000000,322.923004,0.286586,0.146782
199.000000,322.923004,0.294096,0.162222
200.000000,322.923004,0.298582,0.178256
201.000000,322.923004,0.299992,0.198391
202.000000,322.923004,0.298321,0.201134
203.000000,322.923004,0.293585,0.216140
204.000000,322.923004,0.285827,0.230411
205.000000,322.923004,0.275127,0.223015
206.000000,322.923004,0.261602,0.226720
207.000000,322.923004,0.245388,0.244705
208.000000,322.923004,0.226647,0.230308
209.000000,322.923004,0.205575,0.232293
210.000000,322.923004,0.182392,0.234980
211.000000,322.923004,0.157334,0.209858
212.000000,322.923004,0.130655,0.201263
213.000000,322.923004,0.102633,0.196231
214.000000,322.923004,0.073557,0.171109
215.000000,322.923004,0.043724,0.156649
216.000000,322.923004,0.013442,0.143330
217.000000,322.923004,-0.016979,0.113629
218.000000,322.923004,-0.047226,0.097881
219.000000,322.923004,-0.076986,0.070860
220.000000,322.923004,-0.105954,0.046998
221.000000,322.923004,-0.133834,0.028526
222.000000,322.923004,-0.160339,-0.004472
223.000000,322.923004,-0.185192,-0.019209
224.000000,322.923004,-0.208141,-0.032251
225.000000,322.923004,-0.228951,-0.069241
226.000000,322.923004,-0.247410,-0.088703
227.000000,322.923004,-0.263317,-0.102888
228.000000,322.923004,-0.276520,-0.134013
229.000000,322.923004,-0.286882,-0.149188
230.000000,322.923004,-0.294293,-0.155507
231.000000,322.923004,-0.298674,-0.184631
232.000000,322.923004,-0.299986,-0.198660
233.000000,322.923004,-0.298217,-0.203255
234.000000,322.923004,-0.293377,-0.221376
235.000000,322.923004,-0.285519,-0.226260
236.000000,322.923004,-0.274728,-0.237552
237.000000,322.923004,-0.261114,-0.241541
238.000000,322.923004,-0.244810,-0.234990
239.000000,322.923004,-0.225989,-0.243824
240.000000,322.923004,-0.204847,-0.231826
241.000000,322.923004,-0.181600,-0.219272
242.000000,322.923004,-0.156481,-0.215084
243.000000,322.923004,-0.129754,-0.202089
244.000000,322.923004,-0.101695,-0.183673
245.000000,322.923004,-0.072589,-0.173194
246.000000,322.923004,-0.042736,-0.154049
247.000000,322.923004,-0.012444,-0.126621
248.000000,322.923004,0.017976,-0.126721
249.000000,322.923004,0.048211,-0.096142
250.000000,322.923004,0.077950,-0.072998
251.000000,322.923004,0.106888,-0.055948
252.000000,322.923004,0.134728,-0.027943
253.000000,322.923004,0.161180,-0.009067
254.000000,322.923004,0.185975,0.015398
255.000000,322.923004,0.208859,0.044112
256.000000,322.923004,0.229598,0.057869
257.000000,322.923004,0.247969,0.086599
258.000000,322.923004,0.263793,0.115451
259.000000,322.923004,0.276908,0.124357
260.000000,322.923004,0.287174,0.142644
261.000000,322.923004,0.294482,0.173498
262.000000,322.923004,0.298766,0.177977
263.000000,322.923004,0.299980,0.193686
264.000000,322.923004,0.298106,0.215819
265.000000,322.923004,0.293164,0.214865
266.000000,322.923004,0.285211,0.225428
267.000000,322.923004,0.274329,0.238267
268.000000,322.923004,0.260618,0.229304
269.000000,322.923004,0.244230,0.236150
270.000000,322.923004,0.225332,0.241130
271.000000,322.923004,0.204119,0.226014
272.000000,322.923004,0.180801,0.225136
273.000000,322.923004,0.155626,0.216551
274.000000,322.923004,0.128853,0.196558
275.000000,322.923004,0.100754,0.194249
276.000000,322.923004,0.071618,0.167676
277.000000,322.923004,0.041746,0.157090
278.000000,322.923004,0.011445,0.142621
279.000000,322.923004,-0.018974,0.109915
280.000000,322.923004,-0.049198,0.096747
281.000000,322.923004,-0.078916,0.079416
282.000000,322.923004,-0.107823,0.044572
283.000000,322.923004,-0.135620,0.026969
284.000000,322.923004,-0.162022,0.010783
285.000000,322.923004,-0.186760,-0.026774
286.000000,322.923004,-0.209579,-0.045093
287.000000,322.923004,-0.230237,-0.057992
288.000000,322.923004,-0.248530,-0.095121
289.000000,322.923004,-0.264270,-0.110154
290.000000,322.923004,-0.277292,-0.135202
291.000000,322.923004,-0.287458,-0.154748
292.000000,322.923004,-0.294671,-0.163774
293.000000,322.923004,-0.298858,-0.178369
294.000000,322.923004,-0.299967,-0.199216
295.000000,322.923004,-0.297989,-0.206532
296.000000,322.923004,-0.292951,-0.225816
297.000000,322.923004,-0.284904,-0.230249
298.000000,322.923004,-0.273920,-0.226989
299.000000,322.923004,-0.260121,-0.238818
300.000000,322.923004,-0.243649,-0.233685
301.000000,322.923004,-0.224674,-0.228851
302.000000,322.923004,-0.203382,-0.235531
303.000000,322.923004,-0.180002,-0.221250
304.000000,322.923004,-0.154773,-0.207837
305.000000,322.923004,-0.127951,-0.207937
306.000000,322.923004,-0.099812,-0.186937
307.000000,322.923004,-0.070647,-0.167657
308.000000,322.923004,-0.040757,-0.161183
0.000000,337.252014,0.015431,-0.128725
1.000000,337.252014,0.047028,-0.105293
2.000000,337.252014,0.078097,-0.074290
3.000000,337.252014,0.108292,-0.059523
4.000000,337.252014,0.137270,-0.029086
5.000000,337.252014,0.164709,-0.009498
6.000000,337.252014,0.190304,0.015398
7.000000,337.252014,0.213759,0.047829
8.000000,337.252014,0.234820,0.055294
9.000000,337.252014,0.253250,0.087457
10.000000,337.252014,0.268834,0.115451
11.000000,337.252014,0.281408,0.126786
12.000000,337.252014,0.290823,0.150506
13.000000,337.252014,0.296976,0.176500
14.000000,337.252014,0.299804,0.178689
15.000000,337.252014,0.299262,0.200548
16.000000,337.252014,0.295367,0.217108
17.000000,337.252014,0.288164,0.216293
18.000000,337.252014,0.277721,0.229573
19.000000,337.252014,0.264168,0.242988
20.000000,337.252014,0.247653,0.231305
21.000000,337.252014,0.228357,0.235719
22.000000,337.252014,0.206504,0.232276
23.000000,337.252014,0.182332,0.220149
24.000000,337.252014,0.156116,0.213834
25.000000,337.252014,0.128151,0.194557
26.000000,337.252014,0.098746,0.189690
27.000000,337.252014,0.068235,0.174793
28.000000,337.252014,0.036959,0.150954
29.000000,337.252014,0.005268,0.134354
30.000000,337.252014,-0.026482,0.123599
31.000000,337.252014,-0.057936,0.087609
32.000000,337.252014,-0.088738,0.072438
33.000000,337.252014,-0.118547,0.055821
34.000000,337.252014,-0.147025,0.017691
35.000000,337.252014,-0.173854,-0.004061
36.000000,337.252014,-0.198737,-0.010807
37.000000,337.252014,-0.221385,-0.056806
38.000000,337.252014,-0.241554,-0.075983
39.000000,337.252014,-0.259015,-0.097732
40.000000,337.252014,-0.273566,-0.135163
41.000000,337.252014,-0.285054,-0.136183
42.000000,337.252014,-0.293343,-0.163479
43.000000,337.252014,-0.298341,-0.177915
44.000000,337.252014,-0.299998,-0.185950
45.000000,337.252014,-0.298284,-0.204644
46.000000,337.252014,-0.293228,-0.214097
47.000000,337.252014,-0.284887,-0.216127
48.000000,337.252014,-0.273343,-0.228954
49.000000,337.252014,-0.258738,-0.238549
50.000000,337.252014,-0.241233,-0.226140
51.000000,337.252014,-0.221017,-0.234673
52.000000,337.252014,-0.198328,-0.228543
53.000000,337.252014,-0.173412,-0.213126
54.000000,337.252014,-0.146551,-0.219232
55.000000,337.252014,-0.118048,-0.199521
56.000000,337.252014,-0.088219,-0.184091
57.000000,337.252014,-0.057402,-0.169476
58.000000,337.252014,-0.025941,-0.146335
59.000000,337.252014,0.005811,-0.133026
60.000000,337.252014,0.037498,-0.112430
61.000000,337.252014,0.068765,-0.080857
62.000000,337.252014,0.099259,-0.067525
63.000000,337.252014,0.128642,-0.039514
64.000000,337.252014,0.156580,-0.004511
65.000000,337.252014,0.182763,0.008112
66.000000,337.252014,0.206900,0.034977
67.000000,337.252014,0.228709,0.065831
68.000000,337.252014,0.247958,0.076029
69.000000,337.252014,0.264427,0.101462
70.000000,337.252014,0.277925,0.135749
71.000000,337.252014,0.288312,0.139943
72.000000,337.252014,0.295463,0.160655
73.000000,337.252014,0.299299,0.185936
74.000000,337.252014,0.299784,0.190555
75.000000,337.252014,0.296900,0.208410
76.000000,337.252014,0.290688,0.218258
77.000000,337.252014,0.281222,0.217290
78.000000,337.252014,0.268592,0.233141
79.000000,337.252014,0.252956,0.231865
80.000000,337.252014,0.234483,0.232873
81.000000,337.252014,0.213377,0.236564
82.000000,337.252014,0.189882,0.218440
83.000000,337.252014,0.164255,0.215136
84.000000,337.252014,0.136786,0.211962
85.000000,337.252014,0.107785,0.190558
86.000000,337.252014,0.077572,0.177672
87.000000,337.252014,0.046491,0.165774
88.000000,337.252014,0.014888,0.138512
89.000000,337.252014,-0.016882,0.120620
90.000000,337.252014,-0.048462,0.107867
91.000000,337.252014,-0.079499,0.071596
92.000000,337.252014,-0.109644,0.053704
93.000000,337.252014,-0.138561,0.026230
94.000000,337.252014,-0.165922,-0.001185
95.000000,337.252014,-0.191422,-0.022794
96.000000,337.252014,-0.214779,-0.048678
97.000000,337.252014,-0.235721,-0.073392
98.000000,337.252014,-0.254023,-0.086142
99.000000,337.252014,-0.269479,-0.115856
100.000000,337.252014,-0.281906,-0.135166
101.000000,337.252014,-0.291177,-0.147492
102.000000,337.252014,-0.297180,-0.174761
103.000000,337.252014,-0.299849,-0.188501
104.000000,337.252014,-0.299160,-0.189104
105.000000,337.252014,-0.295110,-0.211794
106.000000,337.252014,-0.287752,-0.220389
107.000000,337.252014,-0.277173,-0.218274
108.000000,337.252014,-0.263475,-0.236104
109.000000,337.252014,-0.246829,-0.234835
110.000000,337.252014,-0.227414,-0.229000
111.000000,337.252014,-0.205446,-0.235819
112.000000,337.252014,-0.181177,-0.224398
113.000000,337.252014,-0.154874,-0.217556
114.000000,337.252014,-0.126834,-0.212655
115.000000,337.252014,-0.097374,-0.189657
116.000000,337.252014,-0.066819,-0.177355
117.000000,337.252014,-0.035516,-0.156468
118.000000,337.252014,-0.003815,-0.128182
119.000000,337.252014,0.027929,-0.122861
120.000000,337.252014,0.059360,-0.093276
121.000000,337.252014,0.090126,-0.061991
122.000000,337.252014,0.119879,-0.051226
123.000000,337.252014,0.148291,-0.022218
124.000000,337.252014,0.175037,0.003063
125.000000,337.252014,0.199820,0.019265
126.000000,337.252014,0.222366,0.050129
127.000000,337.252014,0.242412,0.084704
128.000000,337.252014,0.259743,0.092327
129.000000,337.252014,0.274163,0.120620
130.000000,337.252014,0.285502,0.141332
131.000000,337.252014,0.293644,0.152521
132.000000,337.252014,0.298492,0.176808
133.000000,337.252014,0.299989,0.187245
134.000000,337.252014,0.298128,0.202420
135.000000,337.252014,0.292918,0.219696
136.000000,337.252014,0.284424,0.217578
137.000000,337.252014,0.272746,0.226150
138.000000,337.252014,0.257999,0.238704
139.000000,337.252014,0.240365,0.229592
140.000000,337.252014,0.220035,0.227147
141.000000,337.252014,0.197234,0.239271
142.000000,337.252014,0.172225,0.218155
143.000000,337.252014,0.145282,0.211131
144.000000,337.252014,0.116710,0.200521
145.000000,337.252014,0.086831,0.176258
146.000000,337.252014,0.055975,0.166374
147.000000,337.252014,0.024493,0.153479
148.000000,337.252014,-0.007264,0.122638
149.000000,337.252014,-0.038939,0.108036
150.000000,337.252014,-0.070177,0.089998
151.000000,337.252014,-0.100630,0.056722
152.000000,337.252014,-0.129951,0.036256
153.000000,337.252014,-0.157818,0.010094
154.000000,337.252014,-0.183913,-0.015200
155.000000,337.252014,-0.207945,-0.039245
156.000000,337.252014,-0.229650,-0.067385
157.000000,337.252014,-0.248772,-0.085267
158.000000,337.252014,-0.265108,-0.100167
159.000000,337.252014,-0.278473,-0.131439
160.000000,337.252014,-0.288708,-0.145467
161.000000,337.252014,-0.295711,-0.159367
162.000000,337.252014,-0.299397,-0.191062
163.000000,337.252014,-0.299721,-0.195800
164.000000,337.252014,-0.296690,-0.197401
165.000000,337.252014,-0.290326,-0.222950
166.000000,337.252014,-0.280708,-0.226399
167.000000,337.252014,-0.267946,-0.227419
168.000000,337.252014,-0.252171,-0.238678
169.000000,337.252014,-0.233573,-0.234981
170.000000,337.252014,-0.212356,-0.237124
171.000000,337.252014,-0.188753,-0.232247
172.000000,337.252014,-0.163038,-0.213828
173.000000,337.252014,-0.135492,-0.214083
174.000000,337.252014,-0.106426,-0.200939
175.000000,337.252014,-0.076168,-0.174658
176.000000,337.252014,-0.045055,-0.163181
177.000000,337.252014,-0.013437,-0.145607
178.000000,337.252014,0.018332,-0.110465
179.000000,337.252014,0.049895,-0.103842
180.000000,337.252014,0.080899,-0.077693
181.000000,337.252014,0.110996,-0.041120
182.000000,337.252014,0.139846,-0.034497
183.000000,337.252014,0.167131,-0.004777
184.000000,337.252014,0.192539,0.026939
185.000000,337.252014,0.215788,0.043283
186.000000,337.252014,0.236620,0.067716
187.000000,337.252014,0.254793,0.091715
188.000000,337.252014,0.270111,0.111773
189.000000,337.252014,0.282404,0.136773
190.000000,337.252014,0.291521,0.150066
191.000000,337.252014,0.297375,0.161241
192.000000,337.252014,0.299893,0.186241
193.000000,337.252014,0.299044,0.189693
194.000000,337.252014,0.294847,0.211564
195.000000,337.252014,0.287339,0.226266
196.000000,337.252014,0.276609,0.223015
197.000000,337.252014,0.262782,0.235155
198.000000,337.252014,0.245999,0.239128
199.000000,337.252014,0.226462,0.228592
200.000000,337.252014,0.204387,0.227860
201.000000,337.252014,0.180015,0.226114
202.000000,337.252014,0.153628,0.207714
203.000000,337.252014,0.125517,0.198262
204.000000,337.252014,0.095997,0.196516
205.000000,337.252014,0.065403,0.168680
206.000000,337.252014,0.034073,0.155079
207.000000,337.252014,0.002362,0.138466
208.000000,337.252014,-0.029376,0.107483
209.000000,337.252014,-0.060783,0.091734
210.000000,337.252014,-0.091510,0.072706
211.000000,337.252014,-0.121211,0.035275
212.000000,337.252014,-0.149550,0.011804
213.000000,337.252014,-0.176215,-0.011347
214.000000,337.252014,-0.200902,-0.033931
215.000000,337.252014,-0.223335,-0.049543
216.000000,337.252014,-0.243268,-0.081252
217.000000,337.252014,-0.260466,-0.101281
218.000000,337.252014,-0.274746,-0.114179
219.000000,337.252014,-0.285949,-0.144162
220.000000,337.252014,-0.293936,-0.159049
221.000000,337.252014,-0.298633,-0.168230
222.000000,337.252014,-0.299981,-0.198213
223.000000,337.252014,-0.297959,-0.210525
224.000000,337.252014,-0.292603,-0.207268
225.000000,337.252014,-0.283960,-0.226807
226.000000,337.252014,-0.272133,-0.231117
227.000000,337.252014,-0.257259,-0.224424
228.000000,337.252014,-0.239492,-0.244109
229.000000,337.252014,-0.219043,-0.232549
230.000000,337.252014,-0.196140,-0.227419
231.000000,337.252014,-0.171032,-0.225382
232.000000,337.252014,-0.144009,-0.210389
233.000000,337.252014,-0.115371,-0.202092
234.000000,337.252014,-0.085438,-0.187779
235.000000,337.252014,-0.054548,-0.159781
236.000000,337.252014,-0.023045,-0.164466
237.000000,337.252014,0.008716,-0.129020
238.000000,337.252014,0.040380,-0.093733
239.000000,337.252014,0.071589,-0.088972
240.000000,337.252014,0.101997,-0.059248
241.000000,337.252014,0.131261,-0.025677
242.000000,337.252014,0.159051,-0.014624
243.000000,337.252014,0.185060,0.011813
244.000000,337.252014,0.208992,0.043811
245.000000,337.252014,0.230578,0.057726
246.000000,337.252014,0.249584,0.083302
247.000000,337.252014,0.265785,0.116446
248.000000,337.252014,0.279007,0.122353
249.000000,337.252014,0.289104,0.148214
250.000000,337.252014,0.295951,0.168356
251.000000,337.252014,0.299484,0.176827
252.000000,337.252014,0.299659,0.198397
253.000000,337.252014,0.296468,0.203404
254.000000,337.252014,0.289959,0.222581
255.000000,337.252014,0.280193,0.230991
256.000000,337.252014,0.267285,0.224443
257.000000,337.252014,0.251385,0.236587
258.000000,337.252014,0.232658,0.236415
259.000000,337.252014,0.211325,0.221157
260.000000,337.252014,0.187625,0.224858
261.000000,337.252014,0.161815,0.219109
262.000000,337.252014,0.134194,0.200422
263.000000,337.252014,0.105067,0.192112
264.000000,337.252014,0.074761,0.187795
265.000000,337.252014,0.043618,0.152951
266.000000,337.252014,0.011985,0.139350
267.000000,337.252014,-0.019782,0.130746
268.000000,337.252014,-0.051328,0.095044
269.000000,337.252014,-0.082297,0.075721
270.000000,337.252014,-0.112344,0.051113
271.000000,337.252014,-0.141132,0.045573
272.000000,337.252014,-0.168334,0.003083
273.000000,337.252014,-0.193651,-0.033510
274.000000,337.252014,-0.216796,-0.057667
275.000000,337.252014,-0.237507,-0.067703
276.000000,337.252014,-0.255560,-0.108560
277.000000,337.252014,-0.270740,-0.114150
278.000000,337.252014,-0.282887,-0.129477
279.000000,337.252014,-0.291865,-0.158747
280.000000,337.252014,-0.297562,-0.174492
281.000000,337.252014,-0.299926,-0.181384
282.000000,337.252014,-0.298928,-0.205505
283.000000,337.252014,-0.294573,-0.212957
284.000000,337.252014,-0.286919,-0.214988
285.000000,337.252014,-0.276045,-0.233529
286.000000,337.252014,-0.262073,-0.232260
287.000000,337.252014,-0.245168,-0.228427
288.000000,337.252014,-0.225506,-0.238963
289.000000,337.252014,-0.203319,-0.226257
290.000000,337.252014,-0.178854,-0.221127
291.000000,337.252014,-0.152377,-0.217947
292.000000,337.252014,-0.124196,-0.199952
293.000000,337.252014,-0.094620,-0.195658
294.000000,337.252014,-0.063983,-0.176199
295.000000,337.252014,-0.032629,-0.147485
0.000000,352.217010,0.002773,-0.138304
1.000000,352.217010,0.035882,-0.117294
2.000000,352.217010,0.068553,-0.083008
3.000000,352.217010,0.100384,-0.067955
4.000000,352.217010,0.130988,-0.041803
5.000000,352.217010,0.159990,-0.008232
6.000000,352.217010,0.187035,0.005969
7.000000,352.217010,0.211793,0.038121
8.000000,352.217010,0.233960,0.066404
9.000000,352.217010,0.253265,0.077030
10.000000,352.217010,0.269473,0.104749
11.000000,352.217010,0.282384,0.134748
12.000000,352.217010,0.291842,0.142799
13.000000,352.217010,0.297730,0.166516
14.000000,352.217010,0.299977,0.189226
15.000000,352.217010,0.298554,0.193272
16.000000,352.217010,0.293479,0.212698
17.000000,352.217010,0.284814,0.222270
18.000000,352.217010,0.272666,0.224440
19.000000,352.217010,0.257182,0.239002
20.000000,352.217010,0.238553,0.224437
21.000000,352.217010,0.217006,0.228582
22.000000,352.217010,0.192805,0.233128
23.000000,352.217010,0.166246,0.210431
24.000000,352.217010,0.137653,0.203984
25.000000,352.217010,0.107377,0.200237
26.000000,352.217010,0.075787,0.172255
27.000000,352.217010,0.043271,0.162372
28.000000,352.217010,0.010225,0.148903
29.000000,352.217010,-0.022945,0.117923
30.000000,352.217010,-0.055835,0.097887
31.000000,352.217010,-0.088043,0.079843
32.000000,352.217010,-0.119173,0.044715
33.000000,352.217010,-0.148845,0.024964
34.000000,352.217010,-0.176697,0.003355
35.000000,352.217010,-0.202388,-0.027924
36.000000,352.217010,-0.225603,-0.090131
37.000000,352.217010,-0.246058,-0.082693
38.000000,352.217010,-0.263504,-0.094846
39.000000,352.217010,-0.277727,-0.106453
40.000000,352.217010,-0.288553,-0.141160
41.000000,352.217010,-0.295850,-0.158045
42.000000,352.217010,-0.299528,-0.165082
43.000000,352.217010,-0.299543,-0.193491
44.000000,352.217010,-0.295893,-0.200515
45.000000,352.217010,-0.288625,-0.203404
46.000000,352.217010,-0.277826,-0.226525
47.000000,352.217010,-0.263629,-0.228258
48.000000,352.217010,-0.246207,-0.221280
49.000000,352.217010,-0.225774,-0.239537
50.000000,352.217010,-0.202580,-0.229974
51.000000,352.217010,-0.176907,-0.217128
52.000000,352.217010,-0.149071,-0.223235
53.000000,352.217010,-0.119411,-0.198378
54.000000,352.217010,-0.088291,-0.196377
55.000000,352.217010,-0.056091,-0.172481
56.000000,352.217010,-0.023205,-0.141475
57.000000,352.217010,0.009965,-0.138735
58.000000,352.217010,0.043013,-0.110717
59.000000,352.217010,0.075535,-0.075287
60.000000,352.217010,0.107134,-0.062094
61.000000,352.217010,0.137422,-0.036515
62.000000,352.217010,0.166029,-0.000227
63.000000,352.217010,0.192605,0.012115
64.000000,352.217010,0.216826,0.052418
65.000000,352.217010,0.238394,0.071550
66.000000,352.217010,0.257047,0.081175
67.000000,352.217010,0.272556,0.109467
68.000000,352.217010,0.284731,0.136610
69.000000,352.217010,0.293423,0.151523
70.000000,352.217010,0.298527,0.170231
71.000000,352.217010,0.299979,0.178232
72.000000,352.217010,0.297762,0.194985
73.000000,352.217010,0.291903,0.215551
74.000000,352.217010,0.282473,0.215574
75.000000,352.217010,0.269588,0.225292
76.000000,352.217010,0.253406,0.240136
77.000000,352.217010,0.234124,0.224874
78.000000,352.217010,0.211978,0.230580
79.000000,352.217010,0.187240,0.231978
80.000000,352.217010,0.160211,0.218294
81.000000,352.217010,0.131223,0.205697
82.000000,352.217010,0.100630,0.199378
83.000000,352.217010,0.068806,0.166251
84.000000,352.217010,0.036141,0.155509
85.000000,352.217010,0.003034,0.143757
86.000000,352.217010,-0.030111,0.112058
87.000000,352.217010,-0.062887,0.094455
88.000000,352.217010,-0.094894,0.076984
89.000000,352.217010,-0.125740,0.040424
90.000000,352.217010,-0.155048,0.022675
91.000000,352.217010,-0.182459,-0.010797
92.000000,352.217010,-0.207639,-0.195058
93.000000,352.217010,-0.230279,-0.054967
94.000000,352.217010,-0.250103,-0.060394
95.000000,352.217010,-0.266867,-0.088266
96.000000,352.217010,-0.280367,-0.101161
97.000000,352.217010,-0.290438,-0.136588
98.000000,352.217010,-0.296957,-0.153184
99.000000,352.217010,-0.299843,-0.164652
100.000000,352.217010,-0.299062,-0.194064
101.000000,352.217010,-0.294623,-0.204090
102.000000,352.217010,-0.286580,-0.206264
103.000000,352.217010,-0.275032,-0.225236
104.000000,352.217010,-0.260120,-0.229540
105.000000,352.217010,-0.242027,-0.223281
106.000000,352.217010,-0.220973,-0.234530
107.000000,352.217010,-0.197216,-0.226399
108.000000,352.217010,-0.171047,-0.208696
109.000000,352.217010,-0.142786,-0.213514
110.000000,352.217010,-0.112778,-0.194230
111.000000,352.217010,-0.081392,-0.180085
112.000000,352.217010,-0.049009,-0.170907
113.000000,352.217010,-0.016027,-0.148337
114.000000,352.217010,0.017151,-0.131164
115.000000,352.217010,0.050119,-0.103709
116.000000,352.217010,0.082475,-0.071424
117.000000,352.217010,0.113821,-0.056229
118.000000,352.217010,0.143776,-0.032509
119.000000,352.217010,0.171972,0.002493
120.000000,352.217010,0.198064,0.017976
121.000000,352.217010,0.221734,0.044841
122.000000,352.217010,0.242692,0.077411
123.000000,352.217010,0.260681,0.090753
124.000000,352.217010,0.275482,0.115329
125.000000,352.217010,0.286914,0.139470
126.000000,352.217010,0.294836,0.151663
127.000000,352.217010,0.299152,0.173518
128.000000,352.217010,0.299809,0.188106
129.000000,352.217010,0.296798,0.198987
130.000000,352.217010,0.290158,0.217837
131.000000,352.217010,0.279968,0.217151
132.000000,352.217010,0.266355,0.229152
133.000000,352.217010,0.249483,0.238558
134.000000,352.217010,0.229559,0.232024
135.000000,352.217010,0.206828,0.227432
136.000000,352.217010,0.181566,0.227687
137.000000,352.217010,0.154084,0.209000
138.000000,352.217010,0.124717,0.203692
139.000000,352.217010,0.093825,0.194229
140.000000,352.217010,0.061785,0.164104
141.000000,352.217010,0.028990,0.155221
142.000000,352.217010,-0.004160,0.141614
143.000000,352.217010,-0.037259,0.109053
144.000000,352.217010,-0.069902,0.085015
145.000000,352.217010,-0.101690,0.061275
146.000000,352.217010,-0.132234,0.034275
147.000000,352.217010,-0.161161,0.013805
148.000000,352.217010,-0.188117,-0.018206
149.000000,352.217010,-0.212771,-0.038652
150.000000,352.217010,-0.234823,-0.056123
151.000000,352.217010,-0.254003,-0.091831
152.000000,352.217010,-0.270076,-0.111290
153.000000,352.217010,-0.282846,-0.123046
154.000000,352.217010,-0.292156,-0.154745
155.000000,352.217010,-0.297893,-0.167915
156.000000,352.217010,-0.299986,-0.189107
157.000000,352.217010,-0.298409,-0.205075
158.000000,352.217010,-0.293183,-0.209524
159.000000,352.217010,-0.284371,-0.213271
160.000000,352.217010,-0.272081,-0.230670
161.000000,352.217010,-0.256462,-0.230116
162.000000,352.217010,-0.237707,-0.225710
163.000000,352.217010,-0.216044,-0.234103
164.000000,352.217010,-0.191739,-0.224686
165.000000,352.217010,-0.165089,-0.216688
166.000000,352.217010,-0.136419,-0.212228
167.000000,352.217010,-0.106081,-0.189946
168.000000,352.217010,-0.074445,-0.184638
169.000000,352.217010,-0.041899,-0.172481
170.000000,352.217010,-0.008840,-0.135193
171.000000,352.217010,0.024327,-0.128006
172.000000,352.217010,0.057197,-0.097567
173.000000,352.217010,0.089367,-0.067713
174.000000,352.217010,0.120444,-0.052943
175.000000,352.217010,0.150047,-0.024650
176.000000,352.217010,0.177816,0.008351
177.000000,352.217010,0.203409,0.020266
178.000000,352.217010,0.226515,0.050417
179.000000,352.217010,0.246850,0.082702
180.000000,352.217010,0.264166,0.091042
181.000000,352.217010,0.278250,0.120763
182.000000,352.217010,0.288932,0.146766
183.000000,352.217010,0.296079,0.151951
184.000000,352.217010,0.299605,0.182241
185.000000,352.217010,0.299466,0.191539
186.000000,352.217010,0.295664,0.202274
187.000000,352.217010,0.288246,0.217406
188.000000,352.217010,0.277303,0.218297
189.000000,352.217010,0.262967,0.226150
190.000000,352.217010,0.245415,0.238701
191.000000,352.217010,0.224862,0.226733
192.000000,352.217010,0.201558,0.226717
193.000000,352.217010,0.175788,0.223685
194.000000,352.217010,0.147868,0.207141
195.000000,352.217010,0.118140,0.198404
196.000000,352.217010,0.086966,0.191940
197.000000,352.217010,0.054729,0.164247
198.000000,352.217010,0.021822,0.147929
199.000000,352.217010,-0.011351,0.135607
200.000000,352.217010,-0.044386,0.100475
201.000000,352.217010,-0.076877,0.083299
202.000000,352.217010,-0.108428,0.054267
203.000000,352.217010,-0.138653,0.027409
204.000000,352.217010,-0.167182,0.010657
205.000000,352.217010,-0.193666,-0.019918
206.000000,352.217010,-0.217781,-0.045371
207.000000,352.217010,-0.239233,-0.062130
208.000000,352.217010,-0.257758,-0.096122
209.000000,352.217010,-0.273131,-0.115869
210.000000,352.217010,-0.285162,-0.123619
211.000000,352.217010,-0.293706,-0.160464
212.000000,352.217010,-0.298657,-0.170636
213.000000,352.217010,-0.299956,-0.178813
214.000000,352.217010,-0.297585,-0.205078
215.000000,352.217010,-0.291575,-0.212244
216.000000,352.217010,-0.281998,-0.222413
217.000000,352.217010,-0.268973,-0.237820
218.000000,352.217010,-0.252657,-0.233410
219.000000,352.217010,-0.233251,-0.239116
220.000000,352.217010,-0.210992,-0.232108
221.000000,352.217010,-0.186152,-0.215405
222.000000,352.217010,-0.159035,-0.223232
223.000000,352.217010,-0.129974,-0.204945
224.000000,352.217010,-0.099322,-0.183385
225.000000,352.217010,-0.067455,-0.185486
226.000000,352.217010,-0.034764,-0.154046
227.000000,352.217010,-0.001647,-0.124623
228.000000,352.217010,0.031490,-0.118858
229.000000,352.217010,0.064241,-0.097285
230.000000,352.217010,0.096207,-0.054702
231.000000,352.217010,0.126997,-0.049798
232.000000,352.217010,0.156232,-0.017788
233.000000,352.217010,0.183558,0.008928
234.000000,352.217010,0.208637,0.027555
235.000000,352.217010,0.231165,0.059277
236.000000,352.217010,0.250866,0.077577
237.000000,352.217010,0.267498,0.101903
238.000000,352.217010,0.280858,0.129188
239.000000,352.217010,0.290783,0.139798
240.000000,352.217010,0.297152,0.162809
241.000000,352.217010,0.299886,0.183799
242.000000,352.217010,0.298951,0.187556
243.000000,352.217010,0.294361,0.217141
244.000000,352.217010,0.286169,0.227118
245.000000,352.217010,0.274478,0.218725
246.000000,352.217010,0.259429,0.230719
247.000000,352.217010,0.241207,0.238409
248.000000,352.217010,0.220035,0.224871
249.000000,352.217010,0.196171,0.225998
250.000000,352.217010,0.169908,0.223682
251.000000,352.217010,0.141567,0.203139
252.000000,352.217010,0.111494,0.200978
253.000000,352.217010,0.080057,0.187082
254.000000,352.217010,0.047641,0.162103
255.000000,352.217010,0.014642,0.151789
256.000000,352.217010,-0.018536,0.121892
257.000000,352.217010,-0.051487,0.093325
258.000000,352.217010,-0.083808,0.078289
259.000000,352.217010,-0.115104,0.043565
260.000000,352.217010,-0.144992,0.024116
261.000000,352.217010,-0.173107,0.005929
262.000000,352.217010,-0.199104,-0.029633
263.000000,352.217010,-0.222666,-0.044659
264.000000,352.217010,-0.243505,-0.067425
265.000000,352.217010,-0.261365,-0.101698
266.000000,352.217010,-0.276028,-0.120303
267.000000,352.217010,-0.287315,-0.131342
268.000000,352.217010,-0.295087,-0.163611
269.000000,352.217010,-0.299251,-0.175069
270.000000,352.217010,-0.299754,-0.183531
271.000000,352.217010,-0.296590,-0.208080
272.000000,352.217010,-0.289799,-0.213961
273.000000,352.217010,-0.279464,-0.221701
274.000000,352.217010,-0.265710,-0.245113
275.000000,352.217010,-0.248706,-0.230836
276.000000,352.217010,-0.228660,-0.237694
277.000000,352.217010,-0.205818,-0.234822
278.000000,352.217010,-0.180458,-0.213113
279.000000,352.217010,-0.152891,-0.219802
280.000000,352.217010,-0.123453,-0.200654
281.000000,352.217010,-0.092506,-0.177520
282.000000,352.217010,-0.060427,-0.175765
0.000000,367.845001,0.005078,-0.134745
1.000000,367.845001,0.039631,-0.105177
2.000000,367.845001,0.073654,-0.093693
3.000000,367.845001,0.106695,-0.066401
4.000000,367.845001,0.138314,-0.021678
5.000000,367.845001,0.168085,-0.015197
6.000000,367.845001,0.195617,0.014527
7.000000,367.845001,0.220536,0.042677
8.000000,367.845001,0.242516,0.058724
9.000000,367.845001,0.261261,0.088729
10.000000,367.845001,0.276517,0.104464
11.000000,367.845001,0.288092,0.131928
12.000000,367.845001,0.295815,0.156925
13.000000,367.845001,0.299598,0.165536
14.000000,367.845001,0.299382,0.187543
15.000000,367.845001,0.295171,0.208961
16.000000,367.845001,0.287029,0.213436
17.000000,367.845001,0.275049,0.224715
18.000000,367.845001,0.259407,0.235265
19.000000,367.845001,0.240300,0.224158
20.000000,367.845001,0.217990,0.226286
21.000000,367.845001,0.192773,0.232976
22.000000,367.845001,0.164981,0.215007
23.000000,367.845001,0.134993,0.207125
24.000000,367.845001,0.103199,0.199663
25.000000,367.845001,0.070031,0.171824
26.000000,367.845001,0.035929,0.163226
27.000000,367.845001,0.001347,0.140765
28.000000,367.845001,-0.033253,0.112628
29.000000,367.845001,-0.067408,0.093875
30.000000,367.845001,-0.100666,0.063293
31.000000,367.845001,-0.132579,0.042419
32.000000,367.845001,-0.162725,0.022231
33.000000,367.845001,-0.190700,-0.015764
34.000000,367.845001,-0.216129,-0.035654
35.000000,367.845001,-0.238681,-0.052270
36.000000,367.845001,-0.258041,-0.089545
37.000000,367.845001,-0.273964,-0.113583
38.000000,367.845001,-0.286231,-0.124908
39.000000,367.845001,-0.294678,-0.156319
40.000000,367.845001,-0.299200,-0.168634
41.000000,367.845001,-0.299722,-0.177239
42.000000,367.845001,-0.296254,-0.206363
43.000000,367.845001,-0.288828,-0.210959
44.000000,367.845001,-0.277552,-0.223549
45.000000,367.845001,-0.262575,-0.230673
46.000000,367.845001,-0.244091,-0.227121
47.000000,367.845001,-0.222357,-0.236684
48.000000,367.845001,-0.197650,-0.233678
49.000000,367.845001,-0.170311,-0.213261
50.000000,367.845001,-0.140698,-0.210793
51.000000,367.845001,-0.109209,-0.195366
52.000000,367.845001,-0.076264,-0.168657
53.000000,367.845001,-0.042299,-0.169188
54.000000,367.845001,-0.007772,-0.141465
55.000000,367.845001,0.026859,-0.114898
56.000000,367.845001,0.061132,-0.101128
57.000000,367.845001,0.094590,-0.072978
58.000000,367.845001,0.126785,-0.040978
59.000000,367.845001,0.157291,-0.027778
60.000000,367.845001,0.185695,0.006661
61.000000,367.845001,0.211625,0.032522
62.000000,367.845001,0.234731,0.062156
63.000000,367.845001,0.254705,0.083299
64.000000,367.845001,0.271285,0.097745
65.000000,367.845001,0.284240,0.125209
66.000000,367.845001,0.293409,0.150632
67.000000,367.845001,0.298660,0.159959
68.000000,367.845001,0.299928,0.179823
69.000000,367.845001,0.297198,0.204958
70.000000,367.845001,0.290498,0.204428
71.000000,367.845001,0.279931,0.217423
72.000000,367.845001,0.265620,0.219252
73.000000,367.845001,0.247772,0.224586
74.000000,367.845001,0.226617,0.231431
75.000000,367.845001,0.202438,0.234549
76.000000,367.845001,0.175562,0.217436
77.000000,367.845001,0.146340,0.210412
78.000000,367.845001,0.115169,0.204670
79.000000,367.845001,0.082459,0.181546
80.000000,367.845001,0.048651,0.167656
81.000000,367.845001,0.014193,0.141494
82.000000,367.845001,-0.020453,0.123350
83.000000,367.845001,-0.054828,0.106025
84.000000,367.845001,-0.088470,0.070164
85.000000,367.845001,-0.120933,0.054284
86.000000,367.845001,-0.151782,0.033950
87.000000,367.845001,-0.180606,-0.001039
88.000000,367.845001,-0.207024,-0.028222
89.000000,367.845001,-0.230675,-0.044980
90.000000,367.845001,-0.251254,-0.087259
91.000000,367.845001,-0.268477,-0.102719
92.000000,367.845001,-0.282121,-0.111466
93.000000,367.845001,-0.292002,-0.147741
94.000000,367.845001,-0.297985,-0.161199
95.000000,367.845001,-0.300000,-0.175947
96.000000,367.845001,-0.298003,-0.198501
97.000000,367.845001,-0.292037,-0.209385
98.000000,367.845001,-0.282174,-0.220968
99.000000,367.845001,-0.268546,-0.229388
100.000000,367.845001,-0.251340,-0.225266
101.000000,367.845001,-0.230774,-0.243536
102.000000,367.845001,-0.207136,-0.228106
103.000000,367.845001,-0.180730,-0.214835
104.000000,367.845001,-0.151916,-0.219945
105.000000,367.845001,-0.121075,-0.201943
106.000000,367.845001,-0.088618,-0.180668
107.000000,367.845001,-0.054981,-0.174764
108.000000,367.845001,-0.020608,-0.152903
109.000000,367.845001,0.014038,-0.118189
110.000000,367.845001,0.048498,-0.113424
111.000000,367.845001,0.082310,-0.089850
112.000000,367.845001,0.115026,-0.051846
113.000000,367.845001,0.146204,-0.041074
114.000000,367.845001,0.175436,-0.009207
115.000000,367.845001,0.202324,0.025514
116.000000,367.845001,0.226515,0.040851
117.000000,367.845001,0.247685,0.072716
118.000000,367.845001,0.265548,0.091015
119.000000,367.845001,0.279875,0.113914
120.000000,367.845001,0.290459,0.145917
121.000000,367.845001,0.297176,0.154807
122.000000,367.845001,0.299925,0.176821
123.000000,367.845001,0.298674,0.198527
124.000000,367.845001,0.293443,0.200710
125.000000,367.845001,0.284289,0.192695
126.000000,367.845001,0.271351,0.230693
127.000000,367.845001,0.254787,0.228592
128.000000,367.845001,0.234827,0.228002
129.000000,367.845001,0.211736,0.240268
130.000000,367.845001,0.185817,0.222296
131.000000,367.845001,0.157424,0.216846
132.000000,367.845001,0.126925,0.214388
133.000000,367.845001,0.094737,0.183978
134.000000,367.845001,0.061284,0.173952
135.000000,367.845001,0.027014,0.157630
136.000000,367.845001,-0.007617,0.124497
137.000000,367.845001,-0.042146,0.114610
138.000000,367.845001,-0.076113,0.082868
139.000000,367.845001,-0.109064,0.061010
140.000000,367.845001,-0.140561,0.040968
141.000000,367.845001,-0.170183,0.003248
142.000000,367.845001,-0.197533,-0.020210
143.000000,367.845001,-0.222253,-0.033821
144.000000,367.845001,-0.244001,-0.069957
145.000000,367.845001,-0.262499,-0.094565
146.000000,367.845001,-0.277494,-0.106320
147.000000,367.845001,-0.288786,-0.143019
148.000000,367.845001,-0.296230,-0.158051
149.000000,367.845001,-0.299716,-0.166944
150.000000,367.845001,-0.299211,-0.196208
151.000000,367.845001,-0.294708,-0.203090
152.000000,367.845001,-0.286277,-0.206121
153.000000,367.845001,-0.274028,-0.225379
154.000000,367.845001,-0.258120,-0.229116
155.000000,367.845001,-0.238775,-0.224421
156.000000,367.845001,-0.216237,-0.232959
157.000000,367.845001,-0.190820,-0.225117
158.000000,367.845001,-0.162855,-0.223109
159.000000,367.845001,-0.132718,-0.211801
160.000000,367.845001,-0.100812,-0.197811
161.000000,367.845001,-0.067559,-0.182484
162.000000,367.845001,-0.033407,-0.155901
163.000000,367.845001,0.001192,-0.128907
164.000000,367.845001,0.035775,-0.122861
165.000000,367.845001,0.069881,-0.092994
166.000000,367.845001,0.103053,-0.057564
167.000000,367.845001,0.134854,-0.048367
168.000000,367.845001,0.164851,-0.014498
169.000000,367.845001,0.192653,0.015501
170.000000,367.845001,0.217884,0.033704
171.000000,367.845001,0.240207,0.068004
172.000000,367.845001,0.259330,0.092430
173.000000,367.845001,0.274987,0.105193
174.000000,367.845001,0.286983,0.129623
175.000000,367.845001,0.295144,0.146782
176.000000,367.845001,0.299372,0.165817
177.000000,367.845001,0.299606,0.189955
178.000000,367.845001,0.295841,0.194272
179.000000,367.845001,0.288136,0.210564
180.000000,367.845001,0.276578,0.226693
181.000000,367.845001,0.261337,0.219298
182.000000,367.845001,0.242607,0.229437
183.000000,367.845001,0.220641,0.234695
184.000000,367.845001,0.195735,0.216438
185.000000,367.845001,0.168213,0.218566
186.000000,367.845001,0.138451,0.215677
187.000000,367.845001,0.106840,0.189269
188.000000,367.845001,0.073804,0.176669
189.000000,367.845001,0.039784,0.168634
190.000000,367.845001,0.005233,0.135507
191.000000,367.845001,-0.029388,0.120189
192.000000,367.845001,-0.063616,0.104299
193.000000,367.845001,-0.096996,0.061729
194.000000,367.845001,-0.129082,0.045692
195.000000,367.845001,-0.159446,0.014951
196.000000,367.845001,-0.187685,-0.009766
197.000000,367.845001,-0.213416,-0.029666
198.000000,367.845001,-0.236305,-0.063953
199.000000,367.845001,-0.256037,-0.086553
200.000000,367.845001,-0.272357,-0.100022
201.000000,367.845001,-0.285044,-0.134726
202.000000,367.845001,-0.293925,-0.152041
203.000000,367.845001,-0.298893,-0.160079
204.000000,367.845001,-0.299863,-0.184055
205.000000,367.845001,-0.296841,-0.199514
206.000000,367.845001,-0.289855,-0.201688
207.000000,367.845001,-0.279003,-0.224521
208.000000,367.845001,-0.264433,-0.228400
209.000000,367.845001,-0.246330,-0.225140
210.000000,367.845001,-0.224947,-0.233960
211.000000,367.845001,-0.200557,-0.226399
212.000000,367.845001,-0.173495,-0.214126
213.000000,367.845001,-0.144119,-0.222380
214.000000,367.845001,-0.112819,-0.195661
215.000000,367.845001,-0.080016,-0.183080
216.000000,367.845001,-0.046144,-0.170765
217.000000,367.845001,-0.011657,-0.139331
218.000000,367.845001,0.022986,-0.131015
219.000000,367.845001,0.057322,-0.107142
220.000000,367.845001,0.090894,-0.076570
221.000000,367.845001,0.123252,-0.054801
222.000000,367.845001,0.153968,-0.027791
223.000000,367.845001,0.182627,0.007066
224.000000,367.845001,0.208852,0.021266
225.000000,367.845001,0.232292,0.053561
226.000000,367.845001,0.252630,0.081844
227.000000,367.845001,0.269605,0.096333
228.000000,367.845001,0.282973,0.122910
229.000000,367.845001,0.292574,0.151335
230.000000,367.845001,0.298269,0.159956
231.000000,367.845001,0.299985,0.180814
232.000000,367.845001,0.297703,0.200813
233.000000,367.845001,0.291444,0.206853
234.000000,367.845001,0.281304,0.225418
235.000000,367.845001,0.267404,0.218572
236.000000,367.845001,0.249942,0.226723
237.000000,367.845001,0.229145,0.237422
238.000000,367.845001,0.205289,0.224589
239.000000,367.845001,0.178700,0.222575
240.000000,367.845001,0.149720,0.214679
241.000000,367.845001,0.118748,0.195276
242.000000,367.845001,0.086189,0.182248
243.000000,367.845001,0.052482,0.173925
244.000000,367.845001,0.018074,0.144516
245.000000,367.845001,-0.016574,0.127340
246.000000,367.845001,-0.051002,0.106578
247.000000,367.845001,-0.084749,0.074598
248.000000,367.845001,-0.117366,0.059853
249.000000,367.845001,-0.148418,0.033519
250.000000,367.845001,-0.177488,-0.004187
251.000000,367.845001,-0.204195,-0.022937
252.000000,367.845001,-0.228171,-0.049682
253.000000,367.845001,-0.249109,-0.077110
254.000000,367.845001,-0.266721,-0.095578
255.000000,367.845001,-0.280775,-0.127294
256.000000,367.845001,-0.291088,-0.146746
257.000000,367.845001,-0.297510,-0.150209
258.000000,367.845001,-0.299972,-0.185055
259.000000,367.845001,-0.298425,-0.192646
260.000000,367.845001,-0.292901,-0.199398
261.000000,367.845001,-0.283470,-0.221230
262.000000,367.845001,-0.270255,-0.228539
263.000000,367.845001,-0.253441,-0.223566
264.000000,367.845001,-0.233238,-0.235961
265.000000,367.845001,-0.209929,-0.229116
266.000000,367.845001,-0.183817,-0.215846
267.000000,367.845001,-0.155254,-0.219375
268.000000,367.845001,-0.124621,-0.203378
269.000000,367.845001,-0.092324,-0.184243
270.000000,367.845001,-0.058797,-0.174906
0.000000,384.167999,0.025208,-0.118467
1.000000,384.167999,0.061015,-0.111426
2.000000,384.167999,0.095935,-0.074986
3.000000,384.167999,0.129459,-0.054390
4.000000,384.167999,0.161100,-0.025352
5.000000,384.167999,0.190399,0.008079
6.000000,384.167999,0.216925,0.029417
7.000000,384.167999,0.240295,0.057286
8.000000,384.167999,0.260169,0.091572
9.000000,384.167999,0.276259,0.101051
10.000000,384.167999,0.288332,0.129917
11.000000,384.167999,0.296211,0.159628
12.000000,384.167999,0.299776,0.172401
13.000000,384.167999,0.298980,0.189968
14.000000,384.167999,0.293835,0.209385
15.000000,384.167999,0.284417,0.207287
16.000000,384.167999,0.270862,0.220136
17.000000,384.167999,0.253367,0.229831
18.000000,384.167999,0.232182,0.222011
19.000000,384.167999,0.207619,0.226425
20.000000,384.167999,0.180037,0.226551
21.000000,384.167999,0.149837,0.211001
22.000000,384.167999,0.117457,0.204401
23.000000,384.167999,0.083368,0.178249
24.000000,384.167999,0.048065,0.162381
25.000000,384.167999,0.012063,0.151060
26.000000,384.167999,-0.024114,0.121213
27.000000,384.167999,-0.059941,0.103324
28.000000,384.167999,-0.094895,0.085565
29.000000,384.167999,-0.128470,0.046289
30.000000,384.167999,-0.160175,0.024252
31.000000,384.167999,-0.189548,0.006350
32.000000,384.167999,-0.216164,-0.032496
33.000000,384.167999,-0.239636,-0.056107
34.000000,384.167999,-0.259623,-0.067289
35.000000,384.167999,-0.275834,-0.112997
36.000000,384.167999,-0.288029,-0.130743
37.000000,384.167999,-0.296032,-0.146630
38.000000,384.167999,-0.299729,-0.175337
39.000000,384.167999,-0.299067,-0.185797
40.000000,384.167999,-0.294056,-0.207092
41.000000,384.167999,-0.284767,-0.215233
42.000000,384.167999,-0.271333,-0.212115
43.000000,384.167999,-0.253949,-0.231382
44.000000,384.167999,-0.232873,-0.228394
45.000000,384.167999,-0.208409,-0.219272
46.000000,384.167999,-0.180914,-0.225521
47.000000,384.167999,-0.150788,-0.206234
48.000000,384.167999,-0.118466,-0.190966
49.000000,384.167999,-0.084420,-0.185629
50.000000,384.167999,-0.049147,-0.169635
51.000000,384.167999,-0.013159,-0.141494
52.000000,384.167999,0.023021,-0.134871
53.000000,384.167999,0.058866,-0.104435
54.000000,384.167999,0.093855,-0.073144
55.000000,384.167999,0.127477,-0.057949
56.000000,384.167999,0.159244,-0.026512
57.000000,384.167999,0.188696,0.006661
58.000000,384.167999,0.215403,0.024550
59.000000,384.167999,0.238977,0.056123
60.000000,384.167999,0.259073,0.071308
61.000000,384.167999,0.275398,0.098182
62.000000,384.167999,0.287717,0.133042
63.000000,384.167999,0.295851,0.144519
64.000000,384.167999,0.299682,0.168524
65.000000,384.167999,0.299155,0.194803
66.000000,384.167999,0.294274,0.193702
67.000000,384.167999,0.285108,0.210415
68.000000,384.167999,0.271796,0.228831
69.000000,384.167999,0.254531,0.221869
70.000000,384.167999,0.233563,0.226998
71.000000,384.167999,0.209199,0.235407
72.000000,384.167999,0.181790,0.215434
73.000000,384.167999,0.151734,0.215130
74.000000,384.167999,0.119471,0.207102
75.000000,384.167999,0.085472,0.181549
76.000000,384.167999,0.050228,0.166513
77.000000,384.167999,0.014255,0.146921
78.000000,384.167999,-0.021927,0.127359
79.000000,384.167999,-0.057790,0.106883
80.000000,384.167999,-0.092811,0.071019
81.000000,384.167999,-0.126482,0.053426
82.000000,384.167999,-0.158314,0.030378
83.000000,384.167999,-0.187843,-0.004757
84.000000,384.167999,-0.214640,-0.031224
85.000000,384.167999,-0.238311,-0.048983
86.000000,384.167999,-0.258515,-0.091689
87.000000,384.167999,-0.274960,-0.106006
88.000000,384.167999,-0.287405,-0.123477
89.000000,384.167999,-0.295670,-0.154029
90.000000,384.167999,-0.299634,-0.168346
91.000000,384.167999,-0.299234,-0.176096
92.000000,384.167999,-0.294481,-0.207364
93.000000,384.167999,-0.285446,-0.210671
94.000000,384.167999,-0.272259,-0.210839
95.000000,384.167999,-0.255112,-0.229812
96.000000,384.167999,-0.234254,-0.226830
97.000000,384.167999,-0.209983,-0.228841
98.000000,384.167999,-0.182659,-0.224954
99.000000,384.167999,-0.152678,-0.211820
100.000000,384.167999,-0.120477,-0.207228
101.000000,384.167999,-0.086523,-0.181066
102.000000,384.167999,-0.051310,-0.162932
103.000000,384.167999,-0.015350,-0.159606
104.000000,384.167999,0.020833,-0.129308
105.000000,384.167999,0.056713,-0.097739
106.000000,384.167999,0.091767,-0.086401
107.000000,384.167999,0.125488,-0.052674
108.000000,384.167999,0.157384,-0.020531
109.000000,384.167999,0.186987,-0.003471
110.000000,384.167999,0.213869,0.025395
111.000000,384.167999,0.237642,0.058111
112.000000,384.167999,0.257957,0.072596
113.000000,384.167999,0.274521,0.102602
114.000000,384.167999,0.287093,0.129182
115.000000,384.167999,0.295482,0.145086
116.000000,384.167999,0.299574,0.168945
117.000000,384.167999,0.299308,0.178249
118.000000,384.167999,0.294689,0.196555
119.000000,384.167999,0.285784,0.217976
120.000000,384.167999,0.272722,0.216438
121.000000,384.167999,0.255687,0.224434
122.000000,384.167999,0.234934,0.234125
123.000000,384.167999,0.210763,0.223300
124.000000,384.167999,0.183528,0.221140
125.000000,384.167999,0.153622,0.221684
126.000000,384.167999,0.121482,0.195988
127.000000,384.167999,0.087573,0.185820
128.000000,384.167999,0.052390,0.173210
129.000000,384.167999,0.016445,0.146660
130.000000,384.167999,-0.019739,0.128340
131.000000,384.167999,-0.055635,0.109587
132.000000,384.167999,-0.090724,0.075310
133.000000,384.167999,-0.124491,0.054128
134.000000,384.167999,-0.156446,0.023821
135.000000,384.167999,-0.186126,-0.002046
136.000000,384.167999,-0.213099,-0.020515
137.000000,384.167999,-0.236972,-0.059805
138.000000,384.167999,-0.257399,-0.081265
139.000000,384.167999,-0.274078,-0.097165
140.000000,384.167999,-0.286769,-0.137300
141.000000,384.167999,-0.295288,-0.150186
142.000000,384.167999,-0.299513,-0.159509
143.000000,384.167999,-0.299382,-0.188060
144.000000,384.167999,-0.294896,-0.201662
145.000000,384.167999,-0.286116,-0.204120
146.000000,384.167999,-0.273173,-0.222092
147.000000,384.167999,-0.256257,-0.222681
148.000000,384.167999,-0.235614,-0.226561
149.000000,384.167999,-0.211544,-0.226094
150.000000,384.167999,-0.184396,-0.223258
151.000000,384.167999,-0.154564,-0.218536
152.000000,384.167999,-0.122483,-0.209799
153.000000,384.167999,-0.088621,-0.183803
154.000000,384.167999,-0.053469,-0.179482
155.000000,384.167999,-0.017540,-0.153900
156.000000,384.167999,0.018644,-0.123901
157.000000,384.167999,0.054558,-0.112709
158.000000,384.167999,0.089677,-0.088130
159.000000,384.167999,0.123491,-0.045839
160.000000,384.167999,0.155509,-0.030064
161.000000,384.167999,0.185265,-0.001056
162.000000,384.167999,0.212328,0.038522
163.000000,384.167999,0.236299,0.047004
164.000000,384.167999,0.256831,0.076583
165.000000,384.167999,0.273627,0.109010
166.000000,384.167999,0.286444,0.120925
167.000000,384.167999,0.295094,0.144353
168.000000,384.167999,0.299452,0.169641
169.000000,384.167999,0.299452,0.177971
170.000000,384.167999,0.295092,0.202400
171.000000,384.167999,0.286441,0.196688
172.000000,384.167999,0.273624,0.213284
173.000000,384.167999,0.256827,0.229275
174.000000,384.167999,0.236294,0.223015
175.000000,384.167999,0.212322,0.229722
176.000000,384.167999,0.185259,0.243419
177.000000,384.167999,0.155502,0.208572
178.000000,384.167999,0.123483,0.200120
179.000000,384.167999,0.089668,0.190081
180.000000,384.167999,0.054549,0.166821
181.000000,384.167999,0.018636,0.149645
182.000000,384.167999,-0.017549,0.131746
183.000000,384.167999,-0.053478,0.100906
184.000000,384.167999,-0.088629,0.082586
185.000000,384.167999,-0.122491,0.059118
186.000000,384.167999,-0.154572,0.022264
187.000000,384.167999,-0.184403,0.003513
188.000000,384.167999,-0.211550,-0.031515
189.000000,384.167999,-0.235619,-0.057379
190.000000,384.167999,-0.256261,-0.073134
191.000000,384.167999,-0.273177,-0.112709
192.000000,384.167999,-0.286119,-0.125872
193.000000,384.167999,-0.294898,-0.137482
194.000000,384.167999,-0.299382,-0.170185
195.000000,384.167999,-0.299513,-0.184356
196.000000,384.167999,-0.295287,-0.189820
197.000000,384.167999,-0.286766,-0.216943
198.000000,384.167999,-0.274074,-0.223536
199.000000,384.167999,-0.257395,-0.219706
200.000000,384.167999,-0.236967,-0.232529
201.000000,384.167999,-0.213093,-0.228400
202.000000,384.167999,-0.186119,-0.215130
203.000000,384.167999,-0.156439,-0.218374
204.000000,384.167999,-0.124483,-0.207811
205.000000,384.167999,-0.090716,-0.184956
206.000000,384.167999,-0.055627,-0.173621
207.000000,384.167999,-0.019730,-0.147760
208.000000,384.167999,0.016454,-0.135895
209.000000,384.167999,0.052398,-0.111857
210.000000,384.167999,0.087581,-0.077995
211.000000,384.167999,0.121490,-0.065384
212.000000,384.167999,0.153630,-0.036366
213.000000,384.167999,0.183534,0.002354
214.000000,384.167999,0.210769,0.017121
215.000000,384.167999,0.234939,0.038840
216.000000,384.167999,0.255692,0.085850
217.000000,384.167999,0.272725,0.096906
218.000000,384.167999,0.285786,0.125342
219.000000,384.167999,0.294690,0.157054
220.000000,384.167999,0.299308,0.159386
221.000000,384.167999,0.299573,0.183819
222.000000,384.167999,0.295481,0.204951
223.000000,384.167999,0.287091,0.203566
224.000000,384.167999,0.274518,0.215846
225.000000,384.167999,0.257953,0.227691
226.000000,384.167999,0.237636,0.220295
227.000000,384.167999,0.213863,0.226137
228.000000,384.167999,0.186980,0.215700
229.000000,384.167999,0.157376,0.210998
230.000000,384.167999,0.125480,0.203682
231.000000,384.167999,0.091759,0.185121
232.000000,384.167999,0.056704,0.173673
233.000000,384.167999,0.020824,0.161063
234.000000,384.167999,-0.015359,0.126786
235.000000,384.167999,-0.051319,0.105753
236.000000,384.167999,-0.086531,0.093428
237.000000,384.167999,-0.120485,0.056295
238.000000,384.167999,-0.152686,0.029397
239.000000,384.167999,-0.182666,0.009925
240.000000,384.167999,-0.209989,-0.029491
241.000000,384.167999,-0.234259,-0.049815
242.000000,384.167999,-0.255116,-0.073289
243.000000,384.167999,-0.272262,-0.107563
244.000000,384.167999,-0.285448,-0.123596
245.000000,384.167999,-0.294483,-0.144056
246.000000,384.167999,-0.299234,-0.171908
247.000000,384.167999,-0.299634,-0.181510
248.000000,384.167999,-0.295669,-0.233384
249.000000,384.167999,-0.287402,-0.213520
250.000000,384.167999,-0.274956,-0.207112
251.000000,384.167999,-0.258511,-0.223232
252.000000,384.167999,-0.238306,-0.224676
253.000000,384.167999,-0.214634,-0.216701
254.000000,384.167999,-0.187837,-0.224236
255.000000,384.167999,-0.158307,-0.216101
256.000000,384.167999,-0.126474,-0.196400
257.000000,384.167999,-0.092803,-0.194353
258.000000,384.167999,-0.057781,-0.171209
259.000000,384.167999,-0.021919,-0.144354
0.000000,401.213989,0.028567,-0.119610
1.000000,401.213989,0.065883,-0.111277
2.000000,401.213989,0.102152,-0.077120
3.000000,401.213989,0.136800,-0.039831
4.000000,401.213989,0.169280,-0.025919
5.000000,401.213989,0.199073,0.009093
6.000000,401.213989,0.225705,0.041809
7.000000,401.213989,0.248758,0.059297
8.000000,401.213989,0.267867,0.088163
9.000000,401.213989,0.282721,0.119600
10.000000,401.213989,0.293089,0.131932
11.000000,401.213989,0.298810,0.160221
12.000000,401.213989,0.299793,0.170953
13.000000,401.213989,0.296011,0.189120
14.000000,401.213989,0.287536,0.208255
15.000000,401.213989,0.274502,0.208861
16.000000,401.213989,0.257111,0.218569
17.000000,401.213989,0.235637,0.230835
18.000000,401.213989,0.210427,0.219583
19.000000,401.213989,0.181881,0.222568
20.000000,401.213989,0.150445,0.221395
21.000000,401.213989,0.116623,0.194560
22.000000,401.213989,0.080952,0.185820
23.000000,401.213989,0.043996,0.169207
24.000000,401.213989,0.006341,0.143658
25.000000,401.213989,-0.031414,0.127197
26.000000,401.213989,-0.068670,0.108016
27.000000,401.213989,-0.104838,0.070449
28.000000,401.213989,-0.139340,0.048409
29.000000,401.213989,-0.171633,0.009517
30.000000,401.213989,-0.201204,-0.012626
31.000000,401.213989,-0.227581,-0.031667
32.000000,401.213989,-0.250345,-0.043655
33.000000,401.213989,-0.269140,-0.088554
34.000000,401.213989,-0.283668,-0.109600
35.000000,401.213989,-0.293687,-0.146879
36.000000,401.213989,-0.299049,-0.162336
37.000000,401.213989,-0.299670,-0.170516
38.000000,401.213989,-0.295536,-0.199926
39.000000,401.213989,-0.286707,-0.212384
40.000000,401.213989,-0.273333,-0.207407
41.000000,401.213989,-0.255625,-0.224521
42.000000,401.213989,-0.233857,-0.225968
43.000000,401.213989,-0.208378,-0.216989
44.000000,401.213989,-0.179595,-0.223235
45.000000,401.213989,-0.147964,-0.211814
46.000000,401.213989,-0.113982,-0.197970
47.000000,401.213989,-0.078193,-0.191493
48.000000,401.213989,-0.041163,-0.162488
49.000000,401.213989,-0.003480,-0.148916
50.000000,401.213989,0.034258,-0.121718
51.000000,401.213989,0.071452,-0.089141
52.000000,401.213989,0.107514,-0.075404
53.000000,401.213989,0.141869,-0.045229
54.000000,401.213989,0.173971,-0.009080
55.000000,401.213989,0.203315,0.003394
56.000000,401.213989,0.229436,0.037270
57.000000,401.213989,0.251911,0.073558
58.000000,401.213989,0.270391,0.085038
59.000000,401.213989,0.284583,0.116906
60.000000,401.213989,0.294261,0.215375
61.000000,401.213989,0.299264,0.153952
62.000000,401.213989,0.299521,0.163806
63.000000,401.213989,0.295030,0.190084
64.000000,401.213989,0.285855,0.196850
65.000000,401.213989,0.272142,0.209414
66.000000,401.213989,0.254113,0.223970
67.000000,401.213989,0.232056,0.217151
68.000000,401.213989,0.206312,0.220133
69.000000,401.213989,0.177295,0.212545
70.000000,401.213989,0.145467,0.204136
71.000000,401.213989,0.111332,0.195250
72.000000,401.213989,0.075427,0.175532
73.000000,401.213989,0.038327,0.163097
74.000000,401.213989,0.000620,0.146627
75.000000,401.213989,-0.037099,0.115206
76.000000,401.213989,-0.074227,0.093888
77.000000,401.213989,-0.110179,0.080131
78.000000,401.213989,-0.144384,0.036710
79.000000,401.213989,-0.176295,0.017247
80.000000,401.213989,-0.205409,-0.007805
81.000000,401.213989,-0.231266,-0.047220
82.000000,401.213989,-0.253457,-0.065967
83.000000,401.213989,-0.271619,-0.088160
84.000000,401.213989,-0.285473,-0.123576
85.000000,401.213989,-0.294802,-0.137032
86.000000,401.213989,-0.299453,-0.154506
87.000000,401.213989,-0.299347,-0.185344
88.000000,401.213989,-0.294495,-0.194657
89.000000,401.213989,-0.284974,-0.205402
90.000000,401.213989,-0.270927,-0.222665
91.000000,401.213989,-0.252581,-0.220968
92.000000,401.213989,-0.230230,-0.231833
93.000000,401.213989,-0.204228,-0.223238
94.000000,401.213989,-0.174980,-0.212685
95.000000,401.213989,-0.142958,-0.216366
96.000000,401.213989,-0.108669,-0.203511
97.000000,401.213989,-0.072655,-0.176947
98.000000,401.213989,-0.035488,-0.169045
99.000000,401.213989,0.002242,-0.143751
100.000000,401.213989,0.039936,-0.113467
101.000000,401.213989,0.076997,-0.100270
102.000000,401.213989,0.112835,-0.067829
103.000000,401.213989,0.146883,-0.031684
104.000000,401.213989,0.178604,-0.016768
105.000000,401.213989,0.207486,0.015670
106.000000,401.213989,0.233077,0.050530
107.000000,401.213989,0.254973,0.063014
108.000000,401.213989,0.272824,0.091880
109.000000,401.213989,0.286340,0.118172
110.000000,401.213989,0.295317,0.142654
111.000000,401.213989,0.299611,0.163650
112.000000,401.213989,0.299148,0.178252
113.000000,401.213989,0.293936,0.195266
114.000000,401.213989,0.284064,0.214255
115.000000,401.213989,0.269688,0.207718
116.000000,401.213989,0.251027,0.223572
117.000000,401.213989,0.228384,0.230977
118.000000,401.213989,0.202120,0.216866
119.000000,401.213989,0.172650,0.210988
120.000000,401.213989,0.140436,0.218679
121.000000,401.213989,0.105997,0.195561
122.000000,401.213989,0.069876,0.180529
123.000000,401.213989,0.032646,0.162345
124.000000,401.213989,-0.005102,0.135079
125.000000,401.213989,-0.042769,0.119474
126.000000,401.213989,-0.079759,0.096721
127.000000,401.213989,-0.115481,0.064731
128.000000,401.213989,-0.149371,0.039831
129.000000,401.213989,-0.180892,0.003802
130.000000,401.213989,-0.209546,-0.020777
131.000000,401.213989,-0.234869,-0.040676
132.000000,401.213989,-0.256467,-0.083253
133.000000,401.213989,-0.273999,-0.101708
134.000000,401.213989,-0.287184,-0.114176
135.000000,401.213989,-0.295807,-0.149453
136.000000,401.213989,-0.299740,-0.164910
137.000000,401.213989,-0.298920,-0.172806
138.000000,401.213989,-0.293353,-0.200071
139.000000,401.213989,-0.283131,-0.209524
140.000000,401.213989,-0.268420,-0.209411
141.000000,401.213989,-0.249452,-0.226237
142.000000,401.213989,-0.226520,-0.222539
143.000000,401.213989,-0.199996,-0.215130
144.000000,401.213989,-0.170301,-0.222092
145.000000,401.213989,-0.137903,-0.195804
146.000000,401.213989,-0.103315,-0.192099
147.000000,401.213989,-0.067090,-0.190635
148.000000,401.213989,-0.029800,-0.163492
149.000000,401.213989,0.007963,-0.144321
150.000000,401.213989,0.045599,-0.120439
151.000000,401.213989,0.082512,-0.084005
152.000000,401.213989,0.118118,-0.074817
153.000000,401.213989,0.151846,-0.038085
154.000000,401.213989,0.183166,-0.002656
155.000000,401.213989,0.211581,0.034288
156.000000,401.213989,0.236640,0.043128
157.000000,401.213989,0.257940,0.075122
158.000000,401.213989,0.275150,0.091039
159.000000,401.213989,0.287997,0.123049
160.000000,401.213989,0.296272,0.153051
161.000000,401.213989,0.299844,0.157239
162.000000,401.213989,0.298661,0.177951
163.000000,401.213989,0.292743,0.191390
164.000000,401.213989,0.282174,0.205421
165.000000,401.213989,0.267129,0.223413
166.000000,401.213989,0.247848,0.217721
167.000000,401.213989,0.224636,0.222717
168.000000,401.213989,0.197855,0.231839
169.000000,401.213989,0.167937,0.204428
170.000000,401.213989,0.135356,0.204269
171.000000,401.213989,0.100626,0.196376
172.000000,401.213989,0.064298,0.174256
173.000000,401.213989,0.026952,0.159797
174.000000,401.213989,-0.010822,0.148045
175.000000,401.213989,-0.048425,0.108626
176.000000,401.213989,-0.085259,0.090164
177.000000,401.213989,-0.120741,0.066692
178.000000,401.213989,-0.154308,0.028556
179.000000,401.213989,-0.185424,0.006085
180.000000,401.213989,-0.213598,-0.029507
181.000000,401.213989,-0.238387,-0.053807
182.000000,401.213989,-0.259392,-0.076994
183.000000,401.213989,-0.276278,-0.170619
184.000000,401.213989,-0.288783,-0.128162
185.000000,401.213989,-0.296709,-0.131909
186.000000,401.213989,-0.299923,-0.164609
187.000000,401.213989,-0.298377,-0.176494
188.000000,401.213989,-0.292101,-0.183816
189.000000,401.213989,-0.281193,-0.208507
190.000000,401.213989,-0.265816,-0.214958
191.000000,401.213989,-0.246224,-0.212413
192.000000,401.213989,-0.222728,-0.227526
193.000000,401.213989,-0.195697,-0.220395
194.000000,401.213989,-0.165558,-0.212122
195.000000,401.213989,-0.132795,-0.210797
196.000000,401.213989,-0.097926,-0.191516
197.000000,401.213989,-0.061501,-0.185075
198.000000,401.213989,-0.024101,-0.165188
199.000000,401.213989,0.013681,-0.129755
200.000000,401.213989,0.051247,-0.121860
201.000000,401.213989,0.087998,-0.089128
202.000000,401.213989,0.123354,-0.055699
203.000000,401.213989,0.156753,-0.036071
204.000000,401.213989,0.187666,-0.004058
205.000000,401.213989,0.215598,0.029228
206.000000,401.213989,0.240111,0.049721
207.000000,401.213989,0.260817,0.075724
208.000000,401.213989,0.277382,0.111157
209.000000,401.213989,0.289544,0.125215
210.000000,401.213989,0.297115,0.148074
211.000000,401.213989,0.299975,0.177646
212.000000,401.213989,0.298069,0.180118
213.000000,401.213989,0.291435,0.197400
214.000000,401.213989,0.280180,0.215680
215.000000,401.213989,0.264480,0.214003
216.000000,401.213989,0.244579,0.225706
217.000000,401.213989,0.220799,0.213844
218.000000,401.213989,0.193519,0.216717
219.000000,401.213989,0.163166,0.219122
220.000000,401.213989,0.130224,0.198848
221.000000,401.213989,0.095216,0.191403
222.000000,401.213989,0.058699,0.182653
223.000000,401.213989,0.021248,0.152951
224.000000,401.213989,-0.016538,0.134636
225.000000,401.213989,-0.054063,0.115302
226.000000,401.213989,-0.090730,0.078030
227.000000,401.213989,-0.125956,0.056136
228.000000,401.213989,-0.159185,0.033231
229.000000,401.213989,-0.189889,-0.002898
230.000000,401.213989,-0.217580,-0.027367
231.000000,401.213989,-0.241815,-0.050123
232.000000,401.213989,-0.262217,-0.086831
233.000000,401.213989,-0.278461,-0.104581
234.000000,401.213989,-0.290281,-0.130176
235.000000,401.213989,-0.297496,-0.157180
236.000000,401.213989,-0.299994,-0.166928
237.000000,401.213989,-0.297735,-0.192782
238.000000,401.213989,-0.290744,-0.203226
239.000000,401.213989,-0.279143,-0.209686
240.000000,401.213989,-0.263116,-0.224948
241.000000,401.213989,-0.242913,-0.222675
242.000000,401.213989,-0.218853,-0.218559
243.000000,401.213989,-0.191323,-0.227522
244.000000,401.213989,-0.160759,-0.213527
245.000000,401.213989,-0.127641,-0.197685
246.000000,401.213989,-0.092499,-0.198213
247.000000,401.213989,-0.055890,-0.176069
248.000000,401.213989,-0.018394,-0.145070
0.000000,419.016998,0.013666,-0.134765
1.000000,419.016998,0.052883,-0.119720
2.000000,419.016998,0.091187,-0.082136
3.000000,419.016998,0.127912,-0.059814
4.000000,419.016998,0.162422,-0.032791
5.000000,419.016998,0.194123,0.000641
6.000000,419.016998,0.222468,0.016409
7.000000,419.016998,0.246959,0.048992
8.000000,419.016998,0.267177,0.087281
9.000000,419.016998,0.282774,0.103338
10.000000,419.016998,0.293481,0.132919
11.000000,419.016998,0.299102,0.186645
12.000000,419.016998,0.299550,0.171254
13.000000,419.016998,0.294819,0.188394
14.000000,419.016998,0.284984,0.207241
15.000000,419.016998,0.270215,0.200995
16.000000,419.016998,0.250773,0.222565
17.000000,419.016998,0.226994,0.224546
18.000000,419.016998,0.199283,0.221011
19.000000,419.016998,0.168125,0.217986
20.000000,419.016998,0.134059,0.203977
21.000000,419.016998,0.097674,0.186976
22.000000,419.016998,0.059596,0.177802
23.000000,419.016998,0.020488,0.147660
24.000000,419.016998,-0.018974,0.133496
25.000000,419.016998,-0.058108,0.117168
26.000000,419.016998,-0.096236,0.084465
27.000000,419.016998,-0.132699,0.057282
28.000000,419.016998,-0.166868,0.034232
29.000000,419.016998,-0.198147,-0.005757
30.000000,419.016998,-0.225996,-0.027509
31.000000,419.016998,-0.249938,-0.050845
32.000000,419.016998,-0.269557,-0.089403
33.000000,419.016998,-0.284504,-0.109723
34.000000,419.016998,-0.294532,-0.125763
35.000000,419.016998,-0.299466,-0.161895
36.000000,419.016998,-0.299217,-0.175069
37.000000,419.016998,-0.293787,-0.188667
38.000000,419.016998,-0.283276,-0.206652
39.000000,419.016998,-0.267867,-0.214110
40.000000,419.016998,-0.247817,-0.227960
41.000000,419.016998,-0.223480,-0.225958
42.000000,419.016998,-0.195278,-0.215548
43.000000,419.016998,-0.163699,-0.222516
44.000000,419.016998,-0.129282,-0.204657
45.000000,419.016998,-0.092631,-0.183812
46.000000,419.016998,-0.054377,-0.174476
47.000000,419.016998,-0.015182,-0.155046
48.000000,419.016998,0.024276,-0.130338
49.000000,419.016998,0.063314,-0.111280
50.000000,419.016998,0.101257,-0.079413
51.000000,419.016998,0.137446,-0.042552
52.000000,419.016998,0.171257,-0.028208
53.000000,419.016998,0.202107,0.005518
54.000000,419.016998,0.229460,0.039669
55.000000,419.016998,0.252838,0.055722
56.000000,419.016998,0.271843,0.092589
57.000000,419.016998,0.286148,0.107612
58.000000,419.016998,0.295498,0.134215
59.000000,419.016998,0.299733,0.159784
60.000000,419.016998,0.298784,0.172686
61.000000,419.016998,0.292669,0.193119
62.000000,419.016998,0.281483,0.211677
63.000000,419.016998,0.265428,0.213006
64.000000,419.016998,0.244782,0.223426
65.000000,419.016998,0.219902,0.230689
66.000000,419.016998,0.191212,0.214291
67.000000,419.016998,0.159215,0.235298
68.000000,419.016998,0.124466,0.210385
69.000000,419.016998,0.087561,0.179687
70.000000,419.016998,0.049140,0.170804
71.000000,419.016998,0.009870,0.150198
72.000000,419.016998,-0.029571,0.118347
73.000000,419.016998,-0.068500,0.104169
74.000000,419.016998,-0.106244,0.070585
75.000000,419.016998,-0.142150,0.047137
76.000000,419.016998,-0.175598,0.029523
77.000000,419.016998,-0.206003,-0.020482
78.000000,419.016998,-0.232845,-0.041515
79.000000,419.016998,-0.255661,-0.054987
80.000000,419.016998,-0.274051,-0.095695
81.000000,419.016998,-0.287697,-0.119445
82.000000,419.016998,-0.296367,-0.133344
83.000000,419.016998,-0.299912,-0.163754
84.000000,419.016998,-0.298261,-0.178071
85.000000,419.016998,-0.291451,-0.180386
86.000000,419.016998,-0.279600,-0.209796
87.000000,419.016998,-0.262913,-0.217105
88.000000,419.016998,-0.241670,-0.217122
89.000000,419.016998,-0.216248,-0.230385
90.000000,419.016998,-0.187087,-0.220399
91.000000,419.016998,-0.154687,-0.221250
92.000000,419.016998,-0.119608,-0.206797
93.000000,419.016998,-0.082462,-0.186804
94.000000,419.016998,-0.043889,-0.173906
95.000000,419.016998,-0.004556,-0.150610
96.000000,419.016998,0.034856,-0.115896
97.000000,419.016998,0.073665,-0.104988
98.000000,419.016998,0.111200,-0.074406
99.000000,419.016998,0.146808,-0.039404
100.000000,419.016998,0.179877,-0.023060
101.000000,419.016998,0.209836,0.013811
102.000000,419.016998,0.236162,0.043526
103.000000,419.016998,0.258400,0.065589
104.000000,419.016998,0.276169,0.095740
105.000000,419.016998,0.289162,0.123748
106.000000,419.016998,0.297145,0.139937
107.000000,419.016998,0.299988,0.166225
108.000000,419.016998,0.297644,0.178246
109.000000,419.016998,0.290150,0.193122
110.000000,419.016998,0.277629,0.216260
111.000000,419.016998,0.260307,0.210862
112.000000,419.016998,0.238484,0.220713
113.000000,419.016998,0.212532,0.233125
114.000000,419.016998,0.182900,0.213148
115.000000,419.016998,0.150106,0.206270
116.000000,419.016998,0.114716,0.207526
117.000000,419.016998,0.077338,0.181549
118.000000,419.016998,0.038623,0.161941
119.000000,419.016998,-0.000760,0.150334
120.000000,419.016998,-0.040131,0.119493
121.000000,419.016998,-0.078806,0.095025
122.000000,419.016998,-0.116118,0.068415
123.000000,419.016998,-0.151422,0.038562
124.000000,419.016998,-0.184105,0.013520
125.000000,419.016998,-0.213600,-0.020783
126.000000,419.016998,-0.239402,-0.046515
127.000000,419.016998,-0.261064,-0.068989
128.000000,419.016998,-0.278202,-0.113278
129.000000,419.016998,-0.290528,-0.126018
130.000000,419.016998,-0.297830,-0.142634
131.000000,419.016998,-0.299979,-0.168329
132.000000,419.016998,-0.296931,-0.182786
133.000000,419.016998,-0.288749,-0.189965
134.000000,419.016998,-0.275574,-0.216512
135.000000,419.016998,-0.257626,-0.215816
136.000000,419.016998,-0.235219,-0.212556
137.000000,419.016998,-0.208745,-0.226522
138.000000,419.016998,-0.178661,-0.219249
139.000000,419.016998,-0.145481,-0.204405
140.000000,419.016998,-0.109785,-0.202503
141.000000,419.016998,-0.072190,-0.183935
142.000000,419.016998,-0.033346,-0.164499
143.000000,419.016998,0.006076,-0.147601
144.000000,419.016998,0.045392,-0.117026
145.000000,419.016998,0.083924,-0.106562
146.000000,419.016998,0.121002,-0.069966
147.000000,419.016998,0.155986,-0.032532
148.000000,419.016998,0.188272,-0.014763
149.000000,419.016998,0.217303,0.022254
150.000000,419.016998,0.242568,0.060974
151.000000,419.016998,0.263638,0.072596
152.000000,419.016998,0.280148,0.101320
153.000000,419.016998,0.291811,0.136034
154.000000,419.016998,0.298420,0.144516
155.000000,419.016998,0.299868,0.169091
156.000000,419.016998,0.296130,0.191940
157.000000,419.016998,0.287264,0.193414
158.000000,419.016998,0.273426,0.206552
159.000000,419.016998,0.254861,0.216399
160.000000,419.016998,0.231887,0.220438
161.000000,419.016998,0.204895,0.225706
162.000000,419.016998,0.174360,0.213847
163.000000,419.016998,0.140809,0.203563
164.000000,419.016998,0.104821,0.197960
165.000000,419.016998,0.067018,0.171112
166.000000,419.016998,0.028057,0.160089
167.000000,419.016998,-0.011390,0.148621
168.000000,419.016998,-0.050640,0.111631
169.000000,419.016998,-0.089013,0.090883
170.000000,419.016998,-0.125847,0.067975
171.000000,419.016998,-0.160505,0.028701
172.000000,419.016998,-0.192381,0.004375
173.000000,419.016998,-0.220930,-0.012238
174.000000,419.016998,-0.245659,-0.057376
175.000000,419.016998,-0.266136,-0.083558
176.000000,419.016998,-0.282004,-0.111171
177.000000,419.016998,-0.292995,-0.135445
178.000000,419.016998,-0.298920,-0.149765
179.000000,419.016998,-0.299668,-0.173071
180.000000,419.016998,-0.295229,-0.197500
181.000000,419.016998,-0.285686,-0.195810
182.000000,419.016998,-0.271201,-0.218805
183.000000,419.016998,-0.252017,-0.222387
184.000000,419.016998,-0.228474,-0.214408
185.000000,419.016998,-0.200981,-0.227095
186.000000,419.016998,-0.170009,-0.216671
187.000000,419.016998,-0.136092,-0.200830
188.000000,419.016998,-0.099823,-0.198497
189.000000,419.016998,-0.061827,-0.175781
190.000000,419.016998,-0.022760,-0.152074
191.000000,419.016998,0.016700,-0.141876
192.000000,419.016998,0.055871,-0.115727
193.000000,419.016998,0.094077,-0.079870
194.000000,419.016998,0.130653,-0.062094
195.000000,419.016998,0.164968,-0.032085
196.000000,419.016998,0.196431,0.008066
197.000000,419.016998,0.224494,-0.048221
198.000000,419.016998,0.248670,0.052415
199.000000,419.016998,0.268545,0.097152
200.000000,419.016998,0.283776,0.117204
201.000000,419.016998,0.294093,0.142634
202.000000,419.016998,0.299320,0.155652
203.000000,419.016998,0.299371,0.176397
204.000000,419.016998,0.294244,0.195101
205.000000,419.016998,0.284018,0.198994
206.000000,419.016998,0.268881,0.214281
207.000000,419.016998,0.249094,0.227979
208.000000,419.016998,0.224996,0.215580
209.000000,419.016998,0.197001,0.218569
210.000000,419.016998,0.165600,0.221969
211.000000,419.016998,0.131335,0.198994
212.000000,419.016998,0.094795,0.197834
213.000000,419.016998,0.056615,0.184220
214.000000,419.016998,0.017456,0.151093
215.000000,419.016998,-0.022005,0.130772
216.000000,419.016998,-0.061085,0.117304
217.000000,419.016998,-0.099109,0.077885
218.000000,419.016998,-0.135418,0.056991
219.000000,419.016998,-0.169384,0.027373
220.000000,419.016998,-0.200416,-0.008763
221.000000,419.016998,-0.227983,-0.030660
222.000000,419.016998,-0.251607,-0.064688
223.000000,419.016998,-0.270874,-0.092838
224.000000,419.016998,-0.285452,-0.110021
225.000000,419.016998,-0.295095,-0.145169
226.000000,419.016998,-0.299634,-0.160762
227.000000,419.016998,-0.298980,-0.170655
228.000000,419.016998,-0.293157,-0.195638
229.000000,419.016998,-0.282264,-0.204375
230.000000,419.016998,-0.266484,-0.205406
231.000000,419.016998,-0.246091,-0.232241
232.000000,419.016998,-0.221442,-0.226253
233.000000,419.016998,-0.192964,-0.209839
234.000000,419.016998,-0.161142,-0.220087
235.000000,419.016998,-0.126533,-0.206950
236.000000,419.016998,-0.089737,-0.183673
237.000000,419.016998,-0.051387,-0.177339
0.000000,437.609985,0.020034,-0.142161
1.000000,437.609985,0.060867,-0.109292
2.000000,437.609985,0.100551,-0.077007
3.000000,437.609985,0.138339,-0.059377
4.000000,437.609985,0.173513,-0.028083
5.000000,437.609985,0.205414,0.005634
6.000000,437.609985,0.233440,0.031703
7.000000,437.609985,0.257062,0.064141
8.000000,437.609985,0.275832,0.095856
9.000000,437.609985,0.289393,0.111628
10.000000,437.609985,0.297495,0.137631
11.000000,437.609985,0.299985,0.161218
12.000000,437.609985,0.296815,0.174107
13.000000,437.609985,0.288043,0.197679
14.000000,437.609985,0.273831,0.202850
15.000000,437.609985,0.254454,0.215140
16.000000,437.609985,0.230277,0.228980
17.000000,437.609985,0.201756,0.211150
18.000000,437.609985,0.169425,0.215421
19.000000,437.609985,0.133896,0.216107
20.000000,437.609985,0.095841,0.188411
21.000000,437.609985,0.055978,0.177527
22.000000,437.609985,0.015059,0.162773
23.000000,437.609985,-0.026145,0.129072
24.000000,437.609985,-0.066855,0.107320
25.000000,437.609985,-0.106303,0.082566
26.000000,437.609985,-0.143746,0.049145
27.000000,437.609985,-0.178478,0.022814
28.000000,437.609985,-0.209840,-0.011489
29.000000,437.609985,-0.237240,-0.039653
30.000000,437.609985,-0.260165,-0.060553
31.000000,437.609985,-0.278182,-0.098408
32.000000,437.609985,-0.290951,-0.120442
33.000000,437.609985,-0.298225,-0.134484
34.000000,437.609985,-0.299871,-0.169758
35.000000,437.609985,-0.295860,-0.180784
36.000000,437.609985,-0.286267,-0.185390
37.000000,437.609985,-0.271274,-0.212225
38.000000,437.609985,-0.251157,-0.215389
39.000000,437.609985,-0.226301,-0.216131
40.000000,437.609985,-0.197176,-0.223377
41.000000,437.609985,-0.164331,-0.207954
42.000000,437.609985,-0.128385,-0.197251
43.000000,437.609985,-0.090014,-0.192066
44.000000,437.609985,-0.049945,-0.173356
45.000000,437.609985,-0.008934,-0.154340
46.000000,437.609985,0.032245,-0.131303
47.000000,437.609985,0.072817,-0.101586
48.000000,437.609985,0.112013,-0.082541
49.000000,437.609985,0.149095,-0.050951
50.000000,437.609985,0.183365,-0.009084
51.000000,437.609985,0.214175,0.002539
52.000000,437.609985,0.240946,0.041700
53.000000,437.609985,0.263164,0.076414
54.000000,437.609985,0.280417,0.092758
55.000000,437.609985,0.292380,0.123625
56.000000,437.609985,0.298827,0.154479
57.000000,437.609985,0.299637,0.162388
58.000000,437.609985,0.294786,0.184962
59.000000,437.609985,0.284374,0.205524
60.000000,437.609985,0.268597,0.204282
61.000000,437.609985,0.247753,0.221137
62.000000,437.609985,0.222234,0.222688
63.000000,437.609985,0.192516,0.212002
64.000000,437.609985,0.159168,0.210408
65.000000,437.609985,0.122817,0.202400
66.000000,437.609985,0.084149,0.184548
67.000000,437.609985,0.043892,0.175658
68.000000,437.609985,0.002807,0.146086
69.000000,437.609985,-0.038331,0.121916
70.000000,437.609985,-0.078746,0.106446
71.000000,437.609985,-0.117676,0.066593
72.000000,437.609985,-0.154385,0.043704
73.000000,437.609985,-0.188178,0.024368
74.000000,437.609985,-0.218421,-0.023772
75.000000,437.609985,-0.244543,-0.012646
76.000000,437.609985,-0.266052,-0.065712
77.000000,437.609985,-0.282540,-0.110419
78.000000,437.609985,-0.293692,-0.133745
79.000000,437.609985,-0.299304,-0.143923
80.000000,437.609985,-0.299269,-0.176480
81.000000,437.609985,-0.293588,-0.188938
82.000000,437.609985,-0.282366,-0.201827
83.000000,437.609985,-0.265812,-0.217089
84.000000,437.609985,-0.244243,-0.217539
85.000000,437.609985,-0.218067,-0.220677
86.000000,437.609985,-0.187777,-0.219809
87.000000,437.609985,-0.153942,-0.206393
88.000000,437.609985,-0.117200,-0.205648
89.000000,437.609985,-0.078248,-0.185784
90.000000,437.609985,-0.037819,-0.159506
91.000000,437.609985,0.003323,-0.154602
92.000000,437.609985,0.044403,-0.123162
93.000000,437.609985,0.084644,-0.088590
94.000000,437.609985,0.123288,-0.072389
95.000000,437.609985,0.159606,-0.038235
96.000000,437.609985,0.192913,0.001201
97.000000,437.609985,0.222579,0.011542
98.000000,437.609985,0.248042,0.053134
99.000000,437.609985,0.268826,0.080280
100.000000,437.609985,0.284538,0.096757
101.000000,437.609985,0.294883,0.126906
102.000000,437.609985,0.299660,0.146931
103.000000,437.609985,0.298780,0.173249
104.000000,437.609985,0.292264,0.191668
105.000000,437.609985,0.280234,0.196562
106.000000,437.609985,0.262918,0.209418
107.000000,437.609985,0.240636,0.227691
108.000000,437.609985,0.213813,0.213291
109.000000,437.609985,0.182956,0.211989
110.000000,437.609985,0.148648,0.214676
111.000000,437.609985,0.111535,0.194275
112.000000,437.609985,0.072316,0.183961
113.000000,437.609985,0.031732,0.174068
114.000000,437.609985,-0.009450,0.136796
115.000000,437.609985,-0.050454,0.118331
116.000000,437.609985,-0.090507,0.093719
117.000000,437.609985,-0.128850,0.060440
118.000000,437.609985,-0.164761,0.036256
119.000000,437.609985,-0.197564,-0.001347
120.000000,437.609985,-0.226640,-0.029355
121.000000,437.609985,-0.251441,-0.049970
122.000000,437.609985,-0.271492,-0.090831
123.000000,437.609985,-0.286420,-0.109143
124.000000,437.609985,-0.295945,-0.127045
125.000000,437.609985,-0.299887,-0.160606
126.000000,437.609985,-0.298172,-0.172345
127.000000,437.609985,-0.290822,-0.182384
128.000000,437.609985,-0.277987,-0.205502
129.000000,437.609985,-0.259908,-0.214958
130.000000,437.609985,-0.236925,-0.210269
131.000000,437.609985,-0.209472,-0.210512
132.000000,437.609985,-0.178062,-0.216104
133.000000,437.609985,-0.143293,-0.205121
134.000000,437.609985,-0.105821,-0.201930
135.000000,437.609985,-0.066352,-0.174641
136.000000,437.609985,-0.025631,-0.157932
137.000000,437.609985,0.015574,-0.149742
138.000000,437.609985,0.056485,-0.115869
139.000000,437.609985,0.096330,-0.085996
140.000000,437.609985,0.134358,-0.065530
141.000000,437.609985,0.169851,-0.028666
142.000000,437.609985,0.202136,-0.009624
143.000000,437.609985,0.230607,0.024258
144.000000,437.609985,0.254728,0.058833
145.000000,437.609985,0.274043,0.079462
146.000000,437.609985,0.288187,0.110617
147.000000,437.609985,0.296888,0.140470
148.000000,437.609985,0.299988,0.153813
149.000000,437.609985,0.297429,0.175671
150.000000,437.609985,0.289259,0.198805
151.000000,437.609985,0.275629,0.198563
152.000000,437.609985,0.256794,0.214417
153.000000,437.609985,0.233115,0.224540
154.000000,437.609985,0.205038,0.215004
155.000000,437.609985,0.173093,0.216130
156.000000,437.609985,0.137880,0.210819
157.000000,437.609985,0.100064,0.191840
158.000000,437.609985,0.060361,0.176234
159.000000,437.609985,0.019519,0.180833
160.000000,437.609985,-0.021692,0.132356
161.000000,437.609985,-0.062493,0.109308
162.000000,437.609985,-0.102114,0.074883
163.000000,437.609985,-0.139809,0.050420
164.000000,437.609985,-0.174866,0.031233
165.000000,437.609985,-0.206624,-0.010764
166.000000,437.609985,-0.234482,-0.037946
167.000000,437.609985,-0.257912,-0.056849
168.000000,437.609985,-0.276477,-0.097553
169.000000,437.609985,-0.289827,-0.116303
170.000000,437.609985,-0.297709,-0.135487
171.000000,437.609985,-0.299969,-0.164042
172.000000,437.609985,-0.296567,-0.182504
173.000000,437.609985,-0.287570,-0.196672
174.000000,437.609985,-0.273149,-0.211943
175.000000,437.609985,-0.253574,-0.213252
176.000000,437.609985,-0.229211,-0.224388
177.000000,437.609985,-0.200521,-0.222957
178.000000,437.609985,-0.168049,-0.208543
179.000000,437.609985,-0.132407,-0.210793
180.000000,437.609985,-0.094267,-0.191364
181.000000,437.609985,-0.054345,-0.169373
182.000000,437.609985,-0.013399,-0.159894
183.000000,437.609985,0.027800,-0.122880
184.000000,437.609985,0.068474,-0.097742
185.000000,437.609985,0.107857,-0.085827
186.000000,437.609985,0.145203,-0.054390
187.000000,437.609985,0.179809,-0.017099
188.000000,437.609985,0.211022,-0.000469
189.000000,437.609985,0.238254,0.034970
190.000000,437.609985,0.260993,0.067418
191.000000,437.609985,0.278800,0.089322
192.000000,437.609985,0.291347,0.122757
193.000000,437.609985,0.298398,0.134784
194.000000,437.609985,0.299820,0.161666
195.000000,437.609985,0.295586,0.189090
196.000000,437.609985,0.285767,0.190415
197.000000,437.609985,0.270557,0.206843
198.000000,437.609985,0.250243,0.223831
199.000000,437.609985,0.225208,0.213291
200.000000,437.609985,0.195924,0.219705
201.000000,437.609985,0.162938,0.196940
202.000000,437.609985,0.126879,0.199706
203.000000,437.609985,0.088427,0.193397
204.000000,437.609985,0.048307,0.179936
205.000000,437.609985,0.007274,0.143797
206.000000,437.609985,-0.033896,0.133198
207.000000,437.609985,-0.074426,0.096890
208.000000,437.609985,-0.113552,0.074449
209.000000,437.609985,-0.150536,0.051547
210.000000,437.609985,-0.184680,0.010117
211.000000,437.609985,-0.215335,-0.015634
212.000000,437.609985,-0.241928,-0.034394
213.000000,437.609985,-0.263956,-0.074386
214.000000,437.609985,-0.281005,-0.100141
215.000000,437.609985,-0.292752,-0.112181
216.000000,437.609985,-0.298969,-0.151458
217.000000,437.609985,-0.299546,-0.165917
218.000000,437.609985,-0.294472,-0.179671
219.000000,437.609985,-0.283843,-0.204505
220.000000,437.609985,-0.267856,-0.210528
221.000000,437.609985,-0.246811,-0.215839
222.000000,437.609985,-0.221110,-0.231386
223.000000,437.609985,-0.191239,-0.216108
224.000000,437.609985,-0.157759,-0.215677
225.000000,437.609985,-0.121301,-0.206940
226.000000,437.609985,-0.082552,-0.178223
227.000000,437.609985,-0.042247,-0.177339
0.000000,457.028015,0.008395,-0.147608
1.000000,457.028015,0.051218,-0.123298
2.000000,457.028015,0.092985,-0.087865
3.000000,457.028015,0.132839,-0.061948
4.000000,457.028015,0.169962,-0.033510
5.000000,457.028015,0.203584,0.002493
6.000000,457.028015,0.233016,0.021694
7.000000,457.028015,0.257656,0.058853
8.000000,457.028015,0.276992,0.093855
9.000000,457.028015,0.290624,0.106197
10.000000,457.028015,0.298279,0.136064
11.000000,457.028015,0.299799,0.167348
12.000000,457.028015,0.295140,0.173398
13.000000,457.028015,0.284412,0.193255
14.000000,457.028015,0.267834,0.211389
15.000000,457.028015,0.245739,0.212002
16.000000,457.028015,0.218588,0.217989
17.000000,457.028015,0.186941,0.213268
18.000000,457.028015,0.151445,0.210140
19.000000,457.028015,0.112831,0.205968
20.000000,457.028015,0.071897,0.171682
21.000000,457.028015,0.029483,0.160950
22.000000,457.028015,-0.013538,0.149768
23.000000,457.028015,-0.056281,0.116780
24.000000,457.028015,-0.097866,0.092314
25.000000,457.028015,-0.137435,0.069979
26.000000,457.028015,-0.174176,0.025269
27.000000,457.028015,-0.207335,-0.000197
28.000000,457.028015,-0.236226,-0.019531
29.000000,457.028015,-0.260252,-0.064523
30.000000,457.028015,-0.278926,-0.088849
31.000000,457.028015,-0.291863,-0.107463
32.000000,457.028015,-0.298785,-0.141879
33.000000,457.028015,-0.299562,-0.158770
34.000000,457.028015,-0.294178,-0.183229
35.000000,457.028015,-0.282735,-0.196930
36.000000,457.028015,-0.265473,-0.201241
37.000000,457.028015,-0.242752,-0.220525
38.000000,457.028015,-0.215033,-0.221671
39.000000,457.028015,-0.182887,-0.209975
40.000000,457.028015,-0.146979,-0.216366
41.000000,457.028015,-0.108048,-0.173926
42.000000,457.028015,-0.066890,-0.165798
43.000000,457.028015,-0.024357,-0.169473
44.000000,457.028015,0.018678,-0.144039
45.000000,457.028015,0.061328,-0.109180
46.000000,457.028015,0.102715,-0.092550
47.000000,457.028015,0.141990,-0.057538
48.000000,457.028015,0.178342,-0.024673
49.000000,457.028015,0.211022,0.000101
50.000000,457.028015,0.239362,0.034825
51.000000,457.028015,0.262778,0.057713
52.000000,457.028015,0.280779,0.086175
53.000000,457.028015,0.293006,0.124036
54.000000,457.028015,0.299206,0.134652
55.000000,457.028015,0.299243,0.162093
56.000000,457.028015,0.293122,0.192231
57.000000,457.028015,0.280973,0.191416
58.000000,457.028015,0.263040,0.207986
59.000000,457.028015,0.239690,0.221253
60.000000,457.028015,0.211411,0.213433
61.000000,457.028015,0.178783,0.213844
62.000000,457.028015,0.142470,0.216104
63.000000,457.028015,0.103229,0.190412
64.000000,457.028015,0.061863,0.178670
65.000000,457.028015,0.019223,0.161063
66.000000,457.028015,-0.023812,0.131932
67.000000,457.028015,-0.066357,0.116753
68.000000,457.028015,-0.107537,0.086595
69.000000,457.028015,-0.146502,0.051285
70.000000,457.028015,-0.182453,0.021664
71.000000,457.028015,-0.214653,-0.011904
72.000000,457.028015,-0.242429,-0.035511
73.000000,457.028015,-0.265218,-0.059705
74.000000,457.028015,-0.282553,-0.102414
75.000000,457.028015,-0.294068,-0.125021
76.000000,457.028015,-0.299532,-0.137061
77.000000,457.028015,-0.298835,-0.172617
78.000000,457.028015,-0.291987,-0.185363
79.000000,457.028015,-0.279126,-0.190535
80.000000,457.028015,-0.260524,-0.211367
81.000000,457.028015,-0.236564,-0.210386
82.000000,457.028015,-0.207728,-0.213407
83.000000,457.028015,-0.174621,-0.216946
84.000000,457.028015,-0.137922,-0.202811
85.000000,457.028015,-0.098382,-0.197232
86.000000,457.028015,-0.056818,-0.187063
87.000000,457.028015,-0.014085,-0.157064
88.000000,457.028015,0.028939,-0.142307
89.000000,457.028015,0.071366,-0.109716
90.000000,457.028015,0.112325,-0.072856
91.000000,457.028015,0.150974,-0.054228
92.000000,457.028015,0.186512,-0.022357
93.000000,457.028015,0.218213,0.015074
94.000000,457.028015,0.245427,0.036425
95.000000,457.028015,0.267586,0.072295
96.000000,457.028015,0.284237,0.106008
97.000000,457.028015,0.295044,0.121067
98.000000,457.028015,0.299776,0.145785
99.000000,457.028015,0.298336,0.178216
100.000000,457.028015,0.290760,0.183262
101.000000,457.028015,0.277203,0.200402
102.000000,457.028015,0.257934,0.213394
103.000000,457.028015,0.233360,0.211717
104.000000,457.028015,0.203987,0.211266
105.000000,457.028015,0.170411,0.205551
106.000000,457.028015,0.133329,0.202990
107.000000,457.028015,0.093505,0.194385
108.000000,457.028015,0.051756,0.171254
109.000000,457.028015,0.008941,0.156371
110.000000,457.028015,-0.034057,0.138612
111.000000,457.028015,-0.076355,0.100190
112.000000,457.028015,-0.117080,0.078156
113.000000,457.028015,-0.155397,0.055679
114.000000,457.028015,-0.190518,0.012403
115.000000,457.028015,-0.221714,-0.023937
116.000000,457.028015,-0.248347,-0.033254
117.000000,457.028015,-0.269874,-0.079108
118.000000,457.028015,-0.285845,-0.099717
119.000000,457.028015,-0.295929,-0.125329
120.000000,457.028015,-0.299928,-0.151889
121.000000,457.028015,-0.297757,-0.165921
122.000000,457.028015,-0.289450,-0.191370
123.000000,457.028015,-0.275190,-0.204365
124.000000,457.028015,-0.255271,-0.209252
125.000000,457.028015,-0.230093,-0.221376
126.000000,457.028015,-0.200180,-0.216953
127.000000,457.028015,-0.166151,-0.208401
128.000000,457.028015,-0.128701,-0.209077
129.000000,457.028015,-0.088601,-0.191076
130.000000,457.028015,-0.046679,-0.159794
131.000000,457.028015,-0.003796,-0.157462
132.000000,457.028015,0.039165,-0.127880
133.000000,457.028015,0.081320,-0.094740
134.000000,457.028015,0.121803,-0.080824
135.000000,457.028015,0.159777,-0.045812
136.000000,457.028015,0.194462,-0.006519
137.000000,457.028015,0.225149,0.012827
138.000000,457.028015,0.251201,0.048555
139.000000,457.028015,0.272080,0.075990
140.000000,457.028015,0.287363,0.093040
141.000000,457.028015,0.296735,0.129623
142.000000,457.028015,0.299993,0.150364
143.000000,457.028015,0.297080,0.167530
144.000000,457.028015,0.288058,0.200535
145.000000,457.028015,0.273102,0.193417
146.000000,457.028015,0.252526,0.208559
147.000000,457.028015,0.226757,0.221256
148.000000,457.028015,0.196319,0.210431
149.000000,457.028015,0.161840,0.210272
150.000000,457.028015,0.124032,0.210243
151.000000,457.028015,0.083672,0.180548
152.000000,457.028015,0.041588,0.166231
153.000000,457.028015,-0.001351,0.157339
154.000000,457.028015,-0.044263,0.123211
155.000000,457.028015,-0.086262,0.099458
156.000000,457.028015,-0.126487,0.074986
157.000000,457.028015,-0.164110,0.034420
158.000000,457.028015,-0.198355,0.010521
159.000000,457.028015,-0.228515,-0.022801
160.000000,457.028015,-0.253976,-0.053804
161.000000,457.028015,-0.274212,-0.077706
162.000000,457.028015,-0.288798,-0.113285
163.000000,457.028015,-0.297444,-0.137025
164.000000,457.028015,-0.299973,-0.150205
165.000000,457.028015,-0.296322,-0.178621
166.000000,457.028015,-0.286574,-0.196937
167.000000,457.028015,-0.270933,-0.194823
168.000000,457.028015,-0.249713,-0.218513
169.000000,457.028015,-0.223352,-0.214812
170.000000,457.028015,-0.192398,-0.208838
171.000000,457.028015,-0.157485,-0.215942
172.000000,457.028015,-0.119327,-0.200376
173.000000,457.028015,-0.078716,-0.177527
174.000000,457.028015,-0.036485,-0.172620
175.000000,457.028015,0.006497,-0.151190
176.000000,457.028015,0.049346,-0.119902
177.000000,457.028015,0.091179,-0.105131
178.000000,457.028015,0.131136,-0.068263
179.000000,457.028015,0.168392,-0.038387
180.000000,457.028015,0.202185,-0.010910
181.000000,457.028015,0.231820,0.017807
182.000000,457.028015,0.256677,0.048568
183.000000,457.028015,0.276255,0.083027
184.000000,457.028015,0.290152,0.118887
185.000000,457.028015,0.298071,0.135079
186.000000,457.028015,0.299857,0.156371
187.000000,457.028015,0.295476,0.185797
188.000000,457.028015,0.285013,0.188699
189.000000,457.028015,0.268680,0.204839
190.000000,457.028015,0.246823,0.222396
191.000000,457.028015,0.219887,0.210862
192.000000,457.028015,0.188420,0.213705
193.000000,457.028015,0.153079,0.215819
194.000000,457.028015,0.114589,0.193417
195.000000,457.028015,0.073738,0.186821
196.000000,457.028015,0.031371,0.176500
197.000000,457.028015,-0.011642,0.140225
198.000000,457.028015,-0.054416,0.115329
199.000000,457.028015,-0.096068,0.088289
200.000000,457.028015,-0.135745,0.060867
201.000000,457.028015,-0.172630,0.033251
202.000000,457.028015,-0.205957,-0.003199
203.000000,457.028015,-0.235049,-0.030929
204.000000,457.028015,-0.259306,-0.056835
205.000000,457.028015,-0.278222,-0.098693
206.000000,457.028015,-0.291413,-0.120584
207.000000,457.028015,-0.298610,-0.130193
208.000000,457.028015,-0.299660,-0.166040
209.000000,457.028015,-0.294540,-0.175493
210.000000,457.028015,-0.283363,-0.187818
211.000000,457.028015,-0.266356,-0.211794
212.000000,457.028015,-0.243860,-0.215243
213.000000,457.028015,-0.216350,-0.208838
214.000000,457.028015,-0.184390,-0.220375
215.000000,457.028015,-0.148631,-0.212244
216.000000,457.028015,-0.109814,-0.192394
217.000000,457.028015,-0.068739,-0.186775
0.000000,477.307007,0.022086,-0.141037
1.000000,477.307007,0.066532,-0.111323
2.000000,477.307007,0.109485,-0.090691
3.000000,477.307007,0.149982,-0.054679
4.000000,477.307007,0.187113,-0.017953
5.000000,477.307007,0.220045,0.002533
6.000000,477.307007,0.248035,0.041117
7.000000,477.307007,0.270460,0.069863
8.000000,477.307007,0.286817,0.086748
9.000000,477.307007,0.296740,0.131760
10.000000,477.307007,0.299996,0.145089
11.000000,477.307007,0.296520,0.162236
12.000000,477.307007,0.286392,0.197092
13.000000,477.307007,0.269838,0.198135
14.000000,477.307007,0.247227,0.210272
15.000000,477.307007,0.219064,0.220965
16.000000,477.307007,0.185986,0.209573
17.000000,477.307007,0.148736,0.206124
18.000000,477.307007,0.108148,0.133310
19.000000,477.307007,0.065130,0.175257
20.000000,477.307007,0.020652,0.178242
21.000000,477.307007,-0.024289,0.159777
22.000000,477.307007,-0.068686,0.123499
23.000000,477.307007,-0.111542,0.092304
24.000000,477.307007,-0.151892,0.057564
25.000000,477.307007,-0.188834,0.022976
26.000000,477.307007,-0.221539,0.000359
27.000000,477.307007,-0.249274,-0.043791
28.000000,477.307007,-0.271412,-0.072398
29.000000,477.307007,-0.287456,-0.089584
30.000000,477.307007,-0.297052,-0.127579
31.000000,477.307007,-0.299982,-0.148042
32.000000,477.307007,-0.296181,-0.160367
33.000000,477.307007,-0.285727,-0.186059
34.000000,477.307007,-0.268862,-0.197944
35.000000,477.307007,-0.245965,-0.201546
36.000000,477.307007,-0.217549,-0.216085
37.000000,477.307007,-0.184249,-0.202662
38.000000,477.307007,-0.146812,-0.202397
39.000000,477.307007,-0.106081,-0.200360
40.000000,477.307007,-0.062971,-0.179648
41.000000,477.307007,-0.018447,-0.164204
42.000000,477.307007,0.026492,-0.145458
43.000000,477.307007,0.070835,-0.114312
44.000000,477.307007,0.113589,-0.089976
45.000000,477.307007,0.153795,-0.050093
46.000000,477.307007,0.190549,-0.008802
47.000000,477.307007,0.223024,0.002682
48.000000,477.307007,0.250494,0.041272
49.000000,477.307007,0.272345,0.076414
50.000000,477.307007,0.288085,0.096476
51.000000,477.307007,0.297355,0.125484
52.000000,477.307007,0.299951,0.158770
53.000000,477.307007,0.295817,0.166821
54.000000,477.307007,0.285046,0.189537
55.000000,477.307007,0.267878,0.208526
56.000000,477.307007,0.244693,0.208142
57.000000,477.307007,0.216019,0.216846
58.000000,477.307007,0.182498,0.217539
59.000000,477.307007,0.144882,0.202708
60.000000,477.307007,0.104012,0.198971
61.000000,477.307007,0.060807,0.181095
62.000000,477.307007,0.016239,0.154807
63.000000,477.307007,-0.028693,0.138482
64.000000,477.307007,-0.072983,0.101333
65.000000,477.307007,-0.115633,0.080595
66.000000,477.307007,-0.155688,0.060977
67.000000,477.307007,-0.192249,0.013831
68.000000,477.307007,-0.224498,-0.012205
69.000000,477.307007,-0.251707,-0.034255
70.000000,477.307007,-0.273264,-0.075675
71.000000,477.307007,-0.288690,-0.092133
72.000000,477.307007,-0.297639,-0.120617
73.000000,477.307007,-0.299910,-0.156030
74.000000,477.307007,-0.295443,-0.174350
75.000000,477.307007,-0.284347,-0.183531
76.000000,477.307007,-0.266872,-0.202931
77.000000,477.307007,-0.243409,-0.210813
78.000000,477.307007,-0.214482,-0.205121
79.000000,477.307007,-0.180738,-0.215942
80.000000,477.307007,-0.142940,-0.204667
81.000000,477.307007,-0.101935,-0.190532
82.000000,477.307007,-0.058642,-0.185774
83.000000,477.307007,-0.014032,-0.159344
84.000000,477.307007,0.030893,-0.140613
85.000000,477.307007,0.075124,-0.124726
86.000000,477.307007,0.117670,-0.077279
87.000000,477.307007,0.157575,-0.052515
88.000000,477.307007,0.193941,-0.022496
89.000000,477.307007,0.225956,0.019225
90.000000,477.307007,0.252901,0.037568
91.000000,477.307007,0.274172,0.074727
92.000000,477.307007,0.289285,0.106585
93.000000,477.307007,0.297906,0.125643
94.000000,477.307007,0.299842,0.155652
95.000000,477.307007,0.295052,0.178928
96.000000,477.307007,0.283639,0.183693
97.000000,477.307007,0.265856,0.203835
98.000000,477.307007,0.242108,0.216820
99.000000,477.307007,0.212928,0.209716
100.000000,477.307007,0.178971,0.217131
101.000000,477.307007,0.140994,0.207108
102.000000,477.307007,0.099853,0.188123
103.000000,477.307007,0.056472,0.179952
104.000000,477.307007,0.011823,0.152080
105.000000,477.307007,-0.033091,0.131355
106.000000,477.307007,-0.077262,0.117317
107.000000,477.307007,-0.119699,0.073170
108.000000,477.307007,-0.159450,0.046703
109.000000,477.307007,-0.195624,0.020365
110.000000,477.307007,-0.227406,-0.017768
111.000000,477.307007,-0.254082,-0.043808
112.000000,477.307007,-0.275058,-0.071003
113.000000,477.307007,-0.289862,-0.112424
114.000000,477.307007,-0.298163,-0.131601
115.000000,477.307007,-0.299766,-0.145924
116.000000,477.307007,-0.294642,-0.173478
117.000000,477.307007,-0.282908,-0.188226
118.000000,477.307007,-0.264826,-0.205386
119.000000,477.307007,-0.240799,-0.214660
120.000000,477.307007,-0.211365,-0.217685
121.000000,477.307007,-0.177190,-0.216088
122.000000,477.307007,-0.139038,-0.202941
123.000000,477.307007,-0.097767,-0.185668
124.000000,477.307007,-0.054300,-0.181626
125.000000,477.307007,-0.009614,-0.158479
126.000000,477.307007,0.035287,-0.127910
127.000000,477.307007,0.079396,-0.118285
128.000000,477.307007,0.121724,-0.082130
129.000000,477.307007,0.161318,-0.036117
130.000000,477.307007,0.197292,-0.019773
131.000000,477.307007,0.228840,0.022105
132.000000,477.307007,0.255254,0.049824
133.000000,477.307007,0.275935,0.078739
134.000000,477.307007,0.290423,0.107602
135.000000,477.307007,0.298394,0.125345
136.000000,477.307007,0.299671,0.150370
137.000000,477.307007,0.294223,0.178942
138.000000,477.307007,0.282165,0.178978
139.000000,477.307007,0.263778,0.200839
140.000000,477.307007,0.239472,0.218539
141.000000,477.307007,0.209793,0.210431
142.000000,477.307007,0.175403,0.212989
143.000000,477.307007,0.137075,0.213102
144.000000,477.307007,0.095673,0.189985
145.000000,477.307007,0.052124,0.175383
146.000000,477.307007,0.007405,0.157769
147.000000,477.307007,-0.037481,0.127929
148.000000,477.307007,-0.081525,0.103318
149.000000,477.307007,-0.123740,0.080565
150.000000,477.307007,-0.163179,0.042425
151.000000,477.307007,-0.198955,0.017810
152.000000,477.307007,-0.230263,-0.022079
153.000000,477.307007,-0.256405,-0.054662
154.000000,477.307007,-0.276794,-0.075278
155.000000,477.307007,-0.290973,-0.112139
156.000000,477.307007,-0.298616,-0.138314
157.000000,477.307007,-0.299558,-0.149351
158.000000,477.307007,-0.293779,-0.180052
159.000000,477.307007,-0.281408,-0.189505
160.000000,477.307007,-0.262721,-0.195396
161.000000,477.307007,-0.238134,-0.212937
162.000000,477.307007,-0.208205,-0.219103
163.000000,477.307007,-0.173604,-0.205121
164.000000,477.307007,-0.135107,-0.208219
165.000000,477.307007,-0.093576,-0.196370
166.000000,477.307007,-0.049946,-0.168946
167.000000,477.307007,-0.005195,-0.158177
168.000000,477.307007,0.039673,-0.127310
169.000000,477.307007,0.083651,-0.098743
170.000000,477.307007,0.125750,-0.081540
171.000000,477.307007,0.165027,-0.047528
172.000000,477.307007,0.200602,-0.008371
173.000000,477.307007,0.231676,0.017973
174.000000,477.307007,0.257548,0.047839
175.000000,477.307007,0.277638,0.077010
176.000000,477.307007,0.291499,0.100044
177.000000,477.307007,0.298819,0.136909
178.000000,477.307007,0.299436,0.150808
179.000000,477.307007,0.293324,0.177679
180.000000,477.307007,0.280632,0.197095
181.000000,477.307007,0.261644,0.197277
182.000000,477.307007,0.236785,0.212704
183.000000,477.307007,0.206610,0.249144
184.000000,477.307007,0.171796,0.208715
185.000000,477.307007,0.133128,0.198974
186.000000,477.307007,0.091473,0.193225
187.000000,477.307007,0.047765,0.159243
188.000000,477.307007,0.002984,0.151789
189.000000,477.307007,-0.041863,0.136607
190.000000,477.307007,-0.085771,0.094899
191.000000,477.307007,-0.127755,0.077722
192.000000,477.307007,-0.166871,0.042538
193.000000,477.307007,-0.202240,0.006820
194.000000,477.307007,-0.233071,-0.017937
195.000000,477.307007,-0.258673,-0.057097
196.000000,477.307007,-0.278471,-0.084979
197.000000,477.307007,-0.292015,-0.106025
198.000000,477.307007,-0.299005,-0.140160
199.000000,477.307007,-0.299287,-0.163909
200.000000,477.307007,-0.292853,-0.171089
201.000000,477.307007,-0.279848,-0.201214
202.000000,477.307007,-0.260556,-0.207808
203.000000,477.307007,-0.235419,-0.202977
204.000000,477.307007,-0.205000,-0.214799
205.000000,477.307007,-0.169981,-0.209670
206.000000,477.307007,-0.131145,-0.199829
207.000000,477.307007,-0.089365,-0.196500
208.000000,477.307007,-0.045581,-0.173641
0.000000,498.487000,0.018449,-0.146186
1.000000,498.487000,0.064923,-0.115753
2.000000,498.487000,0.109808,-0.094124
3.000000,498.487000,0.152006,-0.054967
4.000000,498.487000,0.190486,-0.030515
5.000000,498.487000,0.224300,0.003530
6.000000,498.487000,0.252625,0.044400
7.000000,498.487000,0.274768,0.063014
8.000000,498.487000,0.290189,0.095177
9.000000,498.487000,0.298504,0.132180
10.000000,498.487000,0.299511,0.144231
11.000000,498.487000,0.293191,0.170522
12.000000,498.487000,0.279697,0.195515
13.000000,498.487000,0.259356,0.201280
14.000000,498.487000,0.232663,0.213702
15.000000,498.487000,0.200279,0.218251
16.000000,498.487000,0.162995,0.200995
17.000000,498.487000,0.121721,0.201691
18.000000,498.487000,0.077465,0.193089
19.000000,498.487000,0.031315,0.165390
20.000000,498.487000,-0.015601,0.154933
21.000000,498.487000,-0.062137,0.118897
22.000000,498.487000,-0.107150,0.090608
23.000000,498.487000,-0.149540,0.069707
24.000000,498.487000,-0.188272,0.025696
25.000000,498.487000,-0.222398,-0.004909
26.000000,498.487000,-0.251077,-0.027814
27.000000,498.487000,-0.273610,-0.036220
28.000000,498.487000,-0.289449,-0.091987
29.000000,498.487000,-0.298207,-0.123473
30.000000,498.487000,-0.299662,-0.158317
31.000000,498.487000,-0.293781,-0.177352
32.000000,498.487000,-0.280713,-0.182815
33.000000,498.487000,-0.260777,-0.206648
34.000000,498.487000,-0.234456,-0.209812
35.000000,498.487000,-0.202394,-0.208696
36.000000,498.487000,-0.165381,-0.214799
37.000000,498.487000,-0.124321,-0.203235
38.000000,498.487000,-0.080218,-0.187245
39.000000,498.487000,-0.034150,-0.177766
40.000000,498.487000,0.012752,-0.148049
41.000000,498.487000,0.059343,-0.124600
42.000000,498.487000,0.104482,-0.094270
43.000000,498.487000,0.147062,-0.056402
44.000000,498.487000,0.186042,-0.037075
45.000000,498.487000,0.220471,-0.001765
46.000000,498.487000,0.249507,0.041673
47.000000,498.487000,0.272430,0.059443
48.000000,498.487000,0.288686,0.094458
49.000000,498.487000,0.297879,0.131462
50.000000,498.487000,0.299784,0.148376
51.000000,498.487000,0.294348,0.169522
52.000000,498.487000,0.281706,0.198235
53.000000,498.487000,0.262172,0.194991
54.000000,498.487000,0.236224,0.208414
55.000000,498.487000,0.204492,0.217535
56.000000,498.487000,0.167753,0.203281
57.000000,498.487000,0.126910,0.199974
58.000000,498.487000,0.082962,0.197089
59.000000,498.487000,0.036983,0.165821
60.000000,498.487000,-0.009902,0.151931
61.000000,498.487000,-0.056544,0.128324
62.000000,498.487000,-0.101803,0.094756
63.000000,498.487000,-0.144571,0.064996
64.000000,498.487000,-0.183798,0.027111
65.000000,498.487000,-0.218527,-0.004333
66.000000,498.487000,-0.247909,-0.024663
67.000000,498.487000,-0.271226,-0.069957
68.000000,498.487000,-0.287899,-0.095989
69.000000,498.487000,-0.297527,-0.114464
70.000000,498.487000,-0.299875,-0.153456
71.000000,498.487000,-0.294887,-0.170059
72.000000,498.487000,-0.282676,-0.179382
73.000000,498.487000,-0.263547,-0.203789
74.000000,498.487000,-0.237969,-0.205664
75.000000,498.487000,-0.206569,-0.201834
76.000000,498.487000,-0.170111,-0.214511
77.000000,498.487000,-0.129489,-0.203378
78.000000,498.487000,-0.085698,-0.182815
79.000000,498.487000,-0.039811,-0.173906
80.000000,498.487000,0.007051,-0.152621
81.000000,498.487000,0.053741,-0.123616
82.000000,498.487000,0.099115,-0.101559
83.000000,498.487000,0.142064,-0.065119
84.000000,498.487000,0.181537,-0.038811
85.000000,498.487000,0.216564,-0.006334
86.000000,498.487000,0.246291,0.032817
87.000000,498.487000,0.269992,0.052292
88.000000,498.487000,0.287088,0.089889
89.000000,498.487000,0.297150,0.124749
90.000000,498.487000,0.299942,0.140228
91.000000,498.487000,0.295395,0.165380
92.000000,498.487000,0.283620,0.191658
93.000000,498.487000,0.264899,0.193132
94.000000,498.487000,0.239695,0.207698
95.000000,498.487000,0.208626,0.220680
96.000000,498.487000,0.172453,0.205140
97.000000,498.487000,0.132056,0.207983
98.000000,498.487000,0.088428,0.197374
99.000000,498.487000,0.042636,0.168249
100.000000,498.487000,-0.004200,0.153647
101.000000,498.487000,-0.050933,0.137469
102.000000,498.487000,-0.096419,0.094899
103.000000,498.487000,-0.139545,0.070715
104.000000,498.487000,-0.179257,0.037830
105.000000,498.487000,-0.214583,-0.001331
106.000000,498.487000,-0.244652,-0.022801
107.000000,498.487000,-0.268735,-0.066812
108.000000,498.487000,-0.286244,-0.089270
109.000000,498.487000,-0.296749,-0.110604
110.000000,498.487000,-0.299983,-0.147310
111.000000,498.487000,-0.295878,-0.167057
112.000000,498.487000,-0.284534,-0.179240
113.000000,498.487000,-0.266228,-0.202788
114.000000,498.487000,-0.241400,-0.206953
115.000000,498.487000,-0.210666,-0.206979
116.000000,498.487000,-0.174777,-0.212798
117.000000,498.487000,-0.134612,-0.200376
118.000000,498.487000,-0.091150,-0.188242
119.000000,498.487000,-0.045457,-0.179913
120.000000,498.487000,0.001348,-0.154340
121.000000,498.487000,0.048120,-0.133606
122.000000,498.487000,0.093715,-0.107424
123.000000,498.487000,0.137014,-0.066126
124.000000,498.487000,0.176961,-0.046939
125.000000,498.487000,0.212578,-0.009200
126.000000,498.487000,0.242993,0.033238
127.000000,498.487000,0.267456,0.051722
128.000000,498.487000,0.285376,0.087169
129.000000,498.487000,0.296313,0.122741
130.000000,498.487000,0.300000,0.139085
131.000000,498.487000,0.296337,0.164946
132.000000,498.487000,0.285424,0.187795
133.000000,498.487000,0.267527,0.192702
134.000000,498.487000,0.243085,0.207983
135.000000,498.487000,0.212688,0.219964
136.000000,498.487000,0.177087,0.205856
137.000000,498.487000,0.137153,0.204408
138.000000,498.487000,0.093863,0.195803
139.000000,498.487000,0.048274,0.167964
140.000000,498.487000,0.001504,0.153932
141.000000,498.487000,-0.045302,0.133330
142.000000,498.487000,-0.091001,0.096757
143.000000,498.487000,-0.134472,0.080867
144.000000,498.487000,-0.174650,0.036839
145.000000,498.487000,-0.210555,0.002672
146.000000,498.487000,-0.241308,-0.020091
147.000000,498.487000,-0.266155,-0.063522
148.000000,498.487000,-0.284484,-0.091844
149.000000,498.487000,-0.295852,-0.108603
150.000000,498.487000,-0.299982,-0.135014
151.000000,498.487000,-0.296771,-0.163482
152.000000,498.487000,-0.286290,-0.176808
153.000000,498.487000,-0.268805,-0.202358
154.000000,498.487000,-0.244743,-0.207950
155.000000,498.487000,-0.214692,-0.203835
156.000000,498.487000,-0.179382,-0.213941
157.000000,498.487000,-0.139683,-0.208096
158.000000,498.487000,-0.096567,-0.190678
159.000000,498.487000,-0.051087,-0.182199
160.000000,498.487000,-0.004356,-0.155623
161.000000,498.487000,0.042481,-0.129908
162.000000,498.487000,0.088278,-0.105562
163.000000,498.487000,0.131917,-0.072839
164.000000,498.487000,0.172325,-0.044391
165.000000,498.487000,0.208514,-0.012768
166.000000,498.487000,0.239601,0.021952
167.000000,498.487000,0.264826,0.045281
168.000000,498.487000,0.283569,0.081595
169.000000,498.487000,0.295367,0.118172
170.000000,498.487000,0.299939,0.133224
171.000000,498.487000,0.297172,0.162236
172.000000,498.487000,0.287132,0.190084
173.000000,498.487000,0.270060,0.188842
174.000000,498.487000,0.246380,0.202837
175.000000,498.487000,0.216672,0.218963
176.000000,498.487000,0.181662,0.206856
177.000000,498.487000,0.142201,0.204408
178.000000,498.487000,0.099262,0.202092
179.000000,498.487000,0.053895,0.171967
180.000000,498.487000,0.007208,0.158223
181.000000,498.487000,-0.039656,0.135040
182.000000,498.487000,-0.085549,0.100047
183.000000,498.487000,-0.129348,0.078435
184.000000,498.487000,-0.169983,0.040123
185.000000,498.487000,-0.206456,0.002387
186.000000,498.487000,-0.237874,-0.012082
187.000000,498.487000,-0.263472,-0.055229
188.000000,498.487000,-0.282624,-0.080980
189.000000,498.487000,-0.294857,-0.104743
190.000000,498.487000,-0.299871,-0.143450
191.000000,498.487000,-0.297547,-0.159480
192.000000,498.487000,-0.287944,-0.167229
193.000000,498.487000,-0.271292,-0.202500
194.000000,498.487000,-0.247996,-0.210671
195.000000,498.487000,-0.218634,-0.203262
196.000000,498.487000,-0.183921,-0.213514
197.000000,498.487000,-0.144708,-0.206810
198.000000,498.487000,-0.101950,-0.196675
199.000000,498.487000,-0.056697,-0.187206
0.000000,520.606018,0.044786,-0.137310
1.000000,520.606018,0.092487,-0.107285
2.000000,520.606018,0.137722,-0.071852
3.000000,520.606018,0.179279,-0.046935
4.000000,520.606018,0.216050,-0.008772
5.000000,520.606018,0.247058,0.032234
6.000000,520.606018,0.271470,0.052726
7.000000,520.606018,0.288634,0.090740
8.000000,520.606018,0.298100,0.127886
9.000000,520.606018,0.299606,0.139940
10.000000,520.606018,0.293114,0.164946
11.000000,520.606018,0.278803,0.190797
12.000000,520.606018,0.257049,0.194415
13.000000,520.606018,0.228432,0.206836
14.000000,520.606018,0.193721,0.213964
15.000000,520.606018,0.153839,0.206568
16.000000,520.606018,0.109850,0.198540
17.000000,520.606018,0.062930,0.176957
18.000000,520.606018,0.014330,0.160953
19.000000,520.606018,-0.034652,0.142767
20.000000,520.606018,-0.082710,0.106913
21.000000,520.606018,-0.128561,0.079021
22.000000,520.606018,-0.170977,0.057256
23.000000,520.606018,-0.208833,0.010402
24.000000,520.606018,-0.241117,-0.017212
25.000000,520.606018,-0.266960,-0.039404
26.000000,520.606018,-0.285682,-0.088829
27.000000,520.606018,-0.296781,-0.113013
28.000000,520.606018,-0.299952,-0.129341
29.000000,520.606018,-0.295121,-0.166901
30.000000,520.606018,-0.282417,-0.180788
31.000000,520.606018,-0.262168,-0.189243
32.000000,520.606018,-0.234926,-0.201645
33.000000,520.606018,-0.201416,-0.202954
34.000000,520.606018,-0.162524,-0.217814
35.000000,520.606018,-0.119298,-0.202795
36.000000,520.606018,-0.072889,-0.174224
37.000000,520.606018,-0.024532,-0.173475
38.000000,520.606018,0.024478,-0.145179
39.000000,520.606018,0.072837,-0.111035
40.000000,520.606018,0.119249,-0.088829
41.000000,520.606018,0.162479,-0.055961
42.000000,520.606018,0.201376,-0.016671
43.000000,520.606018,0.234892,0.007397
44.000000,520.606018,0.262142,0.046269
45.000000,520.606018,0.282399,0.085562
46.000000,520.606018,0.295112,0.100906
47.000000,520.606018,0.299951,0.129914
48.000000,520.606018,0.296788,0.162633
49.000000,520.606018,0.285698,0.173541
50.000000,520.606018,0.266984,0.197112
51.000000,520.606018,0.241149,0.202685
52.000000,520.606018,0.208872,0.206137
53.000000,520.606018,0.171022,0.209116
54.000000,520.606018,0.128609,0.190982
55.000000,520.606018,0.082762,0.187973
56.000000,520.606018,0.034706,0.177222
57.000000,520.606018,-0.014276,0.148806
58.000000,520.606018,-0.062877,0.126630
59.000000,520.606018,-0.109799,0.102722
60.000000,520.606018,-0.153793,0.059443
61.000000,520.606018,-0.193680,0.034119
62.000000,520.606018,-0.228397,0.000774
63.000000,520.606018,-0.257021,-0.047648
64.000000,520.606018,-0.278783,-0.069400
65.000000,520.606018,-0.293102,-0.094594
66.000000,520.606018,-0.299603,-0.136015
67.000000,520.606018,-0.298106,-0.152048
68.000000,520.606018,-0.288649,-0.164658
69.000000,520.606018,-0.271493,-0.193779
70.000000,520.606018,-0.247089,-0.201092
71.000000,520.606018,-0.216087,-0.201827
72.000000,520.606018,-0.179322,-0.212655
73.000000,520.606018,-0.137770,-0.203524
74.000000,520.606018,-0.092539,-0.198378
75.000000,520.606018,-0.044839,-0.176341
76.000000,520.606018,0.004057,-0.149771
77.000000,520.606018,0.052845,-0.133155
78.000000,520.606018,0.100223,-0.099849
79.000000,520.606018,0.144927,-0.061703
80.000000,520.606018,0.185760,-0.044504
81.000000,520.606018,0.221637,-0.001340
82.000000,520.606018,0.251601,0.035378
83.000000,520.606018,0.274844,0.058869
84.000000,520.606018,0.290755,0.091025
85.000000,520.606018,0.298908,0.130458
86.000000,520.606018,0.299076,0.149661
87.000000,520.606018,0.291267,0.169949
88.000000,520.606018,0.275687,0.197947
89.000000,520.606018,0.252741,0.195276
90.000000,520.606018,0.223053,0.207840
91.000000,520.606018,0.187415,0.210819
92.000000,520.606018,0.146769,0.199421
93.000000,520.606018,0.102209,0.195253
94.000000,520.606018,0.054921,0.180376
95.000000,520.606018,0.006166,0.155665
96.000000,520.606018,-0.042752,0.137197
97.000000,520.606018,-0.090531,0.100760
98.000000,520.606018,-0.135891,0.073302
99.000000,520.606018,-0.177626,0.045679
100.000000,520.606018,-0.214622,0.003967
101.000000,520.606018,-0.245885,-0.026502
102.000000,520.606018,-0.270587,-0.048695
103.000000,520.606018,-0.288072,-0.090115
104.000000,520.606018,-0.297861,-0.117728
105.000000,520.606018,-0.299702,-0.140491
106.000000,520.606018,-0.293549,-0.166901
107.000000,520.606018,-0.279554,-0.179214
108.000000,520.606018,-0.258100,-0.188249
109.000000,520.606018,-0.229762,-0.212513
110.000000,520.606018,-0.195286,-0.210386
111.000000,520.606018,-0.155599,-0.198825
112.000000,520.606018,-0.111761,-0.201791
113.000000,520.606018,-0.064938,-0.183223
114.000000,520.606018,-0.016383,-0.173346
115.000000,520.606018,0.032610,-0.140027
116.000000,520.606018,0.080732,-0.115601
117.000000,520.606018,0.126699,-0.090973
118.000000,520.606018,0.169286,-0.048665
119.000000,520.606018,0.207353,-0.006801
120.000000,520.606018,0.239885,0.007685
121.000000,520.606018,0.266018,0.046130
122.000000,520.606018,0.285049,0.092139
123.000000,520.606018,0.296469,0.105624
124.000000,520.606018,0.299981,0.139066
125.000000,520.606018,0.295485,0.167491
126.000000,520.606018,0.283100,0.177686
127.000000,520.606018,0.263163,0.194683
128.000000,520.606018,0.236200,0.208818
129.000000,520.606018,0.202931,0.203709
130.000000,520.606018,0.164249,0.206833
131.000000,520.606018,0.121183,0.192685
132.000000,520.606018,0.074880,0.184259
133.000000,520.606018,0.026580,0.175370
134.000000,520.606018,-0.022429,0.138797
135.000000,520.606018,-0.070840,0.116767
136.000000,520.606018,-0.117360,0.099435
137.000000,520.606018,-0.160749,0.054294
138.000000,520.606018,-0.199844,0.021823
139.000000,520.606018,-0.233608,-0.003802
140.000000,520.606018,-0.261139,-0.049510
141.000000,520.606018,-0.281695,-0.074694
142.000000,520.606018,-0.294736,-0.101029
143.000000,520.606018,-0.299913,-0.135445
144.000000,520.606018,-0.297078,-0.158051
145.000000,520.606018,-0.286318,-0.173084
146.000000,520.606018,-0.267920,-0.199644
147.000000,520.606018,-0.242363,-0.198666
148.000000,520.606018,-0.210342,-0.210525
149.000000,520.606018,-0.172710,-0.212089
150.000000,520.606018,-0.130462,-0.198245
151.000000,520.606018,-0.084735,-0.195638
152.000000,520.606018,-0.036747,-0.174204
153.000000,520.606018,0.012222,-0.143777
154.000000,520.606018,0.060865,-0.127436
155.000000,520.606018,0.107886,-0.096854
156.000000,520.606018,0.152023,-0.056991
157.000000,520.606018,0.192105,-0.037930
158.000000,520.606018,0.227062,0.001800
159.000000,520.606018,0.255953,0.044814
160.000000,520.606018,0.278015,0.063872
161.000000,520.606018,0.292662,0.100743
162.000000,520.606018,0.299490,0.128469
163.000000,520.606018,0.298327,0.149088
164.000000,520.606018,0.289206,0.176804
165.000000,520.606018,0.272360,0.180966
166.000000,520.606018,0.248247,0.200700
167.000000,520.606018,0.217511,0.210253
168.000000,520.606018,0.180966,0.201141
169.000000,520.606018,0.139591,0.195690
170.000000,520.606018,0.094493,0.194090
171.000000,520.606018,0.046871,0.170681
172.000000,520.606018,-0.002002,0.154794
173.000000,520.606018,-0.050821,0.136465
174.000000,520.606018,-0.098283,0.100332
175.000000,520.606018,-0.143122,0.071719
176.000000,520.606018,-0.184143,0.045815
177.000000,520.606018,-0.220248,0.003248
178.000000,520.606018,-0.250472,-0.029660
179.000000,520.606018,-0.274015,-0.067690
180.000000,520.606018,-0.290243,-0.095413
181.000000,520.606018,-0.298722,-0.120031
182.000000,520.606018,-0.299232,-0.153459
183.000000,520.606018,-0.291754,-0.167624
184.000000,520.606018,-0.276486,-0.177805
185.000000,520.606018,-0.253843,-0.203643
186.000000,520.606018,-0.224424,-0.205807
187.000000,520.606018,-0.189012,-0.198401
188.000000,520.606018,-0.148559,-0.207506
189.000000,520.606018,-0.104140,-0.195800
190.000000,520.606018,-0.056940,-0.173094
191.000000,520.606018,-0.008221,-0.163469
0.000000,543.706970,0.003966,-0.156461
1.000000,543.706970,0.054898,-0.129600
2.000000,543.706970,0.104232,-0.094598
3.000000,543.706970,0.150531,-0.073535
4.000000,543.706970,0.192450,-0.036233
5.000000,543.706970,0.228766,0.003494
6.000000,543.706970,0.258425,0.028841
7.000000,543.706970,0.280562,0.065281
8.000000,543.706970,0.294534,0.095170
9.000000,543.706970,0.299933,0.123778
10.000000,543.706970,0.296603,0.158926
11.000000,543.706970,0.284641,0.167252
12.000000,543.706970,0.264394,0.191834
13.000000,543.706970,0.236452,0.207817
14.000000,543.706970,0.201626,0.202996
15.000000,543.706970,0.160931,0.205554
16.000000,543.706970,0.115553,0.205524
17.000000,543.706970,0.066812,0.176831
18.000000,543.706970,0.016127,0.162514
19.000000,543.706970,-0.035027,0.150904
20.000000,543.706970,-0.085162,0.109626
21.000000,543.706970,-0.132819,0.087589
22.000000,543.706970,-0.176609,0.054112
23.000000,543.706970,-0.215260,0.011111
24.000000,543.706970,-0.247647,-0.017221
25.000000,543.706970,-0.272825,-0.059102
26.000000,543.706970,-0.290063,-0.082401
27.000000,543.706970,-0.298856,-0.113742
28.000000,543.706970,-0.298951,-0.147595
29.000000,543.706970,-0.290345,-0.165338
30.000000,543.706970,-0.273289,-0.175377
31.000000,543.706970,-0.248279,-0.199641
32.000000,543.706970,-0.216043,-0.204090
33.000000,543.706970,-0.177519,-0.197543
34.000000,543.706970,-0.133829,-0.204505
35.000000,543.706970,-0.086243,-0.191367
36.000000,543.706970,-0.036147,-0.165659
37.000000,543.706970,0.015001,-0.150888
38.000000,543.706970,0.065714,-0.123738
39.000000,543.706970,0.114513,-0.090443
40.000000,543.706970,0.159978,-0.066670
41.000000,543.706970,0.200788,-0.026800
42.000000,543.706970,0.235753,-0.001914
43.000000,543.706970,0.263856,0.035699
44.000000,543.706970,0.284281,0.081715
45.000000,543.706970,0.296431,0.099335
46.000000,543.706970,0.299954,0.133923
47.000000,543.706970,0.294747,0.165350
48.000000,543.706970,0.280961,0.173829
49.000000,543.706970,0.258998,0.180674
50.000000,543.706970,0.229497,0.208384
51.000000,543.706970,0.193315,0.203139
52.000000,543.706970,0.151506,0.205551
53.000000,543.706970,0.105287,0.200949
54.000000,543.706970,0.056005,0.176400
55.000000,543.706970,0.005093,0.161941
56.000000,543.706970,-0.045967,0.139334
57.000000,543.706970,-0.095690,0.108911
58.000000,543.706970,-0.142627,0.081009
59.000000,543.706970,-0.185413,0.038121
60.000000,543.706970,-0.222803,0.005104
61.000000,543.706970,-0.253709,-0.024236
62.000000,543.706970,-0.277232,-0.066955
63.000000,543.706970,-0.292684,-0.092703
64.000000,543.706970,-0.299616,-0.110034
65.000000,543.706970,-0.297827,-0.153887
66.000000,543.706970,-0.287371,-0.170917
67.000000,543.706970,-0.268550,-0.177524
68.000000,543.706970,-0.241914,-0.204501
69.000000,543.706970,-0.208237,-0.205949
70.000000,543.706970,-0.168500,-0.196685
71.000000,543.706970,-0.123858,-0.204359
72.000000,543.706970,-0.075611,-0.186791
73.000000,543.706970,-0.025164,-0.161225
74.000000,543.706970,0.026017,-0.149599
75.000000,543.706970,0.076440,-0.119305
76.000000,543.706970,0.124639,-0.083296
77.000000,543.706970,0.169209,-0.065527
78.000000,543.706970,0.208854,-0.018507
79.000000,543.706970,0.242420,0.007947
80.000000,543.706970,0.268930,0.047283
81.000000,543.706970,0.287614,0.088295
82.000000,543.706970,0.297927,0.102622
83.000000,543.706970,0.299568,0.137071
84.000000,543.706970,0.292491,0.166639
85.000000,543.706970,0.276901,0.177831
86.000000,543.706970,0.253252,0.197261
87.000000,543.706970,0.222232,0.210958
88.000000,543.706970,0.184742,0.185694
89.000000,543.706970,0.141875,0.201406
90.000000,543.706970,0.094879,0.204382
91.000000,543.706970,0.045122,0.174829
92.000000,543.706970,-0.005948,0.156941
93.000000,543.706970,-0.056845,0.135464
94.000000,543.706970,-0.106087,0.094471
95.000000,543.706970,-0.152242,0.070575
96.000000,543.706970,-0.193966,0.037532
97.000000,543.706970,-0.230045,-0.002331
98.000000,543.706970,-0.259429,-0.029805
99.000000,543.706970,-0.281262,-0.071391
100.000000,543.706970,-0.294909,-0.101135
101.000000,543.706970,-0.299970,-0.121323
102.000000,543.706970,-0.296300,-0.159317
103.000000,543.706970,-0.284007,-0.172773
104.000000,543.706970,-0.263448,-0.179237
105.000000,543.706970,-0.235222,-0.199498
106.000000,543.706970,-0.200150,-0.205807
107.000000,543.706970,-0.159253,-0.200687
108.000000,543.706970,-0.113720,-0.202788
109.000000,543.706970,-0.064877,-0.183790
110.000000,543.706970,-0.014146,-0.157365
111.000000,543.706970,0.036997,-0.145597
112.000000,543.706970,0.087064,-0.112728
113.000000,543.706970,0.134596,-0.075576
114.000000,543.706970,0.178210,-0.052373
115.000000,543.706970,0.216637,-0.014789
116.000000,543.706970,0.248759,0.017953
117.000000,543.706970,0.273640,0.049714
118.000000,543.706970,0.290558,0.091012
119.000000,543.706970,0.299019,0.111913
120.000000,543.706970,0.298777,0.139503
121.000000,543.706970,0.289840,0.172789
122.000000,543.706970,0.272466,0.178547
123.000000,543.706970,0.247163,0.195548
124.000000,543.706970,0.214666,0.212390
125.000000,543.706970,0.175919,0.192702
126.000000,543.706970,0.132052,0.252584
127.000000,543.706970,0.084342,0.196946
128.000000,543.706970,0.034178,0.158104
129.000000,543.706970,-0.016981,0.141928
130.000000,543.706970,-0.067646,0.126743
131.000000,543.706970,-0.116341,0.083892
132.000000,543.706970,-0.161651,0.058137
133.000000,543.706970,-0.202256,0.029944
134.000000,543.706970,-0.236975,-0.015482
135.000000,543.706970,-0.264797,-0.042383
136.000000,543.706970,-0.284912,-0.076709
137.000000,543.706970,-0.296734,-0.108706
138.000000,543.706970,-0.299917,-0.129318
139.000000,543.706970,-0.294372,-0.164764
140.000000,543.706970,-0.280259,-0.184634
141.000000,543.706970,-0.257990,-0.183948
142.000000,543.706970,-0.228211,-0.207076
143.000000,543.706970,-0.191791,-0.207947
144.000000,543.706970,-0.149789,-0.194965
145.000000,543.706970,-0.103428,-0.199641
146.000000,543.706970,-0.054056,-0.181212
147.000000,543.706970,-0.003110,-0.153217
148.000000,543.706970,0.047927,-0.139732
149.000000,543.706970,0.097569,-0.109007
150.000000,543.706970,0.144370,-0.068859
151.000000,543.706970,0.186969,-0.048794
152.000000,543.706970,0.224126,-0.006635
153.000000,543.706970,0.254760,0.037379
154.000000,543.706970,0.277979,0.055579
155.000000,543.706970,0.293108,0.094594
156.000000,543.706970,0.299706,0.123609
157.000000,543.706970,0.297581,0.147799
158.000000,543.706970,0.286795,0.173087
159.000000,543.706970,0.267662,0.179395
160.000000,543.706970,0.240739,0.197125
161.000000,543.706970,0.206809,0.210538
162.000000,543.706970,0.166858,0.197708
163.000000,543.706970,0.122050,0.198407
164.000000,543.706970,0.073691,0.191801
165.000000,543.706970,0.023187,0.161961
166.000000,543.706970,-0.027991,0.141640
167.000000,543.706970,-0.078355,0.123881
168.000000,543.706970,-0.126438,0.087467
169.000000,543.706970,-0.170841,0.051845
170.000000,543.706970,-0.210272,0.020508
171.000000,543.706970,-0.243583,-0.019773
172.000000,543.706970,-0.269806,-0.053105
173.000000,543.706970,-0.288176,-0.082706
174.000000,543.706970,-0.298157,-0.111572
175.000000,543.706970,-0.299459,-0.134901
176.000000,543.706970,-0.292045,-0.170762
177.000000,543.706970,-0.276131,-0.183210
178.000000,543.706970,-0.252181,-0.188958
179.000000,543.706970,-0.220892,-0.211078
180.000000,543.706970,-0.183173,-0.207235
181.000000,543.706970,-0.140123,-0.197397
182.000000,543.706970,-0.092995,-0.195353
0.000000,567.833008,0.047525,-0.138894
1.000000,567.833008,0.099330,-0.103315
2.000000,567.833008,0.147986,-0.080397
3.000000,567.833008,0.191940,-0.041955
4.000000,567.833008,0.229808,-0.008928
5.000000,567.833008,0.260377,0.028410
6.000000,567.833008,0.282686,0.064134
7.000000,567.833008,0.296020,0.089037
8.000000,567.833008,0.299960,0.125060
9.000000,567.833008,0.294380,0.160062
10.000000,567.833008,0.279456,0.171397
11.000000,567.833008,0.255664,0.186681
12.000000,567.833008,0.223755,0.209385
13.000000,567.833008,0.184748,0.200279
14.000000,567.833008,0.139873,0.200690
15.000000,567.833008,0.090563,0.196373
16.000000,567.833008,0.038375,0.169823
17.000000,567.833008,-0.015030,0.149218
18.000000,567.833008,-0.067957,0.132323
19.000000,567.833008,-0.118728,0.091612
20.000000,567.833008,-0.165730,0.063995
21.000000,567.833008,-0.207472,0.040547
22.000000,567.833008,-0.242630,-0.009336
23.000000,567.833008,-0.270086,-0.040388
24.000000,567.833008,-0.288972,-0.083117
25.000000,567.833008,-0.298683,-0.109859
26.000000,567.833008,-0.298919,-0.128904
27.000000,567.833008,-0.289662,-0.163896
28.000000,567.833008,-0.271219,-0.182640
29.000000,567.833008,-0.244158,-0.184386
30.000000,567.833008,-0.209357,-0.211078
31.000000,567.833008,-0.167904,-0.203090
32.000000,567.833008,-0.121127,-0.197401
33.000000,567.833008,-0.070503,-0.187345
34.000000,567.833008,-0.017643,-0.166915
35.000000,567.833008,0.035778,-0.136203
36.000000,567.833008,0.088063,-0.121860
37.000000,567.833008,0.137554,-0.085990
38.000000,567.833008,0.182677,-0.039404
39.000000,567.833008,0.222006,-0.015055
40.000000,567.833008,0.254283,0.024818
41.000000,567.833008,0.278497,0.057842
42.000000,567.833008,0.293863,0.089892
43.000000,567.833008,0.299912,0.124328
44.000000,567.833008,0.296432,0.140795
45.000000,567.833008,0.283552,0.163952
46.000000,567.833008,0.261666,0.196953
47.000000,567.833008,0.231480,0.190130
48.000000,567.833008,0.193945,0.201552
49.000000,567.833008,0.150255,0.212675
50.000000,567.833008,0.101796,0.188268
51.000000,567.833008,0.050106,0.178670
52.000000,567.833008,-0.003174,0.168491
53.000000,567.833008,-0.056354,0.128930
54.000000,567.833008,-0.107746,0.104319
55.000000,567.833008,-0.155715,0.076705
56.000000,567.833008,-0.198747,0.027697
57.000000,567.833008,-0.235465,0.005084
58.000000,567.833008,-0.264716,-0.038228
59.000000,567.833008,-0.285559,-0.071252
60.000000,567.833008,-0.297344,-0.100157
61.000000,567.833008,-0.299688,-0.135726
62.000000,567.833008,-0.292522,-0.156474
63.000000,567.833008,-0.276072,-0.169658
64.000000,567.833008,-0.250859,-0.196781
65.000000,567.833008,-0.217685,-0.199230
66.000000,567.833008,-0.177600,-0.191967
67.000000,567.833008,-0.131882,-0.204216
68.000000,567.833008,-0.081974,-0.186649
69.000000,567.833008,-0.029467,-0.159224
70.000000,567.833008,0.023976,-0.151889
71.000000,567.833008,0.076659,-0.123165
72.000000,567.833008,0.126907,-0.091871
73.000000,567.833008,0.173130,-0.060809
74.000000,567.833008,0.213854,-0.019223
75.000000,567.833008,0.247794,0.014103
76.000000,567.833008,0.273868,0.045136
77.000000,567.833008,0.291250,0.087719
78.000000,567.833008,0.299389,0.108772
79.000000,567.833008,0.298023,0.144503
80.000000,567.833008,0.287203,0.173070
81.000000,567.833008,0.267261,0.179405
82.000000,567.833008,0.238844,0.195402
83.000000,567.833008,0.202839,0.210385
84.000000,567.833008,0.160403,0.177967
85.000000,567.833008,0.112871,0.195114
86.000000,567.833008,0.061759,0.196234
87.000000,567.833008,0.008686,0.160244
88.000000,567.833008,-0.044663,0.142641
89.000000,567.833008,-0.096593,0.110882
90.000000,567.833008,-0.145458,0.076596
91.000000,567.833008,-0.189707,0.047263
92.000000,567.833008,-0.227934,0.003381
93.000000,567.833008,-0.258928,-0.030359
94.000000,567.833008,-0.281701,-0.055265
95.000000,567.833008,-0.295539,-0.099551
96.000000,567.833008,-0.299989,-0.125733
97.000000,567.833008,-0.294928,-0.143492
98.000000,567.833008,-0.280495,-0.174476
99.000000,567.833008,-0.257168,-0.189362
100.000000,567.833008,-0.225673,-0.190108
101.000000,567.833008,-0.187020,-0.209365
102.000000,567.833008,-0.142428,-0.201377
103.000000,567.833008,-0.093318,-0.181815
104.000000,567.833008,-0.041245,-0.181914
105.000000,567.833008,0.012137,-0.154910
106.000000,567.833008,0.065134,-0.130895
107.000000,567.833008,0.116063,-0.102848
108.000000,567.833008,0.163310,-0.060262
109.000000,567.833008,0.205370,-0.041939
110.000000,567.833008,0.240919,0.004527
111.000000,567.833008,0.268812,0.050682
112.000000,567.833008,0.288183,0.073458
113.000000,567.833008,0.298398,0.103324
114.000000,567.833008,0.299150,0.140186
115.000000,567.833008,0.290402,0.154237
116.000000,567.833008,0.272441,0.182102
117.000000,567.833008,0.245830,0.201234
118.000000,567.833008,0.211419,0.199849
119.000000,567.833008,0.170297,0.203977
120.000000,567.833008,0.123769,0.200810
121.000000,567.833008,0.073315,0.184548
122.000000,567.833008,0.020532,0.168799
123.000000,567.833008,-0.032902,0.138356
124.000000,567.833008,-0.085290,0.114626
125.000000,567.833008,-0.134975,0.087576
126.000000,567.833008,-0.180371,0.042859
127.000000,567.833008,-0.220048,0.011247
128.000000,567.833008,-0.252735,-0.013663
129.000000,567.833008,-0.277405,-0.060805
130.000000,567.833008,-0.293268,-0.087129
131.000000,567.833008,-0.299825,-0.112466
132.000000,567.833008,-0.296865,-0.149599
133.000000,567.833008,-0.284482,-0.164917
134.000000,567.833008,-0.263073,-0.176954
135.000000,567.833008,-0.233310,-0.201360
136.000000,567.833008,-0.196147,-0.201092
137.000000,567.833008,-0.152753,-0.200684
138.000000,567.833008,-0.104516,-0.196500
139.000000,567.833008,-0.052958,-0.180363
140.000000,567.833008,0.000279,-0.156623
141.000000,567.833008,0.053507,-0.137310
142.000000,567.833008,0.105038,-0.100300
143.000000,567.833008,0.153234,-0.079820
144.000000,567.833008,0.196567,-0.036366
145.000000,567.833008,0.233661,0.007069
146.000000,567.833008,0.263339,0.026127
147.000000,567.833008,0.284660,0.066861
148.000000,567.833008,0.296943,0.109010
149.000000,567.833008,0.299807,0.124785
150.000000,567.833008,0.293149,0.154221
151.000000,567.833008,0.277195,0.183077
152.000000,567.833008,0.252434,0.187553
153.000000,567.833008,0.219669,0.197831
154.000000,567.833008,0.179925,0.202244
155.000000,567.833008,0.134476,0.193699
156.000000,567.833008,0.084756,0.190531
157.000000,567.833008,0.032347,0.167381
158.000000,567.833008,-0.021089,0.146083
159.000000,567.833008,-0.073855,0.130898
160.000000,567.833008,-0.124278,0.087897
161.000000,567.833008,-0.170755,0.059572
162.000000,567.833008,-0.211815,0.030517
163.000000,567.833008,-0.246149,-0.016052
164.000000,567.833008,-0.272676,-0.045239
165.000000,567.833008,-0.290541,-0.071003
166.000000,567.833008,-0.299193,-0.118855
167.000000,567.833008,-0.298340,-0.141896
168.000000,567.833008,-0.288026,-0.156650
169.000000,567.833008,-0.268565,-0.195353
170.000000,567.833008,-0.240584,-0.194230
171.000000,567.833008,-0.204964,-0.199959
172.000000,567.833008,-0.162841,-0.205366
173.000000,567.833008,-0.115549,-0.193663
174.000000,567.833008,-0.064589,-0.189498
175.000000,567.833008,-0.011580,-0.167909
0.000000,593.028992,0.020894,-0.144927
1.000000,593.028992,0.075966,-0.130866
2.000000,593.028992,0.128410,-0.095999
3.000000,593.028992,0.176407,-0.050699
4.000000,593.028992,0.218299,-0.023633
5.000000,593.028992,0.252636,0.020246
6.000000,593.028992,0.278232,0.051255
7.000000,593.028992,0.294199,0.079455
8.000000,593.028992,0.299980,0.118755
9.000000,593.028992,0.295379,0.136209
10.000000,593.028992,0.280556,0.163955
11.000000,593.028992,0.256024,0.192095
12.000000,593.028992,0.222633,0.192702
13.000000,593.028992,0.181535,0.199265
14.000000,593.028992,0.134153,0.210677
15.000000,593.028992,0.082128,0.181264
16.000000,593.028992,0.027262,0.171095
17.000000,593.028992,-0.028548,0.155337
18.000000,593.028992,-0.083371,0.113062
19.000000,593.028992,-0.135307,0.092453
20.000000,593.028992,-0.182560,0.065831
21.000000,593.028992,-0.223494,0.012827
22.000000,593.028992,-0.256695,-0.020362
23.000000,593.028992,-0.281013,-0.055974
24.000000,593.028992,-0.295606,-0.090837
25.000000,593.028992,-0.299963,-0.115883
26.000000,593.028992,-0.293939,-0.150176
27.000000,593.028992,-0.277745,-0.169910
28.000000,593.028992,-0.251938,-0.178375
29.000000,593.028992,-0.217414,-0.201927
30.000000,593.028992,-0.175361,-0.200658
31.000000,593.028992,-0.127239,-0.186960
32.000000,593.028992,-0.074715,-0.188919
33.000000,593.028992,-0.019605,-0.174923
34.000000,593.028992,0.036183,-0.134918
35.000000,593.028992,0.090721,-0.121860
36.000000,593.028992,0.142116,-0.083130
37.000000,593.028992,0.188593,-0.040262
38.000000,593.028992,0.228544,-0.016055
39.000000,593.028992,0.260586,0.026250
40.000000,593.028992,0.283611,0.064986
41.000000,593.028992,0.296817,0.090608
42.000000,593.028992,0.299749,0.126190
43.000000,593.028992,0.292308,0.143074
44.000000,593.028992,0.274752,0.168531
45.000000,593.028992,0.247688,0.193096
46.000000,593.028992,0.212051,0.186698
47.000000,593.028992,0.169072,0.200697
48.000000,593.028992,0.120243,0.190227
49.000000,593.028992,0.067253,0.181118
50.000000,593.028992,0.011936,0.166662
51.000000,593.028992,-0.043795,0.157054
52.000000,593.028992,-0.098010,0.113775
53.000000,593.028992,-0.148832,0.080585
54.000000,593.028992,-0.194503,0.054393
55.000000,593.028992,-0.233444,0.005680
56.000000,593.028992,-0.264306,-0.026654
57.000000,593.028992,-0.286022,-0.059983
58.000000,593.028992,-0.297834,-0.100986
59.000000,593.028992,-0.299338,-0.130604
60.000000,593.028992,-0.290485,-0.159480
61.000000,593.028992,-0.271579,-0.174055
62.000000,593.028992,-0.243275,-0.180516
63.000000,593.028992,-0.206548,-0.200356
64.000000,593.028992,-0.162673,-0.198365
65.000000,593.028992,-0.113168,-0.183236
66.000000,593.028992,-0.059747,-0.185771
67.000000,593.028992,-0.004259,-0.168343
68.000000,593.028992,0.051378,-0.131627
69.000000,593.028992,0.105236,-0.113709
70.000000,593.028992,0.155451,-0.075407
71.000000,593.028992,0.200286,-0.030683
72.000000,593.028992,0.238191,-0.009332
73.000000,593.028992,0.267854,0.034115
74.000000,593.028992,0.288244,0.077554
75.000000,593.028992,0.298655,0.097616
76.000000,593.028992,0.298732,0.132058
77.000000,593.028992,0.288472,0.161921
78.000000,593.028992,0.268229,0.172967
79.000000,593.028992,0.238702,0.194680
80.000000,593.028992,0.200910,0.186539
81.000000,593.028992,0.156167,0.194554
82.000000,593.028992,0.106019,0.206257
83.000000,593.028992,0.052202,0.175114
84.000000,593.028992,-0.003421,0.161377
85.000000,593.028992,-0.058927,0.142903
86.000000,593.028992,-0.112392,0.100621
87.000000,593.028992,-0.161968,0.068720
88.000000,593.028992,-0.205938,0.040951
89.000000,593.028992,-0.242783,-0.008189
90.000000,593.028992,-0.271226,-0.039378
91.000000,593.028992,-0.290276,-0.063283
92.000000,593.028992,-0.299282,-0.107563
93.000000,593.028992,-0.297931,-0.138178
94.000000,593.028992,-0.286270,-0.157498
95.000000,593.028992,-0.264703,-0.188491
96.000000,593.028992,-0.233971,-0.193663
97.000000,593.028992,-0.195141,-0.204660
98.000000,593.028992,-0.149558,-0.199793
99.000000,593.028992,-0.098800,-0.183090
100.000000,593.028992,-0.044623,-0.182911
101.000000,593.028992,0.011099,-0.153615
102.000000,593.028992,0.066437,-0.123904
103.000000,593.028992,0.119475,-0.167047
104.000000,593.028992,0.168379,-0.064970
105.000000,593.028992,0.211455,-0.011380
106.000000,593.028992,0.247215,0.012973
107.000000,593.028992,0.274417,0.048843
108.000000,593.028992,0.292119,0.090711
109.000000,593.028992,0.299713,0.109626
110.000000,593.028992,0.296935,0.199971
111.000000,593.028992,0.283881,0.165078
112.000000,593.028992,0.261003,0.172679
113.000000,593.028992,0.229087,0.191386
114.000000,593.028992,0.189244,0.188696
115.000000,593.028992,0.142853,0.191549
116.000000,593.028992,0.091517,0.193520
117.000000,593.028992,0.037015,0.168683
118.000000,593.028992,-0.018770,0.147362
119.000000,593.028992,-0.073904,0.124315
120.000000,593.028992,-0.126480,0.089610
121.000000,593.028992,-0.174679,0.054135
122.000000,593.028992,-0.216834,0.033516
123.000000,593.028992,-0.251486,-0.022201
124.000000,593.028992,-0.277429,-0.047386
125.000000,593.028992,-0.293771,-0.078293
126.000000,593.028992,-0.299947,-0.116572
127.000000,593.028992,-0.295744,-0.140186
128.000000,593.028992,-0.281306,-0.167915
129.000000,593.028992,-0.257130,-0.186208
130.000000,593.028992,-0.224053,-0.196241
131.000000,593.028992,-0.183223,-0.202927
132.000000,593.028992,-0.136053,-0.197364
133.000000,593.028992,-0.084174,-0.175804
134.000000,593.028992,-0.029382,-0.182053
135.000000,593.028992,0.026428,-0.151186
136.000000,593.028992,0.081322,-0.109607
137.000000,593.028992,0.133402,-0.092550
138.000000,593.028992,0.180866,-0.056107
139.000000,593.028992,0.222071,-0.011953
140.000000,593.028992,0.255589,0.012542
141.000000,593.028992,0.280259,0.052272
142.000000,593.028992,0.295230,0.093716
143.000000,593.028992,0.299986,0.113914
144.000000,593.028992,0.294360,0.146636
145.000000,593.028992,0.278547,0.164237
146.000000,593.028992,0.253089,0.179968
147.000000,593.028992,0.218872,0.199388
148.000000,593.028992,0.177083,0.192132
149.000000,593.028992,0.129165,0.196552
150.000000,593.028992,0.076776,0.194948
151.000000,593.028992,0.021730,0.156672
152.000000,593.028992,-0.034069,0.143787
153.000000,593.028992,-0.088687,0.126743
154.000000,593.028992,-0.140237,0.084177
155.000000,593.028992,-0.186934,0.053704
156.000000,593.028992,-0.227163,0.020362
157.000000,593.028992,-0.259525,-0.026207
158.000000,593.028992,-0.282906,-0.056822
159.000000,593.028992,-0.296497,-0.088014
160.000000,593.028992,-0.299828,-0.123722
161.000000,593.028992,-0.292783,-0.146905
162.000000,593.028992,-0.275603,-0.175208
163.000000,593.028992,-0.248882,-0.190926
164.000000,593.028992,-0.213549,-0.190237
165.000000,593.028992,-0.170826,-0.205359
166.000000,593.028992,-0.122192,-0.196791
167.000000,593.028992,-0.069328,-0.178379
0.000000,619.343018,0.031383,-0.142638
1.000000,619.343018,0.088476,-0.159493
2.000000,619.343018,0.142230,-0.089565
3.000000,619.343018,0.190618,-0.038967
4.000000,619.343018,0.231811,-0.019335
5.000000,619.343018,0.264254,0.027254
6.000000,619.343018,0.286724,0.063279
7.000000,619.343018,0.298374,0.095757
8.000000,619.343018,0.298765,0.131335
9.000000,619.343018,0.287881,0.144655
10.000000,619.343018,0.266134,0.171244
11.000000,619.343018,0.234342,0.194667
12.000000,619.343018,0.193703,0.193417
13.000000,619.343018,0.145756,0.197407
14.000000,619.343018,0.092308,0.200237
15.000000,619.343018,0.035378,0.170111
16.000000,619.343018,-0.022888,0.152223
17.000000,619.343018,-0.080291,0.136322
18.000000,619.343018,-0.134664,0.087470
19.000000,619.343018,-0.183953,0.062004
20.000000,619.343018,-0.226300,0.028513
21.000000,619.343018,-0.260107,-0.024345
22.000000,619.343018,-0.284099,-0.050958
23.000000,619.343018,-0.297370,-0.082156
24.000000,619.343018,-0.299419,-0.125004
25.000000,619.343018,-0.290166,-0.148188
26.000000,619.343018,-0.269961,-0.161080
27.000000,619.343018,-0.239569,-0.187633
28.000000,619.343018,-0.200136,-0.191370
29.000000,619.343018,-0.153151,-0.198809
30.000000,619.343018,-0.100387,-0.188783
31.000000,619.343018,-0.043833,-0.172362
32.000000,619.343018,0.014375,-0.161325
33.000000,619.343018,0.072041,-0.131449
34.000000,619.343018,0.126987,-0.091871
35.000000,619.343018,0.177141,-0.069383
36.000000,619.343018,0.220610,-0.027075
37.000000,619.343018,0.255755,0.017791
38.000000,619.343018,0.281249,0.044715
39.000000,619.343018,0.296125,0.083590
40.000000,619.343018,0.299825,0.123311
41.000000,619.343018,0.292211,0.140798
42.000000,619.343018,0.273570,0.164800
43.000000,619.343018,0.244606,0.193799
44.000000,619.343018,0.206411,0.189411
45.000000,619.343018,0.160426,0.196403
46.000000,619.343018,0.108384,0.194521
47.000000,619.343018,0.052253,0.175399
48.000000,619.343018,-0.005850,0.161937
49.000000,619.343018,-0.063732,0.134056
50.000000,619.343018,-0.119208,0.099329
51.000000,619.343018,-0.170187,0.074568
52.000000,619.343018,-0.214745,0.028271
53.000000,619.343018,-0.251194,-0.007483
54.000000,619.343018,-0.278164,-0.039540
55.000000,619.343018,-0.294636,-0.079820
56.000000,619.343018,-0.299990,-0.109720
57.000000,619.343018,-0.294024,-0.132340
58.000000,619.343018,-0.276962,-0.167183
59.000000,619.343018,-0.249448,-0.180927
60.000000,619.343018,-0.212516,-0.185817
61.000000,619.343018,-0.167565,-0.204074
62.000000,619.343018,-0.116292,-0.191940
63.000000,619.343018,-0.060630,-0.173094
64.000000,619.343018,-0.002679,-0.165185
65.000000,619.343018,0.055372,-0.137751
66.000000,619.343018,0.111335,-0.103600
67.000000,619.343018,0.163095,-0.074108
68.000000,619.343018,0.208699,-0.037095
69.000000,619.343018,0.246427,-0.001490
70.000000,619.343018,0.274856,0.034987
71.000000,619.343018,0.292913,0.077142
72.000000,619.343018,0.299917,0.103049
73.000000,619.343018,0.295602,0.134354
74.000000,619.343018,0.280127,0.167497
75.000000,619.343018,0.254082,0.173971
76.000000,619.343018,0.218449,0.192543
77.000000,619.343018,0.174572,0.203808
78.000000,619.343018,0.124107,0.188984
79.000000,619.343018,0.068959,0.181102
80.000000,619.343018,0.011207,0.179213
81.000000,619.343018,-0.046967,0.142514
82.000000,619.343018,-0.103369,0.113616
83.000000,619.343018,-0.155869,0.084995
84.000000,619.343018,-0.202487,0.039851
85.000000,619.343018,-0.241465,0.006515
86.000000,619.343018,-0.271331,-0.034948
87.000000,619.343018,-0.290956,-0.074251
88.000000,619.343018,-0.299597,-0.097583
89.000000,619.343018,-0.296933,-0.151740
90.000000,619.343018,-0.283064,-0.159046
91.000000,619.343018,-0.258513,-0.168223
92.000000,619.343018,-0.224207,-0.193349
93.000000,619.343018,-0.181440,-0.192507
94.000000,619.343018,-0.131823,-0.185101
95.000000,619.343018,-0.077231,-0.187918
96.000000,619.343018,-0.019725,-0.169632
97.000000,619.343018,0.038524,-0.138920
98.000000,619.343018,0.095320,-0.123576
99.000000,619.343018,0.148520,-0.085847
100.000000,619.343018,0.196115,-0.043552
101.000000,619.343018,0.236308,-0.015624
102.000000,619.343018,0.267581,0.028254
103.000000,619.343018,0.288756,0.067408
104.000000,619.343018,0.299034,0.093328
105.000000,619.343018,0.298029,0.127336
106.000000,619.343018,0.285776,0.153210
107.000000,619.343018,0.262740,0.175111
108.000000,619.343018,0.229785,0.193245
109.000000,619.343018,0.188157,0.188119
110.000000,619.343018,0.139430,0.192122
111.000000,619.343018,0.085441,0.193524
112.000000,619.343018,0.028228,0.166536
113.000000,619.343018,-0.030051,0.147935
114.000000,619.343018,-0.087196,0.127459
115.000000,619.343018,-0.141050,0.083607
116.000000,619.343018,-0.189580,0.054565
117.000000,619.343018,-0.230955,0.021651
118.000000,619.343018,-0.263615,-0.025919
119.000000,619.343018,-0.286327,-0.056392
120.000000,619.343018,-0.298234,-0.084873
121.000000,619.343018,-0.298888,-0.127151
122.000000,619.343018,-0.288257,-0.146329
123.000000,619.343018,-0.266747,-0.165940
124.000000,619.343018,-0.235172,-0.191924
125.000000,619.343018,-0.194723,-0.195519
126.000000,619.343018,-0.146925,-0.200234
127.000000,619.343018,-0.093583,-0.193928
128.000000,619.343018,-0.036708,-0.169645
129.000000,619.343018,0.021553,-0.159466
130.000000,619.343018,0.078999,-0.127019
131.000000,619.343018,0.133464,-0.089157
132.000000,619.343018,0.182892,-0.063953
133.000000,619.343018,0.225419,-0.020644
134.000000,619.343018,0.259440,0.026081
135.000000,619.343018,0.283671,0.046573
136.000000,619.343018,0.297191,0.084445
137.000000,619.343018,0.299496,0.126598
138.000000,619.343018,0.290500,0.146802
139.000000,619.343018,0.270541,0.164084
140.000000,619.343018,0.240373,0.185519
141.000000,619.343018,0.201134,0.188838
142.000000,619.343018,0.154304,0.200826
143.000000,619.343018,0.101648,0.187685
144.000000,619.343018,0.045158,0.172676
145.000000,619.343018,-0.013037,0.160496
146.000000,619.343018,-0.070739,0.124788
147.000000,619.343018,-0.125772,0.098606
148.000000,619.343018,-0.176060,0.070980
149.000000,619.343018,-0.219703,0.021266
150.000000,619.343018,-0.255052,-0.009207
151.000000,619.343018,-0.280776,-0.035544
152.000000,619.343018,-0.295904,-0.091831
153.000000,619.343018,-0.299866,-0.115157
154.000000,619.343018,-0.292513,-0.134344
155.000000,619.343018,-0.274121,-0.170762
156.000000,619.343018,-0.245382,-0.181361
157.000000,619.343018,-0.207380,-0.195529
158.000000,619.343018,-0.161554,-0.200790
159.000000,619.343018,-0.109631,-0.192374
160.000000,619.343018,-0.053571,-0.188070
0.000000,646.825012,0.024277,-0.150620
1.000000,646.825012,0.084122,-0.122469
2.000000,646.825012,0.140504,-0.105562
3.000000,646.825012,0.191104,-0.058115
4.000000,646.825012,0.233842,-0.026360
5.000000,646.825012,0.266954,0.019113
6.000000,646.825012,0.289087,0.069704
7.000000,646.825012,0.299314,0.088898
8.000000,646.825012,0.297234,0.123055
9.000000,646.825012,0.282914,0.160059
10.000000,646.825012,0.256958,0.170681
11.000000,646.825012,0.220425,0.188110
12.000000,646.825012,0.174822,0.201091
13.000000,646.825012,0.122026,0.182980
14.000000,646.825012,0.064206,0.182102
15.000000,646.825012,0.003746,0.177358
16.000000,646.825012,-0.056868,0.138366
17.000000,646.825012,-0.115144,0.116187
18.000000,646.825012,-0.168679,0.076566
19.000000,646.825012,-0.215274,0.035702
20.000000,646.825012,-0.253011,-0.004780
21.000000,646.825012,-0.280334,-0.047522
22.000000,646.825012,-0.296126,-0.077687
23.000000,646.825012,-0.299725,-0.102735
24.000000,646.825012,-0.290999,-0.142592
25.000000,646.825012,-0.270289,-0.160908
26.000000,646.825012,-0.238463,-0.175377
27.000000,646.825012,-0.196820,-0.192636
28.000000,646.825012,-0.147080,-0.193653
29.000000,646.825012,-0.091287,-0.179671
30.000000,646.825012,-0.031737,-0.175480
31.000000,646.825012,0.029119,-0.149904
32.000000,646.825012,0.088775,-0.116615
33.000000,646.825012,0.144782,-0.093408
34.000000,646.825012,0.194825,-0.056110
35.000000,646.825012,0.236856,-0.017225
36.000000,646.825012,0.269137,0.017688
37.000000,646.825012,0.290344,0.064850
38.000000,646.825012,0.299605,0.093036
39.000000,646.825012,0.296533,0.126206
40.000000,646.825012,0.281264,0.159350
41.000000,646.825012,0.254414,0.169969
42.000000,646.825012,0.217101,0.186681
43.000000,646.825012,0.170849,0.203096
44.000000,646.825012,0.117569,0.187268
45.000000,646.825012,0.059451,0.183819
46.000000,646.825012,-0.001114,0.170350
47.000000,646.825012,-0.061634,0.133648
48.000000,646.825012,-0.119615,0.112042
49.000000,646.825012,-0.172678,0.075986
50.000000,646.825012,-0.218630,0.033844
51.000000,646.825012,-0.255591,0.000081
52.000000,646.825012,-0.282028,-0.045385
53.000000,646.825012,-0.296864,-0.085403
54.000000,646.825012,-0.299482,-0.106446
55.000000,646.825012,-0.289775,-0.150457
56.000000,646.825012,-0.268147,-0.167196
57.000000,646.825012,-0.235480,-0.172087
58.000000,646.825012,-0.193129,-0.195638
59.000000,646.825012,-0.142823,-0.194939
60.000000,646.825012,-0.086645,-0.177239
61.000000,646.825012,-0.026900,-0.174048
62.000000,646.825012,0.033952,-0.149616
63.000000,646.825012,0.093407,-0.092013
64.000000,646.825012,0.149017,-0.093836
65.000000,646.825012,0.198498,-0.056680
66.000000,646.825012,0.239806,-0.011665
67.000000,646.825012,0.271252,0.019262
68.000000,646.825012,0.291528,0.062995
69.000000,646.825012,0.299814,0.102304
70.000000,646.825012,0.295758,0.123923
71.000000,646.825012,0.279534,0.157501
72.000000,646.825012,0.251807,0.166815
73.000000,646.825012,0.213715,0.187404
74.000000,646.825012,0.166833,0.200243
75.000000,646.825012,0.113081,0.184697
76.000000,646.825012,0.054679,0.180966
77.000000,646.825012,-0.005975,0.168352
78.000000,646.825012,-0.066382,0.127648
79.000000,646.825012,-0.124057,0.103036
80.000000,646.825012,-0.176628,0.077699
81.000000,646.825012,-0.221932,0.027555
82.000000,646.825012,-0.258099,-0.002914
83.000000,646.825012,-0.283652,-0.036545
84.000000,646.825012,-0.297523,-0.087690
85.000000,646.825012,-0.299160,-0.115303
86.000000,646.825012,-0.288479,-0.142346
87.000000,646.825012,-0.265931,-0.169476
88.000000,646.825012,-0.232439,-0.182795
89.000000,646.825012,-0.189381,-0.197652
90.000000,646.825012,-0.138532,-0.192070
91.000000,646.825012,-0.081980,-0.178515
92.000000,646.825012,-0.022056,-0.177478
93.000000,646.825012,0.038777,-0.160049
94.000000,646.825012,0.098014,-0.113179
95.000000,646.825012,0.153216,-0.087113
96.000000,646.825012,0.202115,-0.049526
97.000000,646.825012,0.242696,-0.006662
98.000000,646.825012,0.273289,0.022409
99.000000,646.825012,0.292640,0.066858
100.000000,646.825012,0.299942,0.108725
101.000000,646.825012,0.294909,0.128072
102.000000,646.825012,0.277732,0.159081
103.000000,646.825012,0.249132,0.182364
104.000000,646.825012,0.210277,0.191559
105.000000,646.825012,0.162770,0.195253
106.000000,646.825012,0.108565,0.183666
107.000000,646.825012,0.049892,0.173395
108.000000,646.825012,-0.010833,0.166079
109.000000,646.825012,-0.071113,0.127926
110.000000,646.825012,-0.128468,0.100611
111.000000,646.825012,-0.180533,0.078707
112.000000,646.825012,-0.225172,0.021840
113.000000,646.825012,-0.260543,-0.011489
114.000000,646.825012,-0.285193,-0.039116
115.000000,646.825012,-0.298110,-0.093402
116.000000,646.825012,-0.298754,-0.118729
117.000000,646.825012,-0.287112,-0.134772
118.000000,646.825012,-0.263645,-0.171616
119.000000,646.825012,-0.229337,-0.184790
120.000000,646.825012,-0.185587,-0.183246
121.000000,646.825012,-0.134202,-0.195784
122.000000,646.825012,-0.077294,-0.184790
123.000000,646.825012,-0.017205,-0.163227
124.000000,646.825012,0.043592,-0.152316
125.000000,646.825012,0.102594,-0.121022
126.000000,646.825012,0.157378,-0.083720
127.000000,646.825012,0.205679,-0.050371
128.000000,646.825012,0.245523,-0.000062
129.000000,646.825012,0.275258,0.024109
130.000000,646.825012,0.293669,0.063869
131.000000,646.825012,0.299995,0.109597
132.000000,646.825012,0.293975,0.126074
133.000000,646.825012,0.275861,0.156517
134.000000,646.825012,0.246389,0.184654
135.000000,646.825012,0.206785,0.186840
136.000000,646.825012,0.158665,0.190256
137.000000,646.825012,0.104020,0.196804
138.000000,646.825012,0.045093,0.172540
139.000000,646.825012,-0.015689,0.161517
140.000000,646.825012,-0.075826,0.141753
141.000000,646.825012,-0.132842,0.093471
142.000000,646.825012,-0.184394,0.064714
143.000000,646.825012,-0.228353,0.030229
144.000000,646.825012,-0.262921,-0.018341
145.000000,646.825012,-0.286663,-0.054248
146.000000,646.825012,-0.298615,-0.090870
147.000000,646.825012,-0.298274,-0.126724
148.000000,646.825012,-0.285661,-0.146047
149.000000,646.825012,-0.261294,-0.170496
150.000000,646.825012,-0.226171,-0.186636
151.000000,646.825012,-0.181746,-0.188090
152.000000,646.825012,-0.129836,-0.198786
153.000000,646.825012,-0.072588,-0.186212
0.000000,675.526001,0.061153,-0.142164
1.000000,675.526001,0.121645,-0.109150
2.000000,675.526001,0.176676,-0.063568
3.000000,675.526001,0.223780,-0.038211
4.000000,675.526001,0.260847,0.007380
5.000000,675.526001,0.286205,0.054821
6.000000,675.526001,0.298721,0.079462
7.000000,675.526001,0.297837,0.116333
8.000000,675.526001,0.283590,0.154622
9.000000,675.526001,0.256612,0.164389
10.000000,675.526001,0.218124,0.181244
11.000000,675.526001,0.169851,0.145040
12.000000,675.526001,0.113953,0.183262
13.000000,675.526001,0.052943,0.188534
14.000000,675.526001,-0.010442,0.166513
15.000000,675.526001,-0.073359,0.138936
16.000000,675.526001,-0.132983,0.107171
17.000000,675.526001,-0.186641,0.064873
18.000000,675.526001,-0.231928,0.036985
19.000000,675.526001,-0.266802,-0.002795
20.000000,675.526001,-0.289707,-0.052081
21.000000,675.526001,-0.299617,-0.088846
22.000000,675.526001,-0.296078,-0.113182
23.000000,675.526001,-0.279254,-0.152459
24.000000,675.526001,-0.249904,-0.170636
25.000000,675.526001,-0.209340,-0.176096
26.000000,675.526001,-0.159380,-0.192351
27.000000,675.526001,-0.102270,-0.187080
28.000000,675.526001,-0.040572,-0.170513
29.000000,675.526001,0.022947,-0.180480
30.000000,675.526001,0.085436,-0.129176
31.000000,675.526001,0.144092,-0.094853
32.000000,675.526001,0.196283,-0.056097
33.000000,675.526001,0.239664,-0.006791
34.000000,675.526001,0.272294,0.019265
35.000000,675.526001,0.292711,0.059287
36.000000,675.526001,0.299984,0.109587
37.000000,675.526001,0.293801,0.122784
38.000000,675.526001,0.274439,0.153223
39.000000,675.526001,0.242759,0.179644
40.000000,675.526001,0.200186,0.183550
41.000000,675.526001,0.148633,0.190538
42.000000,675.526001,0.090411,0.191512
43.000000,675.526001,0.028130,0.167964
44.000000,675.526001,-0.035411,0.150788
45.000000,675.526001,-0.097365,0.126607
46.000000,675.526001,-0.154949,0.083888
47.000000,675.526001,-0.205579,0.058416
48.000000,675.526001,-0.246988,0.007102
49.000000,675.526001,-0.277315,-0.030216
50.000000,675.526001,-0.295194,-0.046829
51.000000,675.526001,-0.299831,-0.108988
52.000000,675.526001,-0.291019,-0.137313
53.000000,675.526001,-0.269140,-0.152929
54.000000,675.526001,-0.235189,-0.182484
55.000000,675.526001,-0.190688,-0.189078
56.000000,675.526001,-0.137627,-0.180814
57.000000,675.526001,-0.078392,-0.190778
58.000000,675.526001,-0.015640,-0.170778
59.000000,675.526001,0.047815,-0.136919
60.000000,675.526001,0.109123,-0.120574
61.000000,675.526001,0.165535,-0.081129
62.000000,675.526001,0.214522,-0.037969
63.000000,675.526001,0.253880,-0.005761
64.000000,675.526001,0.281846,0.038830
65.000000,675.526001,0.297169,0.068428
66.000000,675.526001,0.299158,0.103762
67.000000,675.526001,0.287720,0.143628
68.000000,675.526001,0.263375,0.156812
69.000000,675.526001,0.227215,0.177964
70.000000,675.526001,0.180854,0.196380
71.000000,675.526001,0.126380,0.185840
72.000000,675.526001,0.066238,0.170095
73.000000,675.526001,0.003122,0.173786
74.000000,675.526001,-0.060134,0.136226
75.000000,675.526001,-0.120692,0.110329
76.000000,675.526001,-0.175836,0.081274
77.000000,675.526001,-0.223086,0.029987
78.000000,675.526001,-0.260328,-0.001344
79.000000,675.526001,-0.285893,-0.033543
80.000000,675.526001,-0.298625,-0.084257
81.000000,675.526001,-0.297958,-0.112728
82.000000,675.526001,-0.283925,-0.139629
83.000000,675.526001,-0.257153,-0.172335
84.000000,675.526001,-0.218837,-0.179648
85.000000,675.526001,-0.170706,-0.189362
86.000000,675.526001,-0.114916,-0.189783
87.000000,675.526001,-0.053967,-0.172223
88.000000,675.526001,0.009402,-0.164181
89.000000,675.526001,0.072350,-0.138456
90.000000,675.526001,0.132051,-0.095164
91.000000,675.526001,0.185825,-0.071815
92.000000,675.526001,0.231264,-0.026505
93.000000,675.526001,0.266328,0.020362
94.000000,675.526001,0.289435,0.049290
95.000000,675.526001,0.299559,0.090164
96.000000,675.526001,0.296246,0.128456
97.000000,675.526001,0.279635,0.144943
98.000000,675.526001,0.250476,0.172378
99.000000,675.526001,0.210083,0.188802
100.000000,675.526001,0.160262,0.175827
101.000000,675.526001,0.103248,0.189246
102.000000,675.526001,0.041603,0.171665
103.000000,675.526001,-0.021909,0.153376
104.000000,675.526001,-0.084438,0.134762
105.000000,675.526001,-0.143177,0.091327
106.000000,675.526001,-0.195494,0.058286
107.000000,675.526001,-0.239039,0.026230
108.000000,675.526001,-0.271855,-0.025488
109.000000,675.526001,-0.292476,-0.062395
110.000000,675.526001,-0.299978,-0.086874
111.000000,675.526001,-0.294010,-0.128579
112.000000,675.526001,-0.274855,-0.154191
113.000000,675.526001,-0.243370,-0.167802
114.000000,675.526001,-0.200961,-0.189919
115.000000,675.526001,-0.149535,-0.187080
116.000000,675.526001,-0.091402,-0.179379
117.000000,675.526001,-0.029166,-0.176480
118.000000,675.526001,0.034378,-0.151335
119.000000,675.526001,0.096379,-0.126747
120.000000,675.526001,0.154058,-0.089979
121.000000,675.526001,0.204821,-0.045537
122.000000,675.526001,0.246394,-0.021055
123.000000,675.526001,0.276915,0.023831
124.000000,675.526001,0.295010,0.076132
125.000000,675.526001,0.299863,0.095475
126.000000,675.526001,0.291266,0.135351
127.000000,675.526001,0.269603,0.158200
128.000000,675.526001,0.235834,0.172255
129.000000,675.526001,0.191488,0.188968
130.000000,675.526001,0.138552,0.195946
131.000000,675.526001,0.079396,0.181976
132.000000,675.526001,0.016679,0.168233
133.000000,675.526001,-0.046787,0.154910
134.000000,675.526001,-0.108154,0.112774
135.000000,675.526001,-0.164666,0.089879
136.000000,675.526001,-0.213791,0.045533
137.000000,675.526001,-0.253326,0.001817
138.000000,675.526001,-0.281489,-0.035378
139.000000,675.526001,-0.297023,-0.078270
140.000000,675.526001,-0.299233,-0.113858
141.000000,675.526001,-0.288016,-0.137618
142.000000,675.526001,-0.263871,-0.167329
143.000000,675.526001,-0.227890,-0.179635
144.000000,675.526001,-0.181685,-0.179807
145.000000,675.526001,-0.127324,-0.196924
146.000000,675.526001,-0.067251,-0.189932
147.000000,675.526001,-0.004162,-0.157935
0.000000,705.500977,0.017066,-0.152492
1.000000,705.500977,0.082489,-0.136160
2.000000,705.500977,0.143877,-0.095575
3.000000,705.500977,0.198227,-0.065825
4.000000,705.500977,0.242879,-0.029070
5.000000,705.500977,0.275649,0.030097
6.000000,705.500977,0.294934,0.050722
7.000000,705.500977,0.299787,0.096320
8.000000,705.500977,0.289973,0.133897
9.000000,705.500977,0.265974,0.151239
10.000000,705.500977,0.228962,0.173812
11.000000,705.500977,0.180749,0.194229
12.000000,705.500977,0.123694,0.183408
13.000000,705.500977,0.060587,0.178958
14.000000,705.500977,-0.005484,0.169635
15.000000,705.500977,-0.071287,0.134509
16.000000,705.500977,-0.133602,0.107609
17.000000,705.500977,-0.189381,0.077126
18.000000,705.500977,-0.235895,0.026554
19.000000,705.500977,-0.270868,-0.006635
20.000000,705.500977,-0.292590,-0.046829
21.000000,705.500977,-0.299998,-0.092981
22.000000,705.500977,-0.292729,-0.113732
23.000000,705.500977,-0.271138,-0.155616
24.000000,705.500977,-0.236280,-0.174771
25.000000,705.500977,-0.189864,-0.175513
26.000000,705.500977,-0.134159,-0.194638
27.000000,705.500977,-0.071891,-0.183355
28.000000,705.500977,-0.006106,-0.158217
29.000000,705.500977,0.059977,-0.147167
30.000000,705.500977,0.123126,-0.116870
31.000000,705.500977,0.180252,-0.066858
32.000000,705.500977,0.228558,-0.037787
33.000000,705.500977,0.265684,0.006519
34.000000,705.500977,0.289811,0.053820
35.000000,705.500977,0.299760,0.079743
36.000000,705.500977,0.295044,0.119331
37.000000,705.500977,0.275893,0.147770
38.000000,705.500977,0.243245,0.166818
39.000000,705.500977,0.198696,0.180525
40.000000,705.500977,0.144424,0.181678
41.000000,705.500977,0.083088,0.179541
42.000000,705.500977,0.017687,0.175082
43.000000,705.500977,-0.048579,0.146805
44.000000,705.500977,-0.112468,0.117482
45.000000,705.500977,-0.170855,0.089714
46.000000,705.500977,-0.220882,0.037853
47.000000,705.500977,-0.260104,0.000807
48.000000,705.500977,-0.286600,-0.029537
49.000000,705.500977,-0.299075,-0.082826
50.000000,705.500977,-0.296919,-0.109720
51.000000,705.500977,-0.280236,-0.134918
52.000000,705.500977,-0.249844,-0.167902
53.000000,705.500977,-0.207228,-0.178501
54.000000,705.500977,-0.154473,-0.183958
55.000000,705.500977,-0.094161,-0.187491
56.000000,705.500977,-0.029242,-0.170354
57.000000,705.500977,0.037108,-0.149768
58.000000,705.500977,0.101642,-0.127012
59.000000,705.500977,0.161203,-0.086142
60.000000,705.500977,0.212877,-0.055235
61.000000,705.500977,0.254136,-0.018206
62.000000,705.500977,0.282962,0.039815
63.000000,705.500977,0.297945,0.064446
64.000000,705.500977,0.298352,0.143794
65.000000,705.500977,0.284162,0.144758
66.000000,705.500977,0.256070,0.150235
67.000000,705.500977,0.215451,0.173378
68.000000,705.500977,0.164290,0.191940
69.000000,705.500977,0.105092,0.177401
70.000000,705.500977,0.040752,0.172235
71.000000,705.500977,-0.025582,0.160632
72.000000,705.500977,-0.090665,0.116919
73.000000,705.500977,-0.151311,0.095594
74.000000,705.500977,-0.204555,0.054698
75.000000,705.500977,-0.247791,0.010968
76.000000,705.500977,-0.278904,-0.020511
77.000000,705.500977,-0.296372,-0.067674
78.000000,705.500977,-0.299340,-0.101566
79.000000,705.500977,-0.287665,-0.123613
80.000000,705.500977,-0.261915,-0.164181
81.000000,705.500977,-0.223353,-0.174920
82.000000,705.500977,-0.173863,-0.178524
83.000000,705.500977,-0.115867,-0.188776
84.000000,705.500977,-0.052202,-0.175781
85.000000,705.500977,0.014017,-0.155076
86.000000,705.500977,0.079550,-0.142161
87.000000,705.500977,0.141192,-0.099140
88.000000,705.500977,0.195927,-0.053131
89.000000,705.500977,0.241075,-0.028063
90.000000,705.500977,0.274429,0.018102
91.000000,705.500977,0.294356,0.067832
92.000000,705.500977,0.299883,0.089610
93.000000,705.500977,0.290739,0.126481
94.000000,705.500977,0.267371,0.154628
95.000000,705.500977,0.230922,0.169392
96.000000,705.500977,0.183176,0.185244
97.000000,705.500977,0.126469,0.182241
98.000000,705.500977,0.063574,0.177397
99.000000,705.500977,-0.002431,0.166364
100.000000,705.500977,-0.068317,0.132793
101.000000,705.500977,-0.130862,0.103328
102.000000,705.500977,-0.187004,0.076705
103.000000,705.500977,-0.233998,0.023556
104.000000,705.500977,-0.269544,-0.011778
105.000000,705.500977,-0.291903,-0.042833
106.000000,705.500977,-0.299979,-0.092404
107.000000,705.500977,-0.293380,-0.126021
108.000000,705.500977,-0.272427,-0.140636
109.000000,705.500977,-0.238147,-0.175907
110.000000,705.500977,-0.192217,-0.180072
111.000000,705.500977,-0.136882,-0.179671
112.000000,705.500977,-0.074851,-0.182199
113.000000,705.500977,-0.009158,-0.163485
114.000000,705.500977,0.056983,-0.136485
115.000000,705.500977,0.120336,-0.118431
116.000000,705.500977,0.177802,-0.075414
117.000000,705.500977,0.226570,-0.045964
118.000000,705.500977,0.264254,0.001101
119.000000,705.500977,0.289009,0.050835
120.000000,705.500977,0.299626,0.078739
121.000000,705.500977,0.295584,0.114053
122.000000,705.500977,0.277079,0.152773
123.000000,705.500977,0.245018,0.160532
124.000000,705.500977,0.200971,0.180681
125.000000,705.500977,0.147092,0.192801
126.000000,705.500977,0.086017,0.178404
127.000000,705.500977,0.020734,0.224845
128.000000,705.500977,-0.045563,0.157769
129.000000,705.500977,-0.109632,0.107771
130.000000,705.500977,-0.168336,0.075582
131.000000,705.500977,-0.218805,0.044957
132.000000,705.500977,-0.258570,-0.007331
133.000000,705.500977,-0.285684,-0.042237
134.000000,705.500977,-0.298823,-0.074287
135.000000,705.500977,-0.297342,-0.119285
136.000000,705.500977,-0.281314,-0.138897
137.000000,705.500977,-0.251523,-0.163774
138.000000,705.500977,-0.209426,-0.185777
139.000000,705.500977,-0.157082,-0.181513
140.000000,705.500977,-0.097054,-0.191351
0.000000,736.806030,0.019368,-0.153489
1.000000,736.806030,0.087531,-0.137018
2.000000,736.806030,0.151026,-0.100565
3.000000,736.806030,0.206463,-0.052551
4.000000,736.806030,0.250887,-0.020770
5.000000,736.806030,0.281928,0.021820
6.000000,736.806030,0.297931,0.071980
7.000000,736.806030,0.298044,0.096048
8.000000,736.806030,0.282258,0.131060
9.000000,736.806030,0.251417,0.165920
10.000000,736.806030,0.207162,0.171970
11.000000,736.806030,0.151856,0.183819
12.000000,736.806030,0.088452,0.188796
13.000000,736.806030,0.020329,0.165390
14.000000,736.806030,-0.048877,0.150788
15.000000,736.806030,-0.115477,0.123172
16.000000,736.806030,-0.175919,0.075741
17.000000,736.806030,-0.226975,0.048267
18.000000,736.806030,-0.265923,-0.002775
19.000000,736.806030,-0.290686,-0.043225
20.000000,736.806030,-0.299944,-0.075278
21.000000,736.806030,-0.293204,-0.120001
22.000000,736.806030,-0.270824,-0.146322
23.000000,736.806030,-0.233998,-0.159075
24.000000,736.806030,-0.184690,-0.184485
25.000000,736.806030,-0.125528,-0.183644
26.000000,736.806030,-0.059671,-0.163084
27.000000,736.806030,0.009368,-0.165755
28.000000,736.806030,0.077907,-0.136319
29.000000,736.806030,0.142291,-0.089018
30.000000,736.806030,0.199086,-0.067385
31.000000,736.806030,0.245263,-0.023937
32.000000,736.806030,0.278352,0.025663
33.000000,736.806030,0.296595,0.054579
34.000000,736.806030,0.299017,0.097165
35.000000,736.806030,0.285490,0.126339
36.000000,736.806030,0.256735,0.152518
37.000000,736.806030,0.214286,0.177371
38.000000,736.806030,0.160407,0.183119
39.000000,736.806030,0.097968,0.179107
40.000000,736.806030,0.030305,0.179081
41.000000,736.806030,-0.038974,0.146948
42.000000,736.806030,-0.106174,0.115620
43.000000,736.806030,-0.167711,0.093570
44.000000,736.806030,-0.220302,0.045146
45.000000,736.806030,-0.261144,0.007238
46.000000,736.806030,-0.288053,-0.027251
47.000000,736.806030,-0.299596,-0.081252
48.000000,736.806030,-0.295158,-0.110296
49.000000,736.806030,-0.274977,-0.131485
50.000000,736.806030,-0.240129,-0.168045
51.000000,736.806030,-0.192473,-0.178071
52.000000,736.806030,-0.134550,-0.175516
53.000000,736.806030,-0.069449,-0.180771
54.000000,736.806030,-0.000642,-0.164350
55.000000,736.806030,0.068197,-0.140179
56.000000,736.806030,0.133399,-0.109713
57.000000,736.806030,0.191485,-0.064271
58.000000,736.806030,0.239358,-0.035640
59.000000,736.806030,0.274464,0.009958
60.000000,736.806030,0.294931,0.060974
61.000000,736.806030,0.299661,0.081463
62.000000,736.806030,0.288407,0.125769
63.000000,736.806030,0.261770,0.160341
64.000000,736.806030,0.221170,0.169969
65.000000,736.806030,0.168774,0.183961
66.000000,736.806030,0.107375,0.190654
67.000000,736.806030,0.040248,0.169681
68.000000,736.806030,-0.029027,0.156219
69.000000,736.806030,-0.096753,0.130468
70.000000,736.806030,-0.159317,0.090465
71.000000,736.806030,-0.213383,0.057130
72.000000,736.806030,-0.256068,0.007380
73.000000,736.806030,-0.285094,-0.034646
74.000000,736.806030,-0.298914,-0.063698
75.000000,736.806030,-0.296788,-0.110707
76.000000,736.806030,-0.278828,-0.138171
77.000000,736.806030,-0.245996,-0.155073
78.000000,736.806030,-0.200043,-0.181911
79.000000,736.806030,-0.143420,-0.183786
80.000000,736.806030,-0.079148,-0.171948
81.000000,736.806030,-0.010652,-0.168900
82.000000,736.806030,0.058412,-0.144609
83.000000,736.806030,0.124360,-0.103461
84.000000,736.806030,0.183673,-0.081252
85.000000,736.806030,0.233190,-0.037661
86.000000,736.806030,0.270268,0.006492
87.000000,736.806030,0.292930,0.039566
88.000000,736.806030,0.299968,0.083587
89.000000,736.806030,0.291006,0.122747
90.000000,736.806030,0.266516,0.146086
91.000000,736.806030,0.227811,0.172517
92.000000,736.806030,0.176955,0.181817
93.000000,736.806030,0.116661,0.183401
94.000000,736.806030,0.050144,0.182374
95.000000,736.806030,-0.019048,0.151808
96.000000,736.806030,-0.087225,0.129921
97.000000,736.806030,-0.150748,0.109733
98.000000,736.806030,-0.206230,0.055582
99.000000,736.806030,-0.250710,0.018105
100.000000,736.806030,-0.281818,-0.017241
101.000000,736.806030,-0.297894,-0.068810
102.000000,736.806030,-0.298081,-0.099999
103.000000,736.806030,-0.282368,-0.125193
104.000000,736.806030,-0.251592,-0.165898
105.000000,736.806030,-0.207393,-0.175639
106.000000,736.806030,-0.152133,-0.177239
107.000000,736.806030,-0.088758,-0.184916
108.000000,736.806030,-0.020650,-0.167776
109.000000,736.806030,0.048560,-0.143204
110.000000,736.806030,0.115181,-0.125866
111.000000,736.806030,0.175659,-0.082706
112.000000,736.806030,0.226764,-0.047528
113.000000,736.806030,0.265773,-0.004048
114.000000,736.806030,0.290606,0.048545
115.000000,736.806030,0.299938,0.075025
116.000000,736.806030,0.293272,0.114908
117.000000,736.806030,0.270963,0.154201
118.000000,736.806030,0.234201,0.162103
119.000000,736.806030,0.184942,0.179531
120.000000,736.806030,0.125819,0.209683
121.000000,736.806030,0.059986,0.174256
122.000000,736.806030,-0.009047,0.158508
123.000000,736.806030,-0.077597,0.151902
124.000000,736.806030,-0.142009,0.096472
125.000000,736.806030,-0.198847,0.059996
126.000000,736.806030,-0.245076,0.026084
127.000000,736.806030,-0.278231,-0.022775
128.000000,736.806030,-0.296546,-0.058969
129.000000,736.806030,-0.299042,-0.101012
130.000000,736.806030,-0.285589,-0.133016
131.000000,736.806030,-0.256902,-0.153343
132.000000,736.806030,-0.214512,-0.177769
133.000000,736.806030,-0.160678,-0.185781
134.000000,736.806030,-0.098272,-0.149785
0.000000,769.500000,0.003301,-0.156073
1.000000,769.500000,0.075019,-0.142592
2.000000,769.500000,0.142374,-0.104432
3.000000,769.500000,0.201452,-0.059851
4.000000,769.500000,0.248808,-0.030495
5.000000,769.500000,0.281697,0.018387
6.000000,769.500000,0.298207,0.066974
7.000000,769.500000,0.297370,0.092470
8.000000,769.500000,0.279238,0.132200
9.000000,769.500000,0.244870,0.158777
10.000000,769.500000,0.196260,0.168107
11.000000,769.500000,0.136234,0.181238
12.000000,769.500000,0.068287,0.171384
13.000000,769.500000,-0.003631,0.161523
14.000000,769.500000,-0.075338,0.144055
15.000000,769.500000,-0.142664,0.102625
16.000000,769.500000,-0.201696,0.070439
17.000000,769.500000,-0.248993,0.035236
18.000000,769.500000,-0.281810,-0.018484
19.000000,769.500000,-0.298242,-0.058963
20.000000,769.500000,-0.297327,-0.089734
21.000000,769.500000,-0.279117,-0.136015
22.000000,769.500000,-0.244679,-0.155050
23.000000,769.500000,-0.196012,-0.169804
24.000000,769.500000,-0.135940,-0.183485
25.000000,769.500000,-0.067966,-0.175781
26.000000,769.500000,0.003961,-0.152929
27.000000,769.500000,0.075658,-0.139162
28.000000,769.500000,0.142954,-0.103007
29.000000,769.500000,0.201938,-0.069274
30.000000,769.500000,0.249178,-0.030641
31.000000,769.500000,0.281923,0.021810
32.000000,769.500000,0.298276,0.055861
33.000000,769.500000,0.297285,0.097609
34.000000,769.500000,0.278997,0.133042
35.000000,769.500000,0.244487,0.149953
36.000000,769.500000,0.195761,0.170956
37.000000,769.500000,0.135646,0.185939
38.000000,769.500000,0.067644,0.171970
39.000000,769.500000,-0.004291,0.162802
40.000000,769.500000,-0.075978,0.146902
41.000000,769.500000,-0.143244,0.104338
42.000000,769.500000,-0.202182,0.068432
43.000000,769.500000,-0.249364,0.031087
44.000000,769.500000,-0.282036,-0.020773
45.000000,769.500000,-0.298310,-0.059682
46.000000,769.500000,-0.297240,-0.093445
47.000000,769.500000,-0.278876,-0.131585
48.000000,769.500000,-0.244295,-0.156199
49.000000,769.500000,-0.195510,-0.172206
50.000000,769.500000,-0.135353,-0.184350
51.000000,769.500000,-0.067323,-0.169648
52.000000,769.500000,0.004621,-0.167756
53.000000,769.500000,0.076297,-0.137171
54.000000,769.500000,0.143534,-0.095307
55.000000,769.500000,0.202425,-0.071812
56.000000,769.500000,0.249546,-0.029792
57.000000,769.500000,0.282149,0.026369
58.000000,769.500000,0.298345,0.054012
59.000000,769.500000,0.297193,0.095316
60.000000,769.500000,0.278755,0.141040
61.000000,769.500000,0.244103,0.153382
62.000000,769.500000,0.195259,0.168806
63.000000,769.500000,0.135059,0.187364
64.000000,769.500000,0.067001,0.172967
65.000000,769.500000,-0.004951,0.163942
66.000000,769.500000,-0.076617,0.144045
67.000000,769.500000,-0.143825,0.102334
68.000000,769.500000,-0.202668,0.073859
69.000000,769.500000,-0.249728,0.025106
70.000000,769.500000,-0.282263,-0.014054
71.000000,769.500000,-0.298379,-0.055116
72.000000,769.500000,-0.297147,-0.104273
73.000000,769.500000,-0.278634,-0.136740
74.000000,769.500000,-0.243912,-0.153499
75.000000,769.500000,-0.195008,-0.177050
76.000000,769.500000,-0.134764,-0.177925
77.000000,769.500000,-0.066680,-0.167660
78.000000,769.500000,0.005281,-0.165470
79.000000,769.500000,0.076935,-0.135461
80.000000,769.500000,0.144115,-0.095741
81.000000,769.500000,0.202911,-0.072246
82.000000,769.500000,0.249910,-0.030799
83.000000,769.500000,0.282376,0.020796
84.000000,769.500000,0.298414,0.060586
85.000000,769.500000,0.297100,0.100455
86.000000,769.500000,0.278513,0.127048
87.000000,769.500000,0.243720,0.151374
88.000000,769.500000,0.194756,0.176801
89.000000,769.500000,0.134468,0.171536
90.000000,769.500000,0.066358,0.174962
91.000000,769.500000,-0.005611,0.168786
92.000000,769.500000,-0.077254,0.131793
93.000000,769.500000,-0.144405,0.109901
94.000000,769.500000,-0.203155,0.076699
95.000000,769.500000,-0.250092,0.022413
96.000000,769.500000,-0.282488,-0.020787
97.000000,769.500000,-0.298448,-0.048840
98.000000,769.500000,-0.297054,-0.101983
99.000000,769.500000,-0.278388,-0.128168
100.000000,769.500000,-0.243528,-0.148214
101.000000,769.500000,-0.194505,-0.176338
102.000000,769.500000,-0.134173,-0.178786
103.000000,769.500000,-0.066036,-0.174519
104.000000,769.500000,0.005941,-0.165901
105.000000,769.500000,0.077573,-0.137611
106.000000,769.500000,0.144695,-0.115727
107.000000,769.500000,0.203398,-0.072253
108.000000,769.500000,0.250273,-0.019517
109.000000,769.500000,0.282597,0.012546
110.000000,769.500000,0.298482,0.059860
111.000000,769.500000,0.297008,0.107728
112.000000,769.500000,0.278264,0.128075
113.000000,769.500000,0.243336,0.154367
114.000000,769.500000,0.194254,0.178358
115.000000,769.500000,0.133877,0.222287
116.000000,769.500000,0.065715,0.178527
117.000000,769.500000,-0.006271,0.160486
118.000000,769.500000,-0.077891,0.126501
119.000000,769.500000,-0.144983,0.099604
120.000000,769.500000,-0.203641,0.069983
121.000000,769.500000,-0.250455,0.020551
122.000000,769.500000,-0.282707,-0.017934
123.000000,769.500000,-0.298517,-0.062114
124.000000,769.500000,-0.296961,-0.103706
125.000000,769.500000,-0.278139,-0.134328
126.000000,769.500000,-0.243145,-0.167475
127.000000,769.500000,-0.194002,-0.176202
128.000000,769.500000,-0.133581,-0.172514
0.000000,803.645020,0.042795,-0.143910
1.000000,803.645020,0.115610,-0.129007
2.000000,803.645020,0.181096,-0.086984
3.000000,803.645020,0.235098,-0.037399
4.000000,803.645020,0.274198,-0.002040
5.000000,803.645020,0.295905,0.043555
6.000000,803.645020,0.298859,0.090280
7.000000,803.645020,0.282857,0.115776
8.000000,803.645020,0.248924,0.149502
9.000000,803.645020,0.199208,0.174926
10.000000,803.645020,0.136859,0.171824
11.000000,803.645020,0.065836,0.177099
12.000000,803.645020,-0.009364,0.165781
13.000000,803.645020,-0.083970,0.133648
14.000000,803.645020,-0.153250,0.106032
15.000000,803.645020,-0.212815,0.061991
16.000000,803.645020,-0.258887,0.017115
17.000000,803.645020,-0.288541,-0.017798
18.000000,803.645020,-0.299908,-0.069244
19.000000,803.645020,-0.292249,-0.106426
20.000000,803.645020,-0.266068,-0.130190
21.000000,803.645020,-0.223013,-0.164181
22.000000,803.645020,-0.165820,-0.175920
23.000000,803.645020,-0.098113,-0.165513
24.000000,803.645020,-0.024185,-0.173475
25.000000,803.645020,0.051277,-0.153188
26.000000,803.645020,0.123486,-0.104031
27.000000,803.645020,0.187868,-0.087686
28.000000,803.645020,0.240336,-0.039802
29.000000,803.645020,0.277567,0.011353
30.000000,803.645020,0.297200,0.043568
31.000000,803.645020,0.297985,0.086731
32.000000,803.645020,0.279884,0.131462
33.000000,803.645020,0.244028,0.147945
34.000000,803.645020,0.192706,0.173375
35.000000,803.645020,0.129162,0.176947
36.000000,803.645020,0.057430,0.170535
37.000000,803.645020,-0.017943,0.159645
38.000000,803.645020,-0.092178,0.127210
39.000000,803.645020,-0.160572,0.099613
40.000000,803.645020,-0.218779,0.066411
41.000000,803.645020,-0.263119,0.019265
42.000000,803.645020,-0.290774,-0.031939
43.000000,803.645020,-0.299993,-0.060848
44.000000,803.645020,-0.290194,-0.110707
45.000000,803.645020,-0.261990,-0.137035
46.000000,803.645020,-0.217181,-0.154506
47.000000,803.645020,-0.158595,-0.176480
48.000000,803.645020,-0.089958,-0.170351
49.000000,803.645020,-0.015616,-0.201403
50.000000,803.645020,0.059716,-0.155318
51.000000,803.645020,0.131263,-0.109299
52.000000,803.645020,0.194484,-0.068263
53.000000,803.645020,0.245380,-0.033788
54.000000,803.645020,0.280710,0.016946
55.000000,803.645020,0.298247,0.047859
56.000000,803.645020,0.296872,0.093176
57.000000,803.645020,0.276674,0.135471
58.000000,803.645020,0.238936,0.149665
59.000000,803.645020,0.186044,0.167666
60.000000,803.645020,0.121360,0.185651
61.000000,803.645020,0.048979,0.167968
62.000000,803.645020,-0.026507,0.156225
63.000000,803.645020,-0.100312,0.140467
64.000000,803.645020,-0.167757,0.090469
65.000000,803.645020,-0.224568,0.058422
66.000000,803.645020,-0.267134,0.020220
67.000000,803.645020,-0.292770,-0.045077
68.000000,803.645020,-0.299836,-0.076411
69.000000,803.645020,-0.287896,-0.108169
70.000000,803.645020,-0.257701,-0.141452
71.000000,803.645020,-0.211165,-0.159489
72.000000,803.645020,-0.151244,-0.178776
73.000000,803.645020,-0.081729,-0.179204
74.000000,803.645020,-0.007034,-0.158499
75.000000,803.645020,0.068107,-0.146737
76.000000,803.645020,0.138930,-0.112437
77.000000,803.645020,0.200944,-0.063137
78.000000,803.645020,0.250216,-0.038215
79.000000,803.645020,0.283628,0.013099
80.000000,803.645020,0.299049,0.066258
81.000000,803.645020,0.295517,0.090184
82.000000,803.645020,0.273241,0.132773
83.000000,803.645020,0.233644,0.164346
84.000000,803.645020,0.179233,0.166964
85.000000,803.645020,0.113456,0.180529
86.000000,803.645020,0.040487,0.172789
87.000000,803.645020,-0.035050,0.149661
88.000000,803.645020,-0.108365,0.128479
89.000000,803.645020,-0.174807,0.086019
90.000000,803.645020,-0.230167,0.046282
91.000000,803.645020,-0.270935,0.009796
92.000000,803.645020,-0.294520,-0.042505
93.000000,803.645020,-0.299439,-0.079260
94.000000,803.645020,-0.285362,-0.101307
95.000000,803.645020,-0.253200,-0.150597
96.000000,803.645020,-0.204979,-0.167342
97.000000,803.645020,-0.143764,-0.162223
98.000000,803.645020,-0.073434,-0.176619
99.000000,803.645020,0.001553,-0.164628
100.000000,803.645020,0.076443,-0.134202
101.000000,803.645020,0.146483,-0.113282
102.000000,803.645020,0.207238,-0.071693
103.000000,803.645020,0.254851,-0.026538
104.000000,803.645020,0.286306,0.014259
105.000000,803.645020,0.299611,0.054993
106.000000,803.645020,0.293913,0.107586
107.000000,803.645020,0.269588,0.134364
108.000000,803.645020,0.228161,0.162511
109.000000,803.645020,0.172273,0.172656
110.000000,803.645020,0.105460,0.173680
111.000000,803.645020,0.031962,0.173799
112.000000,803.645020,-0.043564,0.074730
113.000000,803.645020,-0.116326,0.121057
114.000000,803.645020,-0.181717,0.103590
115.000000,803.645020,-0.235580,0.051438
116.000000,803.645020,-0.274511,0.011674
117.000000,803.645020,-0.296034,-0.028105
118.000000,803.645020,-0.298787,-0.083253
119.000000,803.645020,-0.282599,-0.117871
120.000000,803.645020,-0.248488,-0.138920
121.000000,803.645020,-0.198628,-0.170188
122.000000,803.645020,-0.136168,-0.172637
123.000000,803.645020,-0.065078,-0.163942
0.000000,839.304993,0.066971,-0.143019
1.000000,839.304993,0.140872,-0.111148
2.000000,839.304993,0.205034,-0.063280
3.000000,839.304993,0.255025,-0.036210
4.000000,839.304993,0.287387,0.012529
5.000000,839.304993,0.299884,0.064403
6.000000,839.304993,0.291652,0.093471
7.000000,839.304993,0.263261,0.133347
8.000000,839.304993,0.216672,0.165632
9.000000,839.304993,0.155106,0.167822
10.000000,839.304993,0.082819,0.174379
11.000000,839.304993,0.004807,0.172928
12.000000,839.304993,-0.073537,0.144227
13.000000,839.304993,-0.146798,0.113751
14.000000,839.304993,-0.209913,0.063001
15.000000,839.304993,-0.258516,0.026979
16.000000,839.304993,-0.289253,-0.012225
17.000000,839.304993,-0.299991,-0.067525
18.000000,839.304993,-0.289999,-0.104140
19.000000,839.304993,-0.259955,-0.126333
20.000000,839.304993,-0.211948,-0.162465
21.000000,839.304993,-0.149285,-0.170775
22.000000,839.304993,-0.076308,-0.161795
23.000000,839.304993,0.001947,-0.165185
24.000000,839.304993,0.080067,-0.136893
25.000000,839.304993,0.152650,-0.097599
26.000000,839.304993,0.214687,-0.069960
27.000000,839.304993,0.261876,-0.023795
28.000000,839.304993,0.290973,0.027661
29.000000,839.304993,0.299947,0.061583
30.000000,839.304993,0.288197,0.105601
31.000000,839.304993,0.256518,0.130206
32.000000,839.304993,0.207115,0.158379
33.000000,839.304993,0.143390,0.176513
34.000000,839.304993,0.069757,0.166967
35.000000,839.304993,-0.008700,0.165238
36.000000,839.304993,-0.086554,0.145904
37.000000,839.304993,-0.158425,0.097904
38.000000,839.304993,-0.219347,0.061858
39.000000,839.304993,-0.265105,0.028655
40.000000,839.304993,-0.292540,-0.027920
41.000000,839.304993,-0.299752,-0.065685
42.000000,839.304993,-0.286246,-0.080728
43.000000,839.304993,-0.252953,-0.143880
44.000000,839.304993,-0.202175,-0.163058
45.000000,839.304993,-0.137422,-0.168654
46.000000,839.304993,-0.063170,-0.176053
47.000000,839.304993,0.015448,-0.157916
48.000000,839.304993,0.092998,-0.149331
49.000000,839.304993,0.164121,-0.106138
50.000000,839.304993,0.223898,-0.055262
51.000000,839.304993,0.268201,-0.020628
52.000000,839.304993,0.293961,0.032263
53.000000,839.304993,0.299407,0.082421
54.000000,839.304993,0.284151,0.105912
55.000000,839.304993,0.249260,0.140212
56.000000,839.304993,0.197134,0.165347
57.000000,839.304993,0.131386,0.169538
58.000000,839.304993,0.056552,0.170950
59.000000,839.304993,-0.022189,0.166348
60.000000,839.304993,-0.099395,0.130073
61.000000,839.304993,-0.169734,0.098172
62.000000,839.304993,-0.228335,0.059834
63.000000,839.304993,-0.271161,0.002678
64.000000,839.304993,-0.295234,-0.027658
65.000000,839.304993,-0.298909,-0.072975
66.000000,839.304993,-0.281913,-0.114289
67.000000,839.304993,-0.245439,-0.136190
68.000000,839.304993,-0.191993,-0.170616
69.000000,839.304993,-0.125280,-0.173919
70.000000,839.304993,-0.049905,-0.163366
71.000000,839.304993,0.028918,-0.158893
72.000000,839.304993,0.105742,-0.136316
73.000000,839.304993,0.175259,-0.085589
74.000000,839.304993,0.232658,-0.054228
75.000000,839.304993,0.273979,-0.008494
76.000000,839.304993,0.296358,0.038665
77.000000,839.304993,0.298255,0.075741
78.000000,839.304993,0.279534,0.115899
79.000000,839.304993,0.241491,0.148628
80.000000,839.304993,0.186756,0.163100
81.000000,839.304993,0.119111,0.173803
82.000000,839.304993,0.043234,0.166808
83.000000,839.304993,-0.035632,0.153087
84.000000,839.304993,-0.112036,0.136047
85.000000,839.304993,-0.180694,0.086181
86.000000,839.304993,-0.236864,0.049135
87.000000,839.304993,-0.276659,0.014504
88.000000,839.304993,-0.297334,-0.046793
89.000000,839.304993,-0.297451,-0.081838
90.000000,839.304993,-0.277013,-0.108036
91.000000,839.304993,-0.237422,-0.150027
92.000000,839.304993,-0.181425,-0.164774
93.000000,839.304993,-0.112882,-0.166944
94.000000,839.304993,-0.036540,-0.172478
95.000000,839.304993,0.042329,-0.151908
96.000000,839.304993,0.118274,-0.126320
97.000000,839.304993,0.186039,-0.089694
98.000000,839.304993,0.240951,-0.041674
99.000000,839.304993,0.279200,-0.009624
100.000000,839.304993,0.298158,0.043989
101.000000,839.304993,0.296498,0.092719
102.000000,839.304993,0.274351,0.122071
103.000000,839.304993,0.233234,0.151080
104.000000,839.304993,0.176000,0.174502
105.000000,839.304993,0.106597,0.169538
106.000000,839.304993,0.029828,0.169091
107.000000,839.304993,-0.049004,0.156623
108.000000,839.304993,-0.124449,0.167398
109.000000,839.304993,-0.191290,0.084730
110.000000,839.304993,-0.244911,0.041528
111.000000,839.304993,-0.281600,-0.015628
112.000000,839.304993,-0.298827,-0.050964
113.000000,839.304993,-0.295396,-0.102003
114.000000,839.304993,-0.271547,-0.132303
115.000000,839.304993,-0.228928,-0.146054
116.000000,839.304993,-0.170485,-0.177193
117.000000,839.304993,-0.100257,-0.178349
118.000000,839.304993,-0.023099,-0.157932
0.000000,876.546997,0.074872,-0.139749
1.000000,876.546997,0.151043,-0.102318
2.000000,876.546997,0.215828,-0.078392
3.000000,876.546997,0.264354,-0.023222
4.000000,876.546997,0.292956,0.026081
5.000000,876.546997,0.299486,0.056295
6.000000,876.546997,0.283448,0.102175
7.000000,876.546997,0.246049,0.138476
8.000000,876.546997,0.190113,0.157097
9.000000,876.546997,0.119847,0.169943
10.000000,876.546997,0.040554,0.160519
11.000000,876.546997,-0.041797,0.153087
12.000000,876.546997,-0.120999,0.132184
13.000000,876.546997,-0.191081,0.084896
14.000000,876.546997,-0.246766,0.044702
15.000000,876.546997,-0.283857,0.009213
16.000000,876.546997,-0.299555,-0.049937
17.000000,876.546997,-0.292687,-0.087703
18.000000,876.546997,-0.263756,-0.115899
19.000000,876.546997,-0.214956,-0.154745
20.000000,876.546997,-0.149954,-0.162342
21.000000,876.546997,-0.073655,-0.161653
22.000000,876.546997,0.008194,-0.165470
23.000000,876.546997,0.089426,-0.139036
24.000000,876.546997,0.163921,-0.097305
25.000000,876.546997,0.226061,-0.066816
26.000000,876.546997,0.271172,-0.015363
27.000000,876.546997,0.295841,0.028112
28.000000,876.546997,0.298224,0.068872
29.000000,876.546997,0.278131,0.114600
30.000000,876.546997,0.237082,0.134794
31.000000,876.546997,0.178168,0.161520
32.000000,876.546997,0.105826,0.176503
33.000000,876.546997,0.025513,0.159101
34.000000,876.546997,-0.056724,0.144214
35.000000,876.546997,-0.134689,0.129314
36.000000,876.546997,-0.202500,0.080747
37.000000,876.546997,-0.255056,0.042982
38.000000,876.546997,-0.288390,0.000774
39.000000,876.546997,-0.299993,-0.057233
40.000000,876.546997,-0.288993,-0.093998
41.000000,876.546997,-0.256212,-0.126754
42.000000,876.546997,-0.204131,-0.154606
43.000000,876.546997,-0.136661,-0.164923
44.000000,876.546997,-0.058897,-0.174916
45.000000,876.546997,0.023306,-0.159615
46.000000,876.546997,0.103753,-0.128616
47.000000,876.546997,0.176382,-0.099124
48.000000,876.546997,0.235718,-0.058390
49.000000,876.546997,0.277296,-0.000939
50.000000,876.546997,0.297973,0.032419
51.000000,876.546997,0.296205,0.078156
52.000000,876.546997,0.272107,0.124596
53.000000,876.546997,0.227511,0.140798
54.000000,876.546997,0.165769,0.164943
55.000000,876.546997,0.091537,0.178358
56.000000,876.546997,0.010407,0.159813
57.000000,876.546997,-0.071507,0.145066
58.000000,876.546997,-0.148035,0.111889
59.000000,876.546997,-0.213404,0.070446
60.000000,876.546997,-0.262697,0.036823
61.000000,876.546997,-0.292189,-0.023633
62.000000,876.546997,-0.299669,-0.066249
63.000000,876.546997,-0.284564,-0.097447
64.000000,876.546997,-0.248018,-0.146163
65.000000,876.546997,-0.192784,-0.152044
66.000000,876.546997,-0.123020,-0.152213
67.000000,876.546997,-0.043989,-0.172047
68.000000,876.546997,0.038359,-0.154619
69.000000,876.546997,0.117816,-0.118189
70.000000,876.546997,0.188394,-0.092408
71.000000,876.546997,0.244777,-0.049102
72.000000,876.546997,0.282715,0.006068
73.000000,876.546997,0.299348,0.042137
74.000000,876.546997,0.293428,0.087156
75.000000,876.546997,0.265391,0.111048
76.000000,876.546997,0.217363,0.147369
77.000000,876.546997,0.152949,0.174223
78.000000,876.546997,0.077014,0.164250
79.000000,876.546997,-0.004726,0.159519
80.000000,876.546997,-0.086109,0.146905
81.000000,876.546997,-0.161004,0.102337
82.000000,876.546997,-0.223765,0.068577
83.000000,876.546997,-0.269669,0.027797
84.000000,876.546997,-0.295246,-0.030780
85.000000,876.546997,-0.298582,-0.068403
86.000000,876.546997,-0.279412,-0.104889
87.000000,876.546997,-0.239192,-0.143165
88.000000,876.546997,-0.180947,-0.161484
89.000000,876.546997,-0.109066,-0.162508
90.000000,876.546997,-0.028968,-0.169330
91.000000,876.546997,0.053314,-0.148476
92.000000,876.546997,0.131580,-0.121601
93.000000,876.546997,0.199927,-0.085546
94.000000,876.546997,0.253213,-0.030236
95.000000,876.546997,0.287414,0.001814
96.000000,876.546997,0.299961,0.074011
97.000000,876.546997,0.289904,0.100727
98.000000,876.546997,0.258000,0.118496
99.000000,876.546997,0.206659,0.154512
100.000000,876.546997,0.139740,0.171785
101.000000,876.546997,0.062295,0.164823
102.000000,876.546997,-0.019846,0.153081
103.000000,876.546997,-0.100491,0.139755
104.000000,876.546997,-0.173563,0.093328
105.000000,876.546997,-0.233557,0.054420
106.000000,876.546997,-0.275953,0.017788
107.000000,876.546997,-0.297551,-0.030637
108.000000,876.546997,-0.296735,-0.076984
109.000000,876.546997,-0.273549,-0.114461
110.000000,876.546997,-0.229759,-0.145742
111.000000,876.546997,-0.168649,-0.160205
112.000000,876.546997,-0.094835,-0.179058
113.000000,876.546997,-0.013873,-0.166050
0.000000,915.442017,0.065318,-0.146329
1.000000,915.442017,0.145686,-0.114037
2.000000,915.442017,0.214088,-0.083830
3.000000,915.442017,0.264904,-0.028659
4.000000,915.442017,0.293959,0.009805
5.000000,915.442017,0.298873,0.061152
6.000000,915.442017,0.279229,0.118181
7.000000,915.442017,0.236656,0.129645
8.000000,915.442017,0.174637,0.157087
9.000000,915.442017,0.098277,0.173216
10.000000,915.442017,0.013843,0.155668
11.000000,915.442017,-0.071727,0.145073
12.000000,915.442017,-0.151407,0.122880
13.000000,915.442017,-0.218647,0.067736
14.000000,915.442017,-0.267933,0.028970
15.000000,915.442017,-0.295202,-0.009233
16.000000,915.442017,-0.298229,-0.069957
17.000000,915.442017,-0.276755,-0.109723
18.000000,915.442017,-0.232550,-0.129195
19.000000,915.442017,-0.169243,-0.163184
20.000000,915.442017,-0.092032,-0.164489
21.000000,915.442017,-0.007263,-0.159927
22.000000,915.442017,0.078103,-0.142025
23.000000,915.442017,0.157055,-0.108732
24.000000,915.442017,0.223103,-0.074251
25.000000,915.442017,0.270827,-0.025356
26.000000,915.442017,0.296305,0.029666
27.000000,915.442017,0.297442,0.061878
28.000000,915.442017,0.274151,0.107473
29.000000,915.442017,0.228334,0.144188
30.000000,915.442017,0.163767,0.151235
31.000000,915.442017,0.085743,0.164803
32.000000,915.442017,0.000679,0.168491
33.000000,915.442017,-0.084441,0.135079
34.000000,915.442017,-0.162625,0.109610
35.000000,915.442017,-0.227453,0.079985
36.000000,915.442017,-0.273593,0.020836
37.000000,915.442017,-0.297267,-0.050239
38.000000,915.442017,-0.296513,-0.066564
39.000000,915.442017,-0.271410,-0.104992
40.000000,915.442017,-0.224009,-0.133324
41.000000,915.442017,-0.158209,-0.161769
42.000000,915.442017,-0.079414,-0.169194
43.000000,915.442017,0.005905,-0.154778
44.000000,915.442017,0.090740,-0.143307
45.000000,915.442017,0.168118,-0.106145
46.000000,915.442017,0.231691,-0.055129
47.000000,915.442017,0.276228,-0.020058
48.000000,915.442017,0.298078,0.026538
49.000000,915.442017,0.295443,0.084846
50.000000,915.442017,0.268537,0.098331
51.000000,915.442017,0.219578,0.142210
52.000000,915.442017,0.152577,0.170069
53.000000,915.442017,0.073047,0.161672
54.000000,915.442017,-0.012486,0.162368
55.000000,915.442017,-0.096993,0.137485
56.000000,915.442017,-0.173531,0.101187
57.000000,915.442017,-0.235816,0.068564
58.000000,915.442017,-0.278732,0.009825
59.000000,915.442017,-0.298748,-0.033649
60.000000,915.442017,-0.294232,-0.066564
61.000000,915.442017,-0.265537,-0.122142
62.000000,915.442017,-0.215038,-0.148612
63.000000,915.442017,-0.146871,-0.150785
64.000000,915.442017,-0.066642,-0.168187
65.000000,915.442017,0.019062,-0.152618
66.000000,915.442017,0.103199,-0.126482
67.000000,915.442017,0.178862,-0.103418
68.000000,915.442017,0.239828,-0.058396
69.000000,915.442017,0.281101,-0.007659
70.000000,915.442017,0.299276,0.035702
71.000000,915.442017,0.292873,0.084296
72.000000,915.442017,0.262411,0.113476
73.000000,915.442017,0.210394,0.143366
74.000000,915.442017,0.141097,0.168505
75.000000,915.442017,0.060207,0.158531
76.000000,915.442017,-0.025628,0.157517
77.000000,915.442017,-0.109356,0.141044
78.000000,915.442017,-0.184104,0.089614
79.000000,915.442017,-0.243726,0.052707
80.000000,915.442017,-0.283330,0.016359
81.000000,915.442017,-0.299662,-0.042648
82.000000,915.442017,-0.291375,-0.083130
83.000000,915.442017,-0.259160,-0.111896
84.000000,915.442017,-0.205649,-0.152890
85.000000,915.442017,-0.135252,-0.159913
86.000000,915.442017,-0.053742,-0.158359
87.000000,915.442017,0.032181,-0.157323
88.000000,915.442017,0.115462,-0.127174
89.000000,915.442017,0.189256,-0.102424
90.000000,915.442017,0.247509,-0.053522
91.000000,915.442017,0.285425,0.007221
92.000000,915.442017,0.299902,0.036282
93.000000,915.442017,0.289738,0.092602
94.000000,915.442017,0.255779,0.132177
95.000000,915.442017,0.200807,0.144804
96.000000,915.442017,0.129341,0.160658
97.000000,915.442017,0.047252,0.178074
98.000000,915.442017,-0.038719,0.150377
99.000000,915.442017,-0.121512,0.126481
100.000000,915.442017,-0.194319,0.096857
101.000000,915.442017,-0.251169,0.044427
102.000000,915.442017,-0.287384,0.000227
103.000000,915.442017,-0.299994,-0.043400
104.000000,915.442017,-0.287963,-0.091977
105.000000,915.442017,-0.252275,-0.123457
106.000000,915.442017,-0.195870,-0.155477
107.000000,915.442017,-0.123369,-0.166762
108.000000,915.442017,-0.040739,-0.157637
0.000000,956.062988,0.036344,-0.145338
1.000000,956.062988,0.122819,-0.129726
2.000000,956.062988,0.198300,-0.095847
3.000000,956.062988,0.256022,-0.043115
4.000000,956.062988,0.290823,-0.001039
5.000000,956.062988,0.299583,0.055281
6.000000,956.062988,0.281520,0.100578
7.000000,956.062988,0.238251,0.123357
8.000000,956.062988,0.173648,0.150364
9.000000,956.062988,0.093498,0.170065
10.000000,956.062988,0.004976,0.153667
11.000000,956.062988,-0.083992,0.142925
12.000000,956.062988,-0.165438,0.120736
13.000000,956.062988,-0.232074,0.064446
14.000000,956.062988,-0.277926,0.023390
15.000000,956.062988,-0.298901,-0.019527
16.000000,956.062988,-0.293103,-0.075821
17.000000,956.062988,-0.261071,-0.112732
18.000000,956.062988,-0.205656,-0.137184
19.000000,956.062988,-0.131832,-0.154175
20.000000,956.062988,-0.046201,-0.162637
21.000000,956.062988,0.043565,-0.157038
22.000000,956.062988,0.129430,-0.128447
23.000000,956.062988,0.203708,-0.079147
24.000000,956.062988,0.259744,-0.049937
25.000000,956.062988,0.292525,0.006379
26.000000,956.062988,0.299113,0.075274
27.000000,956.062988,0.278920,0.091327
28.000000,956.062988,0.233753,0.126909
29.000000,956.062988,0.167655,0.159482
30.000000,956.062988,0.086548,0.158670
31.000000,956.062988,-0.002310,0.158366
32.000000,956.062988,-0.090962,0.142187
33.000000,956.062988,-0.171467,0.100617
34.000000,956.062988,-0.236623,0.066139
35.000000,956.062988,-0.280587,0.013808
36.000000,956.062988,-0.299436,-0.033215
37.000000,956.062988,-0.291464,-0.065980
38.000000,956.062988,-0.257405,-0.120289
39.000000,956.062988,-0.200290,-0.147893
40.000000,956.062988,-0.125248,-0.153211
41.000000,956.062988,-0.038988,-0.165755
42.000000,956.062988,0.050761,-0.146611
43.000000,956.062988,0.135965,-0.115899
44.000000,956.062988,0.208997,-0.088259
45.000000,956.062988,0.263313,-0.040521
46.000000,956.062988,0.294055,0.013069
47.000000,956.062988,0.298467,0.076466
48.000000,956.062988,0.276154,0.100462
49.000000,956.062988,0.229118,0.134460
50.000000,956.062988,0.161564,0.146802
51.000000,956.062988,0.079546,0.162226
52.000000,956.062988,-0.009595,0.160490
53.000000,956.062988,-0.097878,0.130500
54.000000,956.062988,-0.177395,0.104458
55.000000,956.062988,-0.241033,0.054711
56.000000,956.062988,-0.283082,0.011108
57.000000,956.062988,-0.299794,-0.026953
58.000000,956.062988,-0.289653,-0.090831
59.000000,956.062988,-0.253586,-0.126731
60.000000,956.062988,-0.194807,-0.135627
61.000000,956.062988,-0.118590,-0.166898
62.000000,956.062988,-0.031753,-0.156620
63.000000,956.062988,0.057927,-0.132628
64.000000,956.062988,0.142420,-0.121718
65.000000,956.062988,0.214162,-0.081129
66.000000,956.062988,0.266727,-0.029540
67.000000,956.062988,0.295411,0.009110
68.000000,956.062988,0.297644,0.056563
69.000000,956.062988,0.273226,0.105299
70.000000,956.062988,0.224347,0.132359
71.000000,956.062988,0.155377,0.158790
72.000000,956.062988,0.072498,0.157229
73.000000,956.062988,-0.016875,0.153946
74.000000,956.062988,-0.104737,0.128181
75.000000,956.062988,-0.183218,0.096764
76.000000,956.062988,-0.245300,0.053714
77.000000,956.062988,-0.285410,0.019222
78.000000,956.062988,-0.299975,-0.041074
79.000000,956.062988,-0.287671,-0.080553
80.000000,956.062988,-0.249618,-0.106463
81.000000,956.062988,-0.189209,-0.148741
82.000000,956.062988,-0.111863,-0.156908
83.000000,956.062988,-0.024498,-0.150073
84.000000,956.062988,0.065059,-0.148741
85.000000,956.062988,0.148790,-0.115588
86.000000,956.062988,0.219200,-0.072716
87.000000,956.062988,0.269983,-0.033069
88.000000,956.062988,0.296592,0.019669
89.000000,956.062988,0.296646,0.056845
90.000000,956.062988,0.270137,0.101045
91.000000,956.062988,0.219444,0.141057
92.000000,956.062988,0.149099,0.151089
93.000000,956.062988,0.065406,0.161235
94.000000,956.062988,-0.024144,0.158919
95.000000,956.062988,-0.111533,0.126644
96.000000,956.062988,-0.188933,0.098033
97.000000,956.062988,-0.249422,0.061828
98.000000,956.062988,-0.287570,0.000677
99.000000,956.062988,-0.299979,-0.042807
100.000000,956.062988,-0.285520,-0.078723
101.000000,956.062988,-0.245503,-0.126290
102.000000,956.062988,-0.183499,-0.144752
103.000000,956.062988,-0.105069,-0.153075
0.000000,998.486023,0.078893,-0.144308
1.000000,998.486023,0.164353,-0.113580
2.000000,998.486023,0.233774,-0.065854
3.000000,998.486023,0.280378,-0.032208
4.000000,998.486023,0.299624,0.025395
5.000000,998.486023,0.289622,0.084992
6.000000,998.486023,0.251362,0.107343
7.000000,998.486023,0.188564,0.144642
8.000000,998.486023,0.107368,0.164489
9.000000,998.486023,0.015692,0.154668
10.000000,998.486023,-0.077515,0.139635
11.000000,998.486023,-0.163158,0.119162
12.000000,998.486023,-0.232875,0.067733
13.000000,998.486023,-0.279872,0.026823
14.000000,998.486023,-0.299546,-0.022519
15.000000,998.486023,-0.289994,-0.075536
16.000000,998.486023,-0.252135,-0.112443
17.000000,998.486023,-0.189673,-0.143460
18.000000,998.486023,-0.108699,-0.156183
19.000000,998.486023,-0.017117,-0.151206
20.000000,998.486023,0.076136,-0.149169
21.000000,998.486023,0.161957,-0.114150
22.000000,998.486023,0.231977,-0.062849
23.000000,998.486023,0.279350,-0.028633
24.000000,998.486023,0.299467,0.021107
25.000000,998.486023,0.290354,0.074697
26.000000,998.486023,0.252906,0.105481
27.000000,998.486023,0.190777,0.141497
28.000000,998.486023,0.110028,0.162773
29.000000,998.486023,0.018542,0.157527
30.000000,998.486023,-0.074754,0.146643
31.000000,998.486023,-0.160756,0.125312
32.000000,998.486023,-0.231066,0.071450
33.000000,998.486023,-0.278828,0.027678
34.000000,998.486023,-0.299377,-0.022804
35.000000,998.486023,-0.290709,-0.071676
36.000000,998.486023,-0.253673,-0.106874
37.000000,998.486023,-0.191875,-0.146746
38.000000,998.486023,-0.111356,-0.158900
39.000000,998.486023,-0.019966,-0.153923
40.000000,998.486023,0.073371,-0.145309
41.000000,998.486023,0.159547,-0.114723
42.000000,998.486023,0.230153,-0.066567
43.000000,998.486023,0.278299,-0.030349
44.000000,998.486023,0.299281,0.016243
45.000000,998.486023,0.291062,0.076841
46.000000,998.486023,0.254429,0.105627
47.000000,998.486023,0.192972,0.140212
48.000000,998.486023,0.112678,0.166205
49.000000,998.486023,0.021390,0.156099
50.000000,998.486023,-0.071986,0.146643
51.000000,998.486023,-0.158337,0.126598
52.000000,998.486023,-0.229237,0.071738
53.000000,998.486023,-0.277761,0.030971
54.000000,998.486023,-0.299185,-0.010518
55.000000,998.486023,-0.291400,-0.073962
56.000000,998.486023,-0.255185,-0.109441
57.000000,998.486023,-0.194061,-0.140477
58.000000,998.486023,-0.114000,-0.159039
59.000000,998.486023,-0.022813,-0.156918
60.000000,998.486023,0.070600,-0.147171
61.000000,998.486023,0.157125,-0.117437
62.000000,998.486023,0.228311,-0.067707
63.000000,998.486023,0.277223,-0.033924
64.000000,998.486023,0.299071,0.019109
65.000000,998.486023,0.291738,0.076844
66.000000,998.486023,0.255931,0.101621
67.000000,998.486023,0.195147,0.137922
68.000000,998.486023,0.115319,0.162057
69.000000,998.486023,0.024236,0.152951
70.000000,998.486023,-0.069213,0.143353
71.000000,998.486023,-0.155905,0.123881
72.000000,998.486023,-0.227386,0.071308
73.000000,998.486023,-0.276670,0.032114
74.000000,998.486023,-0.298957,-0.016661
75.000000,998.486023,-0.292067,-0.069529
76.000000,998.486023,-0.256672,-0.104727
77.000000,998.486023,-0.196231,-0.139175
78.000000,998.486023,-0.116635,-0.156183
79.000000,998.486023,-0.025659,-0.154350
80.000000,998.486023,0.067822,-0.151170
81.000000,998.486023,0.154685,-0.117155
82.000000,998.486023,0.226450,-0.068999
83.000000,998.486023,0.276116,-0.036498
84.000000,998.486023,0.298836,0.016532
85.000000,998.486023,0.292388,0.070549
86.000000,998.486023,0.257411,0.097476
87.000000,998.486023,0.197305,0.137777
88.000000,998.486023,0.117950,0.158627
89.000000,998.486023,0.027080,0.153952
90.000000,998.486023,-0.066432,0.145927
91.000000,998.486023,-0.153460,0.122459
92.000000,998.486023,-0.225511,0.074309
93.000000,998.486023,-0.275557,0.033824
94.000000,998.486023,-0.298704,-0.020505
95.000000,998.486023,-0.292709,-0.068389
96.000000,998.486023,-0.258137,-0.100157
97.000000,998.486023,-0.198380,-0.143307
98.000000,998.486023,-0.119259,-0.155043
99.000000,998.486023,-0.028501,-0.146349
0.000000,1042.791016,0.010172,-0.139205
1.000000,1042.791016,0.106106,-0.133586
2.000000,1042.791016,0.190755,-0.104720
3.000000,1042.791016,0.255114,-0.049407
4.000000,1042.791016,0.292334,-0.011194
5.000000,1042.791016,0.298463,0.046120
6.000000,1042.791016,0.272847,0.084306
7.000000,1042.791016,0.218203,0.122919
8.000000,1042.791016,0.140354,0.155351
9.000000,1042.791016,0.047575,0.148664
10.000000,1042.791016,-0.050265,0.139642
11.000000,1042.791016,-0.142757,0.132750
12.000000,1042.791016,-0.220067,0.084607
13.000000,1042.791016,-0.273967,0.041696
14.000000,1042.791016,-0.298725,-0.002228
15.000000,1042.791016,-0.291712,-0.064380
16.000000,1042.791016,-0.253669,-0.102861
17.000000,1042.791016,-0.188641,-0.127767
18.000000,1042.791016,-0.103552,-0.157893
19.000000,1042.791016,-0.007447,-0.151763
20.000000,1042.791016,0.089450,-0.134911
21.000000,1042.791016,0.176832,-0.111138
22.000000,1042.791016,0.245409,-0.062259
23.000000,1042.791016,0.287877,-0.017360
24.000000,1042.791016,0.299725,0.026839
25.000000,1042.791016,0.279696,0.081003
26.000000,1042.791016,0.229914,0.110627
27.000000,1042.791016,0.155676,0.144933
28.000000,1042.791016,0.064881,0.164495
29.000000,1042.791016,-0.032816,0.144231
30.000000,1042.791016,-0.127022,0.129775
31.000000,1042.791016,-0.207717,0.104580
32.000000,1042.791016,-0.266322,0.040427
33.000000,1042.791016,-0.296592,-0.003773
34.000000,1042.791016,-0.295317,-0.041120
35.000000,1042.791016,-0.262634,-0.098266
36.000000,1042.791016,-0.202011,-0.133029
37.000000,1042.791016,-0.119901,-0.143638
38.000000,1042.791016,-0.025040,-0.160895
39.000000,1042.791016,0.072487,-0.143754
40.000000,1042.791016,0.162301,-0.103173
41.000000,1042.791016,0.234853,-0.077395
42.000000,1042.791016,0.282428,-0.027085
43.000000,1042.791016,0.299955,0.019381
44.000000,1042.791016,0.285580,0.068160
45.000000,1042.791016,0.240832,0.116180
46.000000,1042.791016,0.170462,0.134503
47.000000,1042.791016,0.081963,0.153372
48.000000,1042.791016,-0.015254,0.156775
49.000000,1042.791016,-0.110849,0.130504
50.000000,1042.791016,-0.194652,0.099176
51.000000,1042.791016,-0.257752,0.064688
52.000000,1042.791016,-0.293438,-0.000181
53.000000,1042.791016,-0.297906,-0.046382
54.000000,1042.791016,-0.270690,-0.080297
55.000000,1042.791016,-0.214685,-0.128152
56.000000,1042.791016,-0.135838,-0.143754
57.000000,1042.791016,-0.042546,-0.150785
58.000000,1042.791016,0.055272,-0.149311
59.000000,1042.791016,0.147211,-0.119163
60.000000,1042.791016,0.223490,-0.080715
61.000000,1042.791016,0.276000,-0.039792
62.000000,1042.791016,0.299152,0.014948
63.000000,1042.791016,0.290481,0.058290
64.000000,1042.791016,0.250915,0.102615
65.000000,1042.791016,0.184662,0.138906
66.000000,1042.791016,0.098763,0.148522
67.000000,1042.791016,0.002361,0.155801
68.000000,1042.791016,-0.094294,0.146620
69.000000,1042.791016,-0.180917,0.107628
70.000000,1042.791016,-0.248296,0.064717
71.000000,1042.791016,-0.289268,0.012069
72.000000,1042.791016,-0.299469,-0.040932
73.000000,1042.791016,-0.277814,-0.080125
74.000000,1042.791016,-0.226613,-0.107894
75.000000,1042.791016,-0.151308,-0.145739
76.000000,1042.791016,-0.059905,-0.153764
77.000000,1042.791016,0.037867,-0.143492
78.000000,1042.791016,0.131614,-0.131442
79.000000,1042.791016,0.211357,-0.088140
80.000000,1042.791016,0.268621,-0.048098
81.000000,1042.791016,0.297316,0.001814
82.000000,1042.791016,0.294381,0.060125
83.000000,1042.791016,0.260135,0.093328
84.000000,1042.791016,0.198222,0.123059
85.000000,1042.791016,0.115223,0.158631
86.000000,1042.791016,0.019967,0.152670
87.000000,1042.791016,-0.077412,0.145646
88.000000,1042.791016,-0.166558,0.119878
89.000000,1042.791016,-0.237984,0.068879
90.000000,1042.791016,-0.284099,0.023821
91.000000,1042.791016,-0.299999,-0.018672
92.000000,1042.791016,-0.283982,-0.079539
93.000000,1042.791016,-0.237761,-0.111870
94.000000,1042.791016,-0.166253,-0.134341
0.000000,1089.062988,0.018253,-0.148320
1.000000,1089.062988,0.117658,-0.124040
2.000000,1089.062988,0.203423,-0.104127
3.000000,1089.062988,0.265607,-0.055100
4.000000,1089.062988,0.297002,-0.014670
5.000000,1089.062988,0.293968,0.046004
6.000000,1089.062988,0.256858,0.098175
7.000000,1089.062988,0.189972,0.138181
8.000000,1089.062988,0.101064,0.146090
9.000000,1089.062988,0.000438,0.155079
10.000000,1089.062988,-0.100237,0.147187
11.000000,1089.062988,-0.189291,0.106913
12.000000,1089.062988,-0.256403,0.065572
13.000000,1089.062988,-0.293792,0.018792
14.000000,1089.062988,-0.297125,-0.041505
15.000000,1089.062988,-0.266016,-0.084277
16.000000,1089.062988,-0.204069,-0.128185
17.000000,1089.062988,-0.118464,-0.152031
18.000000,1089.062988,-0.019127,-0.140183
19.000000,1089.062988,0.082426,-0.144463
20.000000,1089.062988,0.174424,-0.112573
21.000000,1089.062988,0.246202,-0.065845
22.000000,1089.062988,0.289441,-0.023487
23.000000,1089.062988,0.299128,0.030120
24.000000,1089.062988,0.274140,0.085138
25.000000,1089.062988,0.217372,0.110776
26.000000,1089.062988,0.135404,0.138926
27.000000,1089.062988,0.037741,0.158485
28.000000,1089.062988,-0.064296,0.139224
29.000000,1089.062988,-0.158879,0.121336
30.000000,1089.062988,-0.235046,0.085704
31.000000,1089.062988,-0.283966,0.030418
32.000000,1089.062988,-0.299969,-0.020505
33.000000,1089.062988,-0.281200,-0.059708
34.000000,1089.062988,-0.229830,-0.115856
35.000000,1089.062988,-0.151818,-0.136465
36.000000,1089.062988,-0.056209,-0.149917
37.000000,1089.062988,0.045916,-0.156607
38.000000,1089.062988,0.142718,-0.120313
39.000000,1089.062988,0.222976,-0.094419
40.000000,1089.062988,0.277388,-0.042227
41.000000,1089.062988,0.299645,0.018513
42.000000,1089.062988,0.287165,0.056441
43.000000,1089.062988,0.241394,0.105326
44.000000,1089.062988,0.167643,0.142044
45.000000,1089.062988,0.074458,0.148949
46.000000,1089.062988,-0.027357,0.149794
47.000000,1089.062988,-0.126002,0.138608
48.000000,1089.062988,-0.210040,0.088467
49.000000,1089.062988,-0.269732,0.049128
50.000000,1089.062988,-0.298156,0.006350
51.000000,1089.062988,-0.292013,-0.056375
52.000000,1089.062988,-0.252021,-0.092712
53.000000,1089.062988,-0.182816,-0.127608
54.000000,1089.062988,-0.092418,-0.154178
55.000000,1089.062988,0.008693,-0.146766
56.000000,1089.062988,0.108796,-0.142456
57.000000,1089.062988,0.196289,-0.104283
58.000000,1089.062988,0.261029,-0.049834
59.000000,1089.062988,0.295506,-0.009044
60.000000,1089.062988,0.295728,0.046845
61.000000,1089.062988,0.261670,0.089283
62.000000,1089.062988,0.197279,0.119493
63.000000,1089.062988,0.110019,0.150361
64.000000,1089.062988,0.010006,0.163916
65.000000,1089.062988,-0.091168,0.136508
66.000000,1089.062988,-0.181775,0.110468
67.000000,1089.062988,-0.251309,0.071268
68.000000,1089.062988,-0.291709,0.011111
69.000000,1089.062988,-0.298294,-0.034235
70.000000,1089.062988,-0.270301,-0.117148
71.000000,1089.062988,-0.210975,-0.120293
72.000000,1089.062988,-0.127193,-0.139765
73.000000,1089.062988,-0.028666,-0.151743
74.000000,1089.062988,0.073185,-0.138456
75.000000,1089.062988,0.166553,-0.101599
76.000000,1089.062988,0.240612,-0.076819
77.000000,1089.062988,0.286779,-0.014912
78.000000,1089.062988,0.299702,0.037664
79.000000,1089.062988,0.277883,0.068876
80.000000,1089.062988,0.223853,0.114182
81.000000,1089.062988,0.143873,0.151902
82.000000,1089.062988,0.047215,0.146514
83.000000,1089.062988,-0.054918,0.144211
84.000000,1089.062988,-0.150684,0.117595
85.000000,1089.062988,-0.228981,0.076453
86.000000,1089.062988,-0.280735,0.040543
87.000000,1089.062988,-0.299945,-0.017785
88.000000,1089.062988,-0.284386,-0.067389
89.000000,1089.062988,-0.235861,-0.101016
90.000000,1089.062988,-0.159994,-0.140448
0.000000,1137.386963,0.008489,-0.145902
1.000000,1137.386963,0.112839,-0.132187
2.000000,1137.386963,0.202934,-0.102275
3.000000,1137.386963,0.267394,-0.052396
4.000000,1137.386963,0.298076,-0.006201
5.000000,1137.386963,0.291104,0.052001
6.000000,1137.386963,0.247358,0.098013
7.000000,1137.386963,0.172361,0.119924
8.000000,1137.386963,0.075593,0.145934
9.000000,1137.386963,-0.030724,0.147478
10.000000,1137.386963,-0.133160,0.123927
11.000000,1137.386963,-0.218774,0.091168
12.000000,1137.386963,-0.276752,0.054821
13.000000,1137.386963,-0.299770,-0.003899
14.000000,1137.386963,-0.284920,-0.059109
15.000000,1137.386963,-0.234075,-0.094309
16.000000,1137.386963,-0.153660,-0.138447
17.000000,1137.386963,-0.053835,-0.147618
18.000000,1137.386963,0.052790,-0.139626
19.000000,1137.386963,0.152746,-0.125866
20.000000,1137.386963,0.233407,-0.081990
21.000000,1137.386963,0.284583,-0.037946
22.000000,1137.386963,0.299810,0.013400
23.000000,1137.386963,0.277164,0.074565
24.000000,1137.386963,0.219501,0.104196
25.000000,1137.386963,0.134111,0.133211
26.000000,1137.386963,0.031781,0.161066
27.000000,1137.386963,-0.074564,0.137654
28.000000,1137.386963,-0.171489,0.115763
29.000000,1137.386963,-0.246752,0.081417
30.000000,1137.386963,-0.290844,0.020123
31.000000,1137.386963,-0.298196,-0.029222
32.000000,1137.386963,-0.267877,-0.068859
33.000000,1137.386963,-0.203716,-0.117142
34.000000,1137.386963,-0.113822,-0.139752
35.000000,1137.386963,-0.009551,-0.141352
36.000000,1137.386963,0.095927,-0.139305
37.000000,1137.386963,0.189287,-0.104008
38.000000,1137.386963,0.258736,-0.058559
39.000000,1137.386963,0.295501,-0.018056
40.000000,1137.386963,0.294938,0.040401
41.000000,1137.386963,0.257112,0.083014
42.000000,1137.386963,0.186808,0.121349
43.000000,1137.386963,0.092906,0.149920
44.000000,1137.386963,-0.012732,0.141083
45.000000,1137.386963,-0.116761,0.129778
46.000000,1137.386963,-0.206040,0.112165
47.000000,1137.386963,-0.269293,0.050291
48.000000,1137.386963,-0.298528,0.002519
49.000000,1137.386963,-0.290050,-0.042406
50.000000,1137.386963,-0.244929,-0.106417
51.000000,1137.386963,-0.168869,-0.127738
52.000000,1137.386963,-0.071477,-0.129769
53.000000,1137.386963,0.034944,-0.150739
54.000000,1137.386963,0.136950,-0.125737
55.000000,1137.386963,0.221657,-0.083587
56.000000,1137.386963,0.278364,-0.045938
57.000000,1137.386963,0.299908,0.010094
58.000000,1137.386963,0.283562,0.063545
59.000000,1137.386963,0.231395,0.096615
60.000000,1137.386963,0.149998,0.134486
61.000000,1137.386963,0.049653,0.147206
62.000000,1137.386963,-0.056963,0.140937
63.000000,1137.386963,-0.156384,0.120756
64.000000,1137.386963,-0.236051,0.077023
65.000000,1137.386963,-0.285900,0.032124
66.000000,1137.386963,-0.299631,-0.014518
67.000000,1137.386963,-0.275509,-0.060944
68.000000,1137.386963,-0.216584,-0.112579
69.000000,1137.386963,-0.130300,-0.130912
70.000000,1137.386963,-0.027556,-0.154317
71.000000,1137.386963,0.078669,-0.142754
72.000000,1137.386963,0.174956,-0.107894
73.000000,1137.386963,0.249143,-0.076534
74.000000,1137.386963,0.291858,-0.030223
75.000000,1137.386963,0.297701,0.035948
76.000000,1137.386963,0.265937,0.080316
77.000000,1137.386963,0.200578,0.121190
78.000000,1137.386963,0.109883,0.148051
79.000000,1137.386963,0.005307,0.143512
80.000000,1137.386963,-0.099940,0.137342
81.000000,1137.386963,-0.192562,0.102324
82.000000,1137.386963,-0.260861,0.057004
83.000000,1137.386963,-0.296206,0.021949
84.000000,1137.386963,-0.294129,-0.048937
85.000000,1137.386963,-0.254897,-0.089986
86.000000,1137.386963,-0.183466,-0.117039
0.000000,1187.855957,0.089812,-0.139308
1.000000,1187.855957,0.187986,-0.106158
2.000000,1187.855957,0.260281,-0.074827
3.000000,1187.855957,0.296754,-0.018921
4.000000,1187.855957,0.292369,0.045252
5.000000,1187.855957,0.247746,0.082748
6.000000,1187.855957,0.169018,0.118768
7.000000,1187.855957,0.067025,0.147763
8.000000,1187.855957,-0.044195,0.137369
9.000000,1187.855957,-0.149330,0.123340
10.000000,1187.855957,-0.233912,0.094143
11.000000,1187.855957,-0.286292,0.033277
12.000000,1187.855957,-0.299265,-0.016068
13.000000,1187.855957,-0.271047,-0.057849
14.000000,1187.855957,-0.205513,-0.116426
15.000000,1187.855957,-0.111695,-0.136177
16.000000,1187.855957,-0.002499,-0.134344
17.000000,1187.855957,0.107041,-0.132012
18.000000,1187.855957,0.201846,-0.103149
19.000000,1187.855957,0.268864,-0.054410
20.000000,1187.855957,0.298880,-0.011194
21.000000,1187.855957,0.287745,-0.013378
22.000000,1187.855957,0.237007,0.087020
23.000000,1187.855957,0.153644,0.129503
24.000000,1187.855957,0.049131,0.157786
25.000000,1187.855957,-0.062146,0.145520
26.000000,1187.855957,-0.164866,0.125348
27.000000,1187.855957,-0.244894,0.087142
28.000000,1187.855957,-0.291211,0.026273
29.000000,1187.855957,-0.297441,-0.022215
30.000000,1187.855957,-0.262733,-0.061421
31.000000,1187.855957,-0.191852,-0.116284
32.000000,1187.855957,-0.094567,-0.142754
33.000000,1187.855957,0.015736,-0.130912
34.000000,1187.855957,0.123873,-0.135441
35.000000,1187.855957,0.214961,-0.095426
36.000000,1187.855957,0.276454,-0.040978
37.000000,1187.855957,0.299900,0.002675
38.000000,1187.855957,0.282057,0.053273
39.000000,1187.855957,0.225392,0.098587
40.000000,1187.855957,0.137702,0.129069
41.000000,1187.855957,0.031055,0.152640
42.000000,1187.855957,-0.079866,0.132210
43.000000,1187.855957,-0.179792,0.111051
44.000000,1187.855957,-0.254971,0.078137
45.000000,1187.855957,-0.295053,0.017406
46.000000,1187.855957,-0.294517,-0.034368
47.000000,1187.855957,-0.253448,-0.075861
48.000000,1187.855957,-0.177482,-0.121002
49.000000,1187.855957,-0.077091,-0.142750
50.000000,1187.855957,0.033913,-0.135060
51.000000,1187.855957,0.140248,-0.124434
52.000000,1187.855957,0.227281,-0.088564
53.000000,1187.855957,0.283023,-0.036545
54.000000,1187.855957,0.299812,0.009252
55.000000,1187.855957,0.275326,0.065138
56.000000,1187.855957,0.212944,0.100024
57.000000,1187.855957,0.121251,0.130785
58.000000,1187.855957,0.012865,0.149208
59.000000,1187.855957,-0.097292,0.130212
60.000000,1187.855957,-0.194054,0.102758
61.000000,1187.855957,-0.264106,0.070271
62.000000,1187.855957,-0.297804,0.010544
63.000000,1187.855957,-0.290505,-0.039086
64.000000,1187.855957,-0.243224,-0.079008
65.000000,1187.855957,-0.162456,-0.130153
66.000000,1187.855957,-0.059330,-0.143897
67.000000,1187.855957,0.051965,-0.132201
68.000000,1187.855957,0.156105,-0.125150
69.000000,1187.855957,0.238762,-0.084562
70.000000,1187.855957,0.288545,-0.030534
71.000000,1187.855957,0.298615,0.015972
72.000000,1187.855957,0.267578,0.071427
73.000000,1187.855957,0.199709,0.107758
74.000000,1187.855957,0.104351,0.134072
75.000000,1187.855957,-0.005373,0.153061
76.000000,1187.855957,-0.114357,0.129506
77.000000,1187.855957,-0.207598,0.097609
78.000000,1187.855957,-0.272264,0.066692
79.000000,1187.855957,-0.299455,-0.004041
80.000000,1187.855957,-0.285419,-0.049526
81.000000,1187.855957,-0.232102,-0.086016
82.000000,1187.855957,-0.146830,-0.134013
83.000000,1187.855957,-0.041349,-0.143612
0.000000,1240.564941,0.045601,-0.139444
1.000000,1240.564941,0.154839,-0.124448
2.000000,1240.564941,0.240855,-0.075718
3.000000,1240.564941,0.290744,0.001105
4.000000,1240.564941,0.297028,0.020819
5.000000,1240.564941,0.258767,0.071835
6.000000,1240.564941,0.181696,0.102334
7.000000,1240.564941,0.077370,0.133343
8.000000,1240.564941,-0.038558,0.140616
9.000000,1240.564941,-0.148702,0.117631
10.000000,1240.564941,-0.236547,0.089872
11.000000,1240.564941,-0.288910,0.032694
12.000000,1240.564941,-0.297942,-0.021350
13.000000,1240.564941,-0.262292,-0.057836
14.000000,1240.564941,-0.187305,-0.114422
15.000000,1240.564941,-0.084221,-0.143890
16.000000,1240.564941,0.031492,-0.134341
17.000000,1240.564941,0.142482,-0.133440
18.000000,1240.564941,0.232105,-0.091420
19.000000,1240.564941,0.286913,-0.031969
20.000000,1240.564941,0.298690,0.008397
21.000000,1240.564941,0.265670,0.067716
22.000000,1240.564941,0.192808,0.116446
23.000000,1240.564941,0.091025,0.129072
24.000000,1240.564941,-0.024409,0.138635
25.000000,1240.564941,-0.136182,0.131607
26.000000,1240.564941,-0.227532,0.090180
27.000000,1240.564941,-0.284756,0.048837
28.000000,1240.564941,-0.299269,-0.008063
29.000000,1240.564941,-0.268900,-0.064529
30.000000,1240.564941,-0.198203,-0.104872
31.000000,1240.564941,-0.097778,-0.136727
32.000000,1240.564941,0.017313,-0.141031
33.000000,1240.564941,0.129805,-0.118470
34.000000,1240.564941,0.222831,-0.097696
35.000000,1240.564941,0.282439,-0.048526
36.000000,1240.564941,0.299680,0.013785
37.000000,1240.564941,0.271978,0.054724
38.000000,1240.564941,0.203486,0.101890
39.000000,1240.564941,0.104476,0.139609
40.000000,1240.564941,-0.010206,0.138224
41.000000,1240.564941,-0.123356,0.132058
42.000000,1240.564941,-0.218005,0.099150
43.000000,1240.564941,-0.279961,0.040424
44.000000,1240.564941,-0.299923,-0.002205
45.000000,1240.564941,-0.274903,-0.054970
46.000000,1240.564941,-0.208655,-0.101559
47.000000,1240.564941,-0.111114,-0.122314
48.000000,1240.564941,0.003094,-0.142598
49.000000,1240.564941,0.116837,-0.133165
50.000000,1240.564941,0.213057,-0.095446
51.000000,1240.564941,0.277325,-0.060378
52.000000,1240.564941,0.299997,-0.000910
53.000000,1240.564941,0.277674,0.061686
54.000000,1240.564941,0.213707,0.094902
55.000000,1240.564941,0.117690,0.129629
56.000000,1240.564941,0.004019,0.147902
57.000000,1240.564941,-0.110253,0.128933
58.000000,1240.564941,-0.207989,0.107181
59.000000,1240.564941,-0.274533,0.067690
60.000000,1240.564941,-0.299903,0.006969
61.000000,1240.564941,-0.280288,-0.051246
62.000000,1240.564941,-0.218639,-0.089588
63.000000,1240.564941,-0.124199,-0.133158
64.000000,1240.564941,-0.011131,-0.139613
65.000000,1240.564941,0.103606,-0.138463
66.000000,1240.564941,0.202804,-0.108998
67.000000,1240.564941,0.271587,-0.058837
68.000000,1240.564941,0.299640,-0.015194
69.000000,1240.564941,0.282746,0.050569
70.000000,1240.564941,0.223448,0.101582
71.000000,1240.564941,0.130639,0.124069
72.000000,1240.564941,0.018237,0.140212
73.000000,1240.564941,-0.096902,0.141186
74.000000,1240.564941,-0.197506,0.103480
75.000000,1240.564941,-0.268489,0.060854
76.000000,1240.564941,-0.299206,0.022651
77.000000,1240.564941,-0.285045,-0.047797
78.000000,1240.564941,-0.228132,-0.091997
79.000000,1240.564941,-0.137006,-0.120614
0.000000,1295.612061,0.097865,-0.138731
1.000000,1295.612061,0.202135,-0.101566
2.000000,1295.612061,0.273376,-0.057273
3.000000,1295.612061,0.299949,-0.017911
4.000000,1295.612061,0.277512,0.046415
5.000000,1295.612061,0.209731,0.098573
6.000000,1295.612061,0.107679,0.117350
7.000000,1295.612061,-0.011969,0.137492
8.000000,1295.612061,-0.129659,0.137323
9.000000,1295.612061,-0.226163,0.091612
10.000000,1295.612061,-0.285714,0.046269
11.000000,1295.612061,-0.298582,-0.003080
12.000000,1295.612061,-0.262659,-0.066955
13.000000,1295.612061,-0.183817,-0.100293
14.000000,1295.612061,-0.074942,-0.130597
15.000000,1295.612061,0.046178,-0.141170
16.000000,1295.612061,0.159753,-0.116317
17.000000,1295.612061,0.247227,-0.089403
18.000000,1295.612061,0.294303,-0.009352
19.000000,1295.612061,0.293288,0.028516
20.000000,1295.612061,0.244353,0.064018
21.000000,1295.612061,0.155492,0.110756
22.000000,1295.612061,0.041224,0.140182
23.000000,1295.612061,-0.079781,0.129791
24.000000,1295.612061,-0.187750,0.112327
25.000000,1295.612061,-0.265039,0.079558
26.000000,1295.612061,-0.299022,0.013685
27.000000,1295.612061,-0.284147,-0.031088
28.000000,1295.612061,-0.222843,-0.085708
29.000000,1295.612061,-0.125127,-0.125011
30.000000,1295.612061,-0.006964,-0.133327
31.000000,1295.612061,0.112336,-0.137304
32.000000,1295.612061,0.213280,-0.104568
33.000000,1295.612061,0.279375,-0.046548
34.000000,1295.612061,0.299822,-0.007901
35.000000,1295.612061,0.271280,0.049990
36.000000,1295.612061,0.198408,0.101721
37.000000,1295.612061,0.093117,0.122641
38.000000,1295.612061,-0.027387,0.135494
39.000000,1295.612061,-0.143417,0.133890
40.000000,1295.612061,-0.236013,0.088610
41.000000,1295.612061,-0.290047,0.043694
42.000000,1295.612061,-0.296685,-0.004660
43.000000,1295.612061,-0.254845,-0.069672
44.000000,1295.612061,-0.171365,-0.107152
45.000000,1295.612061,-0.059885,-0.128619
46.000000,1295.612061,0.061380,-0.140305
47.000000,1295.612061,0.172618,-0.116449
48.000000,1295.612061,0.255648,-0.081990
49.000000,1295.612061,0.296905,-0.038649
50.000000,1295.612061,0.289650,0.034533
51.000000,1295.612061,0.235067,0.077888
52.000000,1295.612061,0.142076,0.115196
53.000000,1295.612061,0.025869,0.143906
54.000000,1295.612061,-0.094566,0.129791
55.000000,1295.612061,-0.199548,0.108327
56.000000,1295.612061,-0.271923,0.073982
57.000000,1295.612061,-0.299868,0.007682
58.000000,1295.612061,-0.278817,-0.042665
59.000000,1295.612061,-0.212208,-0.081871
60.000000,1295.612061,-0.110921,-0.107838
61.000000,1295.612061,0.008489,-0.136319
62.000000,1295.612061,0.126510,-0.124766
63.000000,1295.612061,0.223860,-0.100416
64.000000,1295.612061,0.284634,-0.052250
65.000000,1295.612061,0.298901,0.001930
66.000000,1295.612061,0.264323,0.052716
67.000000,1295.612061,0.186556,0.106601
68.000000,1295.612061,0.078309,0.125202
69.000000,1295.612061,-0.042734,0.132926
70.000000,1295.612061,-0.156795,0.124464
71.000000,1295.612061,-0.245238,0.081178
72.000000,1295.612061,-0.293607,0.033837
73.000000,1295.612061,-0.294000,-0.012374
74.000000,1295.612061,-0.246356,-0.072673
75.000000,1295.612061,-0.158459,-0.112009
76.000000,1295.612061,-0.044670,-0.127625
0.000000,1353.102051,0.012203,-0.136869
1.000000,1353.102051,0.134735,-0.126449
2.000000,1353.102051,0.233281,-0.082726
3.000000,1353.102051,0.290307,-0.051654
4.000000,1353.102051,0.295660,0.007380
5.000000,1353.102051,0.248383,0.069833
6.000000,1353.102051,0.156899,0.098049
7.000000,1353.102051,0.037485,0.129198
8.000000,1353.102051,-0.088600,0.143330
9.000000,1353.102051,-0.198917,0.103907
10.000000,1353.102051,-0.273824,0.068144
11.000000,1353.102051,-0.299992,0.013082
12.000000,1353.102051,-0.272768,-0.047370
13.000000,1353.102051,-0.196984,-0.081705
14.000000,1353.102051,-0.086143,-0.128019
15.000000,1353.102051,0.040033,-0.135166
16.000000,1353.102051,0.159081,-0.120753
17.000000,1353.102051,0.249816,-0.091689
18.000000,1353.102051,0.296084,-0.032652
19.000000,1353.102051,0.289647,0.056676
20.000000,1353.102051,0.231660,0.070880
21.000000,1353.102051,0.132433,0.108185
22.000000,1353.102051,0.009635,0.132747
23.000000,1353.102051,-0.114879,0.123499
24.000000,1353.102051,-0.218942,0.099315
25.000000,1353.102051,-0.284036,0.062544
26.000000,1353.102051,-0.298576,-0.007619
27.000000,1353.102051,-0.259964,-0.053251
28.000000,1353.102051,-0.175084,-0.099147
29.000000,1353.102051,-0.059039,-0.129587
30.000000,1353.102051,0.067515,-0.133327
31.000000,1353.102051,0.182053,-0.121860
32.000000,1353.102051,0.264184,-0.079403
33.000000,1353.102051,0.299290,-0.050401
34.000000,1353.102051,0.281130,0.031707
35.000000,1353.102051,0.212922,0.087308
36.000000,1353.102051,0.106819,0.125885
37.000000,1353.102051,-0.018298,0.137223
38.000000,1353.102051,-0.140157,0.133489
39.000000,1353.102051,-0.237070,0.103861
40.000000,1353.102051,-0.291787,0.039708
41.000000,1353.102051,-0.294562,-0.008067
42.000000,1353.102051,-0.244911,-0.058559
43.000000,1353.102051,-0.151665,-0.108852
44.000000,1353.102051,-0.031422,-0.120028
45.000000,1353.102051,0.094413,-0.134739
46.000000,1353.102051,0.203442,-0.110287
47.000000,1353.102051,0.276259,-0.059552
48.000000,1353.102051,0.299909,-0.017622
49.000000,1353.102051,0.270167,0.042273
50.000000,1353.102051,0.192341,0.100435
51.000000,1353.102051,0.080280,0.113920
52.000000,1353.102051,-0.046072,0.133777
53.000000,1353.102051,-0.164224,0.129172
54.000000,1353.102051,-0.253144,0.078315
55.000000,1353.102051,-0.297003,0.033546
56.000000,1353.102051,-0.288002,-0.013669
57.000000,1353.102051,-0.227733,-0.078538
58.000000,1353.102051,-0.126929,-0.115730
59.000000,1353.102051,-0.003534,-0.127191
60.000000,1353.102051,0.120491,-0.131300
61.000000,1353.102051,0.223068,-0.097434
62.000000,1353.102051,0.285945,-0.053244
63.000000,1353.102051,0.297916,0.002099
64.000000,1353.102051,0.256865,0.065271
65.000000,1353.102051,0.170093,0.092616
66.000000,1353.102051,0.053043,0.127777
67.000000,1353.102051,-0.073448,0.137326
68.000000,1353.102051,-0.186865,0.107055
69.000000,1353.102051,-0.267019,0.073153
70.000000,1353.102051,-0.299650,0.028370
71.000000,1353.102051,-0.278938,-0.041074
72.000000,1353.102051,-0.208579,-0.082557
0.000000,1413.141968,0.031336,-0.089843
1.000000,1413.141968,0.156445,-0.119590
2.000000,1413.141968,0.251225,-0.087302
3.000000,1413.141968,0.297298,-0.048652
4.000000,1413.141968,0.285728,0.016528
5.000000,1413.141968,0.218763,0.074989
6.000000,1413.141968,0.109387,0.102764
7.000000,1413.141968,-0.021197,0.130911
8.000000,1413.141968,-0.147673,0.114043
9.000000,1413.141968,-0.245518,0.085174
10.000000,1413.141968,-0.295760,0.046829
11.000000,1413.141968,-0.288663,-0.022198
12.000000,1413.141968,-0.225601,-0.070967
13.000000,1413.141968,-0.118801,-0.099879
14.000000,1413.141968,0.011033,-0.138297
15.000000,1413.141968,0.138728,-0.127307
16.000000,1413.141968,0.239526,-0.088017
17.000000,1413.141968,0.293885,-0.048224
18.000000,1413.141968,0.291268,0.016389
19.000000,1413.141968,0.232182,0.072693
20.000000,1413.141968,0.128079,0.102764
21.000000,1413.141968,-0.000856,0.131057
22.000000,1413.141968,-0.129624,0.131316
23.000000,1413.141968,-0.233260,0.090753
24.000000,1413.141968,-0.291674,0.055563
25.000000,1413.141968,-0.293541,0.001787
26.000000,1413.141968,-0.238493,-0.064668
27.000000,1413.141968,-0.137207,-0.105442
28.000000,1413.141968,-0.009321,-0.134023
29.000000,1413.141968,0.120371,-0.129590
30.000000,1413.141968,0.226728,-0.091871
31.000000,1413.141968,0.289130,-0.058946
32.000000,1413.141968,0.295470,0.001807
33.000000,1413.141968,0.244527,0.065977
34.000000,1413.141968,0.146178,0.097761
35.000000,1413.141968,0.019488,0.122767
36.000000,1413.141968,-0.110981,0.134175
37.000000,1413.141968,-0.219935,0.096761
38.000000,1413.141968,-0.286245,0.058280
39.000000,1413.141968,-0.297059,0.013643
40.000000,1413.141968,-0.250282,-0.059950
41.000000,1413.141968,-0.154981,-0.099147
42.000000,1413.141968,-0.029633,-0.125322
43.000000,1413.141968,0.101462,-0.129299
44.000000,1413.141968,0.212884,-0.100008
45.000000,1413.141968,0.283033,-0.066110
46.000000,1413.141968,0.298309,-0.010770
47.000000,1413.141968,0.255751,0.055546
48.000000,1413.141968,0.163608,0.092185
49.000000,1413.141968,0.039743,0.123344
50.000000,1413.141968,-0.091826,0.139612
51.000000,1413.141968,-0.205591,0.103480
52.000000,1413.141968,-0.279497,0.064144
53.000000,1413.141968,-0.299217,0.020362
54.000000,1413.141968,-0.260925,-0.052227
55.000000,1413.141968,-0.172042,-0.095569
56.000000,1413.141968,-0.049807,-0.117615
57.000000,1413.141968,0.082084,-0.132297
58.000000,1413.141968,0.198062,-0.110011
59.000000,1413.141968,0.275642,-0.066136
60.000000,1413.141968,0.299779,-0.017056
61.000000,1413.141968,0.265794,0.045407
62.000000,1413.141968,0.180279,0.087586
63.000000,1413.141968,0.059814,0.112771
64.000000,1413.141968,-0.072249,0.131332
65.000000,1413.141968,-0.190307,0.109345
66.000000,1413.141968,-0.271465,0.072729
67.000000,1413.141968,-0.299992,0.026661
68.000000,1413.141968,-0.270359,-0.041787
69.000000,1413.141968,-0.188311,-0.085556
0.000000,1475.847046,0.033635,-0.121592
1.000000,1475.847046,0.163402,-0.108895
2.000000,1475.847046,0.258665,-0.089691
3.000000,1475.847046,0.299311,-0.033231
4.000000,1475.847046,0.276761,0.028235
5.000000,1475.847046,0.195773,0.069018
6.000000,1475.847046,0.073445,0.115322
7.000000,1475.847046,-0.064389,0.111618
8.000000,1475.847046,-0.188627,0.108477
9.000000,1475.847046,-0.273039,0.084717
10.000000,1475.847046,-0.299800,0.018410
11.000000,1475.847046,-0.263253,-0.038370
12.000000,1475.847046,-0.171123,-0.079293
13.000000,1475.847046,-0.042862,-0.118427
14.000000,1475.847046,0.094450,-0.121303
15.000000,1475.847046,0.211820,-0.096168
16.000000,1475.847046,0.284461,-0.068956
17.000000,1475.847046,0.297041,-0.009637
18.000000,1475.847046,0.246902,0.056822
19.000000,1475.847046,0.144631,0.090753
20.000000,1475.847046,0.011817,0.124195
21.000000,1475.847046,-0.123489,0.129324
22.000000,1475.847046,-0.232721,0.096757
23.000000,1475.847046,-0.292816,0.056272
24.000000,1475.847046,-0.291083,-0.008491
25.000000,1475.847046,-0.227884,-0.065245
26.000000,1475.847046,-0.116571,-0.099445
27.000000,1475.847046,0.019355,-0.131439
28.000000,1475.847046,0.151197,-0.120584
29.000000,1475.847046,0.251112,-0.080294
30.000000,1475.847046,0.298003,-0.043649
31.000000,1475.847046,0.281974,0.011813
32.000000,1475.847046,0.206407,0.080271
33.000000,1475.847046,0.087257,0.106197
34.000000,1475.847046,-0.050319,0.126912
35.000000,1475.847046,-0.177268,0.124596
36.000000,1475.847046,-0.266788,0.076456
37.000000,1475.847046,-0.299979,0.030968
38.000000,1475.847046,-0.269826,0.008941
39.000000,1475.847046,-0.182699,-0.086116
40.000000,1475.847046,-0.056997,-0.114448
41.000000,1475.847046,0.080739,-0.135610
42.000000,1475.847046,0.201431,-0.128301
43.000000,1475.847046,0.279586,-0.069559
44.000000,1475.847046,0.298708,-0.016052
45.000000,1475.847046,0.254760,0.063018
46.000000,1475.847046,0.157020,0.101439
47.000000,1475.847046,0.026124,0.109056
48.000000,1475.847046,-0.110287,0.122194
49.000000,1475.847046,-0.223411,0.106724
50.000000,1475.847046,-0.289363,0.053863
51.000000,1475.847046,-0.294219,-0.004488
52.000000,1475.847046,-0.236945,-0.047555
53.000000,1475.847046,-0.129643,-0.105847
54.000000,1475.847046,0.005032,-0.123023
55.000000,1475.847046,0.138646,-0.115756
56.000000,1475.847046,0.242986,-0.099127
57.000000,1475.847046,0.296016,-0.045527
58.000000,1475.847046,0.286544,0.014653
59.000000,1475.847046,0.216571,0.062299
60.000000,1475.847046,0.100869,0.109461
61.000000,1475.847046,-0.036134,0.123055
62.000000,1475.847046,-0.165505,0.119772
63.000000,1475.847046,-0.259930,0.090578
64.000000,1475.847046,-0.299473,0.019550
65.000000,1475.847046,-0.275783,-0.025359
66.000000,1475.847046,-0.193858,-0.070997
0.000000,1541.334961,0.017592,-0.120167
1.000000,1541.334961,0.154984,-0.122592
2.000000,1541.334961,0.256740,-0.091984
3.000000,1541.334961,0.299467,-0.032383
4.000000,1541.334961,0.273334,0.011972
5.000000,1541.334961,0.184359,0.070870
6.000000,1541.334961,0.052991,0.116879
7.000000,1541.334961,-0.090561,0.120067
8.000000,1541.334961,-0.213287,0.104468
9.000000,1541.334961,-0.286978,0.075410
10.000000,1541.334961,-0.294679,0.005680
11.000000,1541.334961,-0.234629,-0.048814
12.000000,1541.334961,-0.120630,-0.085874
13.000000,1541.334961,0.021105,-0.119001
14.000000,1541.334961,0.157988,-0.120876
15.000000,1541.334961,0.258543,-0.084581
16.000000,1541.334961,0.299656,-0.038218
17.000000,1541.334961,0.271865,0.024530
18.000000,1541.334961,0.181570,0.072000
19.000000,1541.334961,0.049522,0.108622
20.000000,1541.334961,-0.093911,0.126757
21.000000,1541.334961,-0.215748,0.100190
22.000000,1541.334961,-0.287984,0.061291
23.000000,1541.334961,-0.293999,0.008646
24.000000,1541.334961,-0.232419,-0.053370
25.000000,1541.334961,-0.117398,-0.097709
26.000000,1541.334961,0.024615,-0.111466
27.000000,1541.334961,0.160970,-0.118570
28.000000,1541.334961,0.260311,-0.087560
29.000000,1541.334961,0.299804,-0.029679
30.000000,1541.334961,0.270357,0.019981
31.000000,1541.334961,0.178755,0.072295
32.000000,1541.334961,0.046047,0.120879
33.000000,1541.334961,-0.097248,0.119351
34.000000,1541.334961,-0.218180,0.106323
35.000000,1541.334961,-0.288949,0.072835
36.000000,1541.334961,-0.293279,-0.000181
37.000000,1541.334961,-0.230177,-0.051388
38.000000,1541.334961,-0.114151,-0.086725
39.000000,1541.334961,0.028122,-0.112851
40.000000,1541.334961,0.163930,-0.118735
41.000000,1541.334961,0.262043,-0.089714
42.000000,1541.334961,0.299911,-0.040080
43.000000,1541.334961,0.268813,0.033247
44.000000,1541.334961,0.175915,0.068306
45.000000,1541.334961,0.042565,0.109047
46.000000,1541.334961,-0.100571,0.128609
47.000000,1541.334961,-0.220581,0.098049
48.000000,1541.334961,-0.289876,0.062001
49.000000,1541.334961,-0.292519,0.012642
50.000000,1541.334961,-0.227903,-0.055229
51.000000,1541.334961,-0.110888,-0.098570
52.000000,1541.334961,0.031625,-0.113898
53.000000,1541.334961,0.166867,-0.120286
54.000000,1541.334961,0.263738,-0.087133
55.000000,1541.334961,0.299976,-0.022963
56.000000,1541.334961,0.267232,0.022837
57.000000,1541.334961,0.173051,0.083302
58.000000,1541.334961,0.039077,0.114882
59.000000,1541.334961,-0.103880,0.123211
60.000000,1541.334961,-0.222952,0.106317
61.000000,1541.334961,-0.290762,0.057849
62.000000,1541.334961,-0.291718,-0.000330
63.000000,1541.334961,-0.225598,-0.050828
0.000000,1609.728027,0.128829,-0.118285
1.000000,1609.728027,0.243947,-0.096997
2.000000,1609.728027,0.297996,-0.041978
3.000000,1609.728027,0.277446,-0.003183
4.000000,1609.728027,0.187441,0.065857
5.000000,1609.728027,0.050509,0.114875
6.000000,1609.728027,-0.099066,0.115633
7.000000,1609.728027,-0.223840,0.099889
8.000000,1609.728027,-0.292580,0.064406
9.000000,1609.728027,-0.288076,0.002533
10.000000,1609.728027,-0.211451,-0.051249
11.000000,1609.728027,-0.081894,-0.100863
12.000000,1609.728027,0.068163,-0.119577
13.000000,1609.728027,0.201158,-0.106019
14.000000,1609.728027,0.283795,-0.062803
15.000000,1609.728027,0.295384,-0.018636
16.000000,1609.728027,0.233029,0.050682
17.000000,1609.728027,0.112339,0.082748
18.000000,1609.728027,-0.036476,0.114620
19.000000,1609.728027,-0.176159,0.119593
20.000000,1609.728027,-0.271741,0.076456
21.000000,1609.728027,-0.299297,0.025825
22.000000,1609.728027,-0.251928,-0.021532
23.000000,1609.728027,-0.141492,-0.089403
24.000000,1609.728027,0.004368,-0.111297
25.000000,1609.728027,0.149132,-0.110896
26.000000,1609.728027,0.256563,-0.094409
27.000000,1609.728027,0.299767,-0.038950
28.000000,1609.728027,0.267929,0.127032
29.000000,1609.728027,0.169013,0.072739
30.000000,1609.728027,0.027789,0.095021
31.000000,1609.728027,-0.120391,0.100455
32.000000,1609.728027,-0.238434,0.081599
33.000000,1609.728027,-0.296788,0.050689
34.000000,1609.728027,-0.280840,-0.019199
35.000000,1609.728027,-0.194590,-0.025796
36.000000,1609.728027,-0.059627,-0.100737
37.000000,1609.728027,0.090265,-0.135584
38.000000,1609.728027,0.217560,-0.114296
39.000000,1609.728027,0.290388,-0.060136
40.000000,1609.728027,0.290523,-0.022056
41.000000,1609.728027,0.217929,0.045984
42.000000,1609.728027,0.090779,0.103007
43.000000,1609.728027,-0.059098,0.109772
44.000000,1609.728027,-0.194179,0.109467
45.000000,1609.728027,-0.280650,0.082133
46.000000,1609.728027,-0.296864,0.016402
47.000000,1609.728027,-0.238763,-0.040667
48.000000,1609.728027,-0.120885,-0.089290
49.000000,1609.728027,0.027252,-0.119004
50.000000,1609.728027,0.168566,-0.113308
51.000000,1609.728027,0.267684,-0.091407
52.000000,1609.728027,0.299790,-0.033934
53.000000,1609.728027,0.256843,0.031810
54.000000,1609.728027,0.149600,0.073027
55.000000,1609.728027,0.004908,0.116767
56.000000,1609.728027,-0.141015,0.123599
57.000000,1609.728027,-0.251636,0.087182
58.000000,1609.728027,-0.299260,0.044413
59.000000,1609.728027,-0.271969,-0.006662
60.000000,1609.728027,-0.176594,-0.071958
61.000000,1609.728027,-0.037011,-0.104720
0.000000,1681.156006,0.080917,-0.117718
1.000000,1681.156006,0.215466,-0.105588
2.000000,1681.156006,0.291297,-0.070818
3.000000,1681.156006,0.287744,-0.007341
4.000000,1681.156006,0.205775,0.059546
5.000000,1681.156006,0.067729,0.090041
6.000000,1681.156006,-0.088775,0.115047
7.000000,1681.156006,-0.221086,0.119308
8.000000,1681.156006,-0.293146,0.061729
9.000000,1681.156006,-0.285320,0.006376
10.000000,1681.156006,-0.199738,-0.046697
11.000000,1681.156006,-0.059723,-0.101128
12.000000,1681.156006,0.096567,-0.114872
13.000000,1681.156006,0.226541,-0.098305
14.000000,1681.156006,0.294779,-0.069387
15.000000,1681.156006,0.282684,-0.003067
16.000000,1681.156006,0.193552,0.054280
17.000000,1681.156006,0.051673,0.097755
18.000000,1681.156006,-0.104288,0.123466
19.000000,1681.156006,-0.231830,0.095044
20.000000,1681.156006,-0.296194,0.057571
21.000000,1681.156006,-0.279839,0.021651
22.000000,1681.156006,-0.187222,-0.063380
23.000000,1681.156006,-0.043584,-0.105432
24.000000,1681.156006,0.111930,-0.109180
25.000000,1681.156006,0.236941,-0.106132
26.000000,1681.156006,0.297381,-0.055106
27.000000,1681.156006,0.276778,0.016356
28.000000,1681.156006,0.180749,0.049148
29.000000,1681.156006,0.035463,0.102317
30.000000,1681.156006,-0.119488,0.117029
31.000000,1681.156006,-0.241876,0.098758
32.000000,1681.156006,-0.298347,0.057273
33.000000,1681.156006,-0.273514,-0.012921
34.000000,1681.156006,-0.174143,-0.064102
35.000000,1681.156006,-0.027315,-0.097729
36.000000,1681.156006,0.126958,-0.122572
37.000000,1681.156006,0.246632,-0.095135
38.000000,1681.156006,0.299094,-0.043118
39.000000,1681.156006,0.270048,0.002821
40.000000,1681.156006,0.167408,0.067004
41.000000,1681.156006,0.019147,0.112728
42.000000,1681.156006,-0.134334,0.112631
43.000000,1681.156006,-0.251206,0.093739
44.000000,1681.156006,-0.299620,0.050961
45.000000,1681.156006,-0.266382,-0.018056
46.000000,1681.156006,-0.160550,-0.065831
47.000000,1681.156006,-0.010964,-0.103163
48.000000,1681.156006,0.141609,-0.114571
49.000000,1681.156006,0.255591,-0.088856
50.000000,1681.156006,0.299919,-0.050381
51.000000,1681.156006,0.262513,0.009106
52.000000,1681.156006,0.153568,0.076709
53.000000,1681.156006,0.002773,0.100909
54.000000,1681.156006,-0.148777,0.112476
55.000000,1681.156006,-0.259782,0.098149
56.000000,1681.156006,-0.299992,0.035709
57.000000,1681.156006,-0.258448,-0.018785
58.000000,1681.156006,-0.146473,-0.065712
0.000000,1755.753052,0.007344,-0.107285
1.000000,1755.753052,0.163419,-0.118865
2.000000,1755.753052,0.271021,-0.083147
3.000000,1755.753052,0.298235,-0.039785
4.000000,1755.753052,0.236989,0.024397
5.000000,1755.753052,0.105450,0.085423
6.000000,1755.753052,-0.057366,0.103480
7.000000,1755.753052,-0.203166,0.105465
8.000000,1755.753052,-0.288705,0.080128
9.000000,1755.753052,-0.288610,0.010114
10.000000,1755.753052,-0.202911,-0.040236
11.000000,1755.753052,-0.057026,-0.079582
12.000000,1755.753052,0.105774,-0.113282
13.000000,1755.753052,0.237200,-0.099144
14.000000,1755.753052,0.298271,-0.056266
15.000000,1755.753052,0.270871,-0.006761
16.000000,1755.753052,0.163128,0.062133
17.000000,1755.753052,0.006998,0.096463
18.000000,1755.753052,-0.151208,0.113195
19.000000,1755.753052,-0.264565,0.098441
20.000000,1755.753052,-0.299448,0.035852
21.000000,1755.753052,-0.245511,-0.017781
22.000000,1755.753052,-0.118754,-0.061275
23.000000,1755.753052,0.043227,-0.110850
24.000000,1755.753052,0.192385,-0.108434
25.000000,1755.753052,0.284479,-0.069860
26.000000,1755.753052,0.292193,-0.026777
27.000000,1755.753052,0.213240,0.034258
28.000000,1755.753052,0.071038,0.093855
29.000000,1755.753052,-0.092235,0.108626
30.000000,1755.753052,-0.228150,0.103888
31.000000,1755.753052,-0.296393,0.062985
32.000000,1755.753052,-0.276723,-0.000757
33.000000,1755.753052,-0.174974,-0.051538
34.000000,1755.753052,-0.021325,-0.105999
35.000000,1755.753052,0.138650,-0.114431
36.000000,1755.753052,0.257501,-0.086291
37.000000,1755.753052,0.299974,-0.049510
38.000000,1755.753052,0.253472,0.014961
39.000000,1755.753052,0.131786,0.077703
40.000000,1755.753052,-0.028989,0.103765
41.000000,1755.753052,-0.181164,0.111899
42.000000,1755.753052,-0.279603,0.091138
43.000000,1755.753052,-0.295109,0.023552
44.000000,1755.753052,-0.223082,-0.032943
45.000000,1755.753052,-0.084887,-0.073147
46.000000,1755.753052,0.078486,-0.116141
47.000000,1755.753052,0.218579,-0.105724
48.000000,1755.753052,0.293839,-0.063558
49.000000,1755.753052,0.281944,-0.012195
50.000000,1755.753052,0.186420,0.056129
51.000000,1755.753052,0.035603,0.086592
52.000000,1755.753052,-0.125776,0.109196
53.000000,1755.753052,-0.249848,0.101877
54.000000,1755.753052,-0.299813,0.043857
55.000000,1755.753052,-0.260851,-0.010201
0.000000,1833.661011,0.079284,-0.107848
1.000000,1833.661011,0.224093,-0.098716
2.000000,1833.661011,0.296572,-0.058843
3.000000,1833.661011,0.273326,-0.012195
4.000000,1833.661011,0.161858,0.057273
5.000000,1833.661011,-0.001853,0.091029
6.000000,1833.661011,-0.164965,0.107334
7.000000,1833.661011,-0.274832,0.089578
8.000000,1833.661011,-0.295991,0.028990
9.000000,1833.661011,-0.221613,-0.034076
10.000000,1833.661011,-0.075704,-0.072428
11.000000,1833.661011,0.094640,-0.111135
12.000000,1833.661011,0.234439,-0.099999
13.000000,1833.661011,0.298568,-0.047982
14.000000,1833.661011,0.266328,-0.002328
15.000000,1833.661011,0.148123,0.061139
16.000000,1833.661011,-0.017889,0.105866
17.000000,1833.661011,-0.178127,0.101191
18.000000,1833.661011,-0.280870,0.082155
19.000000,1833.661011,-0.292956,0.032379
20.000000,1833.661011,-0.210485,-0.034358
21.000000,1833.661011,-0.060075,-0.078989
22.000000,1833.661011,0.109725,-0.110432
23.000000,1833.661011,0.244108,-0.101135
24.000000,1833.661011,0.299701,-0.054261
25.000000,1833.661011,0.258559,-0.001609
26.000000,1833.661011,0.133962,0.061861
27.000000,1833.661011,-0.033875,0.106870
28.000000,1833.661011,-0.190779,0.100047
29.000000,1833.661011,-0.286106,0.079015
30.000000,1833.661011,-0.289086,0.032373
31.000000,1833.661011,-0.198758,-0.041074
32.000000,1833.661011,-0.044275,-0.086132
33.000000,1833.661011,0.124497,-0.099886
34.000000,1833.661011,0.253084,-0.100413
35.000000,1833.661011,0.299983,-0.055106
36.000000,1833.661011,0.250056,0.010216
37.000000,1833.661011,0.119418,0.060155
38.000000,1833.661011,-0.049763,0.103742
39.000000,1833.661011,-0.202883,0.100886
40.000000,1833.661011,-0.290518,0.072163
41.000000,1833.661011,-0.284382,0.023523
42.000000,1833.661011,-0.186456,-0.047366
43.000000,1833.661011,-0.028347,-0.091987
44.000000,1833.661011,0.138912,-0.098736
45.000000,1833.661011,0.261335,-0.093978
46.000000,1833.661011,0.299407,-0.045809
47.000000,1833.661011,0.240840,0.062819
48.000000,1833.661011,0.104535,0.071311
49.000000,1833.661011,-0.065511,0.098460
50.000000,1833.661011,-0.214410,0.103865
51.000000,1833.661011,-0.294104,0.062733
52.000000,1833.661011,-0.278869,0.002947
53.000000,1833.661011,-0.173624,-0.043406
0.000000,1915.025024,0.135887,-0.096414
1.000000,1915.025024,0.263402,-0.090556
2.000000,1915.025024,0.298419,-0.038824
3.000000,1915.025024,0.228643,0.005969
4.000000,1915.025024,0.078575,0.070009
5.000000,1915.025024,-0.099085,0.109299
6.000000,1915.025024,-0.241950,0.091327
7.000000,1915.025024,-0.299851,0.058568
8.000000,1915.025024,-0.252455,0.006635
9.000000,1915.025024,-0.116406,-0.060520
10.000000,1915.025024,0.060520,-0.100002
11.000000,1915.025024,0.216194,-0.099313
12.000000,1915.025024,0.295949,-0.076106
13.000000,1915.025024,0.271777,-0.010210
14.000000,1915.025024,0.152167,0.057402
15.000000,1915.025024,-0.020879,0.087321
16.000000,1915.025024,-0.186593,0.101741
17.000000,1915.025024,-0.286782,0.074432
18.000000,1915.025024,-0.286265,0.020832
19.000000,1915.025024,-0.185221,-0.030524
20.000000,1915.025024,-0.019134,-0.087974
21.000000,1915.025024,0.153672,-0.105141
22.000000,1915.025024,0.272515,-0.077431
23.000000,1915.025024,0.295660,-0.043076
24.000000,1915.025024,0.214981,0.018394
25.000000,1915.025024,0.058807,0.085850
26.000000,1915.025024,-0.118017,0.102768
27.000000,1915.025024,-0.253399,0.094743
28.000000,1915.025024,-0.299797,0.055967
29.000000,1915.025024,-0.240916,-0.012192
30.000000,1915.025024,-0.097434,-0.067544
31.000000,1915.025024,0.080262,-0.091450
32.000000,1915.025024,0.229773,-0.100986
33.000000,1915.025024,0.298596,-0.062399
34.000000,1915.025024,0.262562,0.000777
35.000000,1915.025024,0.134327,0.056295
36.000000,1915.025024,-0.041079,0.095737
37.000000,1915.025024,-0.202059,0.094590
38.000000,1915.025024,-0.292083,0.067729
39.000000,1915.025024,-0.279538,0.023669
40.000000,1915.025024,-0.168830,-0.044510
41.000000,1915.025024,0.001166,-0.091699
42.000000,1915.025024,0.170751,-0.097589
43.000000,1915.025024,0.280375,-0.085543
44.000000,1915.025024,0.291541,-0.033656
45.000000,1915.025024,0.200329,-0.035693
46.000000,1915.025024,0.038768,0.077315
47.000000,1915.025024,-0.136406,0.118476
48.000000,1915.025024,-0.263680,0.108583
49.000000,1915.025024,-0.298359,0.045288
50.000000,1915.025024,-0.228265,-0.004061
51.000000,1915.025024,-0.078013,-0.058273
0.000000,2000.000000,0.176334,-0.100002
1.000000,2000.000000,0.285312,-0.072146
2.000000,2000.000000,0.285311,-0.032069
3.000000,2000.000000,0.176332,0.034685
4.000000,2000.000000,-0.000001,0.080704
5.000000,2000.000000,-0.176334,0.097758
6.000000,2000.000000,-0.285312,0.085012
7.000000,2000.000000,-0.285311,0.027684
8.000000,2000.000000,-0.176332,-0.039653
9.000000,2000.000000,0.000002,-0.075278
10.000000,2000.000000,0.176335,-0.104985
11.000000,2000.000000,0.285312,-0.081692
12.000000,2000.000000,0.285311,-0.023530
13.000000,2000.000000,0.176332,0.027558
14.000000,2000.000000,-0.000002,0.079730
15.000000,2000.000000,-0.176335,0.108440
16.000000,2000.000000,-0.285312,0.079173
17.000000,2000.000000,-0.285311,0.032399
18.000000,2000.000000,-0.176332,-0.029825
19.000000,2000.000000,0.000002,-0.088833
20.000000,2000.000000,0.176335,-0.100575
21.000000,2000.000000,0.285312,-0.077431
22.000000,2000.000000,0.285311,-0.033642
23.000000,2000.000000,0.176332,0.038685
24.000000,2000.000000,-0.000002,0.099617
25.000000,2000.000000,-0.176335,0.100899
26.000000,2000.000000,-0.285312,0.085287
27.000000,2000.000000,-0.285311,0.020123
28.000000,2000.000000,-0.176332,-0.031220
29.000000,2000.000000,0.000002,-0.074718
30.000000,2000.000000,0.176335,-0.107417
31.000000,2000.000000,0.285312,-0.083985
32.000000,2000.000000,0.285311,-0.006943
33.000000,2000.000000,0.176332,0.028271
34.000000,2000.000000,-0.000002,0.079296
35.000000,2000.000000,-0.176335,0.105578
36.000000,2000.000000,-0.285312,0.074167
37.000000,2000.000000,-0.285311,0.030683
38.000000,2000.000000,-0.176332,-0.027817
39.000000,2000.000000,0.000002,-0.134305
40.000000,2000.000000,0.176335,-0.099578
41.000000,2000.000000,0.285313,-0.074983
42.000000,2000.000000,0.285311,-0.025495
43.000000,2000.000000,0.176331,0.045686
44.000000,2000.000000,-0.000002,0.082318
45.000000,2000.000000,-0.176335,0.099037
46.000000,2000.000000,-0.285313,0.079565
47.000000,2000.000000,-0.285311,0.025842
48.000000,2000.000000,-0.176331,-0.031224
49.000000,2000.000000,0.000003,-0.073289
