I0,I1,I2,I3
0.000000,100.000000,0.009426,-0.061633
1.000000,100.000000,0.018840,-0.048300
2.000000,100.000000,0.028235,-0.046972
3.000000,100.000000,0.037602,-0.035532
4.000000,100.000000,0.046933,-0.018405
5.000000,100.000000,0.056216,-0.019876
6.000000,100.000000,0.065445,-0.007937
7.000000,100.000000,0.074608,0.001749
8.000000,100.000000,0.083700,0.006898
9.000000,100.000000,0.092706,0.013111
10.000000,100.000000,0.101623,0.025624
11.000000,100.000000,0.110438,0.022086
12.000000,100.000000,0.119145,0.040646
13.000000,100.000000,0.127735,0.053085
14.000000,100.000000,0.136197,0.050808
15.000000,100.000000,0.144528,0.061181
16.000000,100.000000,0.152712,0.077414
17.000000,100.000000,0.160750,0.076323
18.000000,100.000000,0.168624,0.087296
19.000000,100.000000,0.176336,0.096088
20.000000,100.000000,0.183872,0.097678
21.000000,100.000000,0.191226,0.108944
22.000000,100.000000,0.198394,0.121163
23.000000,100.000000,0.205362,0.121112
24.000000,100.000000,0.212134,0.127838
25.000000,100.000000,0.218689,0.138578
26.000000,100.000000,0.225033,0.141134
27.000000,100.000000,0.231152,0.149647
28.000000,100.000000,0.237045,0.162086
29.000000,100.000000,0.242704,0.158388
30.000000,100.000000,0.248122,0.167794
31.000000,100.000000,0.253299,0.183601
32.000000,100.000000,0.258219,0.177136
33.000000,100.000000,0.262893,0.187582
34.000000,100.000000,0.267298,0.187875
35.000000,100.000000,0.271447,0.195577
36.000000,100.000000,0.275323,0.197762
37.000000,100.000000,0.278930,0.203764
38.000000,100.000000,0.282262,0.211118
39.000000,100.000000,0.285313,0.220730
40.000000,100.000000,0.288088,0.219186
41.000000,100.000000,0.290570,0.225618
42.000000,100.000000,0.292774,0.237237
43.000000,100.000000,0.294682,0.232646
44.000000,100.000000,0.296303,0.238332
45.000000,100.000000,0.297631,0.243258
46.000000,100.000000,0.298664,0.238607
47.000000,100.000000,0.299406,0.248833
48.000000,100.000000,0.299847,0.255019
49.000000,100.000000,0.300000,0.249694
50.000000,100.000000,0.299846,0.247120
51.000000,100.000000,0.299405,0.254052
52.000000,100.000000,0.298663,0.254514
53.000000,100.000000,0.297630,0.255220
54.000000,100.000000,0.296302,0.262679
55.000000,100.000000,0.294681,0.257941
56.000000,100.000000,0.292773,0.263700
57.000000,100.000000,0.290569,0.264246
58.000000,100.000000,0.288086,0.257048
59.000000,100.000000,0.285311,0.263920
60.000000,100.000000,0.282260,0.257039
61.000000,100.000000,0.278928,0.253841
62.000000,100.000000,0.275321,0.258106
63.000000,100.000000,0.271444,0.251074
64.000000,100.000000,0.267296,0.248994
65.000000,100.000000,0.262890,0.277308
66.000000,100.000000,0.258216,0.245521
67.000000,100.000000,0.253295,0.248540
68.000000,100.000000,0.248118,0.238878
69.000000,100.000000,0.242700,0.234507
70.000000,100.000000,0.237041,0.231272
71.000000,100.000000,0.231148,0.234704
72.000000,100.000000,0.225030,0.222526
73.000000,100.000000,0.218684,0.224491
74.000000,100.000000,0.212130,0.223763
75.000000,100.000000,0.205358,0.214045
76.000000,100.000000,0.198390,0.211177
77.000000,100.000000,0.191222,0.206875
78.000000,100.000000,0.183867,0.202358
79.000000,100.000000,0.176331,0.197556
80.000000,100.000000,0.168620,0.194748
81.000000,100.000000,0.160745,0.185543
82.000000,100.000000,0.152707,0.180215
83.000000,100.000000,0.144523,0.175867
84.000000,100.000000,0.136192,0.167089
85.000000,100.000000,0.127730,0.163547
86.000000,100.000000,0.119140,0.153733
87.000000,100.000000,0.110433,0.148707
88.000000,100.000000,0.101617,0.145899
89.000000,100.000000,0.092700,0.129799
90.000000,100.000000,0.083694,0.127939
91.000000,100.000000,0.074603,0.125497
92.000000,100.000000,0.065440,0.113086
93.000000,100.000000,0.056210,0.111418
94.000000,100.000000,0.046927,0.110016
95.000000,100.000000,0.037596,0.093064
96.000000,100.000000,0.028229,0.090650
97.000000,100.000000,0.018834,0.081807
98.000000,100.000000,0.009420,0.068282
99.000000,100.000000,-0.000003,0.065194
100.000000,100.000000,-0.009426,0.060819
101.000000,100.000000,-0.018840,0.047601
102.000000,100.000000,-0.028235,0.044733
103.000000,100.000000,-0.037603,0.034851
104.000000,100.000000,-0.046933,0.022233
105.000000,100.000000,-0.056217,0.020185
106.000000,100.000000,-0.065446,0.012456
107.000000,100.000000,-0.074609,0.001991
108.000000,100.000000,-0.083700,-0.006164
109.000000,100.000000,-0.092706,-0.013732
110.000000,100.000000,-0.101623,-0.024870
111.000000,100.000000,-0.110439,-0.031165
112.000000,100.000000,-0.119145,-0.051141
113.000000,100.000000,-0.127735,-0.049725
114.000000,100.000000,-0.136198,-0.058174
115.000000,100.000000,-0.144529,-0.063607
116.000000,100.000000,-0.152712,-0.067374
117.000000,100.000000,-0.160750,-0.072262
118.000000,100.000000,-0.168625,-0.088554
119.000000,100.000000,-0.176336,-0.090515
120.000000,100.000000,-0.183872,-0.096311
121.000000,100.000000,-0.191227,-0.107975
122.000000,100.000000,-0.198394,-0.115750
123.000000,100.000000,-0.205363,-0.119012
124.000000,100.000000,-0.212134,-0.129257
125.000000,100.000000,-0.218689,-0.131978
126.000000,100.000000,-0.225034,-0.137394
127.000000,100.000000,-0.231152,-0.149425
128.000000,100.000000,-0.237045,-0.160773
129.000000,100.000000,-0.242704,-0.157928
130.000000,100.000000,-0.248122,-0.174866
131.000000,100.000000,-0.253299,-0.171788
132.000000,100.000000,-0.258219,-0.177262
133.000000,100.000000,-0.262893,-0.185807
134.000000,100.000000,-0.267299,-0.189129
135.000000,100.000000,-0.271447,-0.197330
136.000000,100.000000,-0.275323,-0.201142
137.000000,100.000000,-0.278930,-0.202530
138.000000,100.000000,-0.282263,-0.222817
139.000000,100.000000,-0.285313,-0.220417
140.000000,100.000000,-0.288088,-0.214451
141.000000,100.000000,-0.290570,-0.218909
142.000000,100.000000,-0.292774,-0.227197
143.000000,100.000000,-0.294682,-0.229419
144.000000,100.000000,-0.296303,-0.240191
145.000000,100.000000,-0.297631,-0.239632
146.000000,100.000000,-0.298664,-0.236273
147.000000,100.000000,-0.299406,-0.247484
148.000000,100.000000,-0.299847,-0.245065
149.000000,100.000000,-0.300000,-0.244460
150.000000,100.000000,-0.299846,-0.253211
151.000000,100.000000,-0.299405,-0.257046
152.000000,100.000000,-0.298663,-0.255694
153.000000,100.000000,-0.297630,-0.263259
154.000000,100.000000,-0.296302,-0.260546
155.000000,100.000000,-0.294680,-0.253541
156.000000,100.000000,-0.292773,-0.262952
157.000000,100.000000,-0.290569,-0.266040
158.000000,100.000000,-0.288086,-0.256734
159.000000,100.000000,-0.285311,-0.261545
160.000000,100.000000,-0.282260,-0.259946
161.000000,100.000000,-0.278928,-0.251081
162.000000,100.000000,-0.275321,-0.256712
163.000000,100.000000,-0.271444,-0.254820
164.000000,100.000000,-0.267296,-0.247067
165.000000,100.000000,-0.262890,-0.253065
166.000000,100.000000,-0.258216,-0.253106
167.000000,100.000000,-0.253295,-0.239627
168.000000,100.000000,-0.248118,-0.243837
169.000000,100.000000,-0.242700,-0.239938
170.000000,100.000000,-0.237041,-0.233226
171.000000,100.000000,-0.231148,-0.236544
172.000000,100.000000,-0.225029,-0.226844
173.000000,100.000000,-0.218684,-0.215665
174.000000,100.000000,-0.212130,-0.223830
175.000000,100.000000,-0.205358,-0.218217
176.000000,100.000000,-0.198389,-0.211184
177.000000,100.000000,-0.191222,-0.215129
178.000000,100.000000,-0.183867,-0.197843
179.000000,100.000000,-0.176331,-0.199896
180.000000,100.000000,-0.168619,-0.190141
181.000000,100.000000,-0.160744,-0.188409
182.000000,100.000000,-0.152707,-0.182527
183.000000,100.000000,-0.144523,-0.173561
184.000000,100.000000,-0.136192,-0.158968
185.000000,100.000000,-0.127729,-0.166459
186.000000,100.000000,-0.119139,-0.157420
187.000000,100.000000,-0.110433,-0.144907
188.000000,100.000000,-0.101617,-0.146145
189.000000,100.000000,-0.092700,-0.137852
190.000000,100.000000,-0.083694,-0.127199
191.000000,100.000000,-0.074602,-0.124336
192.000000,100.000000,-0.065439,-0.114857
193.000000,100.000000,-0.056210,-0.106065
194.000000,100.000000,-0.046926,-0.105062
195.000000,100.000000,-0.037596,-0.096915
196.000000,100.000000,-0.028229,-0.083890
197.000000,100.000000,-0.018834,-0.081787
198.000000,100.000000,-0.009420,-0.075648
199.000000,100.000000,0.000003,-0.060309
200.000000,100.000000,0.009426,-0.061326
201.000000,100.000000,0.018840,-0.051993
202.000000,100.000000,0.028235,-0.033080
203.000000,100.000000,0.037603,-0.032751
204.000000,100.000000,0.046933,-0.026245
205.000000,100.000000,0.056217,-0.016412
206.000000,100.000000,0.065446,-0.017489
207.000000,100.000000,0.074609,-0.002430
208.000000,100.000000,0.083700,0.011196
209.000000,100.000000,0.092707,0.009886
210.000000,100.000000,0.101624,0.020185
211.000000,100.000000,0.110439,0.030984
212.000000,100.000000,0.119146,0.034447
213.000000,100.000000,0.127736,0.042667
214.000000,100.000000,0.136198,0.056659
215.000000,100.000000,0.144529,0.059215
216.000000,100.000000,0.152713,0.071008
217.000000,100.000000,0.160750,0.082921
218.000000,100.000000,0.168625,0.084657
219.000000,100.000000,0.176336,0.098090
220.000000,100.000000,0.183872,0.100629
221.000000,100.000000,0.191227,0.106012
222.000000,100.000000,0.198395,0.115125
223.000000,100.000000,0.205363,0.125850
224.000000,100.000000,0.212134,0.128260
225.000000,100.000000,0.218689,0.133872
226.000000,100.000000,0.225034,0.145418
227.000000,100.000000,0.231152,0.145221
228.000000,100.000000,0.237045,0.158347
229.000000,100.000000,0.242704,0.163053
230.000000,100.000000,0.248122,0.164715
231.000000,100.000000,0.253299,0.173902
232.000000,100.000000,0.258220,0.184407
233.000000,100.000000,0.262893,0.188150
234.000000,100.000000,0.267299,0.191009
235.000000,100.000000,0.271447,0.196461
236.000000,100.000000,0.275324,0.198344
237.000000,100.000000,0.278930,0.204177
238.000000,100.000000,0.282263,0.215590
239.000000,100.000000,0.285313,0.213592
240.000000,100.000000,0.288088,0.223144
241.000000,100.000000,0.290570,0.221724
242.000000,100.000000,0.292774,0.226012
243.000000,100.000000,0.294682,0.235038
244.000000,100.000000,0.296303,0.229733
245.000000,100.000000,0.297631,0.238653
246.000000,100.000000,0.298664,0.246698
247.000000,100.000000,0.299406,0.244921
248.000000,100.000000,0.299847,0.247793
249.000000,100.000000,0.300000,0.254945
250.000000,100.000000,0.299846,0.250061
251.000000,100.000000,0.299405,0.256567
252.000000,100.000000,0.298663,0.259559
253.000000,100.000000,0.297630,0.254675
254.000000,100.000000,0.296302,0.260214
255.000000,100.000000,0.294680,0.262752
256.000000,100.000000,0.292773,0.256461
257.000000,100.000000,0.290569,0.257314
258.000000,100.000000,0.288086,0.263499
259.000000,100.000000,0.285311,0.254968
260.000000,100.000000,0.282260,0.255820
261.000000,100.000000,0.278927,0.249878
262.000000,100.000000,0.275321,0.252814
263.000000,100.000000,0.271444,0.257607
264.000000,100.000000,0.267296,0.257099
265.000000,100.000000,0.262890,0.247454
266.000000,100.000000,0.258216,0.244513
267.000000,100.000000,0.253295,0.249658
268.000000,100.000000,0.248118,0.239487
269.000000,100.000000,0.242700,0.240486
270.000000,100.000000,0.237041,0.237311
271.000000,100.000000,0.231148,0.232193
272.000000,100.000000,0.225029,0.234612
273.000000,100.000000,0.218684,0.223057
274.000000,100.000000,0.212129,0.220578
275.000000,100.000000,0.205358,0.215397
276.000000,100.000000,0.198389,0.208364
277.000000,100.000000,0.191221,0.206138
278.000000,100.000000,0.183867,0.205482
279.000000,100.000000,0.176331,0.196938
280.000000,100.000000,0.168619,0.190203
281.000000,100.000000,0.160744,0.189694
282.000000,100.000000,0.152706,0.176843
283.000000,100.000000,0.144523,0.173082
284.000000,100.000000,0.136191,0.171533
285.000000,100.000000,0.127729,0.162635
286.000000,100.000000,0.119139,0.157307
287.000000,100.000000,0.110432,0.149138
288.000000,100.000000,0.101617,0.143287
289.000000,100.000000,0.092700,0.136026
290.000000,100.000000,0.083694,0.130610
291.000000,100.000000,0.074602,0.118579
292.000000,100.000000,0.065439,0.115111
293.000000,100.000000,0.056210,0.107863
294.000000,100.000000,0.046926,0.101091
295.000000,100.000000,0.037596,0.092042
296.000000,100.000000,0.028228,0.083209
297.000000,100.000000,0.018833,0.077276
298.000000,100.000000,0.009419,0.075654
299.000000,100.000000,-0.000004,0.058382
300.000000,100.000000,-0.009427,0.059554
301.000000,100.000000,-0.018841,0.051459
302.000000,100.000000,-0.028236,0.039047
303.000000,100.000000,-0.037603,0.033206
304.000000,100.000000,-0.046934,0.028831
305.000000,100.000000,-0.056217,0.012185
306.000000,100.000000,-0.065446,0.009464
307.000000,100.000000,-0.074609,0.005089
308.000000,100.000000,-0.083701,-0.008042
309.000000,100.000000,-0.092707,-0.017311
310.000000,100.000000,-0.101624,-0.020353
311.000000,100.000000,-0.110439,-0.037057
312.000000,100.000000,-0.119146,-0.041639
313.000000,100.000000,-0.127736,-0.043641
314.000000,100.000000,-0.136198,-0.054999
315.000000,100.000000,-0.144529,-0.061587
316.000000,100.000000,-0.152713,-0.064849
317.000000,100.000000,-0.160750,-0.079180
318.000000,100.000000,-0.168625,-0.088522
319.000000,100.000000,-0.176336,-0.090891
320.000000,100.000000,-0.183873,-0.101282
321.000000,100.000000,-0.191227,-0.108017
322.000000,100.000000,-0.198395,-0.109272
323.000000,100.000000,-0.205363,-0.121816
324.000000,100.000000,-0.212135,-0.130118
325.000000,100.000000,-0.218689,-0.136573
326.000000,100.000000,-0.225034,-0.147185
327.000000,100.000000,-0.231153,-0.149833
328.000000,100.000000,-0.237046,-0.156434
329.000000,100.000000,-0.242704,-0.162739
330.000000,100.000000,-0.248122,-0.164420
331.000000,100.000000,-0.253299,-0.172502
332.000000,100.000000,-0.258220,-0.179187
333.000000,100.000000,-0.262893,-0.184368
334.000000,100.000000,-0.267299,-0.195396
335.000000,100.000000,-0.271447,-0.196528
336.000000,100.000000,-0.275324,-0.198736
337.000000,100.000000,-0.278930,-0.211276
338.000000,100.000000,-0.282263,-0.213576
339.000000,100.000000,-0.285313,-0.215344
340.000000,100.000000,-0.288088,-0.224490
341.000000,100.000000,-0.290570,-0.225264
342.000000,100.000000,-0.292774,-0.224586
343.000000,100.000000,-0.294682,-0.233497
344.000000,100.000000,-0.296304,-0.236585
345.000000,100.000000,-0.297631,-0.236053
346.000000,100.000000,-0.298664,-0.243984
347.000000,100.000000,-0.299406,-0.247379
348.000000,100.000000,-0.299847,-0.248254
349.000000,100.000000,-0.300000,-0.244644
350.000000,100.000000,-0.299846,-0.251759
351.000000,100.000000,-0.299405,-0.248107
352.000000,100.000000,-0.298663,-0.258425
353.000000,100.000000,-0.297630,-0.260253
354.000000,100.000000,-0.296302,-0.255548
355.000000,100.000000,-0.294680,-0.262292
356.000000,100.000000,-0.292773,-0.262406
357.000000,100.000000,-0.290569,-0.253981
358.000000,100.000000,-0.288086,-0.260432
359.000000,100.000000,-0.285311,-0.258613
360.000000,100.000000,-0.282260,-0.255694
361.000000,100.000000,-0.278927,-0.257165
362.000000,100.000000,-0.275321,-0.256240
363.000000,100.000000,-0.271444,-0.255374
364.000000,100.000000,-0.267295,-0.261779
365.000000,100.000000,-0.262889,-0.252753
366.000000,100.000000,-0.258216,-0.254279
367.000000,100.000000,-0.253295,-0.250178
368.000000,100.000000,-0.248118,-0.234239
369.000000,100.000000,-0.242700,-0.243691
370.000000,100.000000,-0.237041,-0.237171
371.000000,100.000000,-0.231148,-0.231133
372.000000,100.000000,-0.225029,-0.231490
373.000000,100.000000,-0.218684,-0.226537
374.000000,100.000000,-0.212129,-0.218639
375.000000,100.000000,-0.205357,-0.218983
376.000000,100.000000,-0.198389,-0.210690
377.000000,100.000000,-0.191221,-0.201824
378.000000,100.000000,-0.183867,-0.207309
379.000000,100.000000,-0.176330,-0.196116
380.000000,100.000000,-0.168619,-0.189404
381.000000,100.000000,-0.160744,-0.188107
382.000000,100.000000,-0.152706,-0.178028
383.000000,100.000000,-0.144522,-0.170729
384.000000,100.000000,-0.136191,-0.171746
385.000000,100.000000,-0.127729,-0.163527
386.000000,100.000000,-0.119139,-0.155175
387.000000,100.000000,-0.110432,-0.151959
388.000000,100.000000,-0.101617,-0.139872
389.000000,100.000000,-0.092700,-0.136619
390.000000,100.000000,-0.083693,-0.131277
391.000000,100.000000,-0.074602,-0.113464
392.000000,100.000000,-0.065439,-0.121317
393.000000,100.000000,-0.056210,-0.109410
394.000000,100.000000,-0.046926,-0.101877
395.000000,100.000000,-0.037596,-0.098982
396.000000,100.000000,-0.028228,-0.088962
397.000000,100.000000,-0.018833,-0.074516
398.000000,100.000000,-0.009419,-0.076354
399.000000,100.000000,0.000004,-0.062847
400.000000,100.000000,0.009427,-0.058668
401.000000,100.000000,0.018841,-0.054032
402.000000,100.000000,0.028236,-0.040906
403.000000,100.000000,0.037603,-0.027500
404.000000,100.000000,0.046934,-0.028737
405.000000,100.000000,0.056217,-0.020371
406.000000,100.000000,0.065447,-0.000052
407.000000,100.000000,0.074609,-0.008262
408.000000,100.000000,0.083701,0.006051
409.000000,100.000000,0.092707,0.013056
410.000000,100.000000,0.101624,0.016433
411.000000,100.000000,0.110439,0.027772
412.000000,100.000000,0.119146,0.041178
413.000000,100.000000,0.127736,0.045741
414.000000,100.000000,0.136198,0.055220
415.000000,100.000000,0.144529,0.066326
416.000000,100.000000,0.152713,0.063009
417.000000,100.000000,0.160751,0.080002
418.000000,100.000000,0.168625,0.097582
419.000000,100.000000,0.176337,0.094324
420.000000,100.000000,0.183873,0.096583
421.000000,100.000000,0.191227,0.109517
422.000000,100.000000,0.198395,0.111358
423.000000,100.000000,0.205363,0.116224
424.000000,100.000000,0.212135,0.126372
425.000000,100.000000,0.218689,0.137913
426.000000,100.000000,0.225034,0.144772
427.000000,100.000000,0.231153,0.150361
428.000000,100.000000,0.237046,0.154947
429.000000,100.000000,0.242705,0.161133
430.000000,100.000000,0.248122,0.168362
431.000000,100.000000,0.253299,0.174282
432.000000,100.000000,0.258220,0.182107
433.000000,100.000000,0.262893,0.181823
434.000000,100.000000,0.267299,0.194070
435.000000,100.000000,0.271447,0.201295
436.000000,100.000000,0.275324,0.196938
437.000000,100.000000,0.278930,0.209917
438.000000,100.000000,0.282263,0.215283
439.000000,100.000000,0.285313,0.211438
440.000000,100.000000,0.288088,0.221738
441.000000,100.000000,0.290571,0.230310
442.000000,100.000000,0.292774,0.226246
443.000000,100.000000,0.294682,0.231712
444.000000,100.000000,0.296304,0.241251
445.000000,100.000000,0.297631,0.238593
446.000000,100.000000,0.298664,0.242199
447.000000,100.000000,0.299406,0.245718
448.000000,100.000000,0.299847,0.244467
449.000000,100.000000,0.300000,0.249479
450.000000,100.000000,0.299846,0.235198
451.000000,100.000000,0.299405,0.252434
452.000000,100.000000,0.298663,0.259527
453.000000,100.000000,0.297630,0.257433
454.000000,100.000000,0.296302,0.258968
455.000000,100.000000,0.294680,0.263980
456.000000,100.000000,0.292773,0.258601
457.000000,100.000000,0.290568,0.260154
458.000000,100.000000,0.288086,0.260686
459.000000,100.000000,0.285311,0.253254
460.000000,100.000000,0.282260,0.258207
461.000000,100.000000,0.278927,0.263206
462.000000,100.000000,0.275321,0.259801
463.000000,100.000000,0.271444,0.254107
464.000000,100.000000,0.267295,0.256352
465.000000,100.000000,0.262889,0.247381
466.000000,100.000000,0.258216,0.249127
467.000000,100.000000,0.253295,0.247871
468.000000,100.000000,0.248118,0.243294
469.000000,100.000000,0.242700,0.237146
470.000000,100.000000,0.237041,0.241324
471.000000,100.000000,0.231148,0.227813
472.000000,100.000000,0.225029,0.226878
473.000000,100.000000,0.218684,0.223690
474.000000,100.000000,0.212129,0.216579
475.000000,100.000000,0.205357,0.216538
476.000000,100.000000,0.198389,0.216103
477.000000,100.000000,0.191221,0.203925
478.000000,100.000000,0.183866,0.203137
479.000000,100.000000,0.176330,0.203155
480.000000,100.000000,0.168619,0.188150
481.000000,100.000000,0.160744,0.186469
482.000000,100.000000,0.152706,0.182401
483.000000,100.000000,0.144522,0.171629
484.000000,100.000000,0.136191,0.167121
485.000000,100.000000,0.127729,0.156606
486.000000,100.000000,0.119139,0.151094
487.000000,100.000000,0.110432,0.149633
488.000000,100.000000,0.101616,0.147832
489.000000,100.000000,0.092699,0.135613
490.000000,100.000000,0.083693,0.128791
491.000000,100.000000,0.074601,0.120352
492.000000,100.000000,0.065438,0.114098
493.000000,100.000000,0.056209,0.113297
494.000000,100.000000,0.046926,0.093518
495.000000,100.000000,0.037595,0.101004
496.000000,100.000000,0.028228,0.087915
497.000000,100.000000,0.018833,0.077730
498.000000,100.000000,0.009419,0.070482
499.000000,100.000000,-0.000004,0.068260
500.000000,100.000000,-0.009427,0.056008
501.000000,100.000000,-0.018841,0.049273
502.000000,100.000000,-0.028236,0.046685
503.000000,100.000000,-0.037604,0.030494
504.000000,100.000000,-0.046934,0.026059
505.000000,100.000000,-0.056218,0.020790
506.000000,100.000000,-0.065447,0.002372
507.000000,100.000000,-0.074610,0.000397
508.000000,100.000000,-0.083701,-0.009485
509.000000,100.000000,-0.092708,-0.019130
510.000000,100.000000,-0.101624,-0.020444
511.000000,100.000000,-0.110440,-0.021173
512.000000,100.000000,-0.119147,-0.040938
513.000000,100.000000,-0.127736,-0.048346
514.000000,100.000000,-0.136199,-0.050788
515.000000,100.000000,-0.144530,-0.064826
516.000000,100.000000,-0.152713,-0.070448
517.000000,100.000000,-0.160751,-0.076010
518.000000,100.000000,-0.168626,-0.087148
519.000000,100.000000,-0.176337,-0.092696
520.000000,100.000000,-0.183873,-0.098244
521.000000,100.000000,-0.191227,-0.111182
522.000000,100.000000,-0.198395,-0.115471
523.000000,100.000000,-0.205364,-0.127145
524.000000,100.000000,-0.212135,-0.130911
525.000000,100.000000,-0.218690,-0.136092
526.000000,100.000000,-0.225034,-0.142951
527.000000,100.000000,-0.231153,-0.152499
528.000000,100.000000,-0.237046,-0.149214
529.000000,100.000000,-0.242705,-0.160499
530.000000,100.000000,-0.248122,-0.168947
531.000000,100.000000,-0.253299,-0.166555
532.000000,100.000000,-0.258220,-0.192047
533.000000,100.000000,-0.262893,-0.184282
534.000000,100.000000,-0.267299,-0.183823
535.000000,100.000000,-0.271447,-0.197408
536.000000,100.000000,-0.275324,-0.200349
537.000000,100.000000,-0.278930,-0.203611
538.000000,100.000000,-0.282263,-0.212216
539.000000,100.000000,-0.285313,-0.220590
540.000000,100.000000,-0.288089,-0.216339
541.000000,100.000000,-0.290571,-0.227023
542.000000,100.000000,-0.292774,-0.228778
543.000000,100.000000,-0.294682,-0.226533
544.000000,100.000000,-0.296304,-0.235210
545.000000,100.000000,-0.297631,-0.236365
546.000000,100.000000,-0.298664,-0.241253
547.000000,100.000000,-0.299406,-0.249578
548.000000,100.000000,-0.299847,-0.248433
549.000000,100.000000,-0.300000,-0.252813
550.000000,100.000000,-0.299846,-0.256052
551.000000,100.000000,-0.299405,-0.251347
552.000000,100.000000,-0.298663,-0.259025
553.000000,100.000000,-0.297630,-0.272147
554.000000,100.000000,-0.296302,-0.268101
555.000000,100.000000,-0.294680,-0.259232
556.000000,100.000000,-0.292772,-0.252126
557.000000,100.000000,-0.290568,-0.251374
558.000000,100.000000,-0.288086,-0.259319
559.000000,100.000000,-0.285310,-0.256006
560.000000,100.000000,-0.282260,-0.181551
561.000000,100.000000,-0.278927,-0.257605
562.000000,100.000000,-0.275321,-0.268280
563.000000,100.000000,-0.271443,-0.258594
564.000000,100.000000,-0.267295,-0.261019
565.000000,100.000000,-0.262889,-0.258833
566.000000,100.000000,-0.258215,-0.247287
567.000000,100.000000,-0.253295,-0.251878
568.000000,100.000000,-0.248117,-0.247306
569.000000,100.000000,-0.242700,-0.241927
570.000000,100.000000,-0.237041,-0.239677
571.000000,100.000000,-0.231147,-0.235705
572.000000,100.000000,-0.225029,-0.228425
573.000000,100.000000,-0.218683,-0.228370
574.000000,100.000000,-0.212129,-0.217484
575.000000,100.000000,-0.205357,-0.225337
576.000000,100.000000,-0.198389,-0.213649
577.000000,100.000000,-0.191221,-0.204184
578.000000,100.000000,-0.183866,-0.208422
579.000000,100.000000,-0.176330,-0.198182
580.000000,100.000000,-0.168618,-0.189243
581.000000,100.000000,-0.160743,-0.181633
582.000000,100.000000,-0.152706,-0.175948
583.000000,100.000000,-0.144522,-0.171022
584.000000,100.000000,-0.136191,-0.170033
585.000000,100.000000,-0.127728,-0.160773
586.000000,100.000000,-0.119138,-0.153095
587.000000,100.000000,-0.110432,-0.153292
588.000000,100.000000,-0.101616,-0.146786
589.000000,100.000000,-0.092699,-0.133673
590.000000,100.000000,-0.083693,-0.132011
591.000000,100.000000,-0.074601,-0.120597
592.000000,100.000000,-0.065438,-0.112319
593.000000,100.000000,-0.056209,-0.111256
594.000000,100.000000,-0.046925,-0.100810
595.000000,100.000000,-0.037595,-0.092563
596.000000,100.000000,-0.028228,-0.090575
597.000000,100.000000,-0.018832,-0.077828
598.000000,100.000000,-0.009419,-0.076761
599.000000,100.000000,0.000005,-0.068560
600.000000,100.000000,0.009428,-0.052694
601.000000,100.000000,0.018842,-0.053665
602.000000,100.000000,0.028237,-0.044759
603.000000,100.000000,0.037604,-0.030533
604.000000,100.000000,0.046934,-0.030817
605.000000,100.000000,0.056218,-0.017164
606.000000,100.000000,0.065447,-0.006732
607.000000,100.000000,0.074610,-0.008276
608.000000,100.000000,0.083701,0.006564
609.000000,100.000000,0.092708,0.019003
610.000000,100.000000,0.101625,0.020593
611.000000,100.000000,0.110440,0.032679
612.000000,100.000000,0.119147,0.041325
613.000000,100.000000,0.127737,0.093257
614.000000,100.000000,0.136199,0.055220
615.000000,100.000000,0.144530,0.061873
616.000000,100.000000,0.152714,0.063889
617.000000,100.000000,0.160751,0.076121
618.000000,100.000000,0.168626,0.075842
619.000000,100.000000,0.176337,0.087763
620.000000,100.000000,0.183873,0.102443
621.000000,100.000000,0.191228,0.101178
622.000000,100.000000,0.198396,0.114245
623.000000,100.000000,0.205364,0.123037
624.000000,100.000000,0.212135,0.126473
625.000000,100.000000,0.218690,0.135513
626.000000,100.000000,0.225035,0.139691
627.000000,100.000000,0.231153,0.142174
628.000000,100.000000,0.237046,0.156121
629.000000,100.000000,0.242705,0.167520
630.000000,100.000000,0.248122,0.165842
631.000000,100.000000,0.253300,0.171308
632.000000,100.000000,0.258220,0.182254
633.000000,100.000000,0.262893,0.180197
634.000000,100.000000,0.267299,0.186556
635.000000,100.000000,0.271447,0.199142
636.000000,100.000000,0.275324,0.201244
637.000000,100.000000,0.278930,0.207750
638.000000,100.000000,0.282263,0.217289
639.000000,100.000000,0.285313,0.217532
640.000000,100.000000,0.288089,0.221211
641.000000,100.000000,0.290571,0.227570
642.000000,100.000000,0.292774,0.250734
643.000000,100.000000,0.294682,0.233632
644.000000,100.000000,0.296304,0.231185
645.000000,100.000000,0.297631,0.233819
646.000000,100.000000,0.298664,0.244105
647.000000,100.000000,0.299406,0.240453
648.000000,100.000000,0.299847,0.249213
649.000000,100.000000,0.300000,0.255106
650.000000,100.000000,0.299846,0.247381
651.000000,100.000000,0.299405,0.253300
652.000000,100.000000,0.298663,0.256585
653.000000,100.000000,0.297630,0.256154
654.000000,100.000000,0.296302,0.256567
655.000000,100.000000,0.294680,0.268113
656.000000,100.000000,0.292772,0.257941
657.000000,100.000000,0.290568,0.258047
658.000000,100.000000,0.288086,0.262005
659.000000,100.000000,0.285310,0.254821
660.000000,100.000000,0.282260,0.255600
661.000000,100.000000,0.278927,0.259999
662.000000,100.000000,0.275320,0.252214
663.000000,100.000000,0.271443,0.255820
664.000000,100.000000,0.267295,0.254345
665.000000,100.000000,0.262889,0.248567
666.000000,100.000000,0.258215,0.249420
667.000000,100.000000,0.253294,0.243858
668.000000,100.000000,0.248117,0.237846
669.000000,100.000000,0.242699,0.242419
670.000000,100.000000,0.237040,0.237324
671.000000,100.000000,0.231147,0.231153
672.000000,100.000000,0.225028,0.231625
673.000000,100.000000,0.218683,0.226778
674.000000,100.000000,0.212129,0.215818
675.000000,100.000000,0.205357,0.215617
676.000000,100.000000,0.198388,0.206664
677.000000,100.000000,0.191220,0.207704
678.000000,100.000000,0.183866,0.208309
679.000000,100.000000,0.176330,0.193657
680.000000,100.000000,0.168618,0.210577
681.000000,100.000000,0.160743,0.188801
682.000000,100.000000,0.152705,0.174089
683.000000,100.000000,0.144521,0.168248
684.000000,100.000000,0.136190,0.169600
685.000000,100.000000,0.127728,0.161815
686.000000,100.000000,0.119138,0.156267
687.000000,100.000000,0.110431,0.153825
688.000000,100.000000,0.101616,0.141281
689.000000,100.000000,0.092699,0.133125
690.000000,100.000000,0.083692,0.129644
691.000000,100.000000,0.074601,0.125740
692.000000,100.000000,0.065438,0.111038
693.000000,100.000000,0.056209,0.114689
694.000000,100.000000,0.046925,0.101998
695.000000,100.000000,0.037595,0.091690
696.000000,100.000000,0.028227,0.090288
697.000000,100.000000,0.018832,0.076543
698.000000,100.000000,0.009418,0.079182
699.000000,100.000000,-0.000005,0.068260
700.000000,100.000000,-0.009428,0.057722
701.000000,100.000000,-0.018842,0.042580
702.000000,100.000000,-0.028237,0.041178
703.000000,100.000000,-0.037604,0.035547
704.000000,100.000000,-0.046935,0.024638
705.000000,100.000000,-0.056218,0.015590
706.000000,100.000000,-0.065447,0.005112
707.000000,100.000000,-0.074610,0.000077
708.000000,100.000000,-0.083702,-0.007437
709.000000,100.000000,-0.092708,-0.016243
710.000000,100.000000,-0.101625,-0.022245
711.000000,100.000000,-0.110440,-0.036572
712.000000,100.000000,-0.119147,-0.044012
713.000000,100.000000,-0.127737,-0.045560
714.000000,100.000000,-0.136199,-0.057079
715.000000,100.000000,-0.144530,-0.063887
716.000000,100.000000,-0.152714,-0.066255
717.000000,100.000000,-0.160751,-0.082900
718.000000,100.000000,-0.168626,-0.084655
719.000000,100.000000,-0.176337,-0.090070
720.000000,100.000000,-0.183874,-0.102542
721.000000,100.000000,-0.191228,-0.108090
722.000000,100.000000,-0.198396,-0.123259
723.000000,100.000000,-0.205364,-0.123750
724.000000,100.000000,-0.212136,-0.127511
725.000000,100.000000,-0.218690,-0.129060
726.000000,100.000000,-0.225035,-0.155738
727.000000,100.000000,-0.231153,-0.150126
728.000000,100.000000,-0.237046,-0.148774
729.000000,100.000000,-0.242705,-0.162505
730.000000,100.000000,-0.248123,-0.163967
731.000000,100.000000,-0.253300,-0.165442
732.000000,100.000000,-0.258220,-0.179700
733.000000,100.000000,-0.262894,-0.181748
734.000000,100.000000,-0.267299,-0.184043
735.000000,100.000000,-0.271447,-0.199488
736.000000,100.000000,-0.275324,-0.193055
737.000000,100.000000,-0.278931,-0.200711
738.000000,100.000000,-0.282263,-0.215863
739.000000,100.000000,-0.285313,-0.215684
740.000000,100.000000,-0.288089,-0.216485
741.000000,100.000000,-0.290571,-0.227697
742.000000,100.000000,-0.292774,-0.238679
743.000000,100.000000,-0.294682,-0.232919
744.000000,100.000000,-0.296304,-0.235064
745.000000,100.000000,-0.297631,-0.236745
746.000000,100.000000,-0.298664,-0.243686
747.000000,100.000000,-0.299406,-0.243104
748.000000,100.000000,-0.299847,-0.245986
749.000000,100.000000,-0.300000,-0.257619
750.000000,100.000000,-0.299846,-0.257106
751.000000,100.000000,-0.299405,-0.246893
752.000000,100.000000,-0.298663,-0.257005
753.000000,100.000000,-0.297630,-0.254513
754.000000,100.000000,-0.296302,-0.253234
755.000000,100.000000,-0.294680,-0.261692
756.000000,100.000000,-0.292772,-0.260913
757.000000,100.000000,-0.290568,-0.209439
758.000000,100.000000,-0.288086,-0.266306
759.000000,100.000000,-0.285310,-0.267387
760.000000,100.000000,-0.282260,-0.254948
761.000000,100.000000,-0.278927,-0.258938
762.000000,100.000000,-0.275320,-0.260620
763.000000,100.000000,-0.271443,-0.257335
764.000000,100.000000,-0.267295,-0.258645
765.000000,100.000000,-0.262889,-0.254073
766.000000,100.000000,-0.258215,-0.248034
767.000000,100.000000,-0.253294,-0.252698
768.000000,100.000000,-0.248117,-0.241212
769.000000,100.000000,-0.242699,-0.236846
770.000000,100.000000,-0.237040,-0.242211
771.000000,100.000000,-0.231147,-0.231472
772.000000,100.000000,-0.225028,-0.234945
773.000000,100.000000,-0.218683,-0.228310
774.000000,100.000000,-0.212128,-0.220105
775.000000,100.000000,-0.205357,-0.222102
776.000000,100.000000,-0.198388,-0.207102
777.000000,100.000000,-0.191220,-0.201591
778.000000,100.000000,-0.183866,-0.203515
779.000000,100.000000,-0.176329,-0.194915
780.000000,100.000000,-0.168618,-0.188803
781.000000,100.000000,-0.160743,-0.189821
782.000000,100.000000,-0.152705,-0.182495
783.000000,100.000000,-0.144521,-0.171022
784.000000,100.000000,-0.136190,-0.171146
785.000000,100.000000,-0.127728,-0.160247
786.000000,100.000000,-0.119138,-0.149521
787.000000,100.000000,-0.110431,-0.153072
788.000000,100.000000,-0.101616,-0.142099
789.000000,100.000000,-0.092699,-0.134493
790.000000,100.000000,-0.083692,-0.131791
791.000000,100.000000,-0.074601,-0.123058
792.000000,100.000000,-0.065438,-0.116552
793.000000,100.000000,-0.056208,-0.111182
794.000000,100.000000,-0.046925,-0.095830
795.000000,100.000000,-0.037594,-0.097177
796.000000,100.000000,-0.028227,-0.088641
797.000000,100.000000,-0.018832,-0.076642
798.000000,100.000000,-0.009418,-0.075107
799.000000,100.000000,0.000005,-0.068194
800.000000,100.000000,0.009428,-0.056794
801.000000,100.000000,0.018842,-0.050458
802.000000,100.000000,0.028237,-0.042386
803.000000,100.000000,0.037605,-0.024746
804.000000,100.000000,0.046935,-0.031637
805.000000,100.000000,0.056218,-0.005110
806.000000,100.000000,0.065448,-0.005252
807.000000,100.000000,0.074611,-0.011996
808.000000,100.000000,0.083702,0.004851
809.000000,100.000000,0.092708,0.016176
810.000000,100.000000,0.101625,0.016799
811.000000,100.000000,0.110441,0.032006
812.000000,100.000000,0.119147,0.036945
813.000000,100.000000,0.127737,0.044027
814.000000,100.000000,0.136199,0.058340
815.000000,100.000000,0.144530,0.059074
816.000000,100.000000,0.152714,0.068796
817.000000,100.000000,0.160752,0.080502
818.000000,100.000000,0.168626,0.078976
819.000000,100.000000,0.176338,0.092523
820.000000,100.000000,0.183874,0.103923
821.000000,100.000000,0.191228,0.109439
822.000000,100.000000,0.198396,0.114611
823.000000,100.000000,0.205364,0.125337
824.000000,100.000000,0.212136,0.127220
825.000000,100.000000,0.218690,0.134546
826.000000,100.000000,0.225035,0.144305
827.000000,100.000000,0.231154,0.148721
828.000000,100.000000,0.237046,0.156940
829.000000,100.000000,0.242705,0.165879
830.000000,100.000000,0.248123,0.160555
831.000000,100.000000,0.253300,0.175835
832.000000,100.000000,0.258220,0.182547
833.000000,100.000000,0.262894,0.182950
834.000000,100.000000,0.267300,0.190643
835.000000,100.000000,0.271448,0.196535
836.000000,100.000000,0.275324,0.200511
837.000000,100.000000,0.278931,0.208804
838.000000,100.000000,0.282263,0.217890
839.000000,100.000000,0.285313,0.209138
840.000000,100.000000,0.288089,0.221445
841.000000,100.000000,0.290571,0.231950
842.000000,100.000000,0.292775,0.229673
843.000000,100.000000,0.294682,0.231712
844.000000,100.000000,0.296304,0.240431
845.000000,100.000000,0.297631,0.241874
846.000000,100.000000,0.298664,0.242799
847.000000,100.000000,0.299406,0.246758
848.000000,100.000000,0.299847,0.244174
849.000000,100.000000,0.300000,0.252686
850.000000,100.000000,0.299846,0.246625
851.000000,100.000000,0.299405,0.252947
852.000000,100.000000,0.298663,0.266587
853.000000,100.000000,0.297630,0.253520
854.000000,100.000000,0.296302,0.255921
855.000000,100.000000,0.294680,0.259660
856.000000,100.000000,0.292772,0.256375
857.000000,100.000000,0.290568,0.257767
858.000000,100.000000,0.288086,0.260833
859.000000,100.000000,0.285310,0.256755
860.000000,100.000000,0.282260,0.256420
861.000000,100.000000,0.278927,0.262386
862.000000,100.000000,0.275320,0.251467
863.000000,100.000000,0.271443,0.259834
864.000000,100.000000,0.267295,0.252558
865.000000,100.000000,0.262889,0.246341
866.000000,100.000000,0.258215,0.246300
867.000000,100.000000,0.253294,0.249438
868.000000,100.000000,0.248117,0.238080
869.000000,100.000000,0.242699,0.238112
870.000000,100.000000,0.237040,0.243858
871.000000,100.000000,0.231147,0.228340
872.000000,100.000000,0.225028,0.229485
873.000000,100.000000,0.218683,0.225476
874.000000,100.000000,0.212128,0.219332
875.000000,100.000000,0.205356,0.215644
876.000000,100.000000,0.198388,0.215209
877.000000,100.000000,0.191220,0.200951
878.000000,100.000000,0.183865,0.200983
879.000000,100.000000,0.176329,0.195495
880.000000,100.000000,0.168618,0.189717
881.000000,100.000000,0.160743,0.185956
882.000000,100.000000,0.152705,0.181874
883.000000,100.000000,0.144521,0.170589
884.000000,100.000000,0.136190,0.167721
885.000000,100.000000,0.127728,0.164986
886.000000,100.000000,0.119138,0.147681
887.000000,100.000000,0.110431,0.149120
888.000000,100.000000,0.101615,0.145198
889.000000,100.000000,0.092698,0.131966
890.000000,100.000000,0.083692,0.132965
891.000000,100.000000,0.074600,0.121658
892.000000,100.000000,0.065437,0.116119
893.000000,100.000000,0.056208,0.110264
894.000000,100.000000,0.046924,0.097284
895.000000,100.000000,0.037594,0.093710
896.000000,100.000000,0.028227,0.090448
897.000000,100.000000,0.018832,0.076323
898.000000,100.000000,0.009418,0.073015
899.000000,100.000000,-0.000005,0.068040
900.000000,100.000000,-0.009428,0.057722
901.000000,100.000000,-0.018842,0.052247
902.000000,100.000000,-0.028237,0.043111
903.000000,100.000000,-0.037605,0.031680
904.000000,100.000000,-0.046935,0.025985
905.000000,100.000000,-0.056219,0.022650
906.000000,100.000000,-0.065448,0.006605
907.000000,100.000000,-0.074611,0.003737
908.000000,100.000000,-0.083702,-0.003538
909.000000,100.000000,-0.092709,-0.020330
910.000000,100.000000,-0.101625,-0.026698
911.000000,100.000000,-0.110441,-0.029420
912.000000,100.000000,-0.119148,-0.038565
913.000000,100.000000,-0.127737,-0.046500
914.000000,100.000000,-0.136200,-0.060913
915.000000,100.000000,-0.144531,-0.064767
916.000000,100.000000,-0.152714,-0.065861
917.000000,100.000000,-0.160752,-0.083647
918.000000,100.000000,-0.168627,-0.087762
919.000000,100.000000,-0.176338,-0.084389
920.000000,100.000000,-0.183874,-0.101428
921.000000,100.000000,-0.191228,-0.108163
922.000000,100.000000,-0.198396,-0.109345
923.000000,100.000000,-0.205364,-0.126430
924.000000,100.000000,-0.212136,-0.130265
925.000000,100.000000,-0.218690,-0.132853
926.000000,100.000000,-0.225035,-0.143978
927.000000,100.000000,-0.231154,-0.147519
928.000000,100.000000,-0.237047,-0.148774
929.000000,100.000000,-0.242705,-0.168013
930.000000,100.000000,-0.248123,-0.168054
931.000000,100.000000,-0.253300,-0.167449
932.000000,100.000000,-0.258221,-0.182087
933.000000,100.000000,-0.262894,-0.186962
934.000000,100.000000,-0.267300,-0.185757
935.000000,100.000000,-0.271448,-0.200235
936.000000,100.000000,-0.275324,-0.202883
937.000000,100.000000,-0.278931,-0.204358
938.000000,100.000000,-0.282263,-0.212069
939.000000,100.000000,-0.285313,-0.218657
940.000000,100.000000,-0.288089,-0.218492
941.000000,100.000000,-0.290571,-0.233717
942.000000,100.000000,-0.292775,-0.228631
943.000000,100.000000,-0.294682,-0.231586
944.000000,100.000000,-0.296304,-0.236631
945.000000,100.000000,-0.297631,-0.237419
946.000000,100.000000,-0.298664,-0.245166
947.000000,100.000000,-0.299406,-0.245111
948.000000,100.000000,-0.299847,-0.243892
949.000000,100.000000,-0.300000,-0.254893
950.000000,100.000000,-0.299846,-0.259406
951.000000,100.000000,-0.299405,-0.249047
952.000000,100.000000,-0.298663,-0.256419
953.000000,100.000000,-0.297630,-0.258526
954.000000,100.000000,-0.296302,-0.255387
955.000000,100.000000,-0.294680,-0.261019
956.000000,100.000000,-0.292772,-0.260239
957.000000,100.000000,-0.290568,-0.256808
958.000000,100.000000,-0.288086,-0.259392
959.000000,100.000000,-0.285310,-0.255259
960.000000,100.000000,-0.282259,-0.252648
961.000000,100.000000,-0.278927,-0.258865
962.000000,100.000000,-0.275320,-0.256899
963.000000,100.000000,-0.271443,-0.249747
964.000000,100.000000,-0.267295,-0.255892
965.000000,100.000000,-0.262889,-0.251993
966.000000,100.000000,-0.258215,-0.244314
967.000000,100.000000,-0.253294,-0.248231
968.000000,100.000000,-0.248117,-0.244625
969.000000,100.000000,-0.242699,-0.238133
970.000000,100.000000,-0.237040,-0.240644
971.000000,100.000000,-0.231147,-0.234065
972.000000,100.000000,-0.225028,-0.227559
973.000000,100.000000,-0.218683,-0.227184
974.000000,100.000000,-0.212128,-0.218451
975.000000,100.000000,-0.205356,-0.220577
976.000000,100.000000,-0.198388,-0.215730
977.000000,100.000000,-0.191220,-0.202617
978.000000,100.000000,-0.183865,-0.205082
979.000000,100.000000,-0.176329,-0.200116
980.000000,100.000000,-0.168617,-0.188423
981.000000,100.000000,-0.160742,-0.185060
982.000000,100.000000,-0.152705,-0.180854
983.000000,100.000000,-0.144521,-0.167449
984.000000,100.000000,-0.136190,-0.168993
985.000000,100.000000,-0.127727,-0.163527
986.000000,100.000000,-0.119137,-0.157108
987.000000,100.000000,-0.110430,-0.151578
988.000000,100.000000,-0.101615,-0.141426
989.000000,100.000000,-0.092698,-0.133747
990.000000,100.000000,-0.083692,-0.129184
991.000000,100.000000,-0.074600,-0.124318
992.000000,100.000000,-0.065437,-0.115219
993.000000,100.000000,-0.056208,-0.112369
994.000000,100.000000,-0.046924,-0.104677
995.000000,100.000000,-0.037594,-0.091770
996.000000,100.000000,-0.028226,-0.088861
997.000000,100.000000,-0.018831,-0.075588
998.000000,100.000000,-0.009417,-0.074328
999.000000,100.000000,0.000006,-0.066100
0.000000,104.436996,0.004780,-0.068221
1.000000,104.436996,0.014618,-0.053161
2.000000,104.436996,0.024439,-0.049345
3.000000,104.436996,0.034234,-0.040759
4.000000,104.436996,0.043993,-0.026079
5.000000,104.436996,0.053704,-0.023757
6.000000,104.436996,0.063357,-0.012197
7.000000,104.436996,0.072943,-0.004624
8.000000,104.436996,0.082448,0.000498
9.000000,104.436996,0.091866,0.012951
10.000000,104.436996,0.101186,0.015805
11.000000,104.436996,0.110395,0.028840
12.000000,104.436996,0.119486,0.040459
13.000000,104.436996,0.128450,0.041654
14.000000,104.436996,0.137273,0.054648
15.000000,104.436996,0.145949,0.069020
16.000000,104.436996,0.154470,0.067916
17.000000,104.436996,0.162822,0.077702
18.000000,104.436996,0.170999,0.090888
19.000000,104.436996,0.178995,0.089344
20.000000,104.436996,0.186795,0.103744
21.000000,104.436996,0.194394,0.107776
22.000000,104.436996,0.201787,0.114932
23.000000,104.436996,0.208959,0.123898
24.000000,104.436996,0.215907,0.134477
25.000000,104.436996,0.222625,0.138000
26.000000,104.436996,0.229101,0.145473
27.000000,104.436996,0.235330,0.153972
28.000000,104.436996,0.241308,0.156455
29.000000,104.436996,0.247025,0.168688
30.000000,104.436996,0.252474,0.176967
31.000000,104.436996,0.257656,0.176243
32.000000,104.436996,0.262558,0.184609
33.000000,104.436996,0.267175,0.186735
34.000000,104.436996,0.271509,0.196177
35.000000,104.436996,0.275549,0.200296
36.000000,104.436996,0.279289,0.208744
37.000000,104.436996,0.282733,0.211498
38.000000,104.436996,0.285873,0.213377
39.000000,104.436996,0.288700,0.213605
40.000000,104.436996,0.291221,0.225999
41.000000,104.436996,0.293429,0.231144
42.000000,104.436996,0.295316,0.235400
43.000000,104.436996,0.296889,0.239239
44.000000,104.436996,0.298145,0.245425
45.000000,104.436996,0.299073,0.242020
46.000000,104.436996,0.299684,0.244440
47.000000,104.436996,0.299975,0.255985
48.000000,104.436996,0.299935,0.248861
49.000000,104.436996,0.299577,0.255293
50.000000,104.436996,0.298900,0.262005
51.000000,104.436996,0.297893,0.257048
52.000000,104.436996,0.296570,0.257900
53.000000,104.436996,0.294932,0.263792
54.000000,104.436996,0.292967,0.256022
55.000000,104.436996,0.290692,0.259174
56.000000,104.436996,0.288108,0.263426
57.000000,104.436996,0.285206,0.254075
58.000000,104.436996,0.282000,0.258794
59.000000,104.436996,0.278495,0.261859
60.000000,104.436996,0.274683,0.254368
61.000000,104.436996,0.270578,0.256187
62.000000,104.436996,0.266187,0.257099
63.000000,104.436996,0.261502,0.250501
64.000000,104.436996,0.256537,0.247999
65.000000,104.436996,0.251301,0.236344
66.000000,104.436996,0.245789,0.238960
67.000000,104.436996,0.240013,0.241452
68.000000,104.436996,0.233982,0.235345
69.000000,104.436996,0.227696,0.232779
70.000000,104.436996,0.221165,0.231538
71.000000,104.436996,0.214399,0.221179
72.000000,104.436996,0.207399,0.219452
73.000000,104.436996,0.200176,0.216190
74.000000,104.436996,0.192740,0.208318
75.000000,104.436996,0.185095,0.203370
76.000000,104.436996,0.177249,0.196241
77.000000,104.436996,0.169215,0.189043
78.000000,104.436996,0.160998,0.190042
79.000000,104.436996,0.152606,0.185521
80.000000,104.436996,0.144053,0.174456
81.000000,104.436996,0.135343,0.170694
82.000000,104.436996,0.126486,0.167373
83.000000,104.436996,0.117495,0.158461
84.000000,104.436996,0.108378,0.153353
85.000000,104.436996,0.099142,0.142105
86.000000,104.436996,0.089801,0.134720
87.000000,104.436996,0.080363,0.130871
88.000000,104.436996,0.070838,0.125712
89.000000,104.436996,0.061237,0.117599
90.000000,104.436996,0.051571,0.108463
91.000000,104.436996,0.041848,0.097604
92.000000,104.436996,0.032080,0.104798
93.000000,104.436996,0.022279,0.086055
94.000000,104.436996,0.012453,0.073716
95.000000,104.436996,0.002613,0.070482
96.000000,104.436996,-0.007229,0.063499
97.000000,104.436996,-0.017063,0.052288
98.000000,104.436996,-0.026879,0.047560
99.000000,104.436996,-0.036667,0.036564
100.000000,104.436996,-0.046414,0.026333
101.000000,104.436996,-0.056111,0.021605
102.000000,104.436996,-0.065749,0.015063
103.000000,104.436996,-0.075315,0.003778
104.000000,104.436996,-0.084800,-0.004817
105.000000,104.436996,-0.094196,-0.008825
106.000000,104.436996,-0.103487,-0.023230
107.000000,104.436996,-0.112668,-0.031458
108.000000,104.436996,-0.121730,-0.036054
109.000000,104.436996,-0.130657,-0.044278
110.000000,104.436996,-0.139445,-0.054966
111.000000,104.436996,-0.148086,-0.061202
112.000000,104.436996,-0.156563,-0.073087
113.000000,104.436996,-0.164873,-0.080568
114.000000,104.436996,-0.173008,-0.086643
115.000000,104.436996,-0.180953,-0.096155
116.000000,104.436996,-0.188704,-0.103490
117.000000,104.436996,-0.196255,-0.108104
118.000000,104.436996,-0.203591,-0.117583
119.000000,104.436996,-0.210708,-0.122471
120.000000,104.436996,-0.217602,-0.138965
121.000000,104.436996,-0.224259,-0.140358
122.000000,104.436996,-0.230673,-0.144060
123.000000,104.436996,-0.236843,-0.158506
124.000000,104.436996,-0.242755,-0.165066
125.000000,104.436996,-0.248405,-0.165355
126.000000,104.436996,-0.253791,-0.169960
127.000000,104.436996,-0.258902,-0.178174
128.000000,104.436996,-0.263732,-0.179503
129.000000,104.436996,-0.268282,-0.194508
130.000000,104.436996,-0.272542,-0.194769
131.000000,104.436996,-0.276505,-0.194237
132.000000,104.436996,-0.280176,-0.208422
133.000000,104.436996,-0.283544,-0.163073
134.000000,104.436996,-0.286603,-0.210905
135.000000,104.436996,-0.289357,-0.229103
136.000000,104.436996,-0.291801,-0.228251
137.000000,104.436996,-0.293925,-0.229506
138.000000,104.436996,-0.295738,-0.239297
139.000000,104.436996,-0.297234,-0.242092
140.000000,104.436996,-0.298403,-0.236873
141.000000,104.436996,-0.299255,-0.250004
142.000000,104.436996,-0.299789,-0.248186
143.000000,104.436996,-0.299991,-0.243640
144.000000,104.436996,-0.299876,-0.254998
145.000000,104.436996,-0.299442,-0.255860
146.000000,104.436996,-0.298676,-0.251754
147.000000,104.436996,-0.297594,-0.261399
148.000000,104.436996,-0.296196,-0.258540
149.000000,104.436996,-0.294470,-0.255401
150.000000,104.436996,-0.292431,-0.262219
151.000000,104.436996,-0.290082,-0.260913
152.000000,104.436996,-0.287412,-0.255621
153.000000,104.436996,-0.284437,-0.259025
154.000000,104.436996,-0.281160,-0.257280
155.000000,104.436996,-0.277573,-0.254421
156.000000,104.436996,-0.273690,-0.260285
157.000000,104.436996,-0.269517,-0.252446
158.000000,104.436996,-0.265046,-0.256854
159.000000,104.436996,-0.260293,-0.253298
160.000000,104.436996,-0.255264,-0.243379
161.000000,104.436996,-0.249954,-0.249212
162.000000,104.436996,-0.244377,-0.240878
163.000000,104.436996,-0.238540,-0.231339
164.000000,104.436996,-0.232442,-0.238651
165.000000,104.436996,-0.226094,-0.233378
166.000000,104.436996,-0.219507,-0.221759
167.000000,104.436996,-0.212680,-0.223743
168.000000,104.436996,-0.205624,-0.216343
169.000000,104.436996,-0.198349,-0.209485
170.000000,104.436996,-0.190859,-0.207309
171.000000,104.436996,-0.183162,-0.203336
172.000000,104.436996,-0.175271,-0.192904
173.000000,104.436996,-0.167190,-0.195035
174.000000,104.436996,-0.158928,-0.189642
175.000000,104.436996,-0.150497,-0.176456
176.000000,104.436996,-0.141903,-0.179700
177.000000,104.436996,-0.133155,-0.169327
178.000000,104.436996,-0.124266,-0.153534
179.000000,104.436996,-0.115242,-0.160059
180.000000,104.436996,-0.106093,-0.147006
181.000000,104.436996,-0.096831,-0.138507
182.000000,104.436996,-0.087466,-0.136478
183.000000,104.436996,-0.078004,-0.137779
184.000000,104.436996,-0.068460,-0.118705
185.000000,104.436996,-0.058842,-0.110669
186.000000,104.436996,-0.049160,-0.103944
187.000000,104.436996,-0.039426,-0.104956
188.000000,104.436996,-0.029649,-0.091628
189.000000,104.436996,-0.019840,-0.080376
190.000000,104.436996,-0.010010,-0.082227
191.000000,104.436996,-0.000169,-0.069687
192.000000,104.436996,0.009672,-0.053454
193.000000,104.436996,0.019503,-0.056332
194.000000,104.436996,0.029313,-0.039412
195.000000,104.436996,0.039091,-0.026973
196.000000,104.436996,0.048827,-0.027463
197.000000,104.436996,0.058511,-0.022364
198.000000,104.436996,0.068131,-0.004652
199.000000,104.436996,0.077678,-0.005742
200.000000,104.436996,0.087143,0.006491
201.000000,104.436996,0.096512,0.020424
202.000000,104.436996,0.105778,0.021046
203.000000,104.436996,0.114931,0.034699
204.000000,104.436996,0.123958,0.043038
205.000000,104.436996,0.132853,0.047381
206.000000,104.436996,0.141607,0.055527
207.000000,104.436996,0.150205,0.071087
208.000000,104.436996,0.158642,0.070816
209.000000,104.436996,0.166911,0.084089
210.000000,104.436996,0.174997,0.095488
211.000000,104.436996,0.182896,0.094704
212.000000,104.436996,0.190600,0.104110
213.000000,104.436996,0.198096,0.116623
214.000000,104.436996,0.205378,0.117539
215.000000,104.436996,0.212443,0.122185
216.000000,104.436996,0.219277,0.134638
217.000000,104.436996,0.225873,0.143727
218.000000,104.436996,0.232230,0.148520
219.000000,104.436996,0.238335,0.156533
220.000000,104.436996,0.244181,0.156075
221.000000,104.436996,0.249769,0.167561
222.000000,104.436996,0.255086,0.166328
223.000000,104.436996,0.260126,0.180916
224.000000,104.436996,0.264890,0.190235
225.000000,104.436996,0.269367,0.190084
226.000000,104.436996,0.273552,0.199064
227.000000,104.436996,0.277446,0.207109
228.000000,104.436996,0.281041,0.208245
229.000000,104.436996,0.284330,0.210811
230.000000,104.436996,0.287317,0.221610
231.000000,104.436996,0.289995,0.220885
232.000000,104.436996,0.292356,0.226278
233.000000,104.436996,0.294406,0.234030
234.000000,104.436996,0.296141,0.229673
235.000000,104.436996,0.297551,0.242140
236.000000,104.436996,0.298645,0.247725
237.000000,104.436996,0.299420,0.244921
238.000000,104.436996,0.299866,0.247706
239.000000,104.436996,0.299994,0.252558
240.000000,104.436996,0.299801,0.249754
241.000000,104.436996,0.299278,0.251940
242.000000,104.436996,0.298438,0.267013
243.000000,104.436996,0.297280,0.255554
244.000000,104.436996,0.295793,0.255806
245.000000,104.436996,0.293993,0.250826
246.000000,104.436996,0.291880,0.253387
247.000000,104.436996,0.289444,0.263453
248.000000,104.436996,0.286702,0.253694
249.000000,104.436996,0.283655,0.258514
250.000000,104.436996,0.280294,0.260759
251.000000,104.436996,0.276635,0.254601
252.000000,104.436996,0.272683,0.256420
253.000000,104.436996,0.268430,0.255839
254.000000,104.436996,0.263891,0.244774
255.000000,104.436996,0.259072,0.246666
256.000000,104.436996,0.253968,0.247945
257.000000,104.436996,0.248592,0.244027
258.000000,104.436996,0.242952,0.240266
259.000000,104.436996,0.237046,0.239537
260.000000,104.436996,0.230886,0.231900
261.000000,104.436996,0.224481,0.230218
262.000000,104.436996,0.217831,0.225930
263.000000,104.436996,0.210946,0.217385
264.000000,104.436996,0.203837,0.216744
265.000000,104.436996,0.196506,0.207063
266.000000,104.436996,0.188963,0.205624
267.000000,104.436996,0.181220,0.208030
268.000000,104.436996,0.173279,0.193043
269.000000,104.436996,0.165151,0.188957
270.000000,104.436996,0.156848,0.185915
271.000000,104.436996,0.148375,0.173869
272.000000,104.436996,0.139740,0.170415
273.000000,104.436996,0.130958,0.170947
274.000000,104.436996,0.122034,0.155722
275.000000,104.436996,0.112977,0.154494
276.000000,104.436996,0.103800,0.149519
277.000000,104.436996,0.094512,0.136667
278.000000,104.436996,0.085120,0.127339
279.000000,104.436996,0.075638,0.124737
280.000000,104.436996,0.066074,0.113672
281.000000,104.436996,0.056439,0.111697
282.000000,104.436996,0.046743,0.110149
283.000000,104.436996,0.036997,0.094251
284.000000,104.436996,0.027211,0.089596
285.000000,104.436996,0.017396,0.083141
286.000000,104.436996,0.007562,0.072530
287.000000,104.436996,-0.002280,0.059921
288.000000,104.436996,-0.012119,0.061933
289.000000,104.436996,-0.021946,0.044848
290.000000,104.436996,-0.031749,0.040119
291.000000,104.436996,-0.041517,0.035891
292.000000,104.436996,-0.051242,0.021340
293.000000,104.436996,-0.060910,0.019658
294.000000,104.436996,-0.070514,0.013423
295.000000,104.436996,-0.080042,-0.003809
296.000000,104.436996,-0.089482,-0.007717
297.000000,104.436996,-0.098827,-0.016486
298.000000,104.436996,-0.108067,-0.033571
299.000000,104.436996,-0.117188,-0.037332
300.000000,104.436996,-0.126184,-0.038880
301.000000,104.436996,-0.135046,-0.054999
302.000000,104.436996,-0.143760,-0.060180
303.000000,104.436996,-0.152319,-0.074296
304.000000,104.436996,-0.160718,-0.078667
305.000000,104.436996,-0.168939,-0.085182
306.000000,104.436996,-0.176980,-0.093016
307.000000,104.436996,-0.184833,-0.099728
308.000000,104.436996,-0.192484,-0.105804
309.000000,104.436996,-0.199927,-0.119090
310.000000,104.436996,-0.207159,-0.124657
311.000000,104.436996,-0.214165,-0.124272
312.000000,104.436996,-0.220939,-0.138704
313.000000,104.436996,-0.227480,-0.141632
314.000000,104.436996,-0.233772,-0.142887
315.000000,104.436996,-0.239812,-0.156265
316.000000,104.436996,-0.245598,-0.159426
317.000000,104.436996,-0.251117,-0.163655
318.000000,104.436996,-0.256364,-0.176420
319.000000,104.436996,-0.261339,-0.184868
320.000000,104.436996,-0.266031,-0.187910
321.000000,104.436996,-0.270434,-0.194508
322.000000,104.436996,-0.274550,-0.199163
323.000000,104.436996,-0.278369,-0.194530
324.000000,104.436996,-0.281886,-0.208569
325.000000,104.436996,-0.285103,-0.212110
326.000000,104.436996,-0.288013,-0.212765
327.000000,104.436996,-0.290609,-0.227023
328.000000,104.436996,-0.292896,-0.227958
329.000000,104.436996,-0.294869,-0.227499
330.000000,104.436996,-0.296519,-0.246664
331.000000,104.436996,-0.297854,-0.238825
332.000000,104.436996,-0.298870,-0.237767
333.000000,104.436996,-0.299558,-0.250165
334.000000,104.436996,-0.299928,-0.249913
335.000000,104.436996,-0.299979,-0.252561
336.000000,104.436996,-0.299698,-0.254705
337.000000,104.436996,-0.299100,-0.256680
338.000000,104.436996,-0.298183,-0.257394
339.000000,104.436996,-0.296936,-0.259479
340.000000,104.436996,-0.295375,-0.255360
341.000000,104.436996,-0.293500,-0.260579
342.000000,104.436996,-0.291300,-0.258586
343.000000,104.436996,-0.288791,-0.249573
344.000000,104.436996,-0.285976,-0.265573
345.000000,104.436996,-0.282844,-0.258980
346.000000,104.436996,-0.279412,-0.251227
347.000000,104.436996,-0.275684,-0.259392
348.000000,104.436996,-0.271650,-0.256973
349.000000,104.436996,-0.267328,-0.249001
350.000000,104.436996,-0.262722,-0.254925
351.000000,104.436996,-0.257827,-0.209677
352.000000,104.436996,-0.252656,-0.236873
353.000000,104.436996,-0.247217,-0.252391
354.000000,104.436996,-0.241507,-0.246559
355.000000,104.436996,-0.235538,-0.243494
356.000000,104.436996,-0.229320,-0.240117
357.000000,104.436996,-0.222850,-0.230785
358.000000,104.436996,-0.216140,-0.223399
359.000000,104.436996,-0.209202,-0.231857
360.000000,104.436996,-0.202035,-0.217544
361.000000,104.436996,-0.194650,-0.204944
362.000000,104.436996,-0.187059,-0.212889
363.000000,104.436996,-0.179264,-0.199689
364.000000,104.436996,-0.171276,-0.194737
365.000000,104.436996,-0.163105,-0.193628
366.000000,104.436996,-0.154758,-0.182142
367.000000,104.436996,-0.146243,-0.181514
368.000000,104.436996,-0.137573,-0.180094
369.000000,104.436996,-0.128754,-0.167948
370.000000,104.436996,-0.119795,-0.164219
371.000000,104.436996,-0.110709,-0.151679
372.000000,104.436996,-0.101503,-0.135300
373.000000,104.436996,-0.092187,-0.141971
374.000000,104.436996,-0.082773,-0.129884
375.000000,104.436996,-0.073270,-0.120199
376.000000,104.436996,-0.063687,-0.108255
377.000000,104.436996,-0.054036,-0.114857
378.000000,104.436996,-0.044327,-0.097291
379.000000,104.436996,-0.034570,-0.100081
380.000000,104.436996,-0.024776,-0.087102
381.000000,104.436996,-0.014955,-0.078016
382.000000,104.436996,-0.005118,-0.075987
383.000000,104.436996,0.004724,-0.062114
384.000000,104.436996,0.014561,-0.053542
385.000000,104.436996,0.024383,-0.054105
386.000000,104.436996,0.034178,-0.042239
387.000000,104.436996,0.043937,-0.023853
388.000000,104.436996,0.053648,-0.028137
389.000000,104.436996,0.063302,-0.015904
390.000000,104.436996,0.072888,-0.002205
391.000000,104.436996,0.082394,-0.001055
392.000000,104.436996,0.091812,0.011251
393.000000,104.436996,0.101133,0.020717
394.000000,104.436996,0.110342,0.023126
395.000000,104.436996,0.119434,0.035286
396.000000,104.436996,0.128399,0.045792
397.000000,104.436996,0.137223,0.050061
398.000000,104.436996,0.145900,0.061621
399.000000,104.436996,0.154422,0.074514
400.000000,104.436996,0.162774,0.076163
401.000000,104.436996,0.170953,0.084529
402.000000,104.436996,0.178950,0.088483
403.000000,104.436996,0.186751,0.099524
404.000000,104.436996,0.194351,0.111523
405.000000,104.436996,0.201745,0.112398
406.000000,104.436996,0.208919,0.124439
407.000000,104.436996,0.215868,0.138591
408.000000,104.436996,0.222588,0.132053
409.000000,104.436996,0.229065,0.141840
410.000000,104.436996,0.235295,0.152785
411.000000,104.436996,0.241275,0.160028
412.000000,104.436996,0.246993,0.164821
413.000000,104.436996,0.252444,0.175327
414.000000,104.436996,0.257627,0.171629
415.000000,104.436996,0.262531,0.182382
416.000000,104.436996,0.267149,0.190061
417.000000,104.436996,0.271485,0.191797
418.000000,104.436996,0.275527,0.202170
419.000000,104.436996,0.279269,0.205762
420.000000,104.436996,0.282715,0.206751
421.000000,104.436996,0.285856,0.214297
422.000000,104.436996,0.288685,0.219163
423.000000,104.436996,0.291207,0.221032
424.000000,104.436996,0.293417,0.227905
425.000000,104.436996,0.295306,0.228505
426.000000,104.436996,0.296881,0.233819
427.000000,104.436996,0.298138,0.241878
428.000000,104.436996,0.299068,0.239633
429.000000,104.436996,0.299681,0.244527
430.000000,104.436996,0.299974,0.253392
431.000000,104.436996,0.299936,0.247234
432.000000,104.436996,0.299580,0.254487
433.000000,104.436996,0.298905,0.258519
434.000000,104.436996,0.297900,0.250354
435.000000,104.436996,0.296578,0.255673
436.000000,104.436996,0.294942,0.263499
437.000000,104.436996,0.292979,0.256901
438.000000,104.436996,0.290706,0.259614
439.000000,104.436996,0.288124,0.261932
440.000000,104.436996,0.285223,0.251628
441.000000,104.436996,0.282019,0.258427
442.000000,104.436996,0.278517,0.264319
443.000000,104.436996,0.274706,0.256461
444.000000,104.436996,0.270603,0.250840
445.000000,104.436996,0.266213,0.253378
446.000000,104.436996,0.261529,0.249388
447.000000,104.436996,0.256567,0.246446
448.000000,104.436996,0.251332,0.248765
449.000000,104.436996,0.245821,0.237113
450.000000,104.436996,0.240047,0.237146
451.000000,104.436996,0.234018,0.235671
452.000000,104.436996,0.227733,0.228706
453.000000,104.436996,0.221203,0.227845
454.000000,104.436996,0.214439,0.229197
455.000000,104.436996,0.207440,0.215832
456.000000,104.436996,0.200218,0.215791
457.000000,104.436996,0.192783,0.212382
458.000000,104.436996,0.185139,0.201698
459.000000,104.436996,0.177294,0.194363
460.000000,104.436996,0.169262,0.193708
461.000000,104.436996,0.161046,0.184664
462.000000,104.436996,0.152655,0.182762
463.000000,104.436996,0.144102,0.178754
464.000000,104.436996,0.135393,0.163455
465.000000,104.436996,0.126537,0.163341
466.000000,104.436996,0.117547,0.159332
467.000000,104.436996,0.108430,0.146188
468.000000,104.436996,0.099195,0.146146
469.000000,104.436996,0.089855,0.137904
470.000000,104.436996,0.080417,0.123646
471.000000,104.436996,0.070892,0.124205
472.000000,104.436996,0.061292,0.117590
473.000000,104.436996,0.051626,0.105558
474.000000,104.436996,0.041904,0.098003
475.000000,104.436996,0.032137,0.095722
476.000000,104.436996,0.022335,0.081010
477.000000,104.436996,0.012509,0.077688
478.000000,104.436996,0.002670,0.069020
479.000000,104.436996,-0.007173,0.060622
480.000000,104.436996,-0.017007,0.057007
481.000000,104.436996,-0.026823,0.042846
482.000000,104.436996,-0.036611,0.041347
483.000000,104.436996,-0.046358,0.029912
484.000000,104.436996,-0.056056,0.016891
485.000000,104.436996,-0.065694,0.029000
486.000000,104.436996,-0.075260,0.005717
487.000000,104.436996,-0.084746,-0.013183
488.000000,104.436996,-0.094142,-0.018571
489.000000,104.436996,-0.103434,-0.009412
490.000000,104.436996,-0.112616,-0.032824
491.000000,104.436996,-0.121678,-0.032558
492.000000,104.436996,-0.130607,-0.036040
493.000000,104.436996,-0.139395,-0.058646
494.000000,104.436996,-0.148037,-0.067167
495.000000,104.436996,-0.156515,-0.074076
496.000000,104.436996,-0.164826,-0.087294
497.000000,104.436996,-0.172962,-0.091056
498.000000,104.436996,-0.180908,-0.098331
499.000000,104.436996,-0.188660,-0.102468
500.000000,104.436996,-0.196212,-0.111883
501.000000,104.436996,-0.203550,-0.115145
502.000000,104.436996,-0.210668,-0.126196
503.000000,104.436996,-0.217564,-0.135318
504.000000,104.436996,-0.224221,-0.136573
505.000000,104.436996,-0.230637,-0.147492
506.000000,104.436996,-0.236808,-0.151326
507.000000,104.436996,-0.242722,-0.155175
508.000000,104.436996,-0.248373,-0.167806
509.000000,104.436996,-0.253761,-0.173574
510.000000,104.436996,-0.258873,-0.181555
511.000000,104.436996,-0.263705,-0.185221
512.000000,104.436996,-0.268257,-0.190109
513.000000,104.436996,-0.272518,-0.200248
514.000000,104.436996,-0.276484,-0.203162
515.000000,104.436996,-0.280156,-0.202704
516.000000,104.436996,-0.283525,-0.213182
517.000000,104.436996,-0.286586,-0.216270
518.000000,104.436996,-0.289343,-0.217145
519.000000,104.436996,-0.291788,-0.228063
520.000000,104.436996,-0.293914,-0.234871
521.000000,104.436996,-0.295729,-0.231366
522.000000,104.436996,-0.297226,-0.241757
523.000000,104.436996,-0.298397,-0.241052
524.000000,104.436996,-0.299252,-0.240520
525.000000,104.436996,-0.299786,-0.247411
526.000000,104.436996,-0.299991,-0.249166
527.000000,104.436996,-0.299878,-0.255621
528.000000,104.436996,-0.299445,-0.257605
529.000000,104.436996,-0.298681,-0.253779
530.000000,104.436996,-0.297601,-0.252267
531.000000,104.436996,-0.296205,-0.261852
532.000000,104.436996,-0.294480,-0.261893
533.000000,104.436996,-0.292444,-0.261687
534.000000,104.436996,-0.290097,-0.258879
535.000000,104.436996,-0.287428,-0.255287
536.000000,104.436996,-0.284455,-0.259186
537.000000,104.436996,-0.281180,-0.257619
538.000000,104.436996,-0.277594,-0.253587
539.000000,104.436996,-0.273713,-0.257678
540.000000,104.436996,-0.269542,-0.254586
541.000000,104.436996,-0.265073,-0.246380
542.000000,104.436996,-0.260321,-0.251878
543.000000,104.436996,-0.255294,-0.249532
544.000000,104.436996,-0.249985,-0.240667
545.000000,104.436996,-0.244409,-0.242271
546.000000,104.436996,-0.238574,-0.237332
547.000000,104.436996,-0.232478,-0.228539
548.000000,104.436996,-0.226132,-0.203529
549.000000,104.436996,-0.219546,-0.227958
550.000000,104.436996,-0.212720,-0.220425
551.000000,104.436996,-0.205665,-0.221516
552.000000,104.436996,-0.198392,-0.214190
553.000000,104.436996,-0.190902,-0.207258
554.000000,104.436996,-0.183207,-0.203588
555.000000,104.436996,-0.175317,-0.197683
556.000000,104.436996,-0.167237,-0.194370
557.000000,104.436996,-0.158976,-0.189761
558.000000,104.436996,-0.150546,-0.179095
559.000000,104.436996,-0.141953,-0.180387
560.000000,104.436996,-0.133205,-0.169007
561.000000,104.436996,-0.124317,-0.161474
562.000000,104.436996,-0.115294,-0.159019
563.000000,104.436996,-0.106146,-0.153613
564.000000,104.436996,-0.096885,-0.136340
565.000000,104.436996,-0.087519,-0.138411
566.000000,104.436996,-0.078058,-0.130558
567.000000,104.436996,-0.068515,-0.117079
568.000000,104.436996,-0.058897,-0.115196
569.000000,104.436996,-0.049216,-0.105043
570.000000,104.436996,-0.039482,-0.099298
571.000000,104.436996,-0.029705,-0.094354
572.000000,104.436996,-0.019896,-0.083088
573.000000,104.436996,-0.010066,-0.069536
574.000000,104.436996,-0.000225,-0.069133
575.000000,104.436996,0.009616,-0.057120
576.000000,104.436996,0.019447,-0.039921
577.000000,104.436996,0.029257,-0.045551
578.000000,104.436996,0.039035,-0.036892
579.000000,104.436996,0.048771,-0.027720
580.000000,104.436996,0.058456,-0.020916
581.000000,104.436996,0.068076,-0.010704
582.000000,104.436996,0.077624,0.001749
583.000000,104.436996,0.087089,0.005258
584.000000,104.436996,0.096458,0.015851
585.000000,104.436996,0.105725,0.020084
586.000000,104.436996,0.114879,0.029660
587.000000,104.436996,0.123907,0.046346
588.000000,104.436996,0.132802,0.043941
589.000000,104.436996,0.141557,0.056434
590.000000,104.436996,0.150156,0.063367
591.000000,104.436996,0.158594,0.070449
592.000000,104.436996,0.166865,0.080983
593.000000,104.436996,0.174951,0.094682
594.000000,104.436996,0.182851,0.097531
595.000000,104.436996,0.190557,0.102850
596.000000,104.436996,0.198053,0.116623
597.000000,104.436996,0.205337,0.122899
598.000000,104.436996,0.212404,0.126285
599.000000,104.436996,0.219238,0.137758
600.000000,104.436996,0.225836,0.138234
601.000000,104.436996,0.232195,0.153747
602.000000,104.436996,0.238300,0.156286
603.000000,104.436996,0.244149,0.160922
604.000000,104.436996,0.249738,0.166534
605.000000,104.436996,0.255056,0.176220
606.000000,104.436996,0.260098,0.176990
607.000000,104.436996,0.264864,0.186249
608.000000,104.436996,0.269342,0.194074
609.000000,104.436996,0.273529,0.193804
610.000000,104.436996,0.277425,0.203883
611.000000,104.436996,0.281021,0.210449
612.000000,104.436996,0.284312,0.211585
613.000000,104.436996,0.287301,0.218164
614.000000,104.436996,0.289980,0.219690
615.000000,104.436996,0.292343,0.224752
616.000000,104.436996,0.294396,0.229838
617.000000,104.436996,0.296132,0.231258
618.000000,104.436996,0.297544,0.238506
619.000000,104.436996,0.298640,0.245599
620.000000,104.436996,0.299417,0.238667
621.000000,104.436996,0.299864,0.245786
622.000000,104.436996,0.299994,0.250712
623.000000,104.436996,0.299803,0.251174
624.000000,104.436996,0.299282,0.252847
625.000000,104.436996,0.298443,0.260819
626.000000,104.436996,0.297287,0.254895
627.000000,104.436996,0.295802,0.258647
628.000000,104.436996,0.294004,0.262459
629.000000,104.436996,0.291893,0.256535
630.000000,104.436996,0.289459,0.260287
631.000000,104.436996,0.286718,0.263646
632.000000,104.436996,0.283673,0.254968
633.000000,104.436996,0.280314,0.258500
634.000000,104.436996,0.276657,0.262752
635.000000,104.436996,0.272707,0.247688
636.000000,104.436996,0.268455,0.251733
637.000000,104.436996,0.263918,0.254125
638.000000,104.436996,0.259100,0.245681
639.000000,104.436996,0.253997,0.247573
640.000000,104.436996,0.248623,0.247285
641.000000,104.436996,0.242986,0.240233
642.000000,104.436996,0.237081,0.235285
643.000000,104.436996,0.230922,0.237604
644.000000,104.436996,0.224519,0.227066
645.000000,104.436996,0.217869,0.225165
646.000000,104.436996,0.210986,0.227263
647.000000,104.436996,0.203879,0.213825
648.000000,104.436996,0.196548,0.211997
649.000000,104.436996,0.189007,0.207842
650.000000,104.436996,0.181265,0.197304
651.000000,104.436996,0.173325,0.195330
652.000000,104.436996,0.165198,0.192888
653.000000,104.436996,0.156896,0.184283
654.000000,104.436996,0.148424,0.175688
655.000000,104.436996,0.139790,0.169673
656.000000,104.436996,0.131009,0.164495
657.000000,104.436996,0.122085,0.162448
658.000000,104.436996,0.113029,0.156432
659.000000,104.436996,0.103853,0.146994
660.000000,104.436996,0.094565,0.143306
661.000000,104.436996,0.085174,0.129098
662.000000,104.436996,0.075692,0.127059
663.000000,104.436996,0.066129,0.126931
664.000000,104.436996,0.056494,0.102557
665.000000,104.436996,0.046799,0.106804
666.000000,104.436996,0.037053,0.099382
667.000000,104.436996,0.027267,0.087264
668.000000,104.436996,0.017452,0.083063
669.000000,104.436996,0.007619,0.075187
670.000000,104.436996,-0.002224,0.063449
671.000000,104.436996,-0.012063,0.056714
672.000000,104.436996,-0.021890,0.051445
673.000000,104.436996,-0.031693,0.035634
674.000000,104.436996,-0.041462,0.035066
675.000000,104.436996,-0.051187,0.026224
676.000000,104.436996,-0.060855,0.012859
677.000000,104.436996,-0.070459,0.011031
678.000000,104.436996,-0.079988,0.005836
679.000000,104.436996,-0.089429,-0.015570
680.000000,104.436996,-0.098774,-0.017324
681.000000,104.436996,-0.108015,-0.022213
682.000000,104.436996,-0.117136,-0.035958
683.000000,104.436996,-0.126133,-0.041139
684.000000,104.436996,-0.134996,-0.050247
685.000000,104.436996,-0.143710,-0.061779
686.000000,104.436996,-0.152271,-0.066068
687.000000,104.436996,-0.160670,-0.081375
688.000000,104.436996,-0.168893,-0.082548
689.000000,104.436996,-0.176934,-0.096517
690.000000,104.436996,-0.184789,-0.105149
691.000000,104.436996,-0.192440,-0.106069
692.000000,104.436996,-0.199885,-0.107471
693.000000,104.436996,-0.207119,-0.129623
694.000000,104.436996,-0.214125,-0.128625
695.000000,104.436996,-0.220901,-0.125559
696.000000,104.436996,-0.227443,-0.139291
697.000000,104.436996,-0.233737,-0.150346
698.000000,104.436996,-0.239778,-0.156288
699.000000,104.436996,-0.245566,-0.163252
700.000000,104.436996,-0.251086,-0.168127
701.000000,104.436996,-0.256335,-0.166482
702.000000,104.436996,-0.261311,-0.185500
703.000000,104.436996,-0.266005,-0.185835
704.000000,104.436996,-0.270409,-0.189170
705.000000,104.436996,-0.274527,-0.198608
706.000000,104.436996,-0.278348,-0.204523
707.000000,104.436996,-0.281866,-0.204211
708.000000,104.436996,-0.285086,-0.216536
709.000000,104.436996,-0.287997,-0.217690
710.000000,104.436996,-0.290595,-0.220205
711.000000,104.436996,-0.292884,-0.226583
712.000000,104.436996,-0.294858,-0.234212
713.000000,104.436996,-0.296510,-0.226079
714.000000,104.436996,-0.297847,-0.239531
715.000000,104.436996,-0.298865,-0.240172
716.000000,104.436996,-0.299555,-0.250233
717.000000,104.436996,-0.299927,-0.249432
718.000000,104.436996,-0.299979,-0.248813
719.000000,104.436996,-0.299700,-0.259479
720.000000,104.436996,-0.299104,-0.259039
721.000000,104.436996,-0.298189,-0.250540
722.000000,104.436996,-0.296944,-0.263332
723.000000,104.436996,-0.295385,-0.256446
724.000000,104.436996,-0.293512,-0.245574
725.000000,104.436996,-0.291314,-0.259612
726.000000,104.436996,-0.288807,-0.257866
727.000000,104.436996,-0.285994,-0.254654
728.000000,104.436996,-0.282863,-0.258938
729.000000,104.436996,-0.279433,-0.258013
730.000000,104.436996,-0.275706,-0.254654
731.000000,104.436996,-0.271674,-0.271520
732.000000,104.436996,-0.267354,-0.252213
733.000000,104.436996,-0.262749,-0.246174
734.000000,104.436996,-0.257855,-0.250078
735.000000,104.436996,-0.252687,-0.245505
736.000000,104.436996,-0.247249,-0.241033
737.000000,104.436996,-0.241540,-0.243384
738.000000,104.436996,-0.235573,-0.236878
739.000000,104.436996,-0.229356,-0.229653
740.000000,104.436996,-0.222887,-0.230890
741.000000,104.436996,-0.216179,-0.224384
742.000000,104.436996,-0.209242,-0.224746
743.000000,104.436996,-0.202076,-0.216683
744.000000,104.436996,-0.194693,-0.202283
745.000000,104.436996,-0.187103,-0.199671
746.000000,104.436996,-0.179309,-0.203442
747.000000,104.436996,-0.171322,-0.194182
748.000000,104.436996,-0.163153,-0.184717
749.000000,104.436996,-0.154806,-0.185134
750.000000,104.436996,-0.146292,-0.176475
751.000000,104.436996,-0.137623,-0.171169
752.000000,104.436996,-0.128805,-0.165126
753.000000,104.436996,-0.119846,-0.154753
754.000000,104.436996,-0.110761,-0.152467
755.000000,104.436996,-0.101556,-0.146378
756.000000,104.436996,-0.092241,-0.137572
757.000000,104.436996,-0.082827,-0.137925
758.000000,104.436996,-0.073324,-0.124584
759.000000,104.436996,-0.063742,-0.113478
760.000000,104.436996,-0.054091,-0.114009
761.000000,104.436996,-0.044383,-0.102789
762.000000,104.436996,-0.034626,-0.088490
763.000000,104.436996,-0.024832,-0.094281
764.000000,104.436996,-0.015012,-0.081815
765.000000,104.436996,-0.005175,-0.069229
766.000000,104.436996,0.004668,-0.067800
767.000000,104.436996,0.014505,-0.051159
768.000000,104.436996,0.024327,-0.044681
769.000000,104.436996,0.034122,-0.040571
770.000000,104.436996,0.043882,-0.030125
771.000000,104.436996,0.053593,-0.019092
772.000000,104.436996,0.063247,-0.018397
773.000000,104.436996,0.072834,-0.006237
774.000000,104.436996,0.082340,0.005982
775.000000,104.436996,0.091759,0.006839
776.000000,104.436996,0.101080,0.018705
777.000000,104.436996,0.110290,0.030691
778.000000,104.436996,0.119382,0.034814
779.000000,104.436996,0.128348,0.043253
780.000000,104.436996,0.137172,0.058666
781.000000,104.436996,0.145850,0.059435
782.000000,104.436996,0.154374,0.067055
783.000000,104.436996,0.162727,0.079567
784.000000,104.436996,0.170906,0.084290
785.000000,104.436996,0.178905,0.092803
786.000000,104.436996,0.186706,0.104495
787.000000,104.436996,0.194308,0.107052
788.000000,104.436996,0.201704,0.118245
789.000000,104.436996,0.208878,0.127037
790.000000,104.436996,0.215828,0.127293
791.000000,104.436996,0.222550,0.132012
792.000000,104.436996,0.229028,0.150178
793.000000,104.436996,0.235260,0.147974
794.000000,104.436996,0.241242,0.160881
795.000000,104.436996,0.246961,0.162979
796.000000,104.436996,0.252413,0.168582
797.000000,104.436996,0.257598,0.177915
798.000000,104.436996,0.262503,0.184041
799.000000,104.436996,0.267124,0.184123
800.000000,104.436996,0.271461,0.195609
801.000000,104.436996,0.275504,0.119152
802.000000,104.436996,0.279248,0.204804
803.000000,104.436996,0.282696,0.224317
804.000000,104.436996,0.285838,0.224826
805.000000,104.436996,0.288669,0.232839
806.000000,104.436996,0.291194,0.233971
807.000000,104.436996,0.293405,0.230933
808.000000,104.436996,0.295296,0.237146
809.000000,104.436996,0.296873,0.243258
810.000000,104.436996,0.298132,0.242094
811.000000,104.436996,0.299064,0.245773
812.000000,104.436996,0.299679,0.257845
813.000000,104.436996,0.299972,0.249314
814.000000,104.436996,0.299937,0.251206
815.000000,104.436996,0.299583,0.257992
816.000000,104.436996,0.298909,0.255188
817.000000,104.436996,0.297906,0.255147
818.000000,104.436996,0.296587,0.258739
819.000000,104.436996,0.294952,0.255861
820.000000,104.436996,0.292991,0.257973
821.000000,104.436996,0.290720,0.256512
822.000000,104.436996,0.288140,0.260695
823.000000,104.436996,0.285241,0.265561
824.000000,104.436996,0.282039,0.260539
825.000000,104.436996,0.278538,0.254734
826.000000,104.436996,0.274728,0.262354
827.000000,104.436996,0.270627,0.252847
828.000000,104.436996,0.266239,0.252274
829.000000,104.436996,0.261557,0.254299
830.000000,104.436996,0.256596,0.242914
831.000000,104.436996,0.251363,0.244453
832.000000,104.436996,0.245853,0.243725
833.000000,104.436996,0.240080,0.236674
834.000000,104.436996,0.234053,0.234552
835.000000,104.436996,0.227769,0.234044
836.000000,104.436996,0.221241,0.224606
837.000000,104.436996,0.214478,0.224725
838.000000,104.436996,0.207480,0.222503
839.000000,104.436996,0.200260,0.219039
840.000000,104.436996,0.192827,0.208057
841.000000,104.436996,0.185183,0.208296
842.000000,104.436996,0.177340,0.194844
843.000000,104.436996,0.169309,0.193983
844.000000,104.436996,0.161093,0.191248
845.000000,104.436996,0.152703,0.177809
846.000000,104.436996,0.144152,0.175015
847.000000,104.436996,0.135443,0.171680
848.000000,104.436996,0.126589,0.160995
849.000000,104.436996,0.117599,0.157454
850.000000,104.436996,0.108483,0.153078
851.000000,104.436996,0.099248,0.141501
852.000000,104.436996,0.089909,0.134385
853.000000,104.436996,0.080472,0.126304
854.000000,104.436996,0.070947,0.121772
855.000000,104.436996,0.061348,0.117264
856.000000,104.436996,0.051682,0.102997
857.000000,104.436996,0.041959,0.093797
858.000000,104.436996,0.032193,0.094929
859.000000,104.436996,0.022391,0.083837
860.000000,104.436996,0.012565,0.079796
861.000000,104.436996,0.002726,0.074000
862.000000,104.436996,-0.007116,0.058615
863.000000,104.436996,-0.016951,0.050767
864.000000,104.436996,-0.026767,0.052119
865.000000,104.436996,-0.036555,0.024606
866.000000,104.436996,-0.046302,0.024945
867.000000,104.436996,-0.056000,0.024510
868.000000,104.436996,-0.065639,0.011072
869.000000,104.436996,-0.075206,0.004411
870.000000,104.436996,-0.084692,0.001295
871.000000,104.436996,-0.094089,-0.015716
872.000000,104.436996,-0.103381,0.015544
873.000000,104.436996,-0.112564,-0.028467
874.000000,104.436996,-0.121627,-0.046518
875.000000,104.436996,-0.130556,-0.053180
876.000000,104.436996,-0.139346,-0.058068
877.000000,104.436996,-0.147988,-0.064753
878.000000,104.436996,-0.156467,-0.072835
879.000000,104.436996,-0.164779,-0.089003
880.000000,104.436996,-0.172916,-0.089828
881.000000,104.436996,-0.180863,-0.092856
882.000000,104.436996,-0.188616,-0.104897
883.000000,104.436996,-0.196170,-0.111636
884.000000,104.436996,-0.203508,-0.117491
885.000000,104.436996,-0.210628,-0.130911
886.000000,104.436996,-0.217525,-0.119897
887.000000,104.436996,-0.224184,-0.133133
888.000000,104.436996,-0.230601,-0.150758
889.000000,104.436996,-0.236774,-0.159266
890.000000,104.436996,-0.242689,-0.159408
891.000000,104.436996,-0.248342,-0.168466
892.000000,104.436996,-0.253731,-0.171554
893.000000,104.436996,-0.258844,-0.165809
894.000000,104.436996,-0.263678,-0.187067
895.000000,104.436996,-0.268232,-0.191942
896.000000,104.436996,-0.272494,-0.195131
897.000000,104.436996,-0.276462,-0.204409
898.000000,104.436996,-0.280136,-0.207276
899.000000,104.436996,-0.283507,-0.209792
900.000000,104.436996,-0.286569,-0.216156
901.000000,104.436996,-0.289328,-0.221411
902.000000,104.436996,-0.291774,-0.226533
903.000000,104.436996,-0.293903,-0.232457
904.000000,104.436996,-0.295719,-0.238298
905.000000,104.436996,-0.297218,-0.233300
906.000000,104.436996,-0.298391,-0.241538
907.000000,104.436996,-0.299248,-0.253413
908.000000,104.436996,-0.299784,-0.241327
909.000000,104.436996,-0.299991,-0.244145
910.000000,104.436996,-0.299880,-0.249253
911.000000,104.436996,-0.299448,-0.250206
912.000000,104.436996,-0.298687,-0.256725
913.000000,104.436996,-0.297609,-0.247406
914.000000,104.436996,-0.296213,-0.264679
915.000000,104.436996,-0.294491,-0.258673
916.000000,104.436996,-0.292456,-0.257468
917.000000,104.436996,-0.290111,-0.263186
918.000000,104.436996,-0.287444,-0.260693
919.000000,104.436996,-0.284473,-0.255768
920.000000,104.436996,-0.281200,-0.255878
921.000000,104.436996,-0.277615,-0.258599
922.000000,104.436996,-0.273736,-0.255094
923.000000,104.436996,-0.269567,-0.257385
924.000000,104.436996,-0.265099,-0.250879
925.000000,104.436996,-0.260349,-0.252121
926.000000,104.436996,-0.255324,-0.251058
927.000000,104.436996,-0.250016,-0.244406
928.000000,104.436996,-0.244442,-0.235907
929.000000,104.436996,-0.238609,-0.246298
930.000000,104.436996,-0.232513,-0.231238
931.000000,104.436996,-0.226169,-0.225933
932.000000,104.436996,-0.219584,-0.228297
933.000000,104.436996,-0.212759,-0.222391
934.000000,104.436996,-0.205706,-0.221278
935.000000,104.436996,-0.198434,-0.218396
936.000000,104.436996,-0.190946,-0.206543
937.000000,104.436996,-0.183252,-0.206617
938.000000,104.436996,-0.175363,-0.197949
939.000000,104.436996,-0.167284,-0.186623
940.000000,104.436996,-0.159023,-0.185954
941.000000,104.436996,-0.150595,-0.181441
942.000000,104.436996,-0.142002,-0.171609
943.000000,104.436996,-0.133256,-0.175380
944.000000,104.436996,-0.124368,-0.160540
945.000000,104.436996,-0.115346,-0.150708
946.000000,104.436996,-0.106198,-0.150685
947.000000,104.436996,-0.096938,-0.141572
948.000000,104.436996,-0.087573,-0.128986
949.000000,104.436996,-0.078113,-0.126577
950.000000,104.436996,-0.068570,-0.121858
951.000000,104.436996,-0.058953,-0.109198
952.000000,104.436996,-0.049271,-0.107975
953.000000,104.436996,-0.039537,-0.100356
954.000000,104.436996,-0.029761,-0.085310
955.000000,104.436996,-0.019952,-0.086694
956.000000,104.436996,-0.010123,-0.077508
0.000000,109.070999,0.001758,-0.063735
1.000000,109.070999,0.012034,-0.063333
2.000000,109.070999,0.022297,-0.049606
3.000000,109.070999,0.032533,-0.037767
4.000000,109.070999,0.042730,-0.039078
5.000000,109.070999,0.052878,-0.024985
6.000000,109.070999,0.062964,-0.014552
7.000000,109.070999,0.072976,-0.011849
8.000000,109.070999,0.082902,-0.000437
9.000000,109.070999,0.092730,0.007636
10.000000,109.070999,0.102450,0.015599
11.000000,109.070999,0.112050,0.020538
12.000000,109.070999,0.121519,0.028459
13.000000,109.070999,0.130843,0.045727
14.000000,109.070999,0.140014,0.058913
15.000000,109.070999,0.149021,0.058542
16.000000,109.070999,0.157855,0.072809
17.000000,109.070999,0.166503,0.084721
18.000000,109.070999,0.174953,0.083984
19.000000,109.070999,0.183198,0.095410
20.000000,109.070999,0.191230,0.105842
21.000000,109.070999,0.199038,0.088657
22.000000,109.070999,0.206611,0.119592
23.000000,109.070999,0.213940,0.134037
24.000000,109.070999,0.221018,0.136667
25.000000,109.070999,0.227839,0.140126
26.000000,109.070999,0.234393,0.152932
27.000000,109.070999,0.240670,0.155488
28.000000,109.070999,0.246662,0.166681
29.000000,109.070999,0.252367,0.172573
30.000000,109.070999,0.257776,0.173342
31.000000,109.070999,0.262885,0.176948
32.000000,109.070999,0.267680,0.188874
33.000000,109.070999,0.272162,0.193657
34.000000,109.070999,0.276325,0.201350
35.000000,109.070999,0.280166,0.209116
36.000000,109.070999,0.283679,0.207791
37.000000,109.070999,0.286853,0.218311
38.000000,109.070999,0.289692,0.221930
39.000000,109.070999,0.292192,0.222672
40.000000,109.070999,0.294352,0.229545
41.000000,109.070999,0.296165,0.233544
42.000000,109.070999,0.297626,0.237993
43.000000,109.070999,0.298739,0.244265
44.000000,109.070999,0.299504,0.242446
45.000000,109.070999,0.299918,0.249067
46.000000,109.070999,0.299979,0.252952
47.000000,109.070999,0.299684,0.250061
48.000000,109.070999,0.299039,0.256347
49.000000,109.070999,0.298045,0.249878
50.000000,109.070999,0.296703,0.256755
51.000000,109.070999,0.295009,0.265648
52.000000,109.070999,0.292967,0.263499
53.000000,109.070999,0.290583,0.259362
54.000000,109.070999,0.287859,0.261107
55.000000,109.070999,0.284800,0.261859
56.000000,109.070999,0.281401,0.257648
57.000000,109.070999,0.277671,0.260507
58.000000,109.070999,0.273618,0.261786
59.000000,109.070999,0.269244,0.255128
60.000000,109.070999,0.264557,0.258587
61.000000,109.070999,0.259553,0.254125
62.000000,109.070999,0.254245,0.246341
63.000000,109.070999,0.248640,0.243399
64.000000,109.070999,0.242746,0.245938
65.000000,109.070999,0.236566,0.235546
66.000000,109.070999,0.230104,0.235725
67.000000,109.070999,0.223374,0.233884
68.000000,109.070999,0.216383,0.223419
69.000000,109.070999,0.209139,0.222265
70.000000,109.070999,0.201648,0.218929
71.000000,109.070999,0.193919,0.213518
72.000000,109.070999,0.185962,0.207150
73.000000,109.070999,0.177789,0.199302
74.000000,109.070999,0.169408,0.191637
75.000000,109.070999,0.160826,0.191069
76.000000,109.070999,0.152054,0.177855
77.000000,109.070999,0.143105,0.177122
78.000000,109.070999,0.133989,0.166727
79.000000,109.070999,0.124716,0.159735
80.000000,109.070999,0.115295,0.157247
81.000000,109.070999,0.105738,0.154059
82.000000,109.070999,0.096058,0.142394
83.000000,109.070999,0.086266,0.134692
84.000000,109.070999,0.076372,0.133291
85.000000,109.070999,0.066388,0.123793
86.000000,109.070999,0.056326,0.117498
87.000000,109.070999,0.046198,0.112229
88.000000,109.070999,0.036016,0.093064
89.000000,109.070999,0.025792,0.091763
90.000000,109.070999,0.015537,0.088721
91.000000,109.070999,0.005264,0.072603
92.000000,109.070999,-0.005015,0.065415
93.000000,109.070999,-0.015288,0.061713
94.000000,109.070999,-0.025544,0.047968
95.000000,109.070999,-0.035769,0.041599
96.000000,109.070999,-0.045952,0.035552
97.000000,109.070999,-0.056081,0.021252
98.000000,109.070999,-0.066145,0.020831
99.000000,109.070999,-0.076131,0.004658
100.000000,109.070999,-0.086027,-0.002636
101.000000,109.070999,-0.095822,-0.006938
102.000000,109.070999,-0.105505,-0.026877
103.000000,109.070999,-0.115066,-0.032705
104.000000,109.070999,-0.124489,-0.035747
105.000000,109.070999,-0.133766,-0.043398
106.000000,109.070999,-0.142886,-0.014456
107.000000,109.070999,-0.151840,-0.064395
108.000000,109.070999,-0.160617,-0.081274
109.000000,109.070999,-0.169202,-0.086295
110.000000,109.070999,-0.177588,-0.090451
111.000000,109.070999,-0.185767,-0.101735
112.000000,109.070999,-0.193729,-0.107503
113.000000,109.070999,-0.201465,-0.112245
114.000000,109.070999,-0.208959,-0.122857
115.000000,109.070999,-0.216210,-0.129225
116.000000,109.070999,-0.223208,-0.127493
117.000000,109.070999,-0.229945,-0.143245
118.000000,109.070999,-0.236413,-0.147826
119.000000,109.070999,-0.242599,-0.154501
120.000000,109.070999,-0.248501,-0.166840
121.000000,109.070999,-0.254113,-0.171274
122.000000,109.070999,-0.259429,-0.179462
123.000000,109.070999,-0.264438,-0.179494
124.000000,109.070999,-0.269134,-0.187282
125.000000,109.070999,-0.273516,-0.199428
126.000000,109.070999,-0.277578,-0.200335
127.000000,109.070999,-0.281316,-0.202777
128.000000,109.070999,-0.284720,-0.214969
129.000000,109.070999,-0.287789,-0.217164
130.000000,109.070999,-0.290521,-0.218712
131.000000,109.070999,-0.292914,-0.227770
132.000000,109.070999,-0.294965,-0.237332
133.000000,109.070999,-0.296665,-0.229433
134.000000,109.070999,-0.298016,-0.238111
135.000000,109.070999,-0.299019,-0.237932
136.000000,109.070999,-0.299673,-0.241634
137.000000,109.070999,-0.299978,-0.250091
138.000000,109.070999,-0.299923,-0.250879
139.000000,109.070999,-0.299517,-0.246614
140.000000,109.070999,-0.298762,-0.257092
141.000000,109.070999,-0.297658,-0.260707
142.000000,109.070999,-0.296205,-0.262187
143.000000,109.070999,-0.294398,-0.259479
144.000000,109.070999,-0.292248,-0.255814
145.000000,109.070999,-0.289756,-0.261999
146.000000,109.070999,-0.286926,-0.257926
147.000000,109.070999,-0.283758,-0.252781
148.000000,109.070999,-0.280253,-0.282914
149.000000,109.070999,-0.276421,-0.253472
150.000000,109.070999,-0.272266,-0.242587
151.000000,109.070999,-0.267793,-0.251571
152.000000,109.070999,-0.263003,-0.245285
153.000000,109.070999,-0.257902,-0.242673
154.000000,109.070999,-0.252500,-0.247411
155.000000,109.070999,-0.246803,-0.242092
156.000000,109.070999,-0.240818,-0.234193
157.000000,109.070999,-0.234546,-0.237290
158.000000,109.070999,-0.227998,-0.232425
159.000000,109.070999,-0.221185,-0.221919
160.000000,109.070999,-0.214113,-0.225236
161.000000,109.070999,-0.206791,-0.223564
162.000000,109.070999,-0.199221,-0.210012
163.000000,109.070999,-0.191419,-0.212742
164.000000,109.070999,-0.183393,-0.204376
165.000000,109.070999,-0.175153,-0.195204
166.000000,109.070999,-0.166708,-0.182614
167.000000,109.070999,-0.158063,-0.185482
168.000000,109.070999,-0.149234,-0.182756
169.000000,109.070999,-0.140231,-0.177473
170.000000,109.070999,-0.131064,-0.170894
171.000000,109.070999,-0.121743,-0.164814
172.000000,109.070999,-0.112277,-0.156132
173.000000,109.070999,-0.102680,-0.148293
174.000000,109.070999,-0.092963,-0.143638
175.000000,109.070999,-0.083138,-0.132931
176.000000,109.070999,-0.073214,-0.120565
177.000000,109.070999,-0.063203,-0.126416
178.000000,109.070999,-0.053119,-0.109643
179.000000,109.070999,-0.042973,-0.097204
180.000000,109.070999,-0.032776,-0.098455
181.000000,109.070999,-0.022541,-0.089709
182.000000,109.070999,-0.012279,-0.076010
183.000000,109.070999,-0.002003,-0.073673
184.000000,109.070999,0.008276,-0.061587
185.000000,109.070999,0.018545,-0.049821
186.000000,109.070999,0.028792,-0.049272
187.000000,109.070999,0.039005,-0.036219
188.000000,109.070999,0.049172,-0.022139
189.000000,109.070999,0.059282,-0.027830
190.000000,109.070999,0.069323,-0.013664
191.000000,109.070999,0.079281,-0.002718
192.000000,109.070999,0.089146,0.004012
193.000000,109.070999,0.098907,0.014018
194.000000,109.070999,0.108553,0.027044
195.000000,109.070999,0.118071,0.028194
196.000000,109.070999,0.127449,0.038566
197.000000,109.070999,0.136677,0.051752
198.000000,109.070999,0.145746,0.056008
199.000000,109.070999,0.154645,0.071595
200.000000,109.070999,0.163362,0.082321
201.000000,109.070999,0.171885,0.080190
202.000000,109.070999,0.180206,0.091089
203.000000,109.070999,0.188318,0.103822
204.000000,109.070999,0.196209,0.106158
205.000000,109.070999,0.203869,0.114598
206.000000,109.070999,0.211287,0.125030
207.000000,109.070999,0.218458,0.131453
208.000000,109.070999,0.225375,0.145926
209.000000,109.070999,0.232028,0.149899
210.000000,109.070999,0.238406,0.149454
211.000000,109.070999,0.244502,0.157820
212.000000,109.070999,0.250314,0.162361
213.000000,109.070999,0.255833,0.171029
214.000000,109.070999,0.261053,0.184141
215.000000,109.070999,0.265961,0.178529
216.000000,109.070999,0.270558,0.191183
217.000000,109.070999,0.274839,0.195815
218.000000,109.070999,0.278800,0.197377
219.000000,109.070999,0.282433,0.212524
220.000000,109.070999,0.285729,0.220423
221.000000,109.070999,0.288692,0.216945
222.000000,109.070999,0.291317,0.224945
223.000000,109.070999,0.293603,0.232024
224.000000,109.070999,0.295543,0.230039
225.000000,109.070999,0.297131,0.233645
226.000000,109.070999,0.298372,0.240431
227.000000,109.070999,0.299265,0.240087
228.000000,109.070999,0.299809,0.247340
229.000000,109.070999,0.299998,0.249658
230.000000,109.070999,0.299832,0.249227
231.000000,109.070999,0.299316,0.252833
232.000000,109.070999,0.298450,0.255706
233.000000,109.070999,0.297236,0.253841
234.000000,109.070999,0.295669,0.258106
235.000000,109.070999,0.293753,0.251600
236.000000,109.070999,0.291494,0.260081
237.000000,109.070999,0.288896,0.262179
238.000000,109.070999,0.285959,0.253708
239.000000,109.070999,0.282682,0.257094
240.000000,109.070999,0.279073,0.263059
241.000000,109.070999,0.275138,0.252581
242.000000,109.070999,0.270882,0.255747
243.000000,109.070999,0.266309,0.255312
244.000000,109.070999,0.261418,0.248494
245.000000,109.070999,0.256221,0.246666
246.000000,109.070999,0.250725,0.246011
247.000000,109.070999,0.244936,0.226026
248.000000,109.070999,0.238860,0.232679
249.000000,109.070999,0.232499,0.237457
250.000000,109.070999,0.225866,0.231006
251.000000,109.070999,0.218970,0.232825
252.000000,109.070999,0.211818,0.227937
253.000000,109.070999,0.204416,0.217092
254.000000,109.070999,0.196772,0.213770
255.000000,109.070999,0.188898,0.208909
256.000000,109.070999,0.180804,0.200937
257.000000,109.070999,0.172498,0.199476
258.000000,109.070999,0.163988,0.185310
259.000000,109.070999,0.155284,0.182923
260.000000,109.070999,0.146399,0.179441
261.000000,109.070999,0.137343,0.170149
262.000000,109.070999,0.128126,0.164688
263.000000,109.070999,0.118757,0.162466
264.000000,109.070999,0.109249,0.147007
265.000000,109.070999,0.099613,0.147567
266.000000,109.070999,0.089860,0.149592
267.000000,109.070999,0.080003,0.129593
268.000000,109.070999,0.070049,0.123971
269.000000,109.070999,0.060015,0.121456
270.000000,109.070999,0.049910,0.105412
271.000000,109.070999,0.039746,0.099717
272.000000,109.070999,0.029536,0.098915
273.000000,109.070999,0.019291,0.082123
274.000000,109.070999,0.009023,0.073968
275.000000,109.070999,-0.001255,0.072507
276.000000,109.070999,-0.011532,0.057562
277.000000,109.070999,-0.021795,0.049186
278.000000,109.070999,-0.032033,0.038186
279.000000,109.070999,-0.042232,0.034273
280.000000,109.070999,-0.052383,0.027745
281.000000,109.070999,-0.062472,0.013885
282.000000,109.070999,-0.072488,0.007398
283.000000,109.070999,-0.082418,0.003769
284.000000,109.070999,-0.092251,-0.016976
285.000000,109.070999,-0.101977,-0.018131
286.000000,109.070999,-0.111584,-0.022286
287.000000,109.070999,-0.121058,-0.039824
288.000000,109.070999,-0.130390,-0.043512
289.000000,109.070999,-0.139569,-0.046101
290.000000,109.070999,-0.148585,-0.062146
291.000000,109.070999,-0.157428,-0.072454
292.000000,109.070999,-0.166083,-0.074970
293.000000,109.070999,-0.174543,-0.091308
294.000000,109.070999,-0.182800,-0.093882
295.000000,109.070999,-0.190843,-0.094684
296.000000,109.070999,-0.198663,-0.114976
297.000000,109.070999,-0.206245,-0.119631
298.000000,109.070999,-0.213586,-0.125546
299.000000,109.070999,-0.220678,-0.135218
300.000000,109.070999,-0.227513,-0.140546
301.000000,109.070999,-0.234079,-0.153113
302.000000,109.070999,-0.240367,-0.151592
303.000000,109.070999,-0.246375,-0.160054
304.000000,109.070999,-0.252095,-0.172113
305.000000,109.070999,-0.257520,-0.176227
306.000000,109.070999,-0.262642,-0.173909
307.000000,109.070999,-0.267452,-0.191827
308.000000,109.070999,-0.271950,-0.191268
309.000000,109.070999,-0.276130,-0.193637
310.000000,109.070999,-0.279988,-0.218909
311.000000,109.070999,-0.283513,-0.210690
312.000000,109.070999,-0.286704,-0.207185
313.000000,109.070999,-0.289561,-0.223596
314.000000,109.070999,-0.292079,-0.224457
315.000000,109.070999,-0.294257,-0.222212
316.000000,109.070999,-0.296083,-0.236690
317.000000,109.070999,-0.297562,-0.240378
318.000000,109.070999,-0.298693,-0.236053
319.000000,109.070999,-0.299476,-0.243164
320.000000,109.070999,-0.299909,-0.246999
321.000000,109.070999,-0.299982,-0.246467
322.000000,109.070999,-0.299706,-0.248744
323.000000,109.070999,-0.299079,-0.250206
324.000000,109.070999,-0.298103,-0.286785
325.000000,109.070999,-0.296777,-0.258719
326.000000,109.070999,-0.295098,-0.253692
327.000000,109.070999,-0.293074,-0.248694
328.000000,109.070999,-0.290708,-0.258265
329.000000,109.070999,-0.288002,-0.257266
330.000000,109.070999,-0.284956,-0.252121
331.000000,109.070999,-0.281572,-0.260799
332.000000,109.070999,-0.277860,-0.255786
333.000000,109.070999,-0.273823,-0.251007
334.000000,109.070999,-0.269467,-0.258279
335.000000,109.070999,-0.264791,-0.256166
336.000000,109.070999,-0.259802,-0.249867
337.000000,109.070999,-0.254510,-0.245858
338.000000,109.070999,-0.248921,-0.240846
339.000000,109.070999,-0.243041,-0.248098
340.000000,109.070999,-0.236872,-0.239838
341.000000,109.070999,-0.230424,-0.231265
342.000000,109.070999,-0.223708,-0.238184
343.000000,109.070999,-0.216730,-0.230024
344.000000,109.070999,-0.209499,-0.216325
345.000000,109.070999,-0.202017,-0.217649
346.000000,109.070999,-0.194299,-0.210690
347.000000,109.070999,-0.186354,-0.203758
348.000000,109.070999,-0.178192,-0.204335
349.000000,109.070999,-0.169821,-0.196336
350.000000,109.070999,-0.161247,-0.187543
351.000000,109.070999,-0.152485,-0.185807
352.000000,109.070999,-0.143544,-0.176548
353.000000,109.070999,-0.134436,-0.165369
354.000000,109.070999,-0.125170,-0.165786
355.000000,109.070999,-0.115755,-0.156233
356.000000,109.070999,-0.106205,-0.145874
357.000000,109.070999,-0.096531,-0.146145
358.000000,109.070999,-0.086744,-0.143359
359.000000,109.070999,-0.076854,-0.124593
360.000000,109.070999,-0.066874,-0.126723
361.000000,109.070999,-0.056816,-0.113084
362.000000,109.070999,-0.046691,-0.102931
363.000000,109.070999,-0.036511,-0.099509
364.000000,109.070999,-0.026288,-0.090996
365.000000,109.070999,-0.016035,-0.090148
366.000000,109.070999,-0.005762,-0.079721
367.000000,109.070999,0.004517,-0.063328
368.000000,109.070999,0.014791,-0.064299
369.000000,109.070999,0.025047,-0.049299
370.000000,109.070999,0.035274,-0.039540
371.000000,109.070999,0.045459,-0.036837
372.000000,109.070999,0.055592,-0.023038
373.000000,109.070999,0.065659,-0.012985
374.000000,109.070999,0.075649,-0.009082
375.000000,109.070999,0.085549,0.001071
376.000000,109.070999,0.095350,0.014770
377.000000,109.070999,0.105039,0.016652
378.000000,109.070999,0.114605,0.015498
379.000000,109.070999,0.124035,0.039245
380.000000,109.070999,0.133320,0.044921
381.000000,109.070999,0.142449,0.053961
382.000000,109.070999,0.151411,0.071160
383.000000,109.070999,0.160195,0.070889
384.000000,109.070999,0.168789,0.081189
385.000000,109.070999,0.177186,0.092515
386.000000,109.070999,0.185376,0.095071
387.000000,109.070999,0.193350,0.099423
388.000000,109.070999,0.201094,0.118483
389.000000,109.070999,0.208601,0.121786
390.000000,109.070999,0.215864,0.126579
391.000000,109.070999,0.222876,0.137831
392.000000,109.070999,0.229627,0.140974
393.000000,109.070999,0.236104,0.147773
394.000000,109.070999,0.242304,0.155186
395.000000,109.070999,0.248222,0.163148
396.000000,109.070999,0.253849,0.173815
397.000000,109.070999,0.259180,0.174694
398.000000,109.070999,0.264201,0.183230
399.000000,109.070999,0.268913,0.190322
400.000000,109.070999,0.273311,0.188957
401.000000,109.070999,0.277390,0.200777
402.000000,109.070999,0.281143,0.211356
403.000000,109.070999,0.284561,0.207278
404.000000,109.070999,0.287647,0.215278
405.000000,109.070999,0.290397,0.289394
406.000000,109.070999,0.292808,0.224532
407.000000,109.070999,0.294873,0.219511
408.000000,109.070999,0.296589,0.230163
409.000000,109.070999,0.297958,0.227593
410.000000,109.070999,0.298980,0.234172
411.000000,109.070999,0.299652,0.240358
412.000000,109.070999,0.299969,0.241727
413.000000,109.070999,0.299932,0.243693
414.000000,109.070999,0.299545,0.252412
415.000000,109.070999,0.298808,0.248508
416.000000,109.070999,0.297722,0.255087
417.000000,109.070999,0.296281,0.259486
418.000000,109.070999,0.294493,0.252741
419.000000,109.070999,0.292360,0.255307
420.000000,109.070999,0.289887,0.259705
421.000000,109.070999,0.287074,0.254514
422.000000,109.070999,0.283918,0.257227
423.000000,109.070999,0.280430,0.260072
424.000000,109.070999,0.276615,0.250721
425.000000,109.070999,0.272477,0.250460
426.000000,109.070999,0.268019,0.255839
427.000000,109.070999,0.263241,0.249007
428.000000,109.070999,0.258156,0.250900
429.000000,109.070999,0.252770,0.246492
430.000000,109.070999,0.247088,0.243647
431.000000,109.070999,0.241116,0.241365
432.000000,109.070999,0.234857,0.234113
433.000000,109.070999,0.228323,0.231066
434.000000,109.070999,0.221523,0.232418
435.000000,109.070999,0.214465,0.220139
436.000000,109.070999,0.207152,0.218925
437.000000,109.070999,0.199595,0.217523
438.000000,109.070999,0.191804,0.204671
439.000000,109.070999,0.183790,0.199650
440.000000,109.070999,0.175561,0.204795
441.000000,109.070999,0.167123,0.191650
442.000000,109.070999,0.158489,0.188782
443.000000,109.070999,0.149669,0.188948
444.000000,109.070999,0.140675,0.170296
445.000000,109.070999,0.131517,0.168394
446.000000,109.070999,0.122201,0.163126
447.000000,109.070999,0.112742,0.149981
448.000000,109.070999,0.103152,0.145033
449.000000,109.070999,0.093441,0.142738
450.000000,109.070999,0.083620,0.127953
451.000000,109.070999,0.073700,0.126198
452.000000,109.070999,0.063694,0.116783
453.000000,109.070999,0.053613,0.112545
454.000000,109.070999,0.043470,0.105357
455.000000,109.070999,0.033276,0.096317
456.000000,109.070999,0.023042,0.086050
457.000000,109.070999,0.012781,0.084428
458.000000,109.070999,0.002505,0.067769
459.000000,109.070999,-0.007774,0.063348
460.000000,109.070999,-0.018043,0.060526
461.000000,109.070999,-0.028291,0.050735
462.000000,109.070999,-0.038506,0.067714
463.000000,109.070999,-0.048676,0.028977
464.000000,109.070999,-0.058790,0.012112
465.000000,109.070999,-0.068834,0.008497
466.000000,109.070999,-0.078796,0.002189
467.000000,109.070999,-0.088666,-0.011103
468.000000,109.070999,-0.098433,-0.013971
469.000000,109.070999,-0.108085,0.006537
470.000000,109.070999,-0.117608,-0.034391
471.000000,109.070999,-0.126993,-0.045973
472.000000,109.070999,-0.136230,-0.051975
473.000000,109.070999,-0.145307,-0.063786
474.000000,109.070999,-0.154215,-0.070681
475.000000,109.070999,-0.162939,-0.079029
476.000000,109.070999,-0.171472,-0.086415
477.000000,109.070999,-0.179804,-0.092490
478.000000,109.070999,-0.187927,-0.103449
479.000000,109.070999,-0.195829,-0.108443
480.000000,109.070999,-0.203498,-0.113565
481.000000,109.070999,-0.210929,-0.128290
482.000000,109.070999,-0.218114,-0.132638
483.000000,109.070999,-0.225044,-0.134113
484.000000,109.070999,-0.231709,-0.145105
485.000000,109.070999,-0.238099,-0.154593
486.000000,109.070999,-0.244210,-0.160082
487.000000,109.070999,-0.250037,-0.165713
488.000000,109.070999,-0.255572,-0.171407
489.000000,109.070999,-0.260803,-0.172662
490.000000,109.070999,-0.265727,-0.188707
491.000000,109.070999,-0.270341,-0.192615
492.000000,109.070999,-0.274639,-0.192377
493.000000,109.070999,-0.278616,-0.203588
494.000000,109.070999,-0.282261,-0.208170
495.000000,109.070999,-0.285575,-0.207478
496.000000,109.070999,-0.288555,-0.220256
497.000000,109.070999,-0.291198,-0.219257
498.000000,109.070999,-0.293502,-0.223239
499.000000,109.070999,-0.295454,-0.234097
500.000000,109.070999,-0.297060,-0.235632
501.000000,109.070999,-0.298320,-0.242500
502.000000,109.070999,-0.299231,-0.239164
503.000000,109.070999,-0.299792,-0.243306
504.000000,109.070999,-0.299995,-0.250998
505.000000,109.070999,-0.299847,-0.251672
506.000000,109.070999,-0.299349,-0.250320
507.000000,109.070999,-0.298502,-0.257972
508.000000,109.070999,-0.297303,-0.257486
509.000000,109.070999,-0.295751,-0.251521
510.000000,109.070999,-0.293854,-0.261399
511.000000,109.070999,-0.291613,-0.263593
512.000000,109.070999,-0.289032,-0.257481
513.000000,109.070999,-0.286109,-0.261032
514.000000,109.070999,-0.282848,-0.256460
515.000000,109.070999,-0.279256,-0.249894
516.000000,109.070999,-0.275338,-0.257532
517.000000,109.070999,-0.271099,-0.253633
518.000000,109.070999,-0.266537,-0.252707
519.000000,109.070999,-0.261662,-0.254485
520.000000,109.070999,-0.256481,-0.246792
521.000000,109.070999,-0.251000,-0.245986
522.000000,109.070999,-0.245227,-0.249725
523.000000,109.070999,-0.239160,-0.240406
524.000000,109.070999,-0.232814,-0.238198
525.000000,109.070999,-0.226195,-0.230991
526.000000,109.070999,-0.219313,-0.220338
527.000000,109.070999,-0.212174,-0.224563
528.000000,109.070999,-0.204781,-0.216270
529.000000,109.070999,-0.197149,-0.211198
530.000000,109.070999,-0.189287,-0.212289
531.000000,109.070999,-0.181203,-0.198122
532.000000,109.070999,-0.172907,-0.195131
533.000000,109.070999,-0.164405,-0.198375
534.000000,109.070999,-0.155711,-0.186288
535.000000,109.070999,-0.146835,-0.171989
536.000000,109.070999,-0.137788,-0.179920
537.000000,109.070999,-0.128577,-0.168581
538.000000,109.070999,-0.119215,-0.156141
539.000000,109.070999,-0.109713,-0.156485
540.000000,109.070999,-0.100084,-0.147372
541.000000,109.070999,-0.090337,-0.134713
542.000000,109.070999,-0.080483,-0.133871
543.000000,109.070999,-0.070534,-0.123644
544.000000,109.070999,-0.060503,-0.115072
545.000000,109.070999,-0.050402,-0.111769
546.000000,109.070999,-0.040241,-0.102363
547.000000,109.070999,-0.030032,-0.091857
548.000000,109.070999,-0.019788,-0.089901
549.000000,109.070999,-0.009521,-0.077815
550.000000,109.070999,0.000757,-0.066695
551.000000,109.070999,0.011034,-0.061559
552.000000,109.070999,0.021298,-0.053647
553.000000,109.070999,0.031537,-0.048772
554.000000,109.070999,0.041739,-0.039311
555.000000,109.070999,0.051892,-0.024792
556.000000,109.070999,0.061985,-0.023610
557.000000,109.070999,0.072004,-0.009270
558.000000,109.070999,0.081938,0.005176
559.000000,109.070999,0.091777,0.007572
560.000000,109.070999,0.101509,0.015498
561.000000,109.070999,0.111121,0.029871
562.000000,109.070999,0.120601,0.031387
563.000000,109.070999,0.129941,0.044440
564.000000,109.070999,0.139128,0.054199
565.000000,109.070999,0.148153,0.058615
566.000000,109.070999,0.157003,0.068021
567.000000,109.070999,0.165667,0.084107
568.000000,109.070999,0.174138,0.085550
569.000000,109.070999,0.182405,0.095703
570.000000,109.070999,0.190460,0.102489
571.000000,109.070999,0.198288,0.109058
572.000000,109.070999,0.205882,0.115711
573.000000,109.070999,0.213236,0.125557
574.000000,109.070999,0.220341,0.130633
575.000000,109.070999,0.227190,0.141973
576.000000,109.070999,0.233766,0.147452
577.000000,109.070999,0.240068,0.154815
578.000000,109.070999,0.246091,0.155580
579.000000,109.070999,0.251826,0.164881
580.000000,109.070999,0.257266,0.178456
581.000000,109.070999,0.262399,0.187481
582.000000,109.070999,0.267225,0.188457
583.000000,109.070999,0.271739,0.195343
584.000000,109.070999,0.275936,0.198702
585.000000,109.070999,0.279808,0.203411
586.000000,109.070999,0.283348,0.207910
587.000000,109.070999,0.286557,0.219530
588.000000,109.070999,0.289431,0.217019
589.000000,109.070999,0.291967,0.223305
590.000000,109.070999,0.294158,0.231130
591.000000,109.070999,0.296000,0.230186
592.000000,109.070999,0.297497,0.237439
593.000000,109.070999,0.298647,0.241851
594.000000,109.070999,0.299448,0.238447
595.000000,109.070999,0.299893,0.250900
596.000000,109.070999,0.299985,0.248045
597.000000,109.070999,0.299727,0.249154
598.000000,109.070999,0.299119,0.256026
599.000000,109.070999,0.298162,0.251440
600.000000,109.070999,0.296848,0.257327
601.000000,109.070999,0.295186,0.258239
602.000000,109.070999,0.293180,0.257501
603.000000,109.070999,0.290832,0.256434
604.000000,109.070999,0.288143,0.261946
605.000000,109.070999,0.285110,0.256081
606.000000,109.070999,0.281744,0.260214
607.000000,109.070999,0.278049,0.264466
608.000000,109.070999,0.274029,0.254368
609.000000,109.070999,0.269687,0.254327
610.000000,109.070999,0.265024,0.256352
611.000000,109.070999,0.260051,0.247454
612.000000,109.070999,0.254775,0.252246
613.000000,109.070999,0.249202,0.247798
614.000000,109.070999,0.243334,0.244627
615.000000,109.070999,0.237177,0.238332
616.000000,109.070999,0.230744,0.237604
617.000000,109.070999,0.224042,0.227433
618.000000,109.070999,0.217078,0.222031
619.000000,109.070999,0.209856,0.217697
620.000000,109.070999,0.202386,0.215438
621.000000,109.070999,0.194681,0.214123
622.000000,109.070999,0.186748,0.203485
623.000000,109.070999,0.178597,0.201744
624.000000,109.070999,0.170233,0.198408
625.000000,109.070999,0.161669,0.183917
626.000000,109.070999,0.152916,0.184769
627.000000,109.070999,0.143985,0.184334
628.000000,109.070999,0.134886,0.168509
629.000000,109.070999,0.125625,0.166754
630.000000,109.070999,0.116218,0.159552
631.000000,109.070999,0.106674,0.149161
632.000000,109.070999,0.097007,0.140493
633.000000,109.070999,0.087225,0.140658
634.000000,109.070999,0.077339,0.129520
635.000000,109.070999,0.067363,0.119504
636.000000,109.070999,0.057309,0.112170
637.000000,109.070999,0.047187,0.104518
638.000000,109.070999,0.037010,0.101943
639.000000,109.070999,0.026789,0.093435
640.000000,109.070999,0.016537,0.081890
641.000000,109.070999,0.006265,0.074995
642.000000,109.070999,-0.004014,0.058821
643.000000,109.070999,-0.014288,0.055321
644.000000,109.070999,-0.024546,0.054813
645.000000,109.070999,-0.034774,0.042694
646.000000,109.070999,-0.044962,0.031799
647.000000,109.070999,-0.055098,0.028684
648.000000,109.070999,-0.065168,0.012039
649.000000,109.070999,-0.075162,0.004264
650.000000,109.070999,-0.085067,0.003902
651.000000,109.070999,-0.094873,-0.013709
652.000000,109.070999,-0.104569,-0.020298
653.000000,109.070999,-0.114139,-0.026680
654.000000,109.070999,-0.123576,-0.039678
655.000000,109.070999,-0.132869,-0.045079
656.000000,109.070999,-0.142006,-0.052414
657.000000,109.070999,-0.150978,-0.065060
658.000000,109.070999,-0.159768,-0.068455
659.000000,109.070999,-0.168373,-0.085814
660.000000,109.070999,-0.176780,-0.091922
661.000000,109.070999,-0.184981,-0.095477
662.000000,109.070999,-0.192965,-0.106496
663.000000,109.070999,-0.200719,-0.111870
664.000000,109.070999,-0.208239,-0.114912
665.000000,109.070999,-0.215515,-0.131044
666.000000,109.070999,-0.222540,-0.132272
667.000000,109.070999,-0.229302,-0.136500
668.000000,109.070999,-0.235792,-0.152325
669.000000,109.070999,-0.242007,-0.156160
670.000000,109.070999,-0.247940,-0.155921
671.000000,109.070999,-0.253583,-0.169873
672.000000,109.070999,-0.258924,-0.174454
673.000000,109.070999,-0.263961,-0.186270
674.000000,109.070999,-0.268689,-0.190567
675.000000,109.070999,-0.273104,-0.188148
676.000000,109.070999,-0.277200,-0.190664
677.000000,109.070999,-0.280965,-0.205229
678.000000,109.070999,-0.284400,-0.207877
679.000000,109.070999,-0.287504,-0.221612
680.000000,109.070999,-0.290272,-0.220183
681.000000,109.070999,-0.292700,-0.224691
682.000000,109.070999,-0.294778,-0.228952
683.000000,109.070999,-0.296512,-0.236191
684.000000,109.070999,-0.297900,-0.235719
685.000000,109.070999,-0.298940,-0.246458
686.000000,109.070999,-0.299628,-0.244012
687.000000,109.070999,-0.299960,-0.245633
688.000000,109.070999,-0.299941,-0.254471
689.000000,109.070999,-0.299573,-0.249899
690.000000,109.070999,-0.298854,-0.248547
691.000000,109.070999,-0.297782,-0.257752
692.000000,109.070999,-0.296358,-0.256753
693.000000,109.070999,-0.294588,-0.254728
694.000000,109.070999,-0.292473,-0.262366
695.000000,109.070999,-0.290017,-0.257793
696.000000,109.070999,-0.287217,-0.251681
697.000000,109.070999,-0.284078,-0.261252
698.000000,109.070999,-0.280608,-0.255713
699.000000,109.070999,-0.276810,-0.262842
700.000000,109.070999,-0.272688,-0.256506
701.000000,109.070999,-0.268242,-0.251713
702.000000,109.070999,-0.263480,-0.258659
703.000000,109.070999,-0.258411,-0.249812
704.000000,109.070999,-0.253040,-0.242133
705.000000,109.070999,-0.247374,-0.247998
706.000000,109.070999,-0.241411,-0.242225
707.000000,109.070999,-0.235167,-0.233959
708.000000,109.070999,-0.228648,-0.232457
709.000000,109.070999,-0.221862,-0.230931
710.000000,109.070999,-0.214815,-0.218345
711.000000,109.070999,-0.207512,-0.223010
712.000000,109.070999,-0.199967,-0.216430
713.000000,109.070999,-0.192189,-0.208005
714.000000,109.070999,-0.184186,-0.206269
715.000000,109.070999,-0.175966,-0.190916
716.000000,109.070999,-0.167537,-0.195351
717.000000,109.070999,-0.158913,-0.189674
718.000000,109.070999,-0.150103,-0.179828
719.000000,109.070999,-0.141117,-0.169368
720.000000,109.070999,-0.131964,-0.171307
721.000000,109.070999,-0.122656,-0.160567
722.000000,109.070999,-0.113204,-0.161419
723.000000,109.070999,-0.103621,-0.152265
724.000000,109.070999,-0.093916,-0.136326
725.000000,109.070999,-0.084099,-0.138924
726.000000,109.070999,-0.074184,-0.119617
727.000000,109.070999,-0.064181,-0.113052
728.000000,109.070999,-0.054104,-0.111842
729.000000,109.070999,-0.043964,-0.107270
730.000000,109.070999,-0.033771,-0.087390
731.000000,109.070999,-0.023539,-0.091015
732.000000,109.070999,-0.013279,-0.080788
733.000000,109.070999,-0.003004,-0.070209
734.000000,109.070999,0.007275,-0.070173
735.000000,109.070999,0.017546,-0.057266
736.000000,109.070999,0.027795,-0.042601
737.000000,109.070999,0.038012,-0.037657
738.000000,109.070999,0.048185,-0.030858
739.000000,109.070999,0.058301,-0.017452
740.000000,109.070999,0.068348,-0.014003
741.000000,109.070999,0.078315,-0.005490
742.000000,109.070999,0.088190,0.008736
743.000000,109.070999,0.097963,0.009432
744.000000,109.070999,0.107620,0.022338
745.000000,109.070999,0.117149,0.033591
746.000000,109.070999,0.126541,0.039941
747.000000,109.070999,0.135786,0.049713
748.000000,109.070999,0.144872,0.058079
749.000000,109.070999,0.153786,0.063669
750.000000,109.070999,0.162519,0.074335
751.000000,109.070999,0.171062,0.077235
752.000000,109.070999,0.179406,0.087397
753.000000,109.070999,0.187540,0.100069
754.000000,109.070999,0.195450,0.104798
755.000000,109.070999,0.203131,0.114391
756.000000,109.070999,0.210575,0.124751
757.000000,109.070999,0.217773,0.129226
758.000000,109.070999,0.224716,0.137079
759.000000,109.070999,0.231390,0.147878
760.000000,109.070999,0.237795,0.151988
761.000000,109.070999,0.243921,0.151140
762.000000,109.070999,0.249763,0.163946
763.000000,109.070999,0.255311,0.169402
764.000000,109.070999,0.260555,0.184242
765.000000,109.070999,0.265495,0.189094
766.000000,109.070999,0.270125,0.186363
767.000000,109.070999,0.274439,0.198450
768.000000,109.070999,0.278430,0.200108
769.000000,109.070999,0.282090,0.204071
770.000000,109.070999,0.285421,0.214371
771.000000,109.070999,0.288419,0.222663
772.000000,109.070999,0.291080,0.223932
773.000000,109.070999,0.293396,0.231625
774.000000,109.070999,0.295365,0.227538
775.000000,109.070999,0.296990,0.236060
776.000000,109.070999,0.298268,0.242405
777.000000,109.070999,0.299198,0.235153
778.000000,109.070999,0.299771,0.244600
779.000000,109.070999,0.299992,0.251239
780.000000,109.070999,0.299862,0.251994
781.000000,109.070999,0.299383,0.253520
782.000000,109.070999,0.298554,0.261199
783.000000,109.070999,0.297368,0.255188
784.000000,109.070999,0.295834,0.257007
785.000000,109.070999,0.293954,0.260965
786.000000,109.070999,0.291732,0.257868
787.000000,109.070999,0.289167,0.257827
788.000000,109.070999,0.286257,0.263792
789.000000,109.070999,0.283013,0.258761
790.000000,109.070999,0.279439,0.256494
791.000000,109.070999,0.275538,0.258666
792.000000,109.070999,0.271313,0.251701
793.000000,109.070999,0.266765,0.252700
794.000000,109.070999,0.261906,0.252265
795.000000,109.070999,0.256741,0.245447
796.000000,109.070999,0.251276,0.242579
797.000000,109.070999,0.245514,0.249658
798.000000,109.070999,0.239461,0.238227
799.000000,109.070999,0.233129,0.235579
800.000000,109.070999,0.226525,0.239244
801.000000,109.070999,0.219656,0.226539
802.000000,109.070999,0.212526,0.221064
803.000000,109.070999,0.205146,0.218050
804.000000,109.070999,0.197526,0.211658
805.000000,109.070999,0.189676,0.209084
806.000000,109.070999,0.181604,0.197542
807.000000,109.070999,0.173315,0.157467
808.000000,109.070999,0.164824,0.192402
809.000000,109.070999,0.156139,0.189043
810.000000,109.070999,0.147273,0.182556
811.000000,109.070999,0.138234,0.179074
812.000000,109.070999,0.129030,0.163895
813.000000,109.070999,0.119675,0.160294
814.000000,109.070999,0.110180,0.157779
815.000000,109.070999,0.100557,0.145294
816.000000,109.070999,0.090816,0.141093
817.000000,109.070999,0.080966,0.139764
818.000000,109.070999,0.071022,0.125506
819.000000,109.070999,0.060995,0.117131
820.000000,109.070999,0.050897,0.107922
821.000000,109.070999,0.040739,0.099171
822.000000,109.070999,0.030532,0.093550
823.000000,109.070999,0.020290,0.093408
824.000000,109.070999,0.010024,0.077143
825.000000,109.070999,-0.000254,0.070482
826.000000,109.070999,-0.010531,0.064613
827.000000,109.070999,-0.020796,0.049388
828.000000,109.070999,-0.031037,0.043913
829.000000,109.070999,-0.041241,0.037604
830.000000,109.070999,-0.051397,0.022893
831.000000,109.070999,-0.061493,0.016231
832.000000,109.070999,-0.071515,0.010170
833.000000,109.070999,-0.081455,-0.002109
834.000000,109.070999,-0.091299,-0.008331
835.000000,109.070999,-0.101036,-0.023038
836.000000,109.070999,-0.110653,-0.028224
837.000000,109.070999,-0.120140,-0.029772
838.000000,109.070999,-0.129487,-0.044745
839.000000,109.070999,-0.138683,-0.049739
840.000000,109.070999,-0.147716,-0.054261
841.000000,109.070999,-0.156573,-0.071153
842.000000,109.070999,-0.165247,-0.081668
843.000000,109.070999,-0.173728,-0.081063
844.000000,109.070999,-0.182007,-0.096521
845.000000,109.070999,-0.190070,-0.101543
846.000000,109.070999,-0.197909,-0.102198
847.000000,109.070999,-0.205516,-0.123750
848.000000,109.070999,-0.212883,-0.126325
849.000000,109.070999,-0.220001,-0.130993
850.000000,109.070999,-0.226859,-0.140418
851.000000,109.070999,-0.233449,-0.143286
852.000000,109.070999,-0.239766,-0.148481
853.000000,109.070999,-0.245803,-0.161992
854.000000,109.070999,-0.251554,-0.168287
855.000000,109.070999,-0.257005,-0.169016
856.000000,109.070999,-0.262153,-0.188707
857.000000,109.070999,-0.266996,-0.186815
858.000000,109.070999,-0.271527,-0.187837
859.000000,109.070999,-0.275741,-0.197642
860.000000,109.070999,-0.279625,-0.200876
861.000000,109.070999,-0.283181,-0.208871
862.000000,109.070999,-0.286408,-0.216169
863.000000,109.070999,-0.289300,-0.220238
864.000000,109.070999,-0.291852,-0.225717
865.000000,109.070999,-0.294057,-0.230391
866.000000,109.070999,-0.295917,-0.227399
867.000000,109.070999,-0.297433,-0.242944
868.000000,109.070999,-0.298601,-0.239178
869.000000,109.070999,-0.299417,-0.242733
870.000000,109.070999,-0.299878,-0.208362
871.000000,109.070999,-0.299988,-0.254732
872.000000,109.070999,-0.299749,-0.254494
873.000000,109.070999,-0.299159,-0.260432
874.000000,109.070999,-0.298215,-0.258980
875.000000,109.070999,-0.296918,-0.253761
876.000000,109.070999,-0.295275,-0.265632
877.000000,109.070999,-0.293287,-0.258980
878.000000,109.070999,-0.290957,-0.253234
879.000000,109.070999,-0.288280,-0.262366
880.000000,109.070999,-0.285264,-0.258466
881.000000,109.070999,-0.281916,-0.257261
882.000000,109.070999,-0.278238,-0.261179
883.000000,109.070999,-0.274235,-0.256533
884.000000,109.070999,-0.269904,-0.249967
885.000000,109.070999,-0.265257,-0.259319
886.000000,109.070999,-0.260301,-0.251699
887.000000,109.070999,-0.255041,-0.250774
888.000000,109.070999,-0.249482,-0.246078
889.000000,109.070999,-0.243624,-0.238239
890.000000,109.070999,-0.237483,-0.241945
891.000000,109.070999,-0.231064,-0.234551
892.000000,109.070999,-0.224376,-0.229172
893.000000,109.070999,-0.217423,-0.230391
894.000000,109.070999,-0.210211,-0.220210
895.000000,109.070999,-0.202755,-0.216398
896.000000,109.070999,-0.195061,-0.212509
897.000000,109.070999,-0.187140,-0.210910
898.000000,109.070999,-0.178997,-0.193564
899.000000,109.070999,-0.170643,-0.194874
900.000000,109.070999,-0.162089,-0.190975
901.000000,109.070999,-0.153347,-0.178316
902.000000,109.070999,-0.144425,-0.179773
903.000000,109.070999,-0.135331,-0.170514
904.000000,109.070999,-0.126078,-0.158748
905.000000,109.070999,-0.116678,-0.157379
906.000000,109.070999,-0.107141,-0.147372
907.000000,109.070999,-0.097480,-0.140967
908.000000,109.070999,-0.087702,-0.140711
909.000000,109.070999,-0.077821,-0.132125
910.000000,109.070999,-0.067850,-0.117752
911.000000,109.070999,-0.057799,-0.116309
912.000000,109.070999,-0.047680,-0.108017
913.000000,109.070999,-0.037505,-0.095578
914.000000,109.070999,-0.027286,-0.100608
915.000000,109.070999,-0.017035,-0.082502
0.000000,113.911003,0.001304,-0.075460
1.000000,113.911003,0.012037,-0.063227
2.000000,113.911003,0.022754,-0.050715
3.000000,113.911003,0.033442,-0.049638
4.000000,113.911003,0.044087,-0.032645
5.000000,113.911003,0.054676,-0.023780
6.000000,113.911003,0.065194,-0.021517
7.000000,113.911003,0.075629,-0.008317
8.000000,113.911003,0.085968,0.002189
9.000000,113.911003,0.096196,0.005712
10.000000,113.911003,0.106301,0.018838
11.000000,113.911003,0.116269,0.033444
12.000000,113.911003,0.126090,0.036660
13.000000,113.911003,0.135749,0.044206
14.000000,113.911003,0.145234,0.053773
15.000000,113.911003,0.154533,0.062102
16.000000,113.911003,0.163635,0.073661
17.000000,113.911003,0.172526,0.053067
18.000000,113.911003,0.181196,0.090370
19.000000,113.911003,0.189633,0.105270
20.000000,113.911003,0.197829,0.108619
21.000000,113.911003,0.205770,0.118932
22.000000,113.911003,0.213449,0.128617
23.000000,113.911003,0.220855,0.129446
24.000000,113.911003,0.227978,0.141239
25.000000,113.911003,0.234809,0.151892
26.000000,113.911003,0.241340,0.152661
27.000000,113.911003,0.247562,0.161921
28.000000,113.911003,0.253467,0.171460
29.000000,113.911003,0.259046,0.173796
30.000000,113.911003,0.264292,0.185442
31.000000,113.911003,0.269200,0.191921
32.000000,113.911003,0.273764,0.191870
33.000000,113.911003,0.277978,0.199416
34.000000,113.911003,0.281836,0.207842
35.000000,113.911003,0.285333,0.206825
36.000000,113.911003,0.288465,0.217271
37.000000,113.911003,0.291228,0.222590
38.000000,113.911003,0.293619,0.227799
39.000000,113.911003,0.295634,0.227978
40.000000,113.911003,0.297270,0.228298
41.000000,113.911003,0.298523,0.234933
42.000000,113.911003,0.299394,0.245512
43.000000,113.911003,0.299881,0.244921
44.000000,113.911003,0.299985,0.249053
45.000000,113.911003,0.299705,0.257772
46.000000,113.911003,0.299042,0.253108
47.000000,113.911003,0.297996,0.256933
48.000000,113.911003,0.296568,0.257025
49.000000,113.911003,0.294761,0.255114
50.000000,113.911003,0.292578,0.255967
51.000000,113.911003,0.290019,0.261566
52.000000,113.911003,0.287090,0.263595
53.000000,113.911003,0.283789,0.259087
54.000000,113.911003,0.280126,0.256746
55.000000,113.911003,0.276104,0.255701
56.000000,113.911003,0.271729,0.258927
57.000000,113.911003,0.267006,0.248774
58.000000,113.911003,0.261942,0.254134
59.000000,113.911003,0.256543,0.253332
60.000000,113.911003,0.250815,0.242987
61.000000,113.911003,0.244767,0.240059
62.000000,113.911003,0.238405,0.243418
63.000000,113.911003,0.231738,0.238300
64.000000,113.911003,0.224774,0.232385
65.000000,113.911003,0.217520,0.234630
66.000000,113.911003,0.209988,0.222379
67.000000,113.911003,0.202187,0.220331
68.000000,113.911003,0.194128,0.213276
69.000000,113.911003,0.185820,0.204378
70.000000,113.911003,0.177275,0.205304
71.000000,113.911003,0.168503,0.198322
72.000000,113.911003,0.159515,0.188897
73.000000,113.911003,0.150323,0.184315
74.000000,113.911003,0.140939,0.179120
75.000000,113.911003,0.131374,0.167469
76.000000,113.911003,0.121640,0.163854
77.000000,113.911003,0.111750,0.159479
78.000000,113.911003,0.101717,0.147681
79.000000,113.911003,0.091554,0.144286
80.000000,113.911003,0.081274,0.137904
81.000000,113.911003,0.070890,0.126473
82.000000,113.911003,0.060415,0.119285
83.000000,113.911003,0.049863,0.112829
84.000000,113.911003,0.039247,0.100724
85.000000,113.911003,0.028581,0.096290
86.000000,113.911003,0.017878,0.090228
87.000000,113.911003,0.007152,0.077656
88.000000,113.911003,-0.003583,0.066821
89.000000,113.911003,-0.014313,0.056027
90.000000,113.911003,-0.025025,0.051234
91.000000,113.911003,-0.035705,0.048206
92.000000,113.911003,-0.046339,0.031300
93.000000,113.911003,-0.056914,0.023026
94.000000,113.911003,-0.067416,0.019764
95.000000,113.911003,-0.077832,0.010192
96.000000,113.911003,-0.088148,-0.000350
97.000000,113.911003,-0.098351,-0.005472
98.000000,113.911003,-0.108429,-0.020110
99.000000,113.911003,-0.118368,-0.030712
100.000000,113.911003,-0.128155,-0.038587
101.000000,113.911003,-0.137777,-0.048905
102.000000,113.911003,-0.147223,-0.057427
103.000000,113.911003,-0.156480,-0.062388
104.000000,113.911003,-0.165537,-0.073834
105.000000,113.911003,-0.174382,-0.080949
106.000000,113.911003,-0.183004,-0.091963
107.000000,113.911003,-0.191392,-0.099582
108.000000,113.911003,-0.199535,-0.109377
109.000000,113.911003,-0.207423,-0.118550
110.000000,113.911003,-0.215046,-0.123030
111.000000,113.911003,-0.222393,-0.126586
112.000000,113.911003,-0.229455,-0.143318
113.000000,113.911003,-0.236221,-0.147739
114.000000,113.911003,-0.242685,-0.146167
115.000000,113.911003,-0.248839,-0.161992
116.000000,113.911003,-0.254674,-0.167834
117.000000,113.911003,-0.260183,-0.169309
118.000000,113.911003,-0.265360,-0.180814
119.000000,113.911003,-0.270197,-0.187548
120.000000,113.911003,-0.274688,-0.186723
121.000000,113.911003,-0.278828,-0.204848
122.000000,113.911003,-0.282611,-0.206750
123.000000,113.911003,-0.286032,-0.208298
124.000000,113.911003,-0.289086,-0.220109
125.000000,113.911003,-0.291768,-0.219111
126.000000,113.911003,-0.294077,-0.225039
127.000000,113.911003,-0.296009,-0.230303
128.000000,113.911003,-0.297563,-0.233171
129.000000,113.911003,-0.298736,-0.237079
130.000000,113.911003,-0.299527,-0.242211
131.000000,113.911003,-0.299935,-0.243599
132.000000,113.911003,-0.299958,-0.248126
133.000000,113.911003,-0.299598,-0.251365
134.000000,113.911003,-0.298855,-0.251347
135.000000,113.911003,-0.297729,-0.264079
136.000000,113.911003,-0.296220,-0.256066
137.000000,113.911003,-0.294331,-0.252107
138.000000,113.911003,-0.292065,-0.258792
139.000000,113.911003,-0.289425,-0.256373
140.000000,113.911003,-0.286416,-0.305551
141.000000,113.911003,-0.283039,-0.259392
142.000000,113.911003,-0.279301,-0.249826
143.000000,113.911003,-0.275205,-0.240067
144.000000,113.911003,-0.270757,-0.247851
145.000000,113.911003,-0.265963,-0.248712
146.000000,113.911003,-0.260828,-0.243567
147.000000,113.911003,-0.255360,-0.245111
148.000000,113.911003,-0.249562,-0.241359
149.000000,113.911003,-0.243444,-0.236653
150.000000,113.911003,-0.237015,-0.236631
151.000000,113.911003,-0.230283,-0.228265
152.000000,113.911003,-0.223256,-0.230679
153.000000,113.911003,-0.215943,-0.230010
154.000000,113.911003,-0.208355,-0.221278
155.000000,113.911003,-0.200499,-0.221704
156.000000,113.911003,-0.192387,-0.211863
157.000000,113.911003,-0.184029,-0.203437
158.000000,113.911003,-0.175435,-0.204702
159.000000,113.911003,-0.166617,-0.193642
160.000000,113.911003,-0.157584,-0.179943
161.000000,113.911003,-0.148349,-0.185807
162.000000,113.911003,-0.138924,-0.171554
163.000000,113.911003,-0.129322,-0.163582
164.000000,113.911003,-0.119554,-0.162505
165.000000,113.911003,-0.109633,-0.156073
166.000000,113.911003,-0.099572,-0.144161
167.000000,113.911003,-0.089383,-0.142278
168.000000,113.911003,-0.079080,-0.133018
169.000000,113.911003,-0.068676,-0.120799
170.000000,113.911003,-0.058184,-0.122930
171.000000,113.911003,-0.047618,-0.112923
172.000000,113.911003,-0.036989,-0.099298
173.000000,113.911003,-0.026314,-0.097928
174.000000,113.911003,-0.015605,-0.084655
175.000000,113.911003,-0.004876,-0.070136
176.000000,113.911003,0.005859,-0.068006
177.000000,113.911003,0.016586,-0.061133
178.000000,113.911003,0.027293,-0.045647
179.000000,113.911003,0.037964,-0.043091
180.000000,113.911003,0.048587,-0.028398
181.000000,113.911003,0.059148,-0.017306
182.000000,113.911003,0.069633,-0.021136
183.000000,113.911003,0.080030,-0.002356
184.000000,113.911003,0.090322,0.010376
185.000000,113.911003,0.100500,0.011512
186.000000,113.911003,0.110548,0.020772
187.000000,113.911003,0.120455,0.025330
188.000000,113.911003,0.130208,0.038154
189.000000,113.911003,0.139794,0.052027
190.000000,113.911003,0.149202,0.053745
191.000000,113.911003,0.158418,0.068356
192.000000,113.911003,0.167432,0.080369
193.000000,113.911003,0.176232,0.085601
194.000000,113.911003,0.184806,0.093504
195.000000,113.911003,0.193144,0.103950
196.000000,113.911003,0.201232,0.105723
197.000000,113.911003,0.209063,0.118799
198.000000,113.911003,0.216626,0.131545
199.000000,113.911003,0.223912,0.129359
200.000000,113.911003,0.230912,0.197877
201.000000,113.911003,0.237616,0.153399
202.000000,113.911003,0.244016,0.143741
203.000000,113.911003,0.250104,0.153161
204.000000,113.911003,0.255871,0.166787
205.000000,113.911003,0.261312,0.166722
206.000000,113.911003,0.266418,0.176362
207.000000,113.911003,0.271183,0.196022
208.000000,113.911003,0.275598,0.191050
209.000000,113.911003,0.279661,0.200163
210.000000,113.911003,0.283365,0.209775
211.000000,113.911003,0.286707,0.210252
212.000000,113.911003,0.289682,0.215644
213.000000,113.911003,0.292287,0.226370
214.000000,113.911003,0.294517,0.222906
215.000000,113.911003,0.296371,0.228958
216.000000,113.911003,0.297845,0.237751
217.000000,113.911003,0.298939,0.235327
218.000000,113.911003,0.299650,0.243693
219.000000,113.911003,0.299976,0.249805
220.000000,113.911003,0.299916,0.246180
221.000000,113.911003,0.299473,0.253360
222.000000,113.911003,0.298646,0.254799
223.000000,113.911003,0.297437,0.259362
224.000000,113.911003,0.295847,0.259087
225.000000,113.911003,0.293879,0.264773
226.000000,113.911003,0.291535,0.256448
227.000000,113.911003,0.288818,0.257593
228.000000,113.911003,0.285731,0.254006
229.000000,113.911003,0.282279,0.253021
230.000000,113.911003,0.278465,0.258180
231.000000,113.911003,0.274294,0.251894
232.000000,113.911003,0.269770,0.253387
233.000000,113.911003,0.264901,0.253919
234.000000,113.911003,0.259693,0.244774
235.000000,113.911003,0.254152,0.244746
236.000000,113.911003,0.248287,0.248105
237.000000,113.911003,0.242104,0.238373
238.000000,113.911003,0.235610,0.238112
239.000000,113.911003,0.228816,0.240064
240.000000,113.911003,0.221729,0.226393
241.000000,113.911003,0.214358,0.222338
242.000000,113.911003,0.206712,0.223690
243.000000,113.911003,0.198802,0.213972
244.000000,113.911003,0.190635,0.208497
245.000000,113.911003,0.182224,0.209702
246.000000,113.911003,0.173581,0.196631
247.000000,113.911003,0.164715,0.192943
248.000000,113.911003,0.155638,0.191028
249.000000,113.911003,0.146363,0.178249
250.000000,113.911003,0.136900,0.174561
251.000000,113.911003,0.127262,0.163227
252.000000,113.911003,0.117461,0.158975
253.000000,113.911003,0.107510,0.156620
254.000000,113.911003,0.097421,0.139686
255.000000,113.911003,0.087207,0.136200
256.000000,113.911003,0.076881,0.134578
257.000000,113.911003,0.066456,0.119106
258.000000,113.911003,0.055947,0.114758
259.000000,113.911003,0.045366,0.107776
260.000000,113.911003,0.034727,0.098118
261.000000,113.911003,0.024043,0.091236
262.000000,113.911003,0.013329,0.088648
263.000000,113.911003,0.002598,0.073043
264.000000,113.911003,-0.008137,0.066308
265.000000,113.911003,-0.018861,0.060306
266.000000,113.911003,-0.029561,0.045434
267.000000,113.911003,-0.040224,0.040999
268.000000,113.911003,-0.050834,0.026338
269.000000,113.911003,-0.061380,0.017386
270.000000,113.911003,-0.071847,0.013537
271.000000,113.911003,-0.082221,0.003691
272.000000,113.911003,-0.092491,-0.005096
273.000000,113.911003,-0.102642,-0.014085
274.000000,113.911003,-0.112662,-0.027170
275.000000,113.911003,-0.122538,-0.031518
276.000000,113.911003,-0.132257,-0.038500
277.000000,113.911003,-0.141807,-0.055525
278.000000,113.911003,-0.151176,-0.062407
279.000000,113.911003,-0.160350,-0.064629
280.000000,113.911003,-0.169318,-0.083647
281.000000,113.911003,-0.178070,-0.087335
282.000000,113.911003,-0.186593,-0.091637
283.000000,113.911003,-0.194878,-0.106555
284.000000,113.911003,-0.202913,-0.113510
285.000000,113.911003,-0.210689,-0.118119
286.000000,113.911003,-0.218195,-0.133050
287.000000,113.911003,-0.225422,-0.135845
288.000000,113.911003,-0.232360,-0.139034
289.000000,113.911003,-0.239002,-0.154405
290.000000,113.911003,-0.245338,-0.158913
291.000000,113.911003,-0.251357,-0.158748
292.000000,113.911003,-0.257054,-0.171966
293.000000,113.911003,-0.262422,-0.171261
294.000000,113.911003,-0.267455,-0.180836
295.000000,113.911003,-0.272145,-0.192134
296.000000,113.911003,-0.276487,-0.199469
297.000000,113.911003,-0.280475,-0.205517
298.000000,113.911003,-0.284104,-0.211629
299.000000,113.911003,-0.287370,-0.212050
300.000000,113.911003,-0.290268,-0.221631
301.000000,113.911003,-0.292794,-0.220197
302.000000,113.911003,-0.294947,-0.226198
303.000000,113.911003,-0.296719,-0.235050
304.000000,113.911003,-0.298110,-0.235604
305.000000,113.911003,-0.299120,-0.236860
306.000000,113.911003,-0.299747,-0.245478
307.000000,113.911003,-0.299991,-0.250353
308.000000,113.911003,-0.299851,-0.242600
309.000000,113.911003,-0.299327,-0.254778
310.000000,113.911003,-0.298421,-0.252959
311.000000,113.911003,-0.297132,-0.251607
312.000000,113.911003,-0.295463,-0.260652
313.000000,113.911003,-0.293417,-0.275427
314.000000,113.911003,-0.290994,-0.257481
315.000000,113.911003,-0.288197,-0.258352
316.000000,113.911003,-0.285030,-0.254746
317.000000,113.911003,-0.281499,-0.253614
318.000000,113.911003,-0.277607,-0.257752
319.000000,113.911003,-0.273360,-0.254746
320.000000,113.911003,-0.268763,-0.249660
321.000000,113.911003,-0.263823,-0.256185
322.000000,113.911003,-0.258545,-0.252506
323.000000,113.911003,-0.252936,-0.246394
324.000000,113.911003,-0.247004,-0.247265
325.000000,113.911003,-0.240755,-0.240612
326.000000,113.911003,-0.234199,-0.236933
327.000000,113.911003,-0.227340,-0.235137
328.000000,113.911003,-0.220190,-0.228265
329.000000,113.911003,-0.212758,-0.228439
330.000000,113.911003,-0.205054,-0.222790
331.000000,113.911003,-0.197088,-0.212124
332.000000,113.911003,-0.188869,-0.214190
333.000000,113.911003,-0.180409,-0.207102
334.000000,113.911003,-0.171719,-0.196070
335.000000,113.911003,-0.162808,-0.194508
336.000000,113.911003,-0.153689,-0.185381
337.000000,113.911003,-0.144373,-0.177336
338.000000,113.911003,-0.134873,-0.176873
339.000000,113.911003,-0.125198,-0.165974
340.000000,113.911003,-0.115363,-0.152641
341.000000,113.911003,-0.105381,-0.153512
342.000000,113.911003,-0.095264,-0.148193
343.000000,113.911003,-0.085025,-0.131740
344.000000,113.911003,-0.074677,-0.131410
345.000000,113.911003,-0.064234,-0.124978
346.000000,113.911003,-0.053709,-0.109712
347.000000,113.911003,-0.043114,-0.107536
348.000000,113.911003,-0.032465,-0.101103
349.000000,113.911003,-0.021774,-0.089177
350.000000,113.911003,-0.011055,-0.086254
351.000000,113.911003,-0.000321,-0.075061
352.000000,113.911003,0.010412,-0.062535
353.000000,113.911003,0.021133,-0.058279
354.000000,113.911003,0.031826,-0.045079
355.000000,113.911003,0.042478,-0.038633
356.000000,113.911003,0.053076,-0.031944
357.000000,113.911003,0.063606,-0.017191
358.000000,113.911003,0.074055,-0.016477
359.000000,113.911003,0.084409,-0.049079
360.000000,113.911003,0.094655,0.001029
361.000000,113.911003,0.104780,0.019406
362.000000,113.911003,0.114771,0.034406
363.000000,113.911003,0.124614,0.044165
364.000000,113.911003,0.134298,0.049241
365.000000,113.911003,0.143809,0.059174
366.000000,113.911003,0.153136,0.067966
367.000000,113.911003,0.162268,0.066656
368.000000,113.911003,0.171191,0.083429
369.000000,113.911003,0.179896,0.092295
370.000000,113.911003,0.188371,0.096784
371.000000,113.911003,0.196604,0.107084
372.000000,113.911003,0.204586,0.118630
373.000000,113.911003,0.212307,0.121112
374.000000,113.911003,0.219755,0.130225
375.000000,113.911003,0.226920,0.140731
376.000000,113.911003,0.233794,0.140240
377.000000,113.911003,0.240370,0.155300
378.000000,113.911003,0.246637,0.161939
379.000000,113.911003,0.252590,0.161288
380.000000,113.911003,0.258219,0.168908
381.000000,113.911003,0.263517,0.179134
382.000000,113.911003,0.268479,0.185090
383.000000,113.911003,0.273097,0.196502
384.000000,113.911003,0.277365,0.196383
385.000000,113.911003,0.281279,0.200864
386.000000,113.911003,0.284832,0.209583
387.000000,113.911003,0.288017,0.211058
388.000000,113.911003,0.290835,0.217811
389.000000,113.911003,0.293280,0.229064
390.000000,113.911003,0.295350,0.225879
391.000000,113.911003,0.297042,0.233059
392.000000,113.911003,0.298354,0.239991
393.000000,113.911003,0.299284,0.238447
394.000000,113.911003,0.299831,0.242726
395.000000,113.911003,0.299995,0.248838
396.000000,113.911003,0.299775,0.246794
397.000000,113.911003,0.299171,0.251587
398.000000,113.911003,0.298183,0.258445
399.000000,113.911003,0.296812,0.254075
400.000000,113.911003,0.295060,0.255967
401.000000,113.911003,0.292931,0.262752
402.000000,113.911003,0.290427,0.255554
403.000000,113.911003,0.287552,0.257300
404.000000,113.911003,0.284309,0.258959
405.000000,113.911003,0.280702,0.256448
406.000000,113.911003,0.276735,0.257593
407.000000,113.911003,0.272415,0.257493
408.000000,113.911003,0.267746,0.250047
409.000000,113.911003,0.262735,0.249699
410.000000,113.911003,0.257386,0.243033
411.000000,113.911003,0.251705,0.244087
412.000000,113.911003,0.245703,0.246039
413.000000,113.911003,0.239387,0.234360
414.000000,113.911003,0.232764,0.231652
415.000000,113.911003,0.225843,0.235831
416.000000,113.911003,0.218634,0.224913
417.000000,113.911003,0.211145,0.223831
418.000000,113.911003,0.203385,0.223396
419.000000,113.911003,0.195365,0.211819
420.000000,113.911003,0.187096,0.206344
421.000000,113.911003,0.178587,0.205835
422.000000,113.911003,0.169848,0.194111
423.000000,113.911003,0.160890,0.186336
424.000000,113.911003,0.151728,0.185301
425.000000,113.911003,0.142371,0.170149
426.000000,113.911003,0.132831,0.156107
427.000000,113.911003,0.123122,0.169746
428.000000,113.911003,0.113256,0.157495
429.000000,113.911003,0.103244,0.153733
430.000000,113.911003,0.093101,0.151965
431.000000,113.911003,0.082838,0.135847
432.000000,113.911003,0.072469,0.129112
433.000000,113.911003,0.062007,0.126070
434.000000,113.911003,0.051466,0.112852
435.000000,113.911003,0.040858,0.104550
436.000000,113.911003,0.030199,0.095942
437.000000,113.911003,0.019500,0.082943
438.000000,113.911003,0.008777,0.079622
439.000000,113.911003,-0.001957,0.068567
440.000000,113.911003,-0.012689,0.059275
441.000000,113.911003,-0.023405,0.053507
442.000000,113.911003,-0.034090,0.035286
443.000000,113.911003,-0.044733,0.036647
444.000000,113.911003,-0.055318,0.026105
445.000000,113.911003,-0.065832,0.013679
446.000000,113.911003,-0.076262,0.006958
447.000000,113.911003,-0.086593,0.002129
448.000000,113.911003,-0.096814,-0.017650
449.000000,113.911003,-0.106911,-0.019844
450.000000,113.911003,-0.116871,-0.029873
451.000000,113.911003,-0.126681,-0.038931
452.000000,113.911003,-0.136330,-0.046193
453.000000,113.911003,-0.145804,-0.052501
454.000000,113.911003,-0.155091,-0.067653
455.000000,113.911003,-0.164180,-0.068954
456.000000,113.911003,-0.173059,-0.072216
457.000000,113.911003,-0.181717,-0.094061
458.000000,113.911003,-0.190140,-0.089869
459.000000,113.911003,-0.198320,-0.104058
460.000000,113.911003,-0.206246,-0.114009
461.000000,113.911003,-0.213907,-0.124845
462.000000,113.911003,-0.221296,-0.134159
463.000000,113.911003,-0.228401,-0.142805
464.000000,113.911003,-0.235213,-0.141439
465.000000,113.911003,-0.241725,-0.157727
466.000000,113.911003,-0.247928,-0.161039
467.000000,113.911003,-0.253813,-0.168461
468.000000,113.911003,-0.259374,-0.181574
469.000000,113.911003,-0.264602,-0.181514
470.000000,113.911003,-0.269490,-0.182096
471.000000,113.911003,-0.274032,-0.194434
472.000000,113.911003,-0.278224,-0.199602
473.000000,113.911003,-0.282059,-0.200111
474.000000,113.911003,-0.285534,-0.211849
475.000000,113.911003,-0.288643,-0.220590
476.000000,113.911003,-0.291383,-0.218419
477.000000,113.911003,-0.293750,-0.227023
478.000000,113.911003,-0.295741,-0.228031
479.000000,113.911003,-0.297354,-0.230473
480.000000,113.911003,-0.298587,-0.239677
481.000000,113.911003,-0.299437,-0.238605
482.000000,113.911003,-0.299901,-0.243787
483.000000,113.911003,-0.299981,-0.251732
484.000000,113.911003,-0.299677,-0.251626
485.000000,113.911003,-0.298990,-0.251653
486.000000,113.911003,-0.297920,-0.254412
487.000000,113.911003,-0.296469,-0.254906
488.000000,113.911003,-0.294638,-0.263827
489.000000,113.911003,-0.292431,-0.259626
490.000000,113.911003,-0.289849,-0.256034
491.000000,113.911003,-0.286897,-0.261852
492.000000,113.911003,-0.283578,-0.258966
493.000000,113.911003,-0.279895,-0.253294
494.000000,113.911003,-0.275851,-0.257825
495.000000,113.911003,-0.271454,-0.249152
496.000000,113.911003,-0.266710,-0.246614
497.000000,113.911003,-0.261625,-0.253372
498.000000,113.911003,-0.256205,-0.247306
499.000000,113.911003,-0.250457,-0.238587
500.000000,113.911003,-0.244388,-0.244438
501.000000,113.911003,-0.238007,-0.239938
502.000000,113.911003,-0.231322,-0.226899
503.000000,113.911003,-0.224340,-0.233130
504.000000,113.911003,-0.217071,-0.228631
505.000000,113.911003,-0.209525,-0.223765
506.000000,113.911003,-0.201708,-0.219670
507.000000,113.911003,-0.193632,-0.216811
508.000000,113.911003,-0.185310,-0.213750
509.000000,113.911003,-0.176750,-0.200922
510.000000,113.911003,-0.167964,-0.192496
511.000000,113.911003,-0.158963,-0.191021
512.000000,113.911003,-0.149758,-0.184488
513.000000,113.911003,-0.140362,-0.169368
514.000000,113.911003,-0.130787,-0.172406
515.000000,113.911003,-0.121044,-0.163367
516.000000,113.911003,-0.111146,-0.151674
517.000000,113.911003,-0.101106,-0.150245
518.000000,113.911003,-0.090935,-0.144179
519.000000,113.911003,-0.080648,-0.129953
520.000000,113.911003,-0.070257,-0.130370
521.000000,113.911003,-0.059777,-0.119031
522.000000,113.911003,-0.049221,-0.107778
523.000000,113.911003,-0.038602,-0.106775
524.000000,113.911003,-0.027933,-0.094396
525.000000,113.911003,-0.017228,-0.082923
526.000000,113.911003,-0.006501,-0.080821
527.000000,113.911003,0.004234,-0.066054
528.000000,113.911003,0.014963,-0.054508
529.000000,113.911003,0.025674,-0.058866
530.000000,113.911003,0.036352,-0.043586
531.000000,113.911003,0.046983,-0.029287
532.000000,113.911003,0.057553,-0.022483
533.000000,113.911003,0.068050,-0.013751
534.000000,113.911003,0.078460,-0.003465
535.000000,113.911003,0.088770,-0.000469
536.000000,113.911003,0.098966,0.005144
537.000000,113.911003,0.109035,0.017844
538.000000,113.911003,0.118965,0.028840
539.000000,113.911003,0.128743,0.035859
540.000000,113.911003,0.138356,0.041714
541.000000,113.911003,0.147792,0.058515
542.000000,113.911003,0.157037,0.069094
543.000000,113.911003,0.166081,0.074023
544.000000,113.911003,0.174913,0.084776
545.000000,113.911003,0.183521,0.091855
546.000000,113.911003,0.191894,0.098718
547.000000,113.911003,0.200021,0.106644
548.000000,113.911003,0.207893,0.120343
549.000000,113.911003,0.215498,0.121786
550.000000,113.911003,0.222828,0.134692
551.000000,113.911003,0.229873,0.143631
552.000000,113.911003,0.236624,0.146114
553.000000,113.911003,0.243070,0.156340
554.000000,113.911003,0.249204,0.162232
555.000000,113.911003,0.255020,0.167542
556.000000,113.911003,0.260508,0.166154
557.000000,113.911003,0.265664,0.185374
558.000000,113.911003,0.270479,0.190684
559.000000,113.911003,0.274949,0.193616
560.000000,113.911003,0.279066,0.203755
561.000000,113.911003,0.282827,0.207498
562.000000,113.911003,0.286226,0.212437
563.000000,113.911003,0.289258,0.221097
564.000000,113.911003,0.291921,0.222746
565.000000,113.911003,0.294208,0.231932
566.000000,113.911003,0.296117,0.229985
567.000000,113.911003,0.297647,0.231593
568.000000,113.911003,0.298796,0.240838
569.000000,113.911003,0.299563,0.240146
570.000000,113.911003,0.299947,0.246313
571.000000,113.911003,0.299946,0.255106
572.000000,113.911003,0.299562,0.250954
573.000000,113.911003,0.298795,0.253374
574.000000,113.911003,0.297645,0.255765
575.000000,113.911003,0.296115,0.255261
576.000000,113.911003,0.294206,0.260727
577.000000,113.911003,0.291918,0.260072
578.000000,113.911003,0.289255,0.256681
579.000000,113.911003,0.286222,0.258500
580.000000,113.911003,0.282823,0.259852
581.000000,113.911003,0.279062,0.258015
582.000000,113.911003,0.274944,0.258120
583.000000,113.911003,0.270474,0.255692
584.000000,113.911003,0.265658,0.250794
585.000000,113.911003,0.260503,0.252760
586.000000,113.911003,0.255014,0.245305
587.000000,113.911003,0.249198,0.245434
588.000000,113.911003,0.243064,0.244119
589.000000,113.911003,0.236617,0.235432
590.000000,113.911003,0.229866,0.235533
591.000000,113.911003,0.222820,0.233765
592.000000,113.911003,0.215490,0.225353
593.000000,113.911003,0.207884,0.222132
594.000000,113.911003,0.200013,0.219763
595.000000,113.911003,0.191885,0.206605
596.000000,113.911003,0.183512,0.205084
597.000000,113.911003,0.174904,0.203682
598.000000,113.911003,0.166072,0.188457
599.000000,113.911003,0.157028,0.189910
600.000000,113.911003,0.147782,0.186941
601.000000,113.911003,0.138346,0.169109
602.000000,113.911003,0.128733,0.166988
603.000000,113.911003,0.118955,0.162759
604.000000,113.911003,0.109025,0.153775
605.000000,113.911003,0.098956,0.149720
606.000000,113.911003,0.088760,0.145418
607.000000,113.911003,0.078450,0.129520
608.000000,113.911003,0.068040,0.124572
609.000000,113.911003,0.057543,0.120636
610.000000,113.911003,0.046972,0.116865
611.000000,113.911003,0.036341,0.100610
612.000000,113.911003,0.025664,0.094375
613.000000,113.911003,0.014953,0.086077
614.000000,113.911003,0.004223,0.076502
615.000000,113.911003,-0.006512,0.070266
616.000000,113.911003,-0.017238,0.053475
617.000000,113.911003,-0.027943,0.052174
618.000000,113.911003,-0.038612,0.041338
619.000000,113.911003,-0.049231,0.024533
620.000000,113.911003,-0.059788,0.061813
621.000000,113.911003,-0.070267,0.011970
622.000000,113.911003,-0.080658,-0.006049
623.000000,113.911003,-0.090945,-0.005210
624.000000,113.911003,-0.101115,-0.021970
625.000000,113.911003,-0.111156,-0.025031
626.000000,113.911003,-0.121053,-0.031939
627.000000,113.911003,-0.130796,-0.050472
628.000000,113.911003,-0.140372,-0.050866
629.000000,113.911003,-0.149767,-0.054055
630.000000,113.911003,-0.158971,-0.071666
631.000000,113.911003,-0.167972,-0.078475
632.000000,113.911003,-0.176758,-0.083523
633.000000,113.911003,-0.185318,-0.097635
634.000000,113.911003,-0.193640,-0.104003
635.000000,113.911003,-0.201715,-0.108452
636.000000,113.911003,-0.209532,-0.123516
637.000000,113.911003,-0.217079,-0.125417
638.000000,113.911003,-0.224347,-0.130320
639.000000,113.911003,-0.231328,-0.141531
640.000000,113.911003,-0.238014,-0.145366
641.000000,113.911003,-0.244395,-0.151454
642.000000,113.911003,-0.250463,-0.166386
643.000000,113.911003,-0.256210,-0.171041
644.000000,113.911003,-0.261630,-0.171916
645.000000,113.911003,-0.266715,-0.184914
646.000000,113.911003,-0.271459,-0.185702
647.000000,113.911003,-0.275855,-0.194530
648.000000,113.911003,-0.279899,-0.206122
649.000000,113.911003,-0.283581,-0.207730
650.000000,113.911003,-0.286900,-0.213851
651.000000,113.911003,-0.289852,-0.220930
652.000000,113.911003,-0.292433,-0.221804
653.000000,113.911003,-0.294640,-0.227930
654.000000,113.911003,-0.296470,-0.232031
655.000000,113.911003,-0.297921,-0.229786
656.000000,113.911003,-0.298991,-0.242637
657.000000,113.911003,-0.299677,-0.244685
658.000000,113.911003,-0.299981,-0.241473
659.000000,113.911003,-0.299901,-0.249125
660.000000,113.911003,-0.299437,-0.249005
661.000000,113.911003,-0.298586,-0.246467
662.000000,113.911003,-0.297353,-0.257591
663.000000,113.911003,-0.295740,-0.255626
664.000000,113.911003,-0.293748,-0.253981
665.000000,113.911003,-0.291380,-0.259612
666.000000,113.911003,-0.288640,-0.260693
667.000000,113.911003,-0.285530,-0.252721
668.000000,113.911003,-0.282056,-0.260285
669.000000,113.911003,-0.278220,-0.259800
670.000000,113.911003,-0.274028,-0.249967
671.000000,113.911003,-0.269485,-0.253958
672.000000,113.911003,-0.264598,-0.250279
673.000000,113.911003,-0.259368,-0.248781
674.000000,113.911003,-0.253807,-0.253065
675.000000,113.911003,-0.247922,-0.241799
676.000000,113.911003,-0.241719,-0.254961
677.000000,113.911003,-0.235207,-0.239971
678.000000,113.911003,-0.228394,-0.235018
679.000000,113.911003,-0.221289,-0.220499
680.000000,113.911003,-0.213900,-0.226877
681.000000,113.911003,-0.206238,-0.218144
682.000000,113.911003,-0.198312,-0.214685
683.000000,113.911003,-0.190132,-0.210296
684.000000,113.911003,-0.181709,-0.202310
685.000000,113.911003,-0.173051,-0.201142
686.000000,113.911003,-0.164171,-0.193188
687.000000,113.911003,-0.155082,-0.186549
688.000000,113.911003,-0.145794,-0.181560
689.000000,113.911003,-0.136320,-0.168420
690.000000,113.911003,-0.126672,-0.162088
691.000000,113.911003,-0.116861,-0.161699
692.000000,113.911003,-0.106901,-0.152733
693.000000,113.911003,-0.096804,-0.141114
694.000000,113.911003,-0.086583,-0.143991
695.000000,113.911003,-0.076252,-0.129898
696.000000,113.911003,-0.065822,-0.118792
697.000000,113.911003,-0.055307,-0.117569
698.000000,113.911003,-0.044722,-0.106303
699.000000,113.911003,-0.034080,-0.094757
700.000000,113.911003,-0.023394,-0.092421
701.000000,113.911003,-0.012679,-0.084128
702.000000,113.911003,-0.001947,-0.069682
703.000000,113.911003,0.008788,-0.067199
704.000000,113.911003,0.019511,-0.057793
705.000000,113.911003,0.030209,-0.042967
706.000000,113.911003,0.040869,-0.042124
707.000000,113.911003,0.051476,-0.033612
708.000000,113.911003,0.062018,0.012809
709.000000,113.911003,0.072479,-0.013783
710.000000,113.911003,0.082848,-0.006603
711.000000,113.911003,0.093111,0.004942
712.000000,113.911003,0.103254,0.005345
713.000000,113.911003,0.113266,0.022265
714.000000,113.911003,0.123132,0.023690
715.000000,113.911003,0.132841,0.040234
716.000000,113.911003,0.142380,0.057154
717.000000,113.911003,0.151737,0.060553
718.000000,113.911003,0.160900,0.067682
719.000000,113.911003,0.169857,0.079242
720.000000,113.911003,0.178595,0.081949
721.000000,113.911003,0.187104,0.096757
722.000000,113.911003,0.195374,0.110616
723.000000,113.911003,0.203393,0.111225
724.000000,113.911003,0.211152,0.119298
725.000000,113.911003,0.218641,0.132851
726.000000,113.911003,0.225851,0.132347
727.000000,113.911003,0.232771,0.142646
728.000000,113.911003,0.239393,0.155685
729.000000,113.911003,0.245710,0.157422
730.000000,113.911003,0.251712,0.161921
731.000000,113.911003,0.257391,0.174067
732.000000,113.911003,0.262740,0.172229
733.000000,113.911003,0.267751,0.186469
734.000000,113.911003,0.272420,0.194762
735.000000,113.911003,0.276740,0.197891
736.000000,113.911003,0.280706,0.206770
737.000000,113.911003,0.284312,0.205757
738.000000,113.911003,0.287555,0.212391
739.000000,113.911003,0.290430,0.226177
740.000000,113.911003,0.292933,0.219479
741.000000,113.911003,0.295062,0.229719
742.000000,113.911003,0.296813,0.237618
743.000000,113.911003,0.298185,0.229146
744.000000,113.911003,0.299172,0.238639
745.000000,113.911003,0.299775,0.248472
746.000000,113.911003,0.299995,0.244554
747.000000,113.911003,0.299831,0.248233
748.000000,113.911003,0.299283,0.257992
749.000000,113.911003,0.298353,0.252068
750.000000,113.911003,0.297040,0.254707
751.000000,113.911003,0.295348,0.261712
752.000000,113.911003,0.293277,0.255041
753.000000,113.911003,0.290832,0.258720
754.000000,113.911003,0.288014,0.260145
755.000000,113.911003,0.284828,0.254075
756.000000,113.911003,0.281275,0.255967
757.000000,113.911003,0.277361,0.260819
758.000000,113.911003,0.273092,0.251321
759.000000,113.911003,0.268473,0.256567
760.000000,113.911003,0.263512,0.254198
761.000000,113.911003,0.258213,0.248201
762.000000,113.911003,0.252583,0.243473
763.000000,113.911003,0.246631,0.253978
764.000000,113.911003,0.240363,0.243367
765.000000,113.911003,0.233787,0.238186
766.000000,113.911003,0.226912,0.236564
767.000000,113.911003,0.219747,0.226099
768.000000,113.911003,0.212299,0.221371
769.000000,113.911003,0.204578,0.221536
770.000000,113.911003,0.196596,0.215979
771.000000,113.911003,0.188362,0.207150
772.000000,113.911003,0.179887,0.203696
773.000000,113.911003,0.171182,0.196104
774.000000,113.911003,0.162258,0.191962
775.000000,113.911003,0.153127,0.181356
776.000000,113.911003,0.143799,0.177269
777.000000,113.911003,0.134288,0.179748
778.000000,113.911003,0.124604,0.161068
779.000000,113.911003,0.114761,0.153894
780.000000,113.911003,0.104770,0.150559
781.000000,113.911003,0.094645,0.141574
782.000000,113.911003,0.084399,0.138266
783.000000,113.911003,0.074045,0.130537
784.000000,113.911003,0.063596,0.114492
785.000000,113.911003,0.053066,0.112737
786.000000,113.911003,0.042468,0.113796
787.000000,113.911003,0.031815,0.095071
788.000000,113.911003,0.021122,0.089449
789.000000,113.911003,0.010402,0.193836
790.000000,113.911003,-0.000332,0.069396
791.000000,113.911003,-0.011065,0.048660
792.000000,113.911003,-0.021784,0.041192
793.000000,113.911003,-0.032475,0.032780
794.000000,113.911003,-0.043125,0.029532
795.000000,113.911003,-0.053719,0.014765
796.000000,113.911003,-0.064244,0.045627
797.000000,113.911003,-0.074687,0.008310
798.000000,113.911003,-0.085035,-0.009756
799.000000,113.911003,-0.095274,-0.013884
800.000000,113.911003,-0.105391,-0.021612
801.000000,113.911003,-0.115373,-0.037744
802.000000,113.911003,-0.125208,-0.041872
803.000000,113.911003,-0.134882,-0.046394
804.000000,113.911003,-0.144383,-0.058572
805.000000,113.911003,-0.153698,-0.066727
806.000000,113.911003,-0.162817,-0.071249
807.000000,113.911003,-0.171727,-0.084321
808.000000,113.911003,-0.180418,-0.089722
809.000000,113.911003,-0.188878,-0.097644
810.000000,113.911003,-0.197096,-0.108429
811.000000,113.911003,-0.205062,-0.108850
812.000000,113.911003,-0.212765,-0.129738
813.000000,113.911003,-0.220197,-0.131937
814.000000,113.911003,-0.227346,-0.136239
815.000000,113.911003,-0.234205,-0.146566
816.000000,113.911003,-0.240761,-0.152265
817.000000,113.911003,-0.247010,-0.157007
818.000000,113.911003,-0.252942,-0.171220
819.000000,113.911003,-0.258550,-0.175261
820.000000,113.911003,-0.263828,-0.176736
821.000000,113.911003,-0.268768,-0.187141
822.000000,113.911003,-0.273364,-0.194535
823.000000,113.911003,-0.277611,-0.193857
824.000000,113.911003,-0.281502,-0.204555
825.000000,113.911003,-0.285033,-0.213443
826.000000,113.911003,-0.288200,-0.210598
827.000000,113.911003,-0.290997,-0.221223
828.000000,113.911003,-0.293419,-0.226024
829.000000,113.911003,-0.295465,-0.224819
830.000000,113.911003,-0.297134,-0.237144
831.000000,113.911003,-0.298422,-0.241199
832.000000,113.911003,-0.299328,-0.236947
833.000000,113.911003,-0.299851,-0.245918
834.000000,113.911003,-0.299991,-0.247232
835.000000,113.911003,-0.299747,-0.246101
836.000000,113.911003,-0.299119,-0.256478
837.000000,113.911003,-0.298109,-0.253546
838.000000,113.911003,-0.296717,-0.254948
839.000000,113.911003,-0.294945,-0.259085
840.000000,113.911003,-0.292792,-0.259053
841.000000,113.911003,-0.290265,-0.246467
842.000000,113.911003,-0.287367,-0.263625
843.000000,113.911003,-0.284101,-0.260693
844.000000,113.911003,-0.280471,-0.255621
845.000000,113.911003,-0.276482,-0.260579
846.000000,113.911003,-0.272140,-0.258466
847.000000,113.911003,-0.267450,-0.249601
848.000000,113.911003,-0.262417,-0.252698
849.000000,113.911003,-0.257049,-0.250133
850.000000,113.911003,-0.251352,-0.244460
851.000000,113.911003,-0.245332,-0.249125
852.000000,113.911003,-0.238996,-0.221278
853.000000,113.911003,-0.232354,-0.236786
854.000000,113.911003,-0.225415,-0.235737
855.000000,113.911003,-0.218188,-0.230725
856.000000,113.911003,-0.210681,-0.228544
857.000000,113.911003,-0.202905,-0.223170
858.000000,113.911003,-0.194870,-0.211171
859.000000,113.911003,-0.186585,-0.211189
860.000000,113.911003,-0.178061,-0.206809
861.000000,113.911003,-0.169310,-0.195263
862.000000,113.911003,-0.160341,-0.193468
863.000000,113.911003,-0.151167,-0.186655
864.000000,113.911003,-0.141798,-0.171242
865.000000,113.911003,-0.132248,-0.175980
866.000000,113.911003,-0.122529,-0.159207
867.000000,113.911003,-0.112653,-0.153388
868.000000,113.911003,-0.102633,-0.152618
869.000000,113.911003,-0.092481,-0.142539
870.000000,113.911003,-0.082212,-0.131813
871.000000,113.911003,-0.071837,-0.125757
872.000000,113.911003,-0.061370,-0.122824
873.000000,113.911003,-0.050824,-0.109345
874.000000,113.911003,-0.040213,-0.107229
875.000000,113.911003,-0.029551,-0.095816
876.000000,113.911003,-0.018851,-0.086130
0.000000,118.966003,0.004722,-0.072880
1.000000,118.966003,0.015927,-0.058655
2.000000,118.966003,0.027110,-0.057225
3.000000,118.966003,0.038254,-0.043792
4.000000,118.966003,0.049346,-0.030020
5.000000,118.966003,0.060368,-0.033044
6.000000,118.966003,0.071306,-0.019991
7.000000,118.966003,0.082144,-0.002865
8.000000,118.966003,0.092868,0.002138
9.000000,118.966003,0.103462,0.004411
10.000000,118.966003,0.113912,0.028230
11.000000,118.966003,0.124202,0.031020
12.000000,118.966003,0.134320,0.043107
13.000000,118.966003,0.144249,0.057699
14.000000,118.966003,0.153978,0.061662
15.000000,118.966003,0.163491,0.071888
16.000000,118.966003,0.172776,0.086114
17.000000,118.966003,0.181819,0.081757
18.000000,118.966003,0.190607,0.094663
19.000000,118.966003,0.199130,0.111042
20.000000,118.966003,0.207374,0.115532
21.000000,118.966003,0.215329,0.122932
22.000000,118.966003,0.222984,0.134331
23.000000,118.966003,0.230326,0.137634
24.000000,118.966003,0.237347,0.147260
25.000000,118.966003,0.244037,0.156505
26.000000,118.966003,0.250386,0.158681
27.000000,118.966003,0.256385,0.159754
28.000000,118.966003,0.262027,0.173567
29.000000,118.966003,0.267302,0.182043
30.000000,118.966003,0.272204,0.192856
31.000000,118.966003,0.276726,0.192810
32.000000,118.966003,0.280862,0.203677
33.000000,118.966003,0.284606,0.203769
34.000000,118.966003,0.287952,0.213459
35.000000,118.966003,0.290896,0.221678
36.000000,118.966003,0.293434,0.227717
37.000000,118.966003,0.295562,0.227960
38.000000,118.966003,0.297277,0.234099
39.000000,118.966003,0.298575,0.241324
40.000000,118.966003,0.299457,0.243661
41.000000,118.966003,0.299920,0.246593
42.000000,118.966003,0.299964,0.252632
43.000000,118.966003,0.299590,0.246634
44.000000,118.966003,0.298797,0.250313
45.000000,118.966003,0.297587,0.257025
46.000000,118.966003,0.295962,0.253254
47.000000,118.966003,0.293923,0.259614
48.000000,118.966003,0.291474,0.261346
49.000000,118.966003,0.288617,0.255935
50.000000,118.966003,0.285358,0.258940
51.000000,118.966003,0.281700,0.261419
52.000000,118.966003,0.277649,0.255408
53.000000,118.966003,0.273211,0.256773
54.000000,118.966003,0.268390,0.251559
55.000000,118.966003,0.263195,0.252054
56.000000,118.966003,0.257633,0.253639
57.000000,118.966003,0.251710,0.242827
58.000000,118.966003,0.245437,0.245273
59.000000,118.966003,0.238820,0.243872
60.000000,118.966003,0.231869,0.234507
61.000000,118.966003,0.224594,0.237233
62.000000,118.966003,0.217005,0.233371
63.000000,118.966003,0.209113,0.221412
64.000000,118.966003,0.200929,0.217578
65.000000,118.966003,0.192464,0.214169
66.000000,118.966003,0.183731,0.205785
67.000000,118.966003,0.174741,0.203737
68.000000,118.966003,0.165507,0.199508
69.000000,118.966003,0.156043,0.185910
70.000000,118.966003,0.146360,0.184082
71.000000,118.966003,0.136473,0.175721
72.000000,118.966003,0.126395,0.170209
73.000000,118.966003,0.116141,0.165100
74.000000,118.966003,0.105725,0.147507
75.000000,118.966003,0.095161,0.144460
76.000000,118.966003,0.084464,0.143732
77.000000,118.966003,0.073649,0.126546
78.000000,118.966003,0.062731,0.125479
79.000000,118.966003,0.051726,0.120650
80.000000,118.966003,0.040648,0.105191
81.000000,118.966003,0.029513,0.094736
82.000000,118.966003,0.018337,0.092441
83.000000,118.966003,0.007136,0.077436
84.000000,118.966003,-0.004076,0.074715
85.000000,118.966003,-0.015281,0.070266
86.000000,118.966003,-0.026465,0.052068
87.000000,118.966003,-0.037613,0.037673
88.000000,118.966003,-0.048707,0.039318
89.000000,118.966003,-0.059734,0.028560
90.000000,118.966003,-0.070677,0.019658
91.000000,118.966003,-0.081522,0.008736
92.000000,118.966003,-0.092253,-0.002989
93.000000,118.966003,-0.102854,-0.012037
94.000000,118.966003,-0.113313,-0.017452
95.000000,118.966003,-0.123613,-0.035138
96.000000,118.966003,-0.133740,-0.038899
97.000000,118.966003,-0.143681,-0.039847
98.000000,118.966003,-0.153421,-0.061106
99.000000,118.966003,-0.162947,-0.072088
100.000000,118.966003,-0.172245,-0.076362
101.000000,118.966003,-0.181303,-0.087894
102.000000,118.966003,-0.190108,-0.094643
103.000000,118.966003,-0.198647,-0.108750
104.000000,118.966003,-0.206909,-0.117890
105.000000,118.966003,-0.214881,-0.116158
106.000000,118.966003,-0.222552,-0.134237
107.000000,118.966003,-0.229913,-0.138878
108.000000,118.966003,-0.236953,-0.141173
109.000000,118.966003,-0.243661,-0.153439
110.000000,118.966003,-0.250030,-0.159866
111.000000,118.966003,-0.256049,-0.162235
112.000000,118.966003,-0.261711,-0.174193
113.000000,118.966003,-0.267008,-0.181748
114.000000,118.966003,-0.271931,-0.183223
115.000000,118.966003,-0.276475,-0.199195
116.000000,118.966003,-0.280633,-0.206150
117.000000,118.966003,-0.284399,-0.200858
118.000000,118.966003,-0.287768,-0.208642
119.000000,118.966003,-0.290735,-0.216123
120.000000,118.966003,-0.293296,-0.216412
121.000000,118.966003,-0.295447,-0.223976
122.000000,118.966003,-0.297186,-0.230491
123.000000,118.966003,-0.298510,-0.232186
124.000000,118.966003,-0.299418,-0.240644
125.000000,118.966003,-0.299907,-0.242692
126.000000,118.966003,-0.299976,-0.241780
127.000000,118.966003,-0.299626,-0.249711
128.000000,118.966003,-0.298857,-0.249312
129.000000,118.966003,-0.297670,-0.249221
130.000000,118.966003,-0.296068,-0.256638
131.000000,118.966003,-0.294053,-0.255493
132.000000,118.966003,-0.291627,-0.253454
133.000000,118.966003,-0.288794,-0.258132
134.000000,118.966003,-0.285558,-0.250659
135.000000,118.966003,-0.281923,-0.259813
136.000000,118.966003,-0.277894,-0.258879
137.000000,118.966003,-0.273477,-0.252387
138.000000,118.966003,-0.268679,-0.259493
139.000000,118.966003,-0.263505,-0.253532
140.000000,118.966003,-0.257963,-0.245707
141.000000,118.966003,-0.252061,-0.250238
142.000000,118.966003,-0.245807,-0.243352
143.000000,118.966003,-0.239210,-0.235746
144.000000,118.966003,-0.232279,-0.236997
145.000000,118.966003,-0.225023,-0.231751
146.000000,118.966003,-0.217453,-0.220205
147.000000,118.966003,-0.209580,-0.226730
148.000000,118.966003,-0.201413,-0.214864
149.000000,118.966003,-0.192964,-0.208078
150.000000,118.966003,-0.184246,-0.210502
151.000000,118.966003,-0.175270,-0.200876
152.000000,118.966003,-0.166050,-0.192377
153.000000,118.966003,-0.156598,-0.190041
154.000000,118.966003,-0.146927,-0.183461
155.000000,118.966003,-0.137052,-0.174743
156.000000,118.966003,-0.126984,-0.170780
157.000000,118.966003,-0.116740,-0.168141
158.000000,118.966003,-0.106333,-0.154501
159.000000,118.966003,-0.095777,-0.148312
160.000000,118.966003,-0.085087,-0.137719
161.000000,118.966003,-0.074279,-0.132578
162.000000,118.966003,-0.063366,-0.125697
163.000000,118.966003,-0.052366,-0.108411
164.000000,118.966003,-0.041292,-0.109235
165.000000,118.966003,-0.030160,-0.096609
166.000000,118.966003,-0.018987,-0.086850
167.000000,118.966003,-0.007787,-0.085141
168.000000,118.966003,0.003425,-0.076527
169.000000,118.966003,0.014631,-0.058142
170.000000,118.966003,0.025817,-0.058659
171.000000,118.966003,0.036967,-0.046266
172.000000,118.966003,0.048065,-0.027720
173.000000,118.966003,0.059096,-0.026950
174.000000,118.966003,0.070045,-0.014864
175.000000,118.966003,0.080896,-0.002498
176.000000,118.966003,0.091633,0.000131
177.000000,118.966003,0.102243,0.010431
178.000000,118.966003,0.112710,0.036065
179.000000,118.966003,0.123019,0.025133
180.000000,118.966003,0.133157,0.037659
181.000000,118.966003,0.143108,0.051592
182.000000,118.966003,0.152860,0.054661
183.000000,118.966003,0.162399,0.069501
184.000000,118.966003,0.171711,0.075288
185.000000,118.966003,0.180783,0.087997
186.000000,118.966003,0.189602,0.096730
187.000000,118.966003,0.198157,0.098956
188.000000,118.966003,0.206435,0.110011
189.000000,118.966003,0.214425,0.126404
190.000000,118.966003,0.222116,0.118886
191.000000,118.966003,0.229496,0.138587
192.000000,118.966003,0.236555,0.150953
193.000000,118.966003,0.243283,0.149381
194.000000,118.966003,0.249672,0.161188
195.000000,118.966003,0.255711,0.169013
196.000000,118.966003,0.261394,0.172596
197.000000,118.966003,0.266712,0.181942
198.000000,118.966003,0.271657,0.192741
199.000000,118.966003,0.276222,0.189937
200.000000,118.966003,0.280403,0.199123
201.000000,118.966003,0.284191,0.210522
202.000000,118.966003,0.287583,0.207718
203.000000,118.966003,0.290573,0.219585
204.000000,118.966003,0.293157,0.225696
205.000000,118.966003,0.295332,0.228473
206.000000,118.966003,0.297095,0.231112
207.000000,118.966003,0.298443,0.234777
208.000000,118.966003,0.299374,0.235693
209.000000,118.966003,0.299887,0.241599
210.000000,118.966003,0.299981,0.248398
211.000000,118.966003,0.299656,0.248641
212.000000,118.966003,0.298913,0.250606
213.000000,118.966003,0.297753,0.252132
214.000000,118.966003,0.296176,0.259201
215.000000,118.966003,0.294184,0.258487
216.000000,118.966003,0.291781,0.252599
217.000000,118.966003,0.288971,0.258528
218.000000,118.966003,0.285758,0.260406
219.000000,118.966003,0.282145,0.254134
220.000000,118.966003,0.278139,0.259261
221.000000,118.966003,0.273744,0.260319
222.000000,118.966003,0.268967,0.249167
223.000000,118.966003,0.263814,0.251440
224.000000,118.966003,0.258293,0.252118
225.000000,118.966003,0.252412,0.248861
226.000000,118.966003,0.246177,0.242873
227.000000,118.966003,0.239600,0.316242
228.000000,118.966003,0.232687,0.235400
229.000000,118.966003,0.225450,0.221298
230.000000,118.966003,0.217897,0.223616
231.000000,118.966003,0.210041,0.212112
232.000000,118.966003,0.201891,0.214824
233.000000,118.966003,0.193459,0.210522
234.000000,118.966003,0.184757,0.208392
235.000000,118.966003,0.175797,0.198376
236.000000,118.966003,0.166591,0.191028
237.000000,118.966003,0.157152,0.183010
238.000000,118.966003,0.147493,0.181255
239.000000,118.966003,0.137628,0.174314
240.000000,118.966003,0.127572,0.166342
241.000000,118.966003,0.117337,0.163840
242.000000,118.966003,0.106938,0.147347
243.000000,118.966003,0.096390,0.145500
244.000000,118.966003,0.085708,0.140759
245.000000,118.966003,0.074906,0.124686
246.000000,118.966003,0.063999,0.123399
247.000000,118.966003,0.053003,0.120284
248.000000,118.966003,0.041933,0.104811
249.000000,118.966003,0.030804,0.098530
250.000000,118.966003,0.019632,0.098168
251.000000,118.966003,0.008433,0.080410
252.000000,118.966003,-0.002778,0.071522
253.000000,118.966003,-0.013985,0.067220
254.000000,118.966003,-0.025172,0.053182
255.000000,118.966003,-0.036325,0.044733
256.000000,118.966003,-0.047427,0.036491
257.000000,118.966003,-0.058463,0.020666
258.000000,118.966003,-0.069416,0.016231
259.000000,118.966003,-0.080273,0.010976
260.000000,118.966003,-0.091018,-0.005009
261.000000,118.966003,-0.101635,-0.012271
262.000000,118.966003,-0.112110,-0.023958
263.000000,118.966003,-0.122429,-0.029937
264.000000,118.966003,-0.132577,-0.035573
265.000000,118.966003,-0.142540,-0.055452
266.000000,118.966003,-0.152304,-0.059566
267.000000,118.966003,-0.161855,-0.063868
268.000000,118.966003,-0.171180,-0.081934
269.000000,118.966003,-0.180265,-0.086735
270.000000,118.966003,-0.189100,-0.092077
271.000000,118.966003,-0.197670,-0.108635
272.000000,118.966003,-0.205964,-0.113217
273.000000,118.966003,-0.213971,-0.118485
274.000000,118.966003,-0.221678,-0.130004
275.000000,118.966003,-0.229077,-0.134952
276.000000,118.966003,-0.236155,-0.139180
277.000000,118.966003,-0.242904,-0.157305
278.000000,118.966003,-0.249313,-0.157873
279.000000,118.966003,-0.255375,-0.165442
280.000000,118.966003,-0.261079,-0.181047
281.000000,118.966003,-0.266417,-0.179901
282.000000,118.966003,-0.271384,-0.184483
283.000000,118.966003,-0.275971,-0.194068
284.000000,118.966003,-0.280173,-0.198429
285.000000,118.966003,-0.283984,-0.204770
286.000000,118.966003,-0.287399,-0.214089
287.000000,118.966003,-0.290412,-0.217118
288.000000,118.966003,-0.293019,-0.221223
289.000000,118.966003,-0.295218,-0.229131
290.000000,118.966003,-0.297004,-0.227179
291.000000,118.966003,-0.298375,-0.237277
292.000000,118.966003,-0.299330,-0.240438
293.000000,118.966003,-0.299867,-0.239613
294.000000,118.966003,-0.299985,-0.251205
295.000000,118.966003,-0.299684,-0.249005
296.000000,118.966003,-0.298965,-0.245574
297.000000,118.966003,-0.297828,-0.256712
298.000000,118.966003,-0.296276,-0.258013
299.000000,118.966003,-0.294309,-0.248400
300.000000,118.966003,-0.291932,-0.258279
301.000000,118.966003,-0.289147,-0.260253
302.000000,118.966003,-0.285957,-0.252574
303.000000,118.966003,-0.282367,-0.260212
304.000000,118.966003,-0.278383,-0.260253
305.000000,118.966003,-0.274010,-0.251754
306.000000,118.966003,-0.269255,-0.259319
307.000000,118.966003,-0.264124,-0.252593
308.000000,118.966003,-0.258623,-0.249880
309.000000,118.966003,-0.252762,-0.248758
310.000000,118.966003,-0.246548,-0.242472
311.000000,118.966003,-0.239989,-0.244639
312.000000,118.966003,-0.233096,-0.242958
313.000000,118.966003,-0.225877,-0.233639
314.000000,118.966003,-0.218342,-0.232324
315.000000,118.966003,-0.210503,-0.227124
316.000000,118.966003,-0.202370,-0.216765
317.000000,118.966003,-0.193954,-0.217723
318.000000,118.966003,-0.185267,-0.207863
319.000000,118.966003,-0.176321,-0.200184
320.000000,118.966003,-0.167130,-0.197041
321.000000,118.966003,-0.157705,-0.196189
322.000000,118.966003,-0.148059,-0.180176
323.000000,118.966003,-0.138207,-0.177547
324.000000,118.966003,-0.128161,-0.169327
325.000000,118.966003,-0.117936,-0.157708
326.000000,118.966003,-0.107546,-0.158345
327.000000,118.966003,-0.097007,-0.147826
328.000000,118.966003,-0.086331,-0.137467
329.000000,118.966003,-0.075536,-0.136111
330.000000,118.966003,-0.064635,-0.119938
331.000000,118.966003,-0.053643,-0.119131
332.000000,118.966003,-0.042577,-0.111856
333.000000,118.966003,-0.031451,-0.100003
334.000000,118.966003,-0.020282,-0.097502
335.000000,118.966003,-0.009084,-0.083441
336.000000,118.966003,0.002127,-0.071075
337.000000,118.966003,0.013335,-0.070553
338.000000,118.966003,0.024524,-0.059273
339.000000,118.966003,0.035678,-0.044154
340.000000,118.966003,0.046784,-0.009783
341.000000,118.966003,0.057823,-0.024458
342.000000,118.966003,0.068782,-0.015812
343.000000,118.966003,0.079646,-0.018090
344.000000,118.966003,0.090397,-0.000350
345.000000,118.966003,0.101023,0.005616
346.000000,118.966003,0.111508,0.014632
347.000000,118.966003,0.121836,0.028505
348.000000,118.966003,0.131994,0.038745
349.000000,118.966003,0.141968,0.045361
350.000000,118.966003,0.151743,0.058033
351.000000,118.966003,0.161307,0.062074
352.000000,118.966003,0.170645,0.074889
353.000000,118.966003,0.179745,0.087035
354.000000,118.966003,0.188594,0.088084
355.000000,118.966003,0.197179,0.099364
356.000000,118.966003,0.205490,0.104876
357.000000,118.966003,0.213513,0.115166
358.000000,118.966003,0.221238,0.132172
359.000000,118.966003,0.228654,0.138578
360.000000,118.966003,0.235751,0.144401
361.000000,118.966003,0.242519,0.150467
362.000000,118.966003,0.248948,0.165059
363.000000,118.966003,0.255030,0.162182
364.000000,118.966003,0.260755,0.171295
365.000000,118.966003,0.266117,0.185594
366.000000,118.966003,0.271107,0.184137
367.000000,118.966003,0.275718,0.196896
368.000000,118.966003,0.279943,0.200182
369.000000,118.966003,0.283776,0.203851
370.000000,118.966003,0.287214,0.208790
371.000000,118.966003,0.290250,0.217069
372.000000,118.966003,0.292881,0.217092
373.000000,118.966003,0.295102,0.224858
374.000000,118.966003,0.296912,0.227204
375.000000,118.966003,0.298308,0.239413
376.000000,118.966003,0.299286,0.236912
377.000000,118.966003,0.299847,0.239652
378.000000,118.966003,0.299989,0.244833
379.000000,118.966003,0.299712,0.251106
380.000000,118.966003,0.299017,0.246474
381.000000,118.966003,0.297904,0.255614
382.000000,118.966003,0.296375,0.258679
383.000000,118.966003,0.294432,0.252888
384.000000,118.966003,0.292078,0.256420
385.000000,118.966003,0.289317,0.261419
386.000000,118.966003,0.286151,0.254514
387.000000,118.966003,0.282586,0.255220
388.000000,118.966003,0.278626,0.260965
389.000000,118.966003,0.274277,0.253254
390.000000,118.966003,0.269543,0.251646
391.000000,118.966003,0.264433,0.253232
392.000000,118.966003,0.258954,0.245360
393.000000,118.966003,0.253113,0.247033
394.000000,118.966003,0.246918,0.241585
395.000000,118.966003,0.240379,0.240146
396.000000,118.966003,0.233504,0.239652
397.000000,118.966003,0.226303,0.225852
398.000000,118.966003,0.218787,0.232253
399.000000,118.966003,0.210964,0.229664
400.000000,118.966003,0.202847,0.221412
401.000000,118.966003,0.194447,0.215278
402.000000,118.966003,0.185775,0.211869
403.000000,118.966003,0.176844,0.198197
404.000000,118.966003,0.167666,0.195183
405.000000,118.966003,0.158254,0.191774
406.000000,118.966003,0.148621,0.182716
407.000000,118.966003,0.138780,0.182016
408.000000,118.966003,0.128746,0.175327
409.000000,118.966003,0.118531,0.159722
410.000000,118.966003,0.108151,0.153133
411.000000,118.966003,0.097620,0.142225
412.000000,118.966003,0.086952,0.138147
413.000000,118.966003,0.076163,0.130958
414.000000,118.966003,0.065267,0.122084
415.000000,118.966003,0.054280,0.114185
416.000000,118.966003,0.043218,0.107217
417.000000,118.966003,0.032095,0.097637
418.000000,118.966003,0.020927,0.094017
419.000000,118.966003,0.009731,0.084955
420.000000,118.966003,-0.001480,0.068883
421.000000,118.966003,-0.012688,0.061268
422.000000,118.966003,-0.023879,0.058900
423.000000,118.966003,-0.035036,0.040834
424.000000,118.966003,-0.046144,0.036853
425.000000,118.966003,-0.057188,0.030618
426.000000,118.966003,-0.068152,0.014339
427.000000,118.966003,-0.079021,0.009391
428.000000,118.966003,-0.089780,0.042864
429.000000,118.966003,-0.100413,-0.012376
430.000000,118.966003,-0.110906,-0.022758
431.000000,118.966003,-0.121244,-0.033140
432.000000,118.966003,-0.131413,-0.043252
433.000000,118.966003,-0.141399,-0.049473
434.000000,118.966003,-0.151186,-0.063681
435.000000,118.966003,-0.160762,-0.083208
436.000000,118.966003,-0.170114,-0.078282
437.000000,118.966003,-0.179228,-0.092215
438.000000,118.966003,-0.188091,-0.092229
439.000000,118.966003,-0.196692,-0.099357
440.000000,118.966003,-0.205018,-0.114449
441.000000,118.966003,-0.213058,-0.122297
442.000000,118.966003,-0.220801,-0.125633
443.000000,118.966003,-0.228235,-0.136624
444.000000,118.966003,-0.235350,-0.144032
445.000000,118.966003,-0.242137,-0.145801
446.000000,118.966003,-0.248586,-0.161846
447.000000,118.966003,-0.254687,-0.165607
448.000000,118.966003,-0.260433,-0.171022
449.000000,118.966003,-0.265815,-0.186701
450.000000,118.966003,-0.270826,-0.186668
451.000000,118.966003,-0.275459,-0.189170
452.000000,118.966003,-0.279708,-0.197715
453.000000,118.966003,-0.283565,-0.202003
454.000000,118.966003,-0.287027,-0.214657
455.000000,118.966003,-0.290088,-0.222717
456.000000,118.966003,-0.292743,-0.223665
457.000000,118.966003,-0.294988,-0.228457
458.000000,118.966003,-0.296821,-0.230244
459.000000,118.966003,-0.298240,-0.229932
460.000000,118.966003,-0.299242,-0.242871
461.000000,118.966003,-0.299827,-0.242605
462.000000,118.966003,-0.299993,-0.239320
463.000000,118.966003,-0.299740,-0.249565
464.000000,118.966003,-0.299068,-0.248859
465.000000,118.966003,-0.297979,-0.249367
466.000000,118.966003,-0.296474,-0.259685
467.000000,118.966003,-0.294555,-0.260913
468.000000,118.966003,-0.292224,-0.251828
469.000000,118.966003,-0.289486,-0.259846
470.000000,118.966003,-0.286343,-0.259813
471.000000,118.966003,-0.282800,-0.254127
472.000000,118.966003,-0.278863,-0.254939
473.000000,118.966003,-0.274536,-0.253646
474.000000,118.966003,-0.269826,-0.261280
475.000000,118.966003,-0.264739,-0.252785
476.000000,118.966003,-0.259282,-0.245326
477.000000,118.966003,-0.253463,-0.250091
478.000000,118.966003,-0.247289,-0.247805
479.000000,118.966003,-0.240769,-0.234853
480.000000,118.966003,-0.233913,-0.240864
481.000000,118.966003,-0.226730,-0.233758
482.000000,118.966003,-0.219231,-0.225933
483.000000,118.966003,-0.211426,-0.227697
484.000000,118.966003,-0.203326,-0.215537
485.000000,118.966003,-0.194942,-0.208898
486.000000,118.966003,-0.186285,-0.209462
487.000000,118.966003,-0.177369,-0.209870
488.000000,118.966003,-0.168204,-0.191630
489.000000,118.966003,-0.158805,-0.189074
490.000000,118.966003,-0.149184,-0.187855
491.000000,118.966003,-0.139355,-0.175489
492.000000,118.966003,-0.129332,-0.173226
493.000000,118.966003,-0.119127,-0.158313
494.000000,118.966003,-0.108756,-0.153315
495.000000,118.966003,-0.098234,-0.153145
496.000000,118.966003,-0.087574,-0.139126
497.000000,118.966003,-0.076792,-0.133366
498.000000,118.966003,-0.065902,-0.129857
499.000000,118.966003,-0.054921,-0.116437
500.000000,118.966003,-0.043862,-0.112951
501.000000,118.966003,-0.032742,-0.100622
502.000000,118.966003,-0.021577,-0.089736
503.000000,118.966003,-0.010381,-0.089241
504.000000,118.966003,0.000829,-0.075634
505.000000,118.966003,0.012038,-0.062375
506.000000,118.966003,0.023230,-0.056699
507.000000,118.966003,0.034389,-0.047952
508.000000,118.966003,0.045501,-0.035893
509.000000,118.966003,0.056549,-0.034904
510.000000,118.966003,0.067518,-0.022584
511.000000,118.966003,0.078393,-0.006951
512.000000,118.966003,0.089158,-0.001889
513.000000,118.966003,0.099799,0.012964
514.000000,118.966003,0.110300,0.023324
515.000000,118.966003,0.120647,0.026540
516.000000,118.966003,0.130826,0.000970
517.000000,118.966003,0.140823,0.050918
518.000000,118.966003,0.150623,0.060695
519.000000,118.966003,0.160212,0.071888
520.000000,118.966003,0.169578,0.083887
521.000000,118.966003,0.178707,0.084203
522.000000,118.966003,0.187585,0.096510
523.000000,118.966003,0.196202,0.105109
524.000000,118.966003,0.204544,0.110318
525.000000,118.966003,0.212601,0.116004
526.000000,118.966003,0.220361,0.124718
527.000000,118.966003,0.227813,0.138060
528.000000,118.966003,0.234947,0.145665
529.000000,118.966003,0.241752,0.148121
530.000000,118.966003,0.248221,0.157321
531.000000,118.966003,0.254342,0.170947
532.000000,118.966003,0.260109,0.170969
533.000000,118.966003,0.265512,0.180229
534.000000,118.966003,0.270544,0.191701
535.000000,118.966003,0.275199,0.192617
536.000000,118.966003,0.279470,0.205304
537.000000,118.966003,0.283350,0.208735
538.000000,118.966003,0.286835,0.208465
539.000000,118.966003,0.289919,0.214004
540.000000,118.966003,0.292598,0.225623
541.000000,118.966003,0.294869,0.224166
542.000000,118.966003,0.296728,0.227025
543.000000,118.966003,0.298172,0.236711
544.000000,118.966003,0.299199,0.230786
545.000000,118.966003,0.299807,0.245699
546.000000,118.966003,0.299997,0.248398
547.000000,118.966003,0.299768,0.249681
548.000000,118.966003,0.299120,0.250900
549.000000,118.966003,0.298055,0.252512
550.000000,118.966003,0.296573,0.252054
551.000000,118.966003,0.294678,0.258253
552.000000,118.966003,0.292371,0.250547
553.000000,118.966003,0.289655,0.257327
554.000000,118.966003,0.286535,0.265826
555.000000,118.966003,0.283015,0.254235
556.000000,118.966003,0.279100,0.254354
557.000000,118.966003,0.274795,0.258826
558.000000,118.966003,0.270107,0.253181
559.000000,118.966003,0.265041,0.252553
560.000000,118.966003,0.259605,0.253158
561.000000,118.966003,0.253807,0.245667
562.000000,118.966003,0.247654,0.246300
563.000000,118.966003,0.241155,0.246685
564.000000,118.966003,0.234320,0.235766
565.000000,118.966003,0.227157,0.235285
566.000000,118.966003,0.219676,0.232097
567.000000,118.966003,0.211888,0.226846
568.000000,118.966003,0.203804,0.218544
569.000000,118.966003,0.195435,0.218109
570.000000,118.966003,0.186794,0.205858
571.000000,118.966003,0.177892,0.204924
572.000000,118.966003,0.168741,0.200402
573.000000,118.966003,0.159355,0.190230
574.000000,118.966003,0.149746,0.183935
575.000000,118.966003,0.139929,0.177947
576.000000,118.966003,0.129915,0.175203
577.000000,118.966003,0.119721,0.163621
578.000000,118.966003,0.109359,0.151113
579.000000,118.966003,0.098845,0.150641
580.000000,118.966003,0.088192,0.145899
581.000000,118.966003,0.077417,0.130546
582.000000,118.966003,0.066533,0.124365
583.000000,118.966003,0.055556,0.115010
584.000000,118.966003,0.044502,0.107652
585.000000,118.966003,0.033385,0.100184
586.000000,118.966003,0.022222,0.097288
587.000000,118.966003,0.011028,0.078550
588.000000,118.966003,-0.000182,0.072488
589.000000,118.966003,-0.011391,0.070120
590.000000,118.966003,-0.022585,0.051908
591.000000,118.966003,-0.033747,0.050827
592.000000,118.966003,-0.044862,0.041398
593.000000,118.966003,-0.055914,0.027286
594.000000,118.966003,-0.066888,0.020698
595.000000,118.966003,-0.077768,0.011050
596.000000,118.966003,-0.088540,-0.006269
597.000000,118.966003,-0.099188,-0.007584
598.000000,118.966003,-0.109698,-0.015638
599.000000,118.966003,-0.120055,-0.029044
600.000000,118.966003,-0.130243,-0.033786
601.000000,118.966003,-0.140251,-0.050779
602.000000,118.966003,-0.150062,-0.059040
603.000000,118.966003,-0.159664,-0.064748
604.000000,118.966003,-0.169042,-0.080294
605.000000,118.966003,-0.178185,-0.082781
606.000000,118.966003,-0.187079,-0.089544
607.000000,118.966003,-0.195712,-0.102322
608.000000,118.966003,-0.204072,-0.111137
609.000000,118.966003,-0.212146,-0.113359
610.000000,118.966003,-0.219923,-0.126943
611.000000,118.966003,-0.227393,-0.133605
612.000000,118.966003,-0.234546,-0.137687
613.000000,118.966003,-0.241370,-0.153585
614.000000,118.966003,-0.247858,-0.162927
615.000000,118.966003,-0.254000,-0.160902
616.000000,118.966003,-0.259786,-0.171893
617.000000,118.966003,-0.265210,-0.176475
618.000000,118.966003,-0.270264,-0.174303
619.000000,118.966003,-0.274941,-0.193394
620.000000,118.966003,-0.279233,-0.195149
621.000000,118.966003,-0.283136,-0.200564
622.000000,118.966003,-0.286643,-0.211702
623.000000,118.966003,-0.289750,-0.216284
624.000000,118.966003,-0.292452,-0.220032
625.000000,118.966003,-0.294746,-0.228737
626.000000,118.966003,-0.296629,-0.229011
627.000000,118.966003,-0.298097,-0.237359
628.000000,118.966003,-0.299149,-0.238344
629.000000,118.966003,-0.299783,-0.242266
630.000000,118.966003,-0.299999,-0.250252
631.000000,118.966003,-0.299796,-0.246385
632.000000,118.966003,-0.299172,-0.241606
633.000000,118.966003,-0.298130,-0.254412
634.000000,118.966003,-0.296672,-0.254279
635.000000,118.966003,-0.294800,-0.252707
636.000000,118.966003,-0.292516,-0.257385
637.000000,118.966003,-0.289824,-0.260693
638.000000,118.966003,-0.286727,-0.253761
639.000000,118.966003,-0.283230,-0.263039
640.000000,118.966003,-0.279337,-0.257353
641.000000,118.966003,-0.275055,-0.252574
642.000000,118.966003,-0.270388,-0.254998
643.000000,118.966003,-0.265343,-0.248712
644.000000,118.966003,-0.259929,-0.243494
645.000000,118.966003,-0.254151,-0.249871
646.000000,118.966003,-0.248018,-0.241359
647.000000,118.966003,-0.241539,-0.236273
648.000000,118.966003,-0.234722,-0.239677
649.000000,118.966003,-0.227578,-0.232878
650.000000,118.966003,-0.220116,-0.229039
651.000000,118.966003,-0.212347,-0.226803
652.000000,118.966003,-0.204281,-0.219184
653.000000,118.966003,-0.195930,-0.214905
654.000000,118.966003,-0.187303,-0.212962
655.000000,118.966003,-0.178416,-0.204757
656.000000,118.966003,-0.169279,-0.202076
657.000000,118.966003,-0.159906,-0.192515
658.000000,118.966003,-0.150310,-0.178729
659.000000,118.966003,-0.140504,-0.181721
660.000000,118.966003,-0.130501,-0.170427
661.000000,118.966003,-0.120317,-0.158208
662.000000,118.966003,-0.109964,-0.161992
663.000000,118.966003,-0.099458,-0.149526
664.000000,118.966003,-0.088814,-0.132400
665.000000,118.966003,-0.078045,-0.136478
666.000000,118.966003,-0.067167,-0.125578
667.000000,118.966003,-0.056195,-0.112172
668.000000,118.966003,-0.045145,-0.114156
669.000000,118.966003,-0.034032,-0.102890
670.000000,118.966003,-0.022871,-0.088064
671.000000,118.966003,-0.011678,-0.087894
672.000000,118.966003,-0.000469,-0.078562
673.000000,118.966003,0.010741,-0.066095
674.000000,118.966003,0.021936,-0.058879
675.000000,118.966003,0.033100,-0.051407
676.000000,118.966003,0.044218,-0.042573
677.000000,118.966003,0.055274,-0.033731
678.000000,118.966003,0.066253,-0.017265
679.000000,118.966003,0.077140,-0.014850
680.000000,118.966003,0.087918,-0.002269
681.000000,118.966003,0.098574,0.013524
682.000000,118.966003,0.109092,0.012786
683.000000,118.966003,0.119458,0.028606
684.000000,118.966003,0.129657,0.044239
685.000000,118.966003,0.139674,-0.009623
686.000000,118.966003,0.149497,0.055601
687.000000,118.966003,0.159111,0.079874
688.000000,118.966003,0.168503,0.080190
689.000000,118.966003,0.177660,0.089449
690.000000,118.966003,0.186568,0.102855
691.000000,118.966003,0.195216,0.105631
692.000000,118.966003,0.203592,0.115564
693.000000,118.966003,0.211683,0.123697
694.000000,118.966003,0.219479,0.122446
695.000000,118.966003,0.226968,0.132892
696.000000,118.966003,0.234140,0.139879
697.000000,118.966003,0.240986,0.151534
698.000000,118.966003,0.247493,0.161380
699.000000,118.966003,0.253655,0.161421
700.000000,118.966003,0.259462,0.171615
701.000000,118.966003,0.264907,0.183908
702.000000,118.966003,0.269982,0.183463
703.000000,118.966003,0.274681,0.192590
704.000000,118.966003,0.278995,0.199815
705.000000,118.966003,0.282920,0.203998
706.000000,118.966003,0.286450,0.210884
707.000000,118.966003,0.289580,0.218783
708.000000,118.966003,0.292306,0.221412
709.000000,118.966003,0.294623,0.226205
710.000000,118.966003,0.296529,0.235671
711.000000,118.966003,0.298021,0.231079
712.000000,118.966003,0.299097,0.238699
713.000000,118.966003,0.299756,0.243931
714.000000,118.966003,0.299995,0.240087
715.000000,118.966003,0.299816,0.245993
716.000000,118.966003,0.299218,0.255165
717.000000,118.966003,0.298202,0.250794
718.000000,118.966003,0.296770,0.257373
719.000000,118.966003,0.294923,0.256759
720.000000,118.966003,0.292663,0.258454
721.000000,118.966003,0.289994,0.259893
722.000000,118.966003,0.286920,0.251967
723.000000,118.966003,0.283445,0.264328
724.000000,118.966003,0.279575,0.260993
725.000000,118.966003,0.275314,0.249548
726.000000,118.966003,0.270669,0.256361
727.000000,118.966003,0.265646,0.250419
728.000000,118.966003,0.260252,0.247821
729.000000,118.966003,0.254495,0.249800
730.000000,118.966003,0.248382,0.249218
731.000000,118.966003,0.241922,0.238227
732.000000,118.966003,0.235125,0.237673
733.000000,118.966003,0.227999,0.239244
734.000000,118.966003,0.220555,0.228179
735.000000,118.966003,0.212803,0.226205
736.000000,118.966003,0.204753,0.224363
737.000000,118.966003,0.196418,0.213298
738.000000,118.966003,0.187809,0.211031
739.000000,118.966003,0.178937,0.208062
740.000000,118.966003,0.169815,0.196777
741.000000,118.966003,0.160456,0.192049
742.000000,118.966003,0.150872,0.189534
743.000000,118.966003,0.141077,0.177809
744.000000,118.966003,0.131085,0.171515
745.000000,118.966003,0.120911,0.165806
746.000000,118.966003,0.110567,0.153921
747.000000,118.966003,0.100070,0.151873
748.000000,118.966003,0.089432,0.145212
749.000000,118.966003,0.078670,0.132713
750.000000,118.966003,0.067798,0.128352
751.000000,118.966003,0.056831,0.117411
752.000000,118.966003,0.045785,0.108678
753.000000,118.966003,0.034675,0.102003
754.000000,118.966003,0.023516,0.089917
755.000000,118.966003,0.012325,0.085976
756.000000,118.966003,0.001116,0.084282
757.000000,118.966003,-0.010094,0.062555
758.000000,118.966003,-0.021290,0.048174
759.000000,118.966003,-0.032457,0.052719
760.000000,118.966003,-0.043578,0.034654
761.000000,118.966003,-0.054638,0.028739
762.000000,118.966003,-0.065623,0.025550
763.000000,118.966003,-0.076515,0.021033
764.000000,118.966003,-0.087300,0.002097
765.000000,118.966003,-0.097964,-0.004212
766.000000,118.966003,-0.108490,-0.021737
767.000000,118.966003,-0.118865,-0.026611
768.000000,118.966003,-0.129074,-0.033300
769.000000,118.966003,-0.139102,-0.046898
770.000000,118.966003,-0.148936,-0.056460
771.000000,118.966003,-0.158563,-0.063355
772.000000,118.966003,-0.167968,-0.076807
773.000000,118.966003,-0.177138,-0.082882
774.000000,118.966003,-0.186061,-0.095990
775.000000,118.966003,-0.194724,-0.100695
776.000000,118.966003,-0.203115,-0.104983
777.000000,118.966003,-0.211223,-0.122517
778.000000,118.966003,-0.219036,-0.127264
779.000000,118.966003,-0.226543,-0.128959
780.000000,118.966003,-0.233733,-0.145031
781.000000,118.966003,-0.240598,-0.148852
782.000000,118.966003,-0.247126,-0.153901
783.000000,118.966003,-0.253309,-0.172260
784.000000,118.966003,-0.259139,-0.170734
785.000000,118.966003,-0.264606,-0.170276
786.000000,118.966003,-0.269702,-0.186921
787.000000,118.966003,-0.274422,-0.186582
788.000000,118.966003,-0.278759,-0.194091
789.000000,118.966003,-0.282706,-0.205155
790.000000,118.966003,-0.286259,-0.210030
791.000000,118.966003,-0.289411,-0.210832
792.000000,118.966003,-0.292160,-0.221296
793.000000,118.966003,-0.294501,-0.224018
794.000000,118.966003,-0.296430,-0.235380
795.000000,118.966003,-0.297946,-0.233057
796.000000,118.966003,-0.299046,-0.234592
797.000000,118.966003,-0.299728,-0.244493
798.000000,118.966003,-0.299991,-0.251072
799.000000,118.966003,-0.299836,-0.246733
800.000000,118.966003,-0.299262,-0.252478
801.000000,118.966003,-0.298270,-0.255172
802.000000,118.966003,-0.296861,-0.248094
803.000000,118.966003,-0.295038,-0.256112
804.000000,118.966003,-0.292803,-0.257339
805.000000,118.966003,-0.290160,-0.255314
806.000000,118.966003,-0.287111,-0.258425
807.000000,118.966003,-0.283660,-0.260546
808.000000,118.966003,-0.279812,-0.251828
809.000000,118.966003,-0.275573,-0.255979
810.000000,118.966003,-0.270950,-0.252446
811.000000,118.966003,-0.265948,-0.249514
812.000000,118.966003,-0.260575,-0.251365
813.000000,118.966003,-0.254838,-0.246426
814.000000,118.966003,-0.248746,-0.247159
815.000000,118.966003,-0.242306,-0.244598
816.000000,118.966003,-0.235527,-0.236832
817.000000,118.966003,-0.228420,-0.239311
818.000000,118.966003,-0.220994,-0.229951
819.000000,118.966003,-0.213259,-0.220412
820.000000,118.966003,-0.205227,-0.223976
821.000000,118.966003,-0.196907,-0.217237
822.000000,118.966003,-0.188313,-0.204724
823.000000,118.966003,-0.179456,-0.215042
824.000000,118.966003,-0.170349,-0.199456
825.000000,118.966003,-0.161003,-0.191630
826.000000,118.966003,-0.151432,-0.187887
827.000000,118.966003,-0.141651,-0.178628
828.000000,118.966003,-0.131671,-0.166115
829.000000,118.966003,-0.121507,-0.165799
830.000000,118.966003,-0.111172,-0.161300
831.000000,118.966003,-0.100683,-0.149214
832.000000,118.966003,-0.090053,-0.142731
833.000000,118.966003,-0.079298,-0.133925
834.000000,118.966003,-0.068431,-0.130205
835.000000,118.966003,-0.057470,-0.121977
836.000000,118.966003,-0.046428,-0.101937
837.000000,118.966003,-0.035321,-0.109776
838.000000,118.966003,-0.024165,-0.095202
839.000000,118.966003,-0.012975,-0.081049
0.000000,124.245003,0.001589,-0.078035
1.000000,124.245003,0.013294,-0.060162
2.000000,124.245003,0.024979,-0.058279
3.000000,124.245003,0.036626,-0.047233
4.000000,124.245003,0.048217,-0.035820
5.000000,124.245003,0.059735,-0.031271
6.000000,124.245003,0.071161,-0.016064
7.000000,124.245003,0.082480,-0.006851
8.000000,124.245003,0.093673,-0.007016
9.000000,124.245003,0.104723,0.015324
10.000000,124.245003,0.115613,0.026613
11.000000,124.245003,0.126327,0.031213
12.000000,124.245003,0.136849,0.042612
13.000000,124.245003,0.147163,0.046634
14.000000,124.245003,0.157253,0.066395
15.000000,124.245003,0.167102,0.074967
16.000000,124.245003,0.176696,0.073569
17.000000,124.245003,0.186022,0.089610
18.000000,124.245003,0.195065,0.102562
19.000000,124.245003,0.203812,0.103331
20.000000,124.245003,0.212248,0.115344
21.000000,124.245003,0.220357,0.128677
22.000000,124.245003,0.228132,0.129153
23.000000,124.245003,0.235561,0.138413
24.000000,124.245003,0.242631,0.144231
25.000000,124.245003,0.249334,0.150288
26.000000,124.245003,0.255653,0.165421
27.000000,124.245003,0.261581,0.177040
28.000000,124.245003,0.267113,0.177516
29.000000,124.245003,0.272239,0.183949
30.000000,124.245003,0.276951,0.195715
31.000000,124.245003,0.281242,0.199091
32.000000,124.245003,0.285099,0.206490
33.000000,124.245003,0.288524,0.217289
34.000000,124.245003,0.291510,0.212932
35.000000,124.245003,0.294054,0.224491
36.000000,124.245003,0.296151,0.231730
37.000000,124.245003,0.297794,0.229513
38.000000,124.245003,0.298981,0.238099
39.000000,124.245003,0.299714,0.240018
40.000000,124.245003,0.299992,0.246694
41.000000,124.245003,0.299815,0.249919
42.000000,124.245003,0.299181,0.246313
43.000000,124.245003,0.298086,0.249213
44.000000,124.245003,0.296539,0.257639
45.000000,124.245003,0.294541,0.254235
46.000000,124.245003,0.292096,0.258807
47.000000,124.245003,0.289207,0.262166
48.000000,124.245003,0.285875,0.254675
49.000000,124.245003,0.282105,0.257534
50.000000,124.245003,0.277907,0.262532
51.000000,124.245003,0.273287,0.253034
52.000000,124.245003,0.268252,0.255747
53.000000,124.245003,0.262809,0.256278
54.000000,124.245003,0.256961,0.248494
55.000000,124.245003,0.250722,0.248526
56.000000,124.245003,0.244102,0.251518
57.000000,124.245003,0.237112,0.235253
58.000000,124.245003,0.229762,0.236252
59.000000,124.245003,0.222060,0.220276
60.000000,124.245003,0.214018,0.226319
61.000000,124.245003,0.205650,0.226351
62.000000,124.245003,0.196971,0.224583
63.000000,124.245003,0.187992,0.211512
64.000000,124.245003,0.178728,0.209977
65.000000,124.245003,0.169187,0.204736
66.000000,124.245003,0.159390,0.193350
67.000000,124.245003,0.149351,0.185122
68.000000,124.245003,0.139085,0.175015
69.000000,124.245003,0.128607,0.170649
70.000000,124.245003,0.117933,0.169407
71.000000,124.245003,0.107078,0.154668
72.000000,124.245003,0.096061,0.148840
73.000000,124.245003,0.084897,0.144685
74.000000,124.245003,0.073605,0.129007
75.000000,124.245003,0.062201,0.127105
76.000000,124.245003,0.050700,0.121617
77.000000,124.245003,0.039123,0.108238
78.000000,124.245003,0.027487,0.093170
79.000000,124.245003,0.015808,0.094595
80.000000,124.245003,0.004106,0.080410
81.000000,124.245003,-0.007603,0.071141
82.000000,124.245003,-0.019300,0.066326
83.000000,124.245003,-0.030967,0.049988
84.000000,124.245003,-0.042588,0.095822
85.000000,124.245003,-0.054144,0.039318
86.000000,124.245003,-0.065618,0.013299
87.000000,124.245003,-0.076991,0.004851
88.000000,124.245003,-0.088246,-0.002251
89.000000,124.245003,-0.099367,-0.007089
90.000000,124.245003,-0.110338,-0.015771
91.000000,124.245003,-0.121140,-0.035092
92.000000,124.245003,-0.131759,-0.040805
93.000000,124.245003,-0.142174,-0.045327
94.000000,124.245003,-0.152374,-0.061326
95.000000,124.245003,-0.162342,-0.064107
96.000000,124.245003,-0.172063,-0.074209
97.000000,124.245003,-0.181524,-0.084614
98.000000,124.245003,-0.190705,-0.093722
99.000000,124.245003,-0.199595,-0.096544
100.000000,124.245003,-0.208182,-0.112662
101.000000,124.245003,-0.216453,-0.119177
102.000000,124.245003,-0.224396,-0.117899
103.000000,124.245003,-0.231996,-0.136771
104.000000,124.245003,-0.239239,-0.142319
105.000000,124.245003,-0.246119,-0.152274
106.000000,124.245003,-0.252625,-0.159692
107.000000,124.245003,-0.258747,-0.166281
108.000000,124.245003,-0.264477,-0.172956
109.000000,124.245003,-0.269800,-0.183127
110.000000,124.245003,-0.274711,-0.185702
111.000000,124.245003,-0.279205,-0.193330
112.000000,124.245003,-0.283275,-0.202328
113.000000,124.245003,-0.286915,-0.203570
114.000000,124.245003,-0.290118,-0.216490
115.000000,124.245003,-0.292874,-0.219230
116.000000,124.245003,-0.295185,-0.220178
117.000000,124.245003,-0.297048,-0.230890
118.000000,124.245003,-0.298460,-0.235751
119.000000,124.245003,-0.299418,-0.236186
120.000000,124.245003,-0.299917,-0.244804
121.000000,124.245003,-0.299958,-0.246852
122.000000,124.245003,-0.299543,-0.239920
123.000000,124.245003,-0.298673,-0.250165
124.000000,124.245003,-0.297349,-0.248346
125.000000,124.245003,-0.295574,-0.249074
126.000000,124.245003,-0.293342,-0.255599
127.000000,124.245003,-0.290665,-0.264794
128.000000,124.245003,-0.287547,-0.250861
129.000000,124.245003,-0.283992,-0.253065
130.000000,124.245003,-0.280005,-0.254673
131.000000,124.245003,-0.275590,-0.251227
132.000000,124.245003,-0.270752,-0.258132
133.000000,124.245003,-0.265504,-0.246499
134.000000,124.245003,-0.259852,-0.245079
135.000000,124.245003,-0.253805,-0.246678
136.000000,124.245003,-0.247374,-0.245693
137.000000,124.245003,-0.240559,-0.244745
138.000000,124.245003,-0.233380,-0.240145
139.000000,124.245003,-0.225846,-0.233213
140.000000,124.245003,-0.217970,-0.235797
141.000000,124.245003,-0.209762,-0.226611
142.000000,124.245003,-0.201233,-0.212838
143.000000,124.245003,-0.192396,-0.214076
144.000000,124.245003,-0.183267,-0.209503
145.000000,124.245003,-0.173859,-0.200784
146.000000,124.245003,-0.164187,-0.200675
147.000000,124.245003,-0.154266,-0.193495
148.000000,124.245003,-0.144107,-0.179723
149.000000,124.245003,-0.133729,-0.178060
150.000000,124.245003,-0.123148,-0.168800
151.000000,124.245003,-0.112380,-0.151454
152.000000,124.245003,-0.101441,-0.154112
153.000000,124.245003,-0.090347,-0.145746
154.000000,124.245003,-0.079114,-0.130627
155.000000,124.245003,-0.067761,-0.130004
156.000000,124.245003,-0.056305,-0.119778
157.000000,124.245003,-0.044764,-0.108598
158.000000,124.245003,-0.033155,-0.108122
159.000000,124.245003,-0.021495,-0.098496
160.000000,124.245003,-0.009802,-0.081737
161.000000,124.245003,0.001906,-0.074347
162.000000,124.245003,0.013611,-0.067094
163.000000,124.245003,0.025296,-0.051961
164.000000,124.245003,0.036941,-0.044072
165.000000,124.245003,0.048531,-0.031912
166.000000,124.245003,0.060046,-0.030052
167.000000,124.245003,0.071470,-0.020490
168.000000,124.245003,0.082785,-0.007451
169.000000,124.245003,0.093975,-0.006943
170.000000,124.245003,0.105021,0.007105
171.000000,124.245003,0.115906,0.023337
172.000000,124.245003,0.126615,0.033100
173.000000,124.245003,0.137131,0.040280
174.000000,124.245003,0.147440,0.053906
175.000000,124.245003,0.157524,0.059875
176.000000,124.245003,0.167365,0.069661
177.000000,124.245003,0.176952,0.084107
178.000000,124.245003,0.186271,0.088597
179.000000,124.245003,0.195307,0.098603
180.000000,124.245003,0.204046,0.113649
181.000000,124.245003,0.212471,0.113672
182.000000,124.245003,0.220572,0.121218
183.000000,124.245003,0.228338,0.135077
184.000000,124.245003,0.235757,0.137327
185.000000,124.245003,0.242819,0.149486
186.000000,124.245003,0.249510,0.155639
187.000000,124.245003,0.255818,0.163281
188.000000,124.245003,0.261736,0.175881
189.000000,124.245003,0.267257,0.183550
190.000000,124.245003,0.272373,0.186570
191.000000,124.245003,0.277075,0.202949
192.000000,124.245003,0.281351,0.194257
193.000000,124.245003,0.285197,0.207691
194.000000,124.245003,0.288611,0.214843
195.000000,124.245003,0.291586,0.214339
196.000000,124.245003,0.294118,0.224052
197.000000,124.245003,0.296203,0.227483
198.000000,124.245003,0.297830,0.224606
199.000000,124.245003,0.299006,0.232078
200.000000,124.245003,0.299728,0.243038
201.000000,124.245003,0.299994,0.244320
202.000000,124.245003,0.299805,0.251046
203.000000,124.245003,0.299156,0.250125
204.000000,124.245003,0.298050,0.249081
205.000000,124.245003,0.296490,0.253946
206.000000,124.245003,0.294481,0.249259
207.000000,124.245003,0.292024,0.252947
208.000000,124.245003,0.289124,0.261300
209.000000,124.245003,0.285777,0.254427
210.000000,124.245003,0.281996,0.256507
211.000000,124.245003,0.277787,0.262179
212.000000,124.245003,0.273157,0.253034
213.000000,124.245003,0.268111,0.252700
214.000000,124.245003,0.262654,0.254799
215.000000,124.245003,0.256796,0.248714
216.000000,124.245003,0.250547,0.251646
217.000000,124.245003,0.243918,0.247125
218.000000,124.245003,0.236918,0.238373
219.000000,124.245003,0.229559,0.236399
220.000000,124.245003,0.221845,0.231950
221.000000,124.245003,0.213794,0.228179
222.000000,124.245003,0.205419,0.222851
223.000000,124.245003,0.196731,0.218416
224.000000,124.245003,0.187745,0.208905
225.000000,124.245003,0.178471,0.205217
226.000000,124.245003,0.168924,0.195156
227.000000,124.245003,0.159121,0.195137
228.000000,124.245003,0.149075,0.187642
229.000000,124.245003,0.138804,0.171996
230.000000,124.245003,0.128321,0.171908
231.000000,124.245003,0.117640,0.166787
232.000000,124.245003,0.106781,0.155942
233.000000,124.245003,0.095760,0.150393
234.000000,124.245003,0.084593,0.142371
235.000000,124.245003,0.073297,0.133093
236.000000,124.245003,0.061890,0.128145
237.000000,124.245003,0.050387,0.120490
238.000000,124.245003,0.038808,0.107418
239.000000,124.245003,0.027170,0.098003
240.000000,124.245003,0.015491,0.092515
241.000000,124.245003,0.003788,0.078476
242.000000,124.245003,-0.007920,0.071141
243.000000,124.245003,-0.019617,0.062093
244.000000,124.245003,-0.031283,0.049988
245.000000,124.245003,-0.042902,0.039006
246.000000,124.245003,-0.054456,0.033444
247.000000,124.245003,-0.065928,0.018806
248.000000,124.245003,-0.077297,0.014518
249.000000,124.245003,-0.088549,0.002803
250.000000,124.245003,-0.099667,-0.007763
251.000000,124.245003,-0.110633,-0.016664
252.000000,124.245003,-0.121432,-0.032792
253.000000,124.245003,-0.132043,-0.035151
254.000000,124.245003,-0.142454,-0.041680
255.000000,124.245003,-0.152647,-0.064006
256.000000,124.245003,-0.162609,-0.048539
257.000000,124.245003,-0.172324,-0.070195
258.000000,124.245003,-0.181777,-0.089008
259.000000,124.245003,-0.190949,-0.095889
260.000000,124.245003,-0.199832,-0.102125
261.000000,124.245003,-0.208411,-0.116383
262.000000,124.245003,-0.216674,-0.122897
263.000000,124.245003,-0.224608,-0.125413
264.000000,124.245003,-0.232196,-0.142571
265.000000,124.245003,-0.239430,-0.145439
266.000000,124.245003,-0.246300,-0.147661
267.000000,124.245003,-0.252796,-0.165346
268.000000,124.245003,-0.258909,-0.168141
269.000000,124.245003,-0.264627,-0.172736
270.000000,124.245003,-0.269938,-0.186774
271.000000,124.245003,-0.274838,-0.186375
272.000000,124.245003,-0.279321,-0.194223
273.000000,124.245003,-0.283380,-0.202402
274.000000,124.245003,-0.287009,-0.207657
275.000000,124.245003,-0.290197,-0.219857
276.000000,124.245003,-0.292941,-0.219816
277.000000,124.245003,-0.295241,-0.222698
278.000000,124.245003,-0.297092,-0.231211
279.000000,124.245003,-0.298493,-0.236864
280.000000,124.245003,-0.299439,-0.233872
281.000000,124.245003,-0.299923,-0.245918
282.000000,124.245003,-0.299952,-0.241331
283.000000,124.245003,-0.299525,-0.240506
284.000000,124.245003,-0.298644,-0.254252
285.000000,124.245003,-0.297309,-0.253766
286.000000,124.245003,-0.295518,-0.251447
287.000000,124.245003,-0.293275,-0.259552
288.000000,124.245003,-0.290586,-0.257280
289.000000,124.245003,-0.287456,-0.253394
290.000000,124.245003,-0.283890,-0.259392
291.000000,124.245003,-0.279893,-0.257720
292.000000,124.245003,-0.275463,-0.254581
293.000000,124.245003,-0.270615,-0.256345
294.000000,124.245003,-0.265355,-0.254526
295.000000,124.245003,-0.259693,-0.252487
296.000000,124.245003,-0.253637,-0.247265
297.000000,124.245003,-0.247192,-0.246119
298.000000,124.245003,-0.240369,-0.241840
299.000000,124.245003,-0.233180,-0.238198
300.000000,124.245003,-0.225638,-0.232145
301.000000,124.245003,-0.217752,-0.237964
302.000000,124.245003,-0.209536,-0.227344
303.000000,124.245003,-0.200997,-0.214905
304.000000,124.245003,-0.192152,-0.217122
305.000000,124.245003,-0.183015,-0.208303
306.000000,124.245003,-0.173601,-0.198470
307.000000,124.245003,-0.163922,-0.195781
308.000000,124.245003,-0.153993,-0.189715
309.000000,124.245003,-0.143828,-0.179136
310.000000,124.245003,-0.133444,-0.173606
311.000000,124.245003,-0.122858,-0.165240
312.000000,124.245003,-0.112085,-0.158675
313.000000,124.245003,-0.101142,-0.157012
314.000000,124.245003,-0.090043,-0.147533
315.000000,124.245003,-0.078807,-0.136867
316.000000,124.245003,-0.067452,-0.134604
317.000000,124.245003,-0.055993,-0.119397
318.000000,124.245003,-0.044450,-0.109565
319.000000,124.245003,-0.032839,-0.104929
320.000000,124.245003,-0.021178,-0.094703
321.000000,124.245003,-0.009484,-0.085457
322.000000,124.245003,0.002224,-0.077774
323.000000,124.245003,0.013929,-0.065614
324.000000,124.245003,0.025612,-0.059681
325.000000,124.245003,0.037257,-0.046605
326.000000,124.245003,0.048844,-0.037579
327.000000,124.245003,0.060357,-0.034038
328.000000,124.245003,0.071778,-0.020797
329.000000,124.245003,0.083091,-0.002704
330.000000,124.245003,0.094277,-0.011909
331.000000,124.245003,0.105318,0.010518
332.000000,124.245003,0.116198,0.020130
333.000000,124.245003,0.126903,0.027887
334.000000,124.245003,0.137414,0.039900
335.000000,124.245003,0.147717,0.057319
336.000000,124.245003,0.157793,0.056315
337.000000,124.245003,0.167628,0.071082
338.000000,124.245003,0.177209,0.082994
339.000000,124.245003,0.186520,0.086590
340.000000,124.245003,0.195548,0.099643
341.000000,124.245003,0.204279,0.117370
342.000000,124.245003,0.212694,0.114126
343.000000,124.245003,0.220787,0.120558
344.000000,124.245003,0.228544,0.131064
345.000000,124.245003,0.235955,0.138894
346.000000,124.245003,0.243007,0.149120
347.000000,124.245003,0.249685,0.160372
348.000000,124.245003,0.255983,0.162255
349.000000,124.245003,0.261891,0.171735
350.000000,124.245003,0.267402,0.178767
351.000000,124.245003,0.272507,0.182790
352.000000,124.245003,0.277197,0.190482
353.000000,124.245003,0.281460,0.192489
354.000000,124.245003,0.285295,0.201011
355.000000,124.245003,0.288697,0.213010
356.000000,124.245003,0.291661,0.212478
357.000000,124.245003,0.294182,0.222952
358.000000,124.245003,0.296251,0.231891
359.000000,124.245003,0.297867,0.232353
360.000000,124.245003,0.299031,0.237599
361.000000,124.245003,0.299741,0.199948
362.000000,124.245003,0.299996,0.240760
363.000000,124.245003,0.299795,0.256874
364.000000,124.245003,0.299131,0.259486
365.000000,124.245003,0.298013,0.251701
366.000000,124.245003,0.296442,0.256274
367.000000,124.245003,0.294421,0.260599
368.000000,124.245003,0.291953,0.255935
369.000000,124.245003,0.289037,0.259540
370.000000,124.245003,0.285679,0.260819
371.000000,124.245003,0.281887,0.255788
372.000000,124.245003,0.277667,0.257314
373.000000,124.245003,0.273026,0.257245
374.000000,124.245003,0.267970,0.250427
375.000000,124.245003,0.262499,0.249420
376.000000,124.245003,0.256631,0.250625
377.000000,124.245003,0.250372,0.243134
378.000000,124.245003,0.243733,0.240486
379.000000,124.245003,0.236725,0.241251
380.000000,124.245003,0.229353,0.234800
381.000000,124.245003,0.221630,0.234979
382.000000,124.245003,0.213571,0.225797
383.000000,124.245003,0.205187,0.223259
384.000000,124.245003,0.196492,0.215544
385.000000,124.245003,0.187498,0.206444
386.000000,124.245003,0.178215,0.204424
387.000000,124.245003,0.168661,0.200942
388.000000,124.245003,0.158851,0.189717
389.000000,124.245003,0.148800,0.182909
390.000000,124.245003,0.138523,0.182254
391.000000,124.245003,0.128033,0.167689
392.000000,124.245003,0.117348,0.161921
393.000000,124.245003,0.106484,0.160519
394.000000,124.245003,0.095458,0.148121
395.000000,124.245003,0.084288,0.141533
396.000000,124.245003,0.072990,0.134404
397.000000,124.245003,0.061578,0.121786
398.000000,124.245003,0.050074,0.116604
399.000000,124.245003,0.038493,0.110969
400.000000,124.245003,0.026854,0.096111
401.000000,124.245003,0.015174,0.088483
402.000000,124.245003,0.003471,0.077647
403.000000,124.245003,-0.008238,0.067769
404.000000,124.245003,-0.019934,0.063334
405.000000,124.245003,-0.031599,0.053979
406.000000,124.245003,-0.043217,0.040674
407.000000,124.245003,-0.054769,0.029912
408.000000,124.245003,-0.066237,0.018091
409.000000,124.245003,-0.077604,0.010458
410.000000,124.245003,-0.088853,0.001923
411.000000,124.245003,-0.099967,-0.011176
412.000000,124.245003,-0.110929,-0.014250
413.000000,124.245003,-0.121722,-0.021979
414.000000,124.245003,-0.132328,-0.042871
415.000000,124.245003,-0.142733,-0.048786
416.000000,124.245003,-0.152921,-0.051901
417.000000,124.245003,-0.162877,-0.067726
418.000000,124.245003,-0.172585,-0.071781
419.000000,124.245003,-0.182028,-0.077796
420.000000,124.245003,-0.191194,-0.097415
421.000000,124.245003,-0.200069,-0.103183
422.000000,124.245003,-0.208640,-0.108818
423.000000,124.245003,-0.216894,-0.120630
424.000000,124.245003,-0.224818,-0.129752
425.000000,124.245003,-0.232396,-0.140500
426.000000,124.245003,-0.239621,-0.148312
427.000000,124.245003,-0.246481,-0.154313
428.000000,124.245003,-0.252968,-0.165680
429.000000,124.245003,-0.259071,-0.170120
430.000000,124.245003,-0.264775,-0.173148
431.000000,124.245003,-0.270075,-0.186701
432.000000,124.245003,-0.274965,-0.187915
433.000000,124.245003,-0.279437,-0.195190
434.000000,124.245003,-0.283485,-0.204555
435.000000,124.245003,-0.287102,-0.207790
436.000000,124.245003,-0.290276,-0.210012
437.000000,124.245003,-0.293009,-0.223303
438.000000,124.245003,-0.295297,-0.224164
439.000000,124.245003,-0.297137,-0.225933
440.000000,124.245003,-0.298526,-0.235064
441.000000,124.245003,-0.299456,-0.235632
442.000000,124.245003,-0.299929,-0.237460
443.000000,124.245003,-0.299946,-0.246371
444.000000,124.245003,-0.299508,-0.247159
445.000000,124.245003,-0.298614,-0.250994
446.000000,124.245003,-0.297268,-0.253225
447.000000,124.245003,-0.295461,-0.253940
448.000000,124.245003,-0.293207,-0.260840
449.000000,124.245003,-0.290507,-0.258512
450.000000,124.245003,-0.287366,-0.253734
451.000000,124.245003,-0.283789,-0.261399
452.000000,124.245003,-0.279776,-0.256739
453.000000,124.245003,-0.275336,-0.252854
454.000000,124.245003,-0.270477,-0.254998
455.000000,124.245003,-0.265207,-0.250939
456.000000,124.245003,-0.259535,-0.245720
457.000000,124.245003,-0.253469,-0.250004
458.000000,124.245003,-0.247011,-0.246252
459.000000,124.245003,-0.240178,-0.239247
460.000000,124.245003,-0.232980,-0.246064
461.000000,124.245003,-0.225429,-0.232865
462.000000,124.245003,-0.217535,-0.227793
463.000000,124.245003,-0.209308,-0.227770
464.000000,124.245003,-0.200760,-0.222451
465.000000,124.245003,-0.191907,-0.209792
466.000000,124.245003,-0.182763,-0.208642
467.000000,124.245003,-0.173342,-0.200949
468.000000,124.245003,-0.163657,-0.185903
469.000000,124.245003,-0.153720,-0.192501
470.000000,124.245003,-0.143549,-0.182055
471.000000,124.245003,-0.133160,-0.173702
472.000000,124.245003,-0.122569,-0.168846
473.000000,124.245003,-0.111791,-0.159587
474.000000,124.245003,-0.100843,-0.151821
475.000000,124.245003,-0.089740,-0.147638
476.000000,124.245003,-0.078500,-0.136079
477.000000,124.245003,-0.067142,-0.130659
478.000000,124.245003,-0.055681,-0.120630
479.000000,124.245003,-0.044136,-0.109524
480.000000,124.245003,-0.032523,-0.107270
481.000000,124.245003,-0.020861,-0.093342
482.000000,124.245003,-0.009166,-0.083349
483.000000,124.245003,0.002542,-0.082154
484.000000,124.245003,0.014246,-0.067154
485.000000,124.245003,0.025929,-0.052854
486.000000,124.245003,0.037572,-0.053139
487.000000,124.245003,0.049157,-0.035619
488.000000,124.245003,0.060668,-0.024073
489.000000,124.245003,0.072087,-0.022190
490.000000,124.245003,0.083397,-0.010851
491.000000,124.245003,0.094578,0.007096
492.000000,124.245003,0.105615,0.007425
493.000000,124.245003,0.116491,0.023452
494.000000,124.245003,0.127191,0.033884
495.000000,124.245003,0.137697,0.041274
496.000000,124.245003,0.147994,0.050460
497.000000,124.245003,0.158063,0.060453
498.000000,124.245003,0.167891,0.066276
499.000000,124.245003,0.177465,0.082302
500.000000,124.245003,0.186769,0.088661
501.000000,124.245003,0.195790,0.093737
502.000000,124.245003,0.204510,0.109764
503.000000,124.245003,0.212918,0.119010
504.000000,124.245003,0.221002,0.120146
505.000000,124.245003,0.228750,0.134312
506.000000,124.245003,0.236152,0.141418
507.000000,124.245003,0.243193,0.146627
508.000000,124.245003,0.249860,0.160867
509.000000,124.245003,0.256148,0.162287
510.000000,124.245003,0.262046,0.170502
511.000000,124.245003,0.267547,0.183321
512.000000,124.245003,0.272641,0.181896
513.000000,124.245003,0.277317,0.189616
514.000000,124.245003,0.281569,0.204062
515.000000,124.245003,0.285393,0.204818
516.000000,124.245003,0.288784,0.215204
517.000000,124.245003,0.291736,0.220643
518.000000,124.245003,0.294245,0.221032
519.000000,124.245003,0.296300,0.226278
520.000000,124.245003,0.297904,0.234704
521.000000,124.245003,0.299057,0.233906
522.000000,124.245003,0.299755,0.236619
523.000000,124.245003,0.299998,0.246992
524.000000,124.245003,0.299781,0.243720
525.000000,124.245003,0.299106,0.250446
526.000000,124.245003,0.297976,0.245553
527.000000,124.245003,0.296393,0.251307
528.000000,124.245003,0.294361,0.257946
529.000000,124.245003,0.291881,0.252654
530.000000,124.245003,0.288951,0.262161
531.000000,124.245003,0.285581,0.266120
532.000000,124.245003,0.281778,0.251028
533.000000,124.245003,0.277548,0.255087
534.000000,124.245003,0.272895,0.260379
535.000000,124.245003,0.267825,0.250501
536.000000,124.245003,0.262345,0.253887
537.000000,124.245003,0.256466,0.254492
538.000000,124.245003,0.250197,0.242167
539.000000,124.245003,0.243549,0.243986
540.000000,124.245003,0.236531,0.244298
541.000000,124.245003,0.229147,0.235840
542.000000,124.245003,0.221415,0.231112
543.000000,124.245003,0.213348,0.230690
544.000000,124.245003,0.204956,0.221999
545.000000,124.245003,0.196253,0.214884
546.000000,124.245003,0.187249,0.207136
547.000000,124.245003,0.177959,0.203618
548.000000,124.245003,0.168398,0.203196
549.000000,124.245003,0.158582,0.188576
550.000000,124.245003,0.148524,0.184856
551.000000,124.245003,0.138241,0.181154
552.000000,124.245003,0.127745,0.165536
553.000000,124.245003,0.117055,0.162008
554.000000,124.245003,0.106187,0.157999
555.000000,124.245003,0.095157,0.148721
556.000000,124.245003,0.083983,0.140273
557.000000,124.245003,0.072681,0.137978
558.000000,124.245003,0.061267,0.119619
559.000000,124.245003,0.049760,0.119431
560.000000,124.245003,0.038178,0.113943
561.000000,124.245003,0.026538,0.094544
562.000000,124.245003,0.014857,0.096876
563.000000,124.245003,0.003153,0.079068
564.000000,124.245003,-0.008555,0.067009
565.000000,124.245003,-0.020251,0.062647
566.000000,124.245003,-0.031915,0.044907
567.000000,124.245003,-0.043532,0.038580
568.000000,124.245003,-0.055082,0.038892
569.000000,124.245003,-0.066547,0.019626
570.000000,124.245003,-0.077911,0.009771
571.000000,124.245003,-0.089156,0.007329
572.000000,124.245003,-0.100267,-0.009916
573.000000,124.245003,-0.111225,-0.017911
574.000000,124.245003,-0.122012,-0.025933
575.000000,124.245003,-0.132613,-0.040865
576.000000,124.245003,-0.143012,-0.066214
577.000000,124.245003,-0.153194,-0.051681
578.000000,124.245003,-0.163144,-0.061839
579.000000,124.245003,-0.172845,-0.072748
580.000000,124.245003,-0.182280,-0.077049
581.000000,124.245003,-0.191438,-0.094881
582.000000,124.245003,-0.200306,-0.094629
583.000000,124.245003,-0.208869,-0.108818
584.000000,124.245003,-0.217115,-0.118243
585.000000,124.245003,-0.225027,-0.129225
586.000000,124.245003,-0.232596,-0.134186
587.000000,124.245003,-0.239812,-0.147418
588.000000,124.245003,-0.246663,-0.155427
589.000000,124.245003,-0.253140,-0.166661
590.000000,124.245003,-0.259231,-0.170267
591.000000,124.245003,-0.264923,-0.170321
592.000000,124.245003,-0.270213,-0.188194
593.000000,124.245003,-0.275092,-0.191182
594.000000,124.245003,-0.279553,-0.191690
595.000000,124.245003,-0.283591,-0.203735
596.000000,124.245003,-0.287193,-0.210090
597.000000,124.245003,-0.290355,-0.207624
598.000000,124.245003,-0.293077,-0.223523
599.000000,124.245003,-0.295354,-0.224604
600.000000,124.245003,-0.297182,-0.226972
601.000000,124.245003,-0.298558,-0.236837
602.000000,124.245003,-0.299474,-0.228998
603.000000,124.245003,-0.299935,-0.238133
604.000000,124.245003,-0.299940,-0.248818
605.000000,124.245003,-0.299490,-0.246999
606.000000,124.245003,-0.298585,-0.242747
607.000000,124.245003,-0.297223,-0.256345
608.000000,124.245003,-0.295405,-0.251846
609.000000,124.245003,-0.293139,-0.252721
610.000000,124.245003,-0.290428,-0.259919
611.000000,124.245003,-0.287276,-0.261893
612.000000,124.245003,-0.283687,-0.257014
613.000000,124.245003,-0.279660,-0.255305
614.000000,124.245003,-0.275209,-0.253646
615.000000,124.245003,-0.270339,-0.257633
616.000000,124.245003,-0.265059,-0.250705
617.000000,124.245003,-0.259377,-0.244960
618.000000,124.245003,-0.253297,-0.257899
619.000000,124.245003,-0.246830,-0.247219
620.000000,124.245003,-0.239987,-0.237386
621.000000,124.245003,-0.232780,-0.240044
622.000000,124.245003,-0.225220,-0.232938
623.000000,124.245003,-0.217317,-0.223926
624.000000,124.245003,-0.209079,-0.228210
625.000000,124.245003,-0.200523,-0.220810
626.000000,124.245003,-0.191663,-0.212838
627.000000,124.245003,-0.182512,-0.208275
628.000000,124.245003,-0.173083,-0.199689
629.000000,124.245003,-0.163390,-0.190370
630.000000,124.245003,-0.153446,-0.190274
631.000000,124.245003,-0.143269,-0.181835
632.000000,124.245003,-0.132875,-0.173469
633.000000,124.245003,-0.122279,-0.167806
634.000000,124.245003,-0.111497,-0.161827
635.000000,124.245003,-0.100543,-0.155193
636.000000,124.245003,-0.089436,-0.145192
637.000000,124.245003,-0.078194,-0.131405
638.000000,124.245003,-0.066832,-0.132244
639.000000,124.245003,-0.055369,-0.121990
640.000000,124.245003,-0.043822,-0.107911
641.000000,124.245003,-0.032207,-0.107595
642.000000,124.245003,-0.020544,-0.093342
643.000000,124.245003,-0.008849,-0.082470
644.000000,124.245003,0.002859,-0.077174
645.000000,124.245003,0.014563,-0.065527
646.000000,124.245003,0.026245,-0.054948
647.000000,124.245003,0.037887,-0.048758
648.000000,124.245003,0.049471,-0.034505
649.000000,124.245003,0.060979,-0.023633
650.000000,124.245003,0.072396,-0.019656
651.000000,124.245003,0.083702,-0.006603
652.000000,124.245003,0.094879,0.005162
653.000000,124.245003,0.105912,0.009285
654.000000,124.245003,0.116784,0.021445
655.000000,124.245003,0.127479,0.035744
656.000000,124.245003,0.137980,0.041054
657.000000,124.245003,0.148269,0.047120
658.000000,124.245003,0.158332,0.062533
659.000000,124.245003,0.168155,0.064342
660.000000,124.245003,0.177722,0.082302
661.000000,124.245003,0.187019,0.089995
662.000000,124.245003,0.196031,0.101238
663.000000,124.245003,0.204742,0.112944
664.000000,124.245003,0.213141,0.112238
665.000000,124.245003,0.221217,0.120572
666.000000,124.245003,0.228956,0.138152
667.000000,124.245003,0.236349,0.143067
668.000000,124.245003,0.243378,0.151447
669.000000,124.245003,0.250035,0.162613
670.000000,124.245003,0.256313,0.161815
671.000000,124.245003,0.262201,0.172788
672.000000,124.245003,0.267691,0.183441
673.000000,124.245003,0.272774,0.183683
674.000000,124.245003,0.277437,0.192723
675.000000,124.245003,0.281678,0.204342
676.000000,124.245003,0.285491,0.200951
677.000000,124.245003,0.288870,0.204410
678.000000,124.245003,0.291811,0.222650
679.000000,124.245003,0.294305,0.222906
680.000000,124.245003,0.296348,0.228738
681.000000,124.245003,0.297941,0.239024
682.000000,124.245003,0.299082,0.232500
683.000000,124.245003,0.299769,0.240192
684.000000,124.245003,0.300000,0.245864
685.000000,124.245003,0.299768,0.245887
686.000000,124.245003,0.299080,0.250680
687.000000,124.245003,0.297939,0.254945
688.000000,124.245003,0.296345,0.249021
689.000000,124.245003,0.294301,0.255967
690.000000,124.245003,0.291806,0.258065
691.000000,124.245003,0.288864,0.255188
692.000000,124.245003,0.285484,0.258120
693.000000,124.245003,0.281670,0.259046
694.000000,124.245003,0.277428,0.257341
695.000000,124.245003,0.272765,0.267934
696.000000,124.245003,0.267681,0.249039
697.000000,124.245003,0.262190,0.253021
698.000000,124.245003,0.256301,0.250212
699.000000,124.245003,0.250022,0.245887
700.000000,124.245003,0.243364,0.243120
701.000000,124.245003,0.236334,0.240752
702.000000,124.245003,0.228941,0.230333
703.000000,124.245003,0.221201,0.232766
704.000000,124.245003,0.213124,0.228610
705.000000,124.245003,0.204724,0.220885
706.000000,124.245003,0.196013,0.216611
707.000000,124.245003,0.187000,0.212529
708.000000,124.245003,0.177702,0.203251
709.000000,124.245003,0.168135,0.195696
710.000000,124.245003,0.158312,0.192888
711.000000,124.245003,0.148249,0.184430
712.000000,124.245003,0.137959,0.179848
713.000000,124.245003,0.127457,0.174140
714.000000,124.245003,0.116762,0.161508
715.000000,124.245003,0.105890,0.157894
716.000000,124.245003,0.094856,0.146192
717.000000,124.245003,0.083679,0.132860
718.000000,124.245003,0.072372,0.132805
719.000000,124.245003,0.060956,0.120205
720.000000,124.245003,0.049447,0.115065
721.000000,124.245003,0.037863,0.113370
722.000000,124.245003,0.026221,0.097385
723.000000,124.245003,0.014539,0.088790
724.000000,124.245003,0.002835,0.083594
725.000000,124.245003,-0.008873,0.069703
726.000000,124.245003,-0.020568,0.066395
727.000000,124.245003,-0.032231,0.056059
728.000000,124.245003,-0.043846,0.035034
729.000000,124.245003,-0.055394,0.032606
730.000000,124.245003,-0.066856,0.026444
731.000000,124.245003,-0.078217,0.018586
732.000000,124.245003,-0.089460,0.004631
733.000000,124.245003,-0.100566,-0.005105
734.000000,124.245003,-0.111520,-0.021517
735.000000,124.245003,-0.122302,-0.028852
736.000000,124.245003,-0.132897,-0.034120
737.000000,124.245003,-0.143291,-0.050912
738.000000,124.245003,-0.153468,-0.061147
739.000000,124.245003,-0.163411,-0.065655
740.000000,124.245003,-0.173104,-0.077774
741.000000,124.245003,-0.182532,-0.084069
742.000000,124.245003,-0.191683,-0.094950
743.000000,124.245003,-0.200542,-0.106569
744.000000,124.245003,-0.209097,-0.117478
745.000000,124.245003,-0.217334,-0.122618
746.000000,124.245003,-0.225236,-0.125770
747.000000,124.245003,-0.232796,-0.136166
748.000000,124.245003,-0.240002,-0.149819
749.000000,124.245003,-0.246844,-0.152792
750.000000,124.245003,-0.253311,-0.154854
751.000000,124.245003,-0.259390,-0.171366
752.000000,124.245003,-0.265071,-0.177428
753.000000,124.245003,-0.270350,-0.176969
754.000000,124.245003,-0.275219,-0.193248
755.000000,124.245003,-0.279670,-0.199382
756.000000,124.245003,-0.283695,-0.195131
757.000000,124.245003,-0.287283,-0.202035
758.000000,124.245003,-0.290434,-0.211597
759.000000,124.245003,-0.293145,-0.215738
760.000000,124.245003,-0.295410,-0.230303
761.000000,124.245003,-0.297226,-0.231985
762.000000,124.245003,-0.298588,-0.242559
763.000000,124.245003,-0.299491,-0.238871
764.000000,124.245003,-0.299941,-0.237432
765.000000,124.245003,-0.299934,-0.245111
766.000000,124.245003,-0.299473,-0.247878
767.000000,124.245003,-0.298556,-0.250027
768.000000,124.245003,-0.297178,-0.255892
769.000000,124.245003,-0.295349,-0.256373
770.000000,124.245003,-0.293071,-0.249514
771.000000,124.245003,-0.290349,-0.259319
772.000000,124.245003,-0.287185,-0.258466
773.000000,124.245003,-0.283582,-0.254508
774.000000,124.245003,-0.279544,-0.256712
775.000000,124.245003,-0.275082,-0.254966
776.000000,124.245003,-0.270202,-0.250861
777.000000,124.245003,-0.264911,-0.252245
778.000000,124.245003,-0.259219,-0.251919
779.000000,124.245003,-0.253126,-0.251227
780.000000,124.245003,-0.246648,-0.246298
781.000000,124.245003,-0.239796,-0.237565
782.000000,124.245003,-0.232580,-0.235366
783.000000,124.245003,-0.225011,-0.234244
784.000000,124.245003,-0.217097,-0.228411
785.000000,124.245003,-0.208850,-0.219211
786.000000,124.245003,-0.200286,-0.215056
787.000000,124.245003,-0.191419,-0.211230
788.000000,124.245003,-0.182260,-0.216650
789.000000,124.245003,-0.172825,-0.202635
790.000000,124.245003,-0.163123,-0.193316
791.000000,124.245003,-0.153173,-0.194068
792.000000,124.245003,-0.142990,-0.183228
793.000000,124.245003,-0.132590,-0.170862
794.000000,124.245003,-0.121989,-0.171366
795.000000,124.245003,-0.111202,-0.159940
796.000000,124.245003,-0.100243,-0.147061
797.000000,124.245003,-0.089133,-0.146145
798.000000,124.245003,-0.077887,-0.138892
799.000000,124.245003,-0.066523,-0.125486
800.000000,124.245003,-0.055057,-0.122783
801.000000,124.245003,-0.043507,-0.106977
802.000000,124.245003,-0.031891,-0.096251
803.000000,124.245003,-0.020227,-0.092128
0.000000,129.757996,0.004087,-0.078021
1.000000,129.757996,0.016309,-0.062462
2.000000,129.757996,0.028503,-0.056786
3.000000,129.757996,0.040650,-0.048933
4.000000,129.757996,0.052729,-0.034267
5.000000,129.757996,0.064721,-0.029191
6.000000,129.757996,0.076606,-0.016211
7.000000,129.757996,0.088361,-0.000345
8.000000,129.757996,0.099971,0.000205
9.000000,129.757996,0.111417,0.017125
10.000000,129.757996,0.122674,0.023470
11.000000,129.757996,0.133729,0.033687
12.000000,129.757996,0.144564,0.044280
13.000000,129.757996,0.155155,0.047592
14.000000,129.757996,0.165489,0.064855
15.000000,129.757996,0.175551,0.077308
16.000000,129.757996,0.185318,0.080162
17.000000,129.757996,0.194777,0.097517
18.000000,129.757996,0.203916,0.102296
19.000000,129.757996,0.212713,0.106965
20.000000,129.757996,0.221156,0.164367
21.000000,129.757996,0.229235,0.134418
22.000000,129.757996,0.236930,0.132873
23.000000,129.757996,0.244231,0.145487
24.000000,129.757996,0.251130,0.158072
25.000000,129.757996,0.257609,0.159062
26.000000,129.757996,0.263658,0.167428
27.000000,129.757996,0.269273,0.183441
28.000000,129.757996,0.274440,0.183917
29.000000,129.757996,0.279147,0.183056
30.000000,129.757996,0.283395,0.203082
31.000000,129.757996,0.287172,0.194624
32.000000,129.757996,0.290467,0.211324
33.000000,129.757996,0.293283,0.224583
34.000000,129.757996,0.295614,0.230566
35.000000,129.757996,0.297447,0.229998
36.000000,129.757996,0.298791,0.236564
37.000000,129.757996,0.299641,0.233906
38.000000,129.757996,0.299985,0.242272
39.000000,129.757996,0.299835,0.245805
40.000000,129.757996,0.299192,0.246547
41.000000,129.757996,0.298042,0.252379
42.000000,129.757996,0.296401,0.247427
43.000000,129.757996,0.294272,0.255321
44.000000,129.757996,0.291647,0.259059
45.000000,129.757996,0.288540,0.253254
46.000000,129.757996,0.284957,0.259847
47.000000,129.757996,0.280896,0.262093
48.000000,129.757996,0.276368,0.254075
49.000000,129.757996,0.271386,0.258427
50.000000,129.757996,0.265949,0.255165
51.000000,129.757996,0.260069,0.250208
52.000000,129.757996,0.253761,0.246593
53.000000,129.757996,0.247029,0.246978
54.000000,129.757996,0.239885,0.242314
55.000000,129.757996,0.232346,0.239519
56.000000,129.757996,0.224420,0.235451
57.000000,129.757996,0.216118,0.229439
58.000000,129.757996,0.207460,0.226718
59.000000,129.757996,0.198458,0.219704
60.000000,129.757996,0.189122,0.214398
61.000000,129.757996,0.179476,0.210037
62.000000,129.757996,0.169532,0.194771
63.000000,129.757996,0.159302,0.195650
64.000000,129.757996,0.148810,0.192462
65.000000,129.757996,0.138073,0.176023
66.000000,129.757996,0.127102,0.179862
67.000000,129.757996,0.115922,0.172953
68.000000,129.757996,0.104552,0.153775
69.000000,129.757996,0.093004,0.148753
70.000000,129.757996,0.081303,0.141918
71.000000,129.757996,0.069468,0.134807
72.000000,129.757996,0.057516,0.121891
73.000000,129.757996,0.045469,0.121310
74.000000,129.757996,0.033348,0.103478
75.000000,129.757996,0.021169,0.098750
76.000000,129.757996,0.008957,0.090434
77.000000,129.757996,-0.003271,0.074903
78.000000,129.757996,-0.015494,0.066748
79.000000,129.757996,-0.027690,0.054680
80.000000,129.757996,-0.039841,0.044614
81.000000,129.757996,-0.051925,0.041512
82.000000,129.757996,-0.063923,0.026233
83.000000,129.757996,-0.075816,0.017299
84.000000,129.757996,-0.087582,0.005629
85.000000,129.757996,-0.099201,-0.003809
86.000000,129.757996,-0.110658,-0.014923
87.000000,129.757996,-0.121930,-0.016106
88.000000,129.757996,-0.132998,-0.035284
89.000000,129.757996,-0.143847,-0.043952
90.000000,129.757996,-0.154457,-0.049001
91.000000,129.757996,-0.164808,-0.064973
92.000000,129.757996,-0.174887,-0.075135
93.000000,129.757996,-0.184677,-0.077870
94.000000,129.757996,-0.194156,-0.095335
95.000000,129.757996,-0.203315,-0.106757
96.000000,129.757996,-0.212139,-0.108365
97.000000,129.757996,-0.220604,-0.124203
98.000000,129.757996,-0.228706,-0.127525
99.000000,129.757996,-0.236431,-0.140619
100.000000,129.757996,-0.243757,-0.145718
101.000000,129.757996,-0.250681,-0.152540
102.000000,129.757996,-0.257192,-0.169726
103.000000,129.757996,-0.263269,-0.169460
104.000000,129.757996,-0.268911,-0.169969
105.000000,129.757996,-0.274110,-0.188927
106.000000,129.757996,-0.278849,-0.187915
107.000000,129.757996,-0.283125,-0.190810
108.000000,129.757996,-0.286934,-0.212509
109.000000,129.757996,-0.290264,-0.209503
110.000000,129.757996,-0.293109,-0.209865
111.000000,129.757996,-0.295472,-0.222936
112.000000,129.757996,-0.297343,-0.224984
113.000000,129.757996,-0.298716,-0.225639
114.000000,129.757996,-0.299597,-0.236704
115.000000,129.757996,-0.299980,-0.237038
116.000000,129.757996,-0.299860,-0.242147
117.000000,129.757996,-0.299247,-0.252332
118.000000,129.757996,-0.298137,-0.249400
119.000000,129.757996,-0.296525,-0.254013
120.000000,129.757996,-0.294426,-0.255012
121.000000,129.757996,-0.291840,-0.250453
122.000000,129.757996,-0.288762,-0.261179
123.000000,129.757996,-0.285208,-0.253532
124.000000,129.757996,-0.281184,-0.250393
125.000000,129.757996,-0.276684,-0.260212
126.000000,129.757996,-0.271729,-0.258599
127.000000,129.757996,-0.266327,-0.249660
128.000000,129.757996,-0.260474,-0.250912
129.000000,129.757996,-0.254192,-0.267694
130.000000,129.757996,-0.247492,-0.236346
131.000000,129.757996,-0.240374,-0.238931
132.000000,129.757996,-0.232858,-0.231531
133.000000,129.757996,-0.224959,-0.226679
134.000000,129.757996,-0.216682,-0.229337
135.000000,129.757996,-0.208046,-0.223051
136.000000,129.757996,-0.199067,-0.217525
137.000000,129.757996,-0.189754,-0.215496
138.000000,129.757996,-0.180126,-0.207877
139.000000,129.757996,-0.170201,-0.195570
140.000000,129.757996,-0.159992,-0.197334
141.000000,129.757996,-0.149515,-0.189495
142.000000,129.757996,-0.138793,-0.178156
143.000000,129.757996,-0.127839,-0.169813
144.000000,129.757996,-0.116672,-0.163981
145.000000,129.757996,-0.105312,-0.161841
146.000000,129.757996,-0.093777,-0.149952
147.000000,129.757996,-0.082085,-0.141073
148.000000,129.757996,-0.070258,-0.132918
149.000000,129.757996,-0.058314,-0.124964
150.000000,129.757996,-0.046272,-0.114678
151.000000,129.757996,-0.034154,-0.107449
152.000000,129.757996,-0.021980,-0.095509
153.000000,129.757996,-0.009768,-0.081956
154.000000,129.757996,0.002459,-0.079107
155.000000,129.757996,0.014683,-0.070141
156.000000,129.757996,0.026881,-0.050935
157.000000,129.757996,0.039036,-0.046518
158.000000,129.757996,0.051126,-0.037859
159.000000,129.757996,0.063130,-0.023853
160.000000,129.757996,0.075029,-0.021150
161.000000,129.757996,0.086805,-0.115691
162.000000,129.757996,0.098435,0.003682
163.000000,129.757996,0.109902,0.024386
164.000000,129.757996,0.121187,0.037513
165.000000,129.757996,0.132270,0.041631
166.000000,129.757996,0.143133,0.048934
167.000000,129.757996,0.153760,0.065181
168.000000,129.757996,0.164130,0.068988
169.000000,129.757996,0.174226,0.076309
170.000000,129.757996,0.184035,0.091809
171.000000,129.757996,0.193538,0.087997
172.000000,129.757996,0.202716,0.104124
173.000000,129.757996,0.211561,0.117383
174.000000,129.757996,0.220055,0.117772
175.000000,129.757996,0.228179,0.133959
176.000000,129.757996,0.235928,0.142078
177.000000,129.757996,0.243285,0.148194
178.000000,129.757996,0.250233,0.158947
179.000000,129.757996,0.256770,0.174960
180.000000,129.757996,0.262882,0.168436
181.000000,129.757996,0.268550,0.177768
182.000000,129.757996,0.273776,0.189241
183.000000,129.757996,0.278552,0.187784
184.000000,129.757996,0.282856,0.197116
185.000000,129.757996,0.286694,0.208809
186.000000,129.757996,0.290060,0.211292
187.000000,129.757996,0.292936,0.217871
188.000000,129.757996,0.295329,0.217216
189.000000,129.757996,0.297235,0.226993
190.000000,129.757996,0.298641,0.234685
191.000000,129.757996,0.299552,0.240211
192.000000,129.757996,0.299970,0.239707
193.000000,129.757996,0.299885,0.245246
194.000000,129.757996,0.299301,0.245965
195.000000,129.757996,0.298225,0.253914
196.000000,129.757996,0.296650,0.256393
197.000000,129.757996,0.294580,0.257781
198.000000,129.757996,0.292025,0.257254
199.000000,129.757996,0.288983,0.259206
200.000000,129.757996,0.285458,0.254748
201.000000,129.757996,0.281464,0.257094
202.000000,129.757996,0.277001,0.260379
203.000000,129.757996,0.272073,0.252288
204.000000,129.757996,0.266698,0.254780
205.000000,129.757996,0.260880,0.252558
206.000000,129.757996,0.254624,0.247307
207.000000,129.757996,0.247948,0.245773
208.000000,129.757996,0.240863,0.246084
209.000000,129.757996,0.233371,0.235546
210.000000,129.757996,0.225495,0.211191
211.000000,129.757996,0.217248,0.232917
212.000000,129.757996,0.208632,0.223932
213.000000,129.757996,0.199674,0.226718
214.000000,129.757996,0.190387,0.215736
215.000000,129.757996,0.180777,0.199018
216.000000,129.757996,0.170870,0.203210
217.000000,129.757996,0.160682,0.202422
218.000000,129.757996,0.150222,0.190963
219.000000,129.757996,0.139514,0.183848
220.000000,129.757996,0.128577,0.171395
221.000000,129.757996,0.117423,0.162388
222.000000,129.757996,0.106075,0.163373
223.000000,129.757996,0.094551,0.147681
224.000000,129.757996,0.082870,0.140213
225.000000,129.757996,0.071050,0.137171
226.000000,129.757996,0.059114,0.124906
227.000000,129.757996,0.047079,0.115125
228.000000,129.757996,0.034965,0.105916
229.000000,129.757996,0.022793,0.097078
230.000000,129.757996,0.010584,0.091383
231.000000,129.757996,-0.001643,0.085074
232.000000,129.757996,-0.013867,0.065982
233.000000,129.757996,-0.026069,0.055527
234.000000,129.757996,-0.038226,0.054346
235.000000,129.757996,-0.050321,0.034434
236.000000,129.757996,-0.062332,0.029032
237.000000,129.757996,-0.074238,0.024290
238.000000,129.757996,-0.086023,0.007792
239.000000,129.757996,-0.097665,0.006257
240.000000,129.757996,-0.109142,-0.009325
241.000000,129.757996,-0.120439,-0.025690
242.000000,129.757996,-0.131538,-0.031912
243.000000,129.757996,-0.142415,-0.044346
244.000000,129.757996,-0.153057,-0.053606
245.000000,129.757996,-0.163447,-0.062214
246.000000,129.757996,-0.173561,-0.074347
247.000000,129.757996,-0.183388,-0.082181
248.000000,129.757996,-0.192914,-0.086483
249.000000,129.757996,-0.202115,-0.103582
250.000000,129.757996,-0.210981,-0.111210
251.000000,129.757996,-0.219499,-0.119012
252.000000,129.757996,-0.227650,-0.131044
253.000000,129.757996,-0.235421,-0.139712
254.000000,129.757996,-0.242806,-0.142974
255.000000,129.757996,-0.249784,-0.157745
256.000000,129.757996,-0.256346,-0.161140
257.000000,129.757996,-0.262486,-0.162615
258.000000,129.757996,-0.268188,-0.178660
259.000000,129.757996,-0.273441,-0.185995
260.000000,129.757996,-0.278244,-0.189623
261.000000,129.757996,-0.282586,-0.200688
262.000000,129.757996,-0.286452,-0.203483
263.000000,129.757996,-0.289847,-0.205018
264.000000,129.757996,-0.292762,-0.214456
265.000000,129.757996,-0.295184,-0.220824
266.000000,129.757996,-0.297120,-0.226285
267.000000,129.757996,-0.298566,-0.233951
268.000000,129.757996,-0.299507,-0.236745
269.000000,129.757996,-0.299955,-0.245372
270.000000,129.757996,-0.299910,-0.242518
271.000000,129.757996,-0.299356,-0.240639
272.000000,129.757996,-0.298310,-0.249871
273.000000,129.757996,-0.296773,-0.254952
274.000000,129.757996,-0.294734,-0.248020
275.000000,129.757996,-0.292209,-0.255731
276.000000,129.757996,-0.289202,-0.256666
277.000000,129.757996,-0.285709,-0.254494
278.000000,129.757996,-0.281743,-0.258352
279.000000,129.757996,-0.277312,-0.255039
280.000000,129.757996,-0.272417,-0.250934
281.000000,129.757996,-0.267068,-0.258719
282.000000,129.757996,-0.261280,-0.253179
283.000000,129.757996,-0.255055,-0.242527
284.000000,129.757996,-0.248405,-0.248231
285.000000,129.757996,-0.241345,-0.242545
286.000000,129.757996,-0.233883,-0.229433
287.000000,129.757996,-0.226030,-0.237964
288.000000,129.757996,-0.217805,-0.234212
289.000000,129.757996,-0.209218,-0.225039
290.000000,129.757996,-0.200280,-0.221076
291.000000,129.757996,-0.191012,-0.216357
292.000000,129.757996,-0.181428,-0.210965
293.000000,129.757996,-0.171538,-0.204862
294.000000,129.757996,-0.161366,-0.196950
295.000000,129.757996,-0.150927,-0.192748
296.000000,129.757996,-0.140234,-0.182701
297.000000,129.757996,-0.129309,-0.170408
298.000000,129.757996,-0.118172,-0.170473
299.000000,129.757996,-0.106835,-0.162913
300.000000,129.757996,-0.095321,-0.146387
301.000000,129.757996,-0.083651,-0.141751
302.000000,129.757996,-0.071840,-0.135318
303.000000,129.757996,-0.059910,-0.121692
304.000000,129.757996,-0.047881,-0.119063
305.000000,129.757996,-0.035772,-0.106830
306.000000,129.757996,-0.023603,-0.093644
307.000000,129.757996,-0.011396,-0.091381
308.000000,129.757996,0.000831,-0.084128
309.000000,129.757996,0.013056,-0.067602
310.000000,129.757996,0.025259,-0.059466
311.000000,129.757996,0.037421,-0.050280
312.000000,129.757996,0.049520,-0.035834
313.000000,129.757996,0.061537,-0.033351
314.000000,129.757996,0.073452,-0.021938
315.000000,129.757996,0.085244,-0.006512
316.000000,129.757996,0.096896,-0.000015
317.000000,129.757996,0.108386,0.010284
318.000000,129.757996,0.119695,0.021317
319.000000,129.757996,0.130807,0.022453
320.000000,129.757996,0.141701,0.040853
321.000000,129.757996,0.152358,0.053347
322.000000,129.757996,0.162764,0.061062
323.000000,129.757996,0.172900,0.076635
324.000000,129.757996,0.182745,0.079269
325.000000,129.757996,0.192289,0.089170
326.000000,129.757996,0.201517,0.128718
327.000000,129.757996,0.210403,0.107579
328.000000,129.757996,0.218943,0.115505
329.000000,129.757996,0.227122,0.127270
330.000000,129.757996,0.234918,0.129080
331.000000,129.757996,0.242326,0.142133
332.000000,129.757996,0.249335,0.152639
333.000000,129.757996,0.255924,0.156528
334.000000,129.757996,0.262089,0.169435
335.000000,129.757996,0.267824,0.180980
336.000000,129.757996,0.273107,0.178410
337.000000,129.757996,0.277938,0.190276
338.000000,129.757996,0.282311,0.201222
339.000000,129.757996,0.286211,0.201771
340.000000,129.757996,0.289635,0.209464
341.000000,129.757996,0.292582,0.220863
342.000000,129.757996,0.295040,0.220079
343.000000,129.757996,0.297006,0.227845
344.000000,129.757996,0.298483,0.234630
345.000000,129.757996,0.299462,0.234653
346.000000,129.757996,0.299940,0.236472
347.000000,129.757996,0.299925,0.250698
348.000000,129.757996,0.299411,0.242020
349.000000,129.757996,0.298395,0.249713
350.000000,129.757996,0.296887,0.253232
351.000000,129.757996,0.294888,0.253621
352.000000,129.757996,0.292392,0.255660
353.000000,129.757996,0.289415,0.252160
354.000000,129.757996,0.285960,0.251981
355.000000,129.757996,0.282022,0.258400
356.000000,129.757996,0.277619,0.250194
357.000000,129.757996,0.272760,0.254501
358.000000,129.757996,0.267439,0.257639
359.000000,129.757996,0.261677,0.247601
360.000000,129.757996,0.255485,0.246900
361.000000,129.757996,0.248861,0.245571
362.000000,129.757996,0.241826,0.238153
363.000000,129.757996,0.234394,0.237146
364.000000,129.757996,0.226566,0.236637
365.000000,129.757996,0.218364,0.231533
366.000000,129.757996,0.209801,0.224945
367.000000,129.757996,0.200887,0.226517
368.000000,129.757996,0.191639,0.211072
369.000000,129.757996,0.182075,0.210430
370.000000,129.757996,0.172207,0.207989
371.000000,129.757996,0.162052,0.193657
372.000000,129.757996,0.151630,0.190863
373.000000,129.757996,0.140955,0.185374
374.000000,129.757996,0.130044,0.171922
375.000000,129.757996,0.118920,0.167121
376.000000,129.757996,0.107597,0.156240
377.000000,129.757996,0.096094,0.149454
378.000000,129.757996,0.084433,0.144712
379.000000,129.757996,0.072632,0.129653
380.000000,129.757996,0.060709,0.124292
381.000000,129.757996,0.048686,0.120810
382.000000,129.757996,0.036582,0.105265
383.000000,129.757996,0.024417,0.100844
384.000000,129.757996,0.012211,0.092821
385.000000,129.757996,-0.000015,0.078403
386.000000,129.757996,-0.012240,0.071595
387.000000,129.757996,-0.024446,0.063646
388.000000,129.757996,-0.036611,0.045301
389.000000,129.757996,-0.048715,0.039226
390.000000,129.757996,-0.060738,0.034778
391.000000,129.757996,-0.072661,0.016799
392.000000,129.757996,-0.084461,0.010358
393.000000,129.757996,-0.096122,0.003976
394.000000,129.757996,-0.107625,-0.013563
395.000000,129.757996,-0.118947,-0.024618
396.000000,129.757996,-0.130071,-0.031353
397.000000,129.757996,-0.140981,-0.046898
398.000000,129.757996,-0.151655,-0.049107
399.000000,129.757996,-0.162077,-0.064560
400.000000,129.757996,-0.172231,-0.063420
401.000000,129.757996,-0.182099,-0.077916
402.000000,129.757996,-0.191662,-0.097415
403.000000,129.757996,-0.200909,-0.103096
404.000000,129.757996,-0.209822,-0.106505
405.000000,129.757996,-0.218384,-0.121743
406.000000,129.757996,-0.226586,-0.134351
407.000000,129.757996,-0.234412,-0.131286
408.000000,129.757996,-0.241844,-0.146145
409.000000,129.757996,-0.248878,-0.149833
410.000000,129.757996,-0.255500,-0.156888
411.000000,129.757996,-0.261692,-0.174120
412.000000,129.757996,-0.267452,-0.176694
413.000000,129.757996,-0.272772,-0.179210
414.000000,129.757996,-0.277630,-0.194508
415.000000,129.757996,-0.282032,-0.197156
416.000000,129.757996,-0.285969,-0.200784
417.000000,129.757996,-0.289422,-0.211996
418.000000,129.757996,-0.292399,-0.215390
419.000000,129.757996,-0.294894,-0.218932
420.000000,129.757996,-0.296891,-0.228297
421.000000,129.757996,-0.298398,-0.231692
422.000000,129.757996,-0.299413,-0.241125
423.000000,129.757996,-0.299925,-0.240878
424.000000,129.757996,-0.299940,-0.239072
425.000000,129.757996,-0.299461,-0.249198
426.000000,129.757996,-0.298480,-0.250852
427.000000,129.757996,-0.297002,-0.246600
428.000000,129.757996,-0.295035,-0.257605
429.000000,129.757996,-0.292575,-0.254879
430.000000,129.757996,-0.289627,-0.252414
431.000000,129.757996,-0.286202,-0.258645
432.000000,129.757996,-0.282301,-0.255259
433.000000,129.757996,-0.277926,-0.252941
434.000000,129.757996,-0.273095,-0.257605
435.000000,129.757996,-0.267809,-0.259053
436.000000,129.757996,-0.262074,-0.249074
437.000000,129.757996,-0.255908,-0.254032
438.000000,129.757996,-0.249318,-0.247599
439.000000,129.757996,-0.242307,-0.238660
440.000000,129.757996,-0.234898,-0.243384
441.000000,129.757996,-0.227102,-0.233758
442.000000,129.757996,-0.218921,-0.227793
443.000000,129.757996,-0.210380,-0.230963
444.000000,129.757996,-0.201493,-0.225644
445.000000,129.757996,-0.192265,-0.210012
446.000000,129.757996,-0.182720,-0.209535
447.000000,129.757996,-0.172874,-0.203029
448.000000,129.757996,-0.162736,-0.192304
449.000000,129.757996,-0.152330,-0.198521
450.000000,129.757996,-0.141673,-0.182421
451.000000,129.757996,-0.130777,-0.170876
452.000000,129.757996,-0.119665,-0.169139
453.000000,129.757996,-0.108356,-0.159133
454.000000,129.757996,-0.096865,-0.146621
455.000000,129.757996,-0.085213,-0.143684
456.000000,129.757996,-0.073420,-0.135992
457.000000,129.757996,-0.061505,-0.122952
458.000000,129.757996,-0.049487,-0.120616
459.000000,129.757996,-0.037388,-0.104883
460.000000,129.757996,-0.025226,-0.094977
461.000000,129.757996,-0.013023,-0.093768
462.000000,129.757996,-0.000798,-0.081755
463.000000,129.757996,0.011429,-0.070209
464.000000,129.757996,0.023636,-0.067946
465.000000,129.757996,0.035804,-0.055640
466.000000,129.757996,0.047914,-0.037840
467.000000,129.757996,0.059942,-0.034024
468.000000,129.757996,0.071872,-0.016358
469.000000,129.757996,0.083683,-0.013118
470.000000,129.757996,0.095352,-0.003149
471.000000,129.757996,0.106865,0.010344
472.000000,129.757996,0.118202,0.016392
473.000000,129.757996,0.129339,0.026233
474.000000,129.757996,0.140262,0.048499
475.000000,129.757996,0.150955,0.047748
476.000000,129.757996,0.161393,0.056347
477.000000,129.757996,0.171564,0.078981
478.000000,129.757996,0.181453,0.077216
479.000000,129.757996,0.191037,0.087896
480.000000,129.757996,0.200304,0.101449
481.000000,129.757996,0.209241,0.105425
482.000000,129.757996,0.217827,0.114831
483.000000,129.757996,0.226051,0.126597
484.000000,129.757996,0.233903,0.131233
485.000000,129.757996,0.241364,0.143173
486.000000,129.757996,0.248422,0.156505
487.000000,129.757996,0.255072,0.157875
488.000000,129.757996,0.261295,0.168921
489.000000,129.757996,0.267082,0.179794
490.000000,129.757996,0.272430,0.183317
491.000000,129.757996,0.277324,0.190789
492.000000,129.757996,0.281753,0.199581
493.000000,129.757996,0.285719,0.197978
494.000000,129.757996,0.289210,0.206564
495.000000,129.757996,0.292216,0.219750
496.000000,129.757996,0.294740,0.218439
497.000000,129.757996,0.296777,0.224052
498.000000,129.757996,0.298313,0.229343
499.000000,129.757996,0.299358,0.229073
500.000000,129.757996,0.299910,0.239739
501.000000,129.757996,0.299955,0.241718
502.000000,129.757996,0.299506,0.246327
503.000000,129.757996,0.298563,0.251559
504.000000,129.757996,0.297116,0.245860
505.000000,129.757996,0.295179,0.249960
506.000000,129.757996,0.292756,0.256379
507.000000,129.757996,0.289839,0.256388
508.000000,129.757996,0.286443,0.262454
509.000000,129.757996,0.282576,0.259119
510.000000,129.757996,0.278233,0.254001
511.000000,129.757996,0.273429,0.251953
512.000000,129.757996,0.268175,0.257025
513.000000,129.757996,0.262471,0.249167
514.000000,129.757996,0.256330,0.246593
515.000000,129.757996,0.249768,0.247725
516.000000,129.757996,0.242788,0.240980
517.000000,129.757996,0.235403,0.241833
518.000000,129.757996,0.227631,0.239464
519.000000,129.757996,0.219479,0.231460
520.000000,129.757996,0.210960,0.224198
521.000000,129.757996,0.202093,0.225550
522.000000,129.757996,0.192891,0.211145
523.000000,129.757996,0.183365,0.208424
524.000000,129.757996,0.173537,0.204942
525.000000,129.757996,0.163422,0.193950
526.000000,129.757996,0.153032,0.189149
527.000000,129.757996,0.142390,0.186121
528.000000,129.757996,0.131512,0.173269
529.000000,129.757996,0.120412,0.168088
530.000000,129.757996,0.109115,0.165380
531.000000,129.757996,0.097637,0.151461
532.000000,129.757996,0.085995,0.149853
533.000000,129.757996,0.074210,0.129653
534.000000,129.757996,0.062304,0.126386
535.000000,129.757996,0.050292,0.120151
536.000000,129.757996,0.038197,0.107404
537.000000,129.757996,0.026040,0.090356
538.000000,129.757996,0.013838,0.089848
539.000000,129.757996,0.001614,0.077890
540.000000,129.757996,-0.010613,0.070935
541.000000,129.757996,-0.022823,0.068787
542.000000,129.757996,-0.034994,0.047674
543.000000,129.757996,-0.047107,0.039973
544.000000,129.757996,-0.059143,0.036638
545.000000,129.757996,-0.071079,0.019406
546.000000,129.757996,-0.082898,0.011104
547.000000,129.757996,-0.094579,0.004049
548.000000,129.757996,-0.106102,-0.005669
549.000000,129.757996,-0.117450,-0.019331
550.000000,129.757996,-0.128603,-0.021173
551.000000,129.757996,-0.139540,-0.045698
552.000000,129.757996,-0.150248,-0.050880
553.000000,129.757996,-0.160706,-0.060235
554.000000,129.757996,-0.170894,-0.074273
555.000000,129.757996,-0.180801,-0.079748
556.000000,129.757996,-0.190409,-0.086790
557.000000,129.757996,-0.199696,-0.100535
558.000000,129.757996,-0.208653,-0.106170
559.000000,129.757996,-0.217268,-0.123218
560.000000,129.757996,-0.225514,-0.129491
561.000000,129.757996,-0.233389,-0.134452
562.000000,129.757996,-0.240880,-0.150098
563.000000,129.757996,-0.247965,-0.149439
564.000000,129.757996,-0.254639,-0.154781
565.000000,129.757996,-0.260895,-0.173827
566.000000,129.757996,-0.266711,-0.174674
567.000000,129.757996,-0.272086,-0.179869
568.000000,129.757996,-0.277012,-0.188854
569.000000,129.757996,-0.281474,-0.199456
570.000000,129.757996,-0.285468,-0.196170
571.000000,129.757996,-0.288992,-0.211849
572.000000,129.757996,-0.292032,-0.216650
573.000000,129.757996,-0.294586,-0.214552
574.000000,129.757996,-0.296654,-0.227257
575.000000,129.757996,-0.298228,-0.224764
576.000000,129.757996,-0.299303,-0.233359
577.000000,129.757996,-0.299886,-0.242885
578.000000,129.757996,-0.299970,-0.241666
579.000000,129.757996,-0.299550,-0.251246
580.000000,129.757996,-0.298638,-0.250998
581.000000,129.757996,-0.297231,-0.245253
582.000000,129.757996,-0.295323,-0.260799
583.000000,129.757996,-0.292929,-0.253239
584.000000,129.757996,-0.290052,-0.250920
585.000000,129.757996,-0.286684,-0.258792
586.000000,129.757996,-0.282845,-0.256593
587.000000,129.757996,-0.278540,-0.248400
588.000000,129.757996,-0.273764,-0.255672
589.000000,129.757996,-0.268536,-0.251393
590.000000,129.757996,-0.262867,-0.246174
591.000000,129.757996,-0.256753,-0.253812
592.000000,129.757996,-0.250216,-0.247159
593.000000,129.757996,-0.243267,-0.238880
594.000000,129.757996,-0.235908,-0.243178
595.000000,129.757996,-0.228158,-0.235998
596.000000,129.757996,-0.220033,-0.228979
597.000000,129.757996,-0.211539,-0.229117
598.000000,129.757996,-0.202693,-0.220531
599.000000,129.757996,-0.193513,-0.219637
600.000000,129.757996,-0.184010,-0.186380
601.000000,129.757996,-0.174200,-0.204697
602.000000,129.757996,-0.164103,-0.208436
603.000000,129.757996,-0.153732,-0.198109
604.000000,129.757996,-0.143104,-0.182316
605.000000,129.757996,-0.132241,-0.177473
606.000000,129.757996,-0.121158,-0.165227
607.000000,129.757996,-0.109871,-0.156434
608.000000,129.757996,-0.098404,-0.157906
609.000000,129.757996,-0.086774,-0.146039
610.000000,129.757996,-0.074997,-0.134347
611.000000,129.757996,-0.063098,-0.131791
612.000000,129.757996,-0.051093,-0.121711
613.000000,129.757996,-0.039003,-0.104805
614.000000,129.757996,-0.026849,-0.102395
615.000000,129.757996,-0.014650,-0.089195
616.000000,129.757996,-0.002426,-0.079657
617.000000,129.757996,0.009802,-0.074800
618.000000,129.757996,0.022013,-0.063681
619.000000,129.757996,0.034187,-0.053001
620.000000,129.757996,0.046305,-0.045639
621.000000,129.757996,0.058346,-0.033039
622.000000,129.757996,0.070290,-0.030538
623.000000,129.757996,0.082117,-0.016330
624.000000,129.757996,0.093808,0.005116
625.000000,129.757996,0.105342,0.003632
626.000000,129.757996,0.116702,0.018705
627.000000,129.757996,0.127869,0.029578
628.000000,129.757996,0.138822,0.037481
629.000000,129.757996,0.149543,0.049947
630.000000,129.757996,0.160019,0.065360
631.000000,129.757996,0.170227,0.072076
632.000000,129.757996,0.180152,0.080149
633.000000,129.757996,0.189779,0.096982
634.000000,129.757996,0.199091,0.095818
635.000000,129.757996,0.208069,0.107157
636.000000,129.757996,0.216704,0.121090
637.000000,129.757996,0.224980,0.123412
638.000000,129.757996,0.232878,0.135572
639.000000,129.757996,0.240393,0.145372
640.000000,129.757996,0.247509,0.149821
641.000000,129.757996,0.254209,0.160707
642.000000,129.757996,0.260490,0.168949
643.000000,129.757996,0.266341,0.176375
644.000000,129.757996,0.271743,0.186881
645.000000,129.757996,0.276697,0.185030
646.000000,129.757996,0.281195,0.192956
647.000000,129.757996,0.285217,0.203682
648.000000,129.757996,0.288770,0.203778
649.000000,129.757996,0.291847,0.214751
650.000000,129.757996,0.294432,0.223616
651.000000,129.757996,0.296530,0.223126
652.000000,129.757996,0.298140,0.228065
653.000000,129.757996,0.299249,0.238497
654.000000,129.757996,0.299861,0.238667
655.000000,129.757996,0.299980,0.241599
656.000000,129.757996,0.299595,0.248251
657.000000,129.757996,0.298713,0.244540
658.000000,129.757996,0.297339,0.248366
659.000000,129.757996,0.295467,0.249786
660.000000,129.757996,0.293103,0.251674
661.000000,129.757996,0.290256,0.257199
662.000000,129.757996,0.286925,0.253708
663.000000,129.757996,0.283115,0.305956
664.000000,129.757996,0.278838,0.260979
665.000000,129.757996,0.274098,0.245374
666.000000,129.757996,0.268898,0.246973
667.000000,129.757996,0.263255,0.249292
668.000000,129.757996,0.257176,0.240834
669.000000,129.757996,0.250664,0.240426
670.000000,129.757996,0.243740,0.244898
671.000000,129.757996,0.236413,0.237260
672.000000,129.757996,0.228687,0.234392
673.000000,129.757996,0.220584,0.236857
674.000000,129.757996,0.212118,0.226173
675.000000,129.757996,0.203293,0.223525
676.000000,129.757996,0.194134,0.219896
677.000000,129.757996,0.184654,0.211512
678.000000,129.757996,0.174863,0.201950
679.000000,129.757996,0.164783,0.200782
680.000000,129.757996,0.154432,0.183536
681.000000,129.757996,0.143821,0.181855
682.000000,129.757996,0.132972,0.177801
683.000000,129.757996,0.121903,0.168275
684.000000,129.757996,0.110630,0.162347
685.000000,129.757996,0.099174,0.151374
686.000000,129.757996,0.087554,0.143640
687.000000,129.757996,0.075787,0.138298
688.000000,129.757996,0.063895,0.122606
689.000000,129.757996,0.051897,0.119898
690.000000,129.757996,0.039812,0.114923
691.000000,129.757996,0.027661,0.101398
692.000000,129.757996,0.015464,0.095557
693.000000,129.757996,0.003242,0.085821
694.000000,129.757996,-0.008986,0.069703
695.000000,129.757996,-0.021199,0.064901
696.000000,129.757996,-0.033377,0.055239
697.000000,129.757996,-0.045498,0.038974
698.000000,129.757996,-0.057545,0.025619
699.000000,129.757996,-0.069497,0.020643
700.000000,129.757996,-0.081331,0.015613
701.000000,129.757996,-0.093032,0.002697
702.000000,129.757996,-0.104579,-0.003245
703.000000,129.757996,-0.115949,-0.015936
704.000000,129.757996,-0.127129,-0.027591
705.000000,129.757996,-0.138099,-0.035907
706.000000,129.757996,-0.148836,-0.046518
707.000000,129.757996,-0.159327,-0.061821
708.000000,129.757996,-0.169556,-0.066769
709.000000,129.757996,-0.179499,-0.078521
710.000000,129.757996,-0.189145,-0.087422
711.000000,129.757996,-0.198480,-0.100883
712.000000,129.757996,-0.207481,-0.107843
713.000000,129.757996,-0.216138,-0.114591
714.000000,129.757996,-0.224439,-0.128670
715.000000,129.757996,-0.232364,-0.134718
716.000000,129.757996,-0.239902,-0.140060
717.000000,129.757996,-0.247046,-0.152398
718.000000,129.757996,-0.253777,-0.162400
719.000000,129.757996,-0.260084,-0.164549
720.000000,129.757996,-0.265962,-0.175833
721.000000,129.757996,-0.271398,-0.181381
722.000000,129.757996,-0.276380,-0.181070
723.000000,129.757996,-0.280906,-0.202021
724.000000,129.757996,-0.284966,-0.200803
725.000000,129.757996,-0.288548,-0.203464
726.000000,129.757996,-0.291654,-0.213636
727.000000,129.757996,-0.294278,-0.215684
728.000000,129.757996,-0.296406,-0.223839
729.000000,129.757996,-0.298045,-0.229264
730.000000,129.757996,-0.299194,-0.233772
731.000000,129.757996,-0.299836,-0.241812
732.000000,129.757996,-0.299985,-0.242958
733.000000,129.757996,-0.299640,-0.242339
734.000000,129.757996,-0.298788,-0.251072
735.000000,129.757996,-0.297443,-0.249738
736.000000,129.757996,-0.295609,-0.252474
737.000000,129.757996,-0.293276,-0.261839
738.000000,129.757996,-0.290459,-0.254439
739.000000,129.757996,-0.287163,-0.251374
740.000000,129.757996,-0.283384,-0.255145
741.000000,129.757996,-0.279136,-0.261060
742.000000,129.757996,-0.274428,-0.249001
743.000000,129.757996,-0.269259,-0.256185
744.000000,129.757996,-0.263643,-0.256079
745.000000,129.757996,-0.257593,-0.244460
746.000000,129.757996,-0.251112,-0.248305
747.000000,129.757996,-0.244213,-0.242692
748.000000,129.757996,-0.236911,-0.236800
749.000000,129.757996,-0.229214,-0.239971
750.000000,129.757996,-0.221134,-0.237332
751.000000,129.757996,-0.212690,-0.222139
752.000000,129.757996,-0.203893,-0.225090
753.000000,129.757996,-0.194753,-0.216504
754.000000,129.757996,-0.185292,-0.210305
755.000000,129.757996,-0.175525,-0.205829
756.000000,129.757996,-0.165462,-0.197916
757.000000,129.757996,-0.155127,-0.196102
758.000000,129.757996,-0.144536,-0.182028
759.000000,129.757996,-0.133700,-0.178582
760.000000,129.757996,-0.122645,-0.171000
761.000000,129.757996,-0.111387,-0.160086
762.000000,129.757996,-0.099941,-0.151367
763.000000,129.757996,-0.088330,-0.150392
764.000000,129.757996,-0.076574,-0.137779
765.000000,129.757996,-0.064689,-0.127946
766.000000,129.757996,-0.052696,-0.119883
767.000000,129.757996,-0.040617,-0.111444
768.000000,129.757996,-0.028470,-0.095431
769.000000,129.757996,-0.016276,-0.181807
0.000000,135.514999,0.000982,-0.084247
1.000000,135.514999,0.013749,-0.072161
2.000000,135.514999,0.026491,-0.058155
3.000000,135.514999,0.039185,-0.056932
4.000000,135.514999,0.051808,-0.044773
5.000000,135.514999,0.064337,-0.024746
6.000000,135.514999,0.076751,-0.049478
7.000000,135.514999,0.089023,-0.010997
8.000000,135.514999,0.101137,0.010816
9.000000,135.514999,0.113064,0.013445
10.000000,135.514999,0.124790,0.028505
11.000000,135.514999,0.136286,0.035685
12.000000,135.514999,0.147539,0.043354
13.000000,135.514999,0.158520,0.055514
14.000000,135.514999,0.169218,0.064668
15.000000,135.514999,0.179606,0.073483
16.000000,135.514999,0.189671,0.088309
17.000000,135.514999,0.199391,0.092830
18.000000,135.514999,0.208750,0.106057
19.000000,135.514999,0.217732,0.125717
20.000000,135.514999,0.226316,0.121053
21.000000,135.514999,0.234495,0.131953
22.000000,135.514999,0.242243,0.146618
23.000000,135.514999,0.249559,0.150348
24.000000,135.514999,0.256415,0.159021
25.000000,135.514999,0.262815,0.170493
26.000000,135.514999,0.268729,0.174089
27.000000,135.514999,0.274165,0.184315
28.000000,135.514999,0.279096,0.194894
29.000000,135.514999,0.283528,0.194404
30.000000,135.514999,0.287441,0.204337
31.000000,135.514999,0.290837,0.215136
32.000000,135.514999,0.293703,0.217839
33.000000,135.514999,0.296039,0.219804
34.000000,135.514999,0.297838,0.224437
35.000000,135.514999,0.299096,0.229513
36.000000,135.514999,0.299815,0.237952
37.000000,135.514999,0.299986,0.242085
38.000000,135.514999,0.299619,0.248260
39.000000,135.514999,0.298703,0.245832
40.000000,135.514999,0.297253,0.247880
41.000000,135.514999,0.295255,0.250794
42.000000,135.514999,0.292732,0.258693
43.000000,135.514999,0.289669,0.248393
44.000000,135.514999,0.286089,0.256054
45.000000,135.514999,0.281983,0.257112
46.000000,135.514999,0.277373,0.254001
47.000000,135.514999,0.272255,0.255600
48.000000,135.514999,0.266647,0.258592
49.000000,135.514999,0.260554,0.248787
50.000000,135.514999,0.253990,0.250167
51.000000,135.514999,0.246966,0.249878
52.000000,135.514999,0.239492,0.237333
53.000000,135.514999,0.231588,0.238552
54.000000,135.514999,0.223260,0.241178
55.000000,135.514999,0.214532,0.230933
56.000000,135.514999,0.205410,0.227538
57.000000,135.514999,0.195921,0.225183
58.000000,135.514999,0.186071,0.210765
59.000000,135.514999,0.175890,0.209904
60.000000,135.514999,0.165385,0.199536
61.000000,135.514999,0.154584,0.188443
62.000000,135.514999,0.143500,0.187422
63.000000,135.514999,0.132159,0.173695
64.000000,135.514999,0.120576,0.171615
65.000000,135.514999,0.108776,0.168134
66.000000,135.514999,0.096778,0.150728
67.000000,135.514999,0.084605,0.144667
68.000000,135.514999,0.072279,0.142225
69.000000,135.514999,0.059821,0.125800
70.000000,135.514999,0.047256,0.114231
71.000000,135.514999,0.034604,0.112009
72.000000,135.514999,0.021890,0.099611
73.000000,135.514999,0.009136,0.093990
74.000000,135.514999,-0.003634,0.087901
75.000000,135.514999,-0.016398,0.069849
76.000000,135.514999,-0.029132,0.059761
77.000000,135.514999,-0.041813,0.052339
78.000000,135.514999,-0.054419,0.037700
79.000000,135.514999,-0.066925,0.029926
80.000000,135.514999,-0.079311,0.017757
81.000000,135.514999,-0.091553,0.007338
82.000000,135.514999,-0.103629,-0.003277
83.000000,135.514999,-0.115517,-0.017957
84.000000,135.514999,-0.127196,-0.025777
85.000000,135.514999,-0.138645,-0.033726
86.000000,135.514999,-0.149841,-0.050312
87.000000,135.514999,-0.160768,-0.053693
88.000000,135.514999,-0.171400,-0.061495
89.000000,135.514999,-0.181727,-0.082607
90.000000,135.514999,-0.191718,-0.088522
91.000000,135.514999,-0.201368,-0.090817
92.000000,135.514999,-0.210646,-0.108796
93.000000,135.514999,-0.219549,-0.117917
94.000000,135.514999,-0.228049,-0.123479
95.000000,135.514999,-0.236139,-0.136404
96.000000,135.514999,-0.243799,-0.140312
97.000000,135.514999,-0.251019,-0.146167
98.000000,135.514999,-0.257783,-0.160732
99.000000,135.514999,-0.264080,-0.167774
100.000000,135.514999,-0.269899,-0.175022
101.000000,135.514999,-0.275227,-0.183800
102.000000,135.514999,-0.280060,-0.188762
103.000000,135.514999,-0.284381,-0.198782
104.000000,135.514999,-0.288192,-0.248891
105.000000,135.514999,-0.291474,-0.205224
106.000000,135.514999,-0.294237,-0.211702
107.000000,135.514999,-0.296455,-0.219390
108.000000,135.514999,-0.298146,-0.218785
109.000000,135.514999,-0.299289,-0.230597
110.000000,135.514999,-0.299896,-0.232865
111.000000,135.514999,-0.299954,-0.231293
112.000000,135.514999,-0.299473,-0.244584
113.000000,135.514999,-0.298446,-0.247232
114.000000,135.514999,-0.296880,-0.244240
115.000000,135.514999,-0.294776,-0.255525
116.000000,135.514999,-0.292136,-0.252213
117.000000,135.514999,-0.288970,-0.248327
118.000000,135.514999,-0.285276,-0.259539
119.000000,135.514999,-0.281070,-0.254600
120.000000,135.514999,-0.276349,-0.250554
121.000000,135.514999,-0.271134,-0.253372
122.000000,135.514999,-0.265419,-0.249326
123.000000,135.514999,-0.259233,-0.248946
124.000000,135.514999,-0.252567,-0.247058
125.000000,135.514999,-0.245452,-0.241753
126.000000,135.514999,-0.237885,-0.243017
127.000000,135.514999,-0.229892,-0.236571
128.000000,135.514999,-0.221479,-0.228379
129.000000,135.514999,-0.212668,-0.230143
130.000000,135.514999,-0.203469,-0.223564
131.000000,135.514999,-0.193902,-0.210451
132.000000,135.514999,-0.183985,-0.214676
133.000000,135.514999,-0.173732,-0.206310
134.000000,135.514999,-0.163167,-0.191410
135.000000,135.514999,-0.152303,-0.192208
136.000000,135.514999,-0.141167,-0.191502
137.000000,135.514999,-0.129771,-0.171989
138.000000,135.514999,-0.118144,-0.168773
139.000000,135.514999,-0.106299,-0.157433
140.000000,135.514999,-0.094264,-0.160888
141.000000,135.514999,-0.082056,-0.143551
142.000000,135.514999,-0.069702,-0.131538
143.000000,135.514999,-0.057219,-0.123777
144.000000,135.514999,-0.044634,-0.114096
145.000000,135.514999,-0.031968,-0.101877
146.000000,135.514999,-0.019244,-0.098455
147.000000,135.514999,-0.006484,-0.087468
148.000000,135.514999,0.006287,-0.072056
149.000000,135.514999,0.019046,-0.067800
150.000000,135.514999,0.031771,-0.056226
151.000000,135.514999,0.044439,-0.040067
152.000000,135.514999,0.057025,-0.037818
153.000000,135.514999,0.069509,-0.029672
154.000000,135.514999,0.081866,-0.013659
155.000000,135.514999,0.094077,-0.009623
156.000000,135.514999,0.106114,0.007151
157.000000,135.514999,0.117962,0.017977
158.000000,135.514999,0.129593,0.028693
159.000000,135.514999,0.140992,0.039579
160.000000,135.514999,0.152133,0.043560
161.000000,135.514999,0.163000,0.057035
162.000000,135.514999,0.173571,0.075654
163.000000,135.514999,0.183828,0.079076
164.000000,135.514999,0.193751,0.095117
165.000000,135.514999,0.203323,0.104876
166.000000,135.514999,0.212528,0.107872
167.000000,135.514999,0.221345,0.116985
168.000000,135.514999,0.229766,0.131504
169.000000,135.514999,0.237764,0.136067
170.000000,135.514999,0.245338,0.147113
171.000000,135.514999,0.252460,0.159406
172.000000,135.514999,0.259133,0.162782
173.000000,135.514999,0.265327,0.171148
174.000000,135.514999,0.271048,0.179867
175.000000,135.514999,0.276272,0.179890
176.000000,135.514999,0.281000,0.192943
177.000000,135.514999,0.285215,0.202862
178.000000,135.514999,0.288916,0.203178
179.000000,135.514999,0.292091,0.216744
180.000000,135.514999,0.294738,0.215924
181.000000,135.514999,0.296852,0.223259
182.000000,135.514999,0.298425,0.235258
183.000000,135.514999,0.299462,0.231432
184.000000,135.514999,0.299950,0.235299
185.000000,135.514999,0.299902,0.244765
186.000000,135.514999,0.299302,0.238974
187.000000,135.514999,0.298169,0.248760
188.000000,135.514999,0.296485,0.254125
189.000000,135.514999,0.294274,0.250281
190.000000,135.514999,0.291521,0.254033
191.000000,135.514999,0.288246,0.258065
192.000000,135.514999,0.284444,0.256608
193.000000,135.514999,0.280131,0.254853
194.000000,135.514999,0.275306,0.257099
195.000000,135.514999,0.269985,0.251467
196.000000,135.514999,0.264174,0.253067
197.000000,135.514999,0.257884,0.256059
198.000000,135.514999,0.251128,0.247674
199.000000,135.514999,0.243914,0.243239
200.000000,135.514999,0.236262,0.243638
201.000000,135.514999,0.228177,0.233980
202.000000,135.514999,0.219685,0.232225
203.000000,135.514999,0.210787,0.229077
204.000000,135.514999,0.201515,0.216492
205.000000,135.514999,0.191870,0.219864
206.000000,135.514999,0.181884,0.205391
207.000000,135.514999,0.171563,0.206357
208.000000,135.514999,0.160935,0.201689
209.000000,135.514999,0.150012,0.187637
210.000000,135.514999,0.138820,0.182616
211.000000,135.514999,0.127375,0.179354
212.000000,135.514999,0.115700,0.164935
213.000000,135.514999,0.103815,0.160881
214.000000,135.514999,0.091742,0.152712
215.000000,135.514999,0.079503,0.139934
216.000000,135.514999,0.067118,0.134092
217.000000,135.514999,0.054614,0.124063
218.000000,135.514999,0.042009,0.112779
219.000000,135.514999,0.029330,0.105370
220.000000,135.514999,0.016596,0.101375
221.000000,135.514999,0.003832,0.085770
222.000000,135.514999,-0.008938,0.075682
223.000000,135.514999,-0.021693,0.066487
224.000000,135.514999,-0.034407,0.057048
225.000000,135.514999,-0.047060,0.044353
226.000000,135.514999,-0.059627,0.033618
227.000000,135.514999,-0.072086,0.023039
228.000000,135.514999,-0.084415,0.016071
229.000000,135.514999,-0.096590,-0.004730
230.000000,135.514999,-0.108591,-0.012083
231.000000,135.514999,-0.120394,-0.013485
232.000000,135.514999,-0.131981,-0.029851
233.000000,135.514999,-0.143326,-0.042825
234.000000,135.514999,-0.154415,-0.047127
235.000000,135.514999,-0.165220,-0.067126
236.000000,135.514999,-0.175730,-0.071781
237.000000,135.514999,-0.185916,-0.076083
238.000000,135.514999,-0.195771,-0.095248
239.000000,135.514999,-0.205265,-0.096182
240.000000,135.514999,-0.214393,-0.103985
241.000000,135.514999,-0.223127,-0.124790
242.000000,135.514999,-0.231461,-0.128551
243.000000,135.514999,-0.239373,-0.135460
244.000000,135.514999,-0.246853,-0.150085
245.000000,135.514999,-0.253885,-0.155706
246.000000,135.514999,-0.260455,-0.155394
247.000000,135.514999,-0.266557,-0.171439
248.000000,135.514999,-0.272171,-0.178848
249.000000,135.514999,-0.277298,-0.183897
250.000000,135.514999,-0.281915,-0.196295
251.000000,135.514999,-0.286030,-0.201916
252.000000,135.514999,-0.289617,-0.206291
253.000000,135.514999,-0.292688,-0.215863
254.000000,135.514999,-0.295220,-0.217544
255.000000,135.514999,-0.297225,-0.220205
256.000000,135.514999,-0.298684,-0.227623
257.000000,135.514999,-0.299608,-0.233245
258.000000,135.514999,-0.299985,-0.238720
259.000000,135.514999,-0.299821,-0.244511
260.000000,135.514999,-0.299112,-0.247833
261.000000,135.514999,-0.297861,-0.251053
262.000000,135.514999,-0.296071,-0.251585
263.000000,135.514999,-0.293743,-0.251113
264.000000,135.514999,-0.290886,-0.258980
265.000000,135.514999,-0.287497,-0.256519
266.000000,135.514999,-0.283593,-0.251214
267.000000,135.514999,-0.279168,-0.256932
268.000000,135.514999,-0.274246,-0.256373
269.000000,135.514999,-0.268817,-0.248400
270.000000,135.514999,-0.262909,-0.255965
271.000000,135.514999,-0.256518,-0.250426
272.000000,135.514999,-0.249668,-0.241560
273.000000,135.514999,-0.242360,-0.244731
274.000000,135.514999,-0.234617,-0.241799
275.000000,135.514999,-0.226447,-0.231440
276.000000,135.514999,-0.217867,-0.231637
277.000000,135.514999,-0.208893,-0.236892
278.000000,135.514999,-0.199539,-0.222799
279.000000,135.514999,-0.189825,-0.215569
280.000000,135.514999,-0.179765,-0.157608
281.000000,135.514999,-0.169382,-0.201490
282.000000,135.514999,-0.158688,-0.203075
283.000000,135.514999,-0.147711,-0.192116
284.000000,135.514999,-0.136462,-0.190934
285.000000,135.514999,-0.124970,-0.177340
286.000000,135.514999,-0.113247,-0.163861
287.000000,135.514999,-0.101323,-0.158345
288.000000,135.514999,-0.089212,-0.150639
289.000000,135.514999,-0.076942,-0.136940
290.000000,135.514999,-0.064531,-0.134164
291.000000,135.514999,-0.052003,-0.125871
292.000000,135.514999,-0.039381,-0.110972
293.000000,135.514999,-0.026688,-0.103962
294.000000,135.514999,-0.013947,-0.093736
295.000000,135.514999,-0.001180,-0.082410
296.000000,135.514999,0.011589,-0.076207
297.000000,135.514999,0.024337,-0.063300
298.000000,135.514999,0.037041,-0.053688
299.000000,135.514999,0.049678,-0.046065
300.000000,135.514999,0.062225,-0.031898
301.000000,135.514999,0.074658,-0.013879
302.000000,135.514999,0.086958,-0.015116
303.000000,135.514999,0.099098,0.002551
304.000000,135.514999,0.111060,0.013130
305.000000,135.514999,0.122819,0.017766
306.000000,135.514999,0.134358,0.029926
307.000000,135.514999,0.145651,0.048399
308.000000,135.514999,0.156682,0.049681
309.000000,135.514999,0.167428,0.060127
310.000000,135.514999,0.177871,0.070587
311.000000,135.514999,0.187992,0.078696
312.000000,135.514999,0.197770,0.092863
313.000000,135.514999,0.207194,0.094883
314.000000,135.514999,0.216237,0.113292
315.000000,135.514999,0.224895,0.126038
316.000000,135.514999,0.233138,0.125099
317.000000,135.514999,0.240966,0.138573
318.000000,135.514999,0.248349,0.153472
319.000000,135.514999,0.255290,0.154902
320.000000,135.514999,0.261761,0.169375
321.000000,135.514999,0.267764,0.169613
322.000000,135.514999,0.273276,0.181017
323.000000,135.514999,0.278298,0.184403
324.000000,135.514999,0.282812,0.197281
325.000000,135.514999,0.286815,0.202578
326.000000,135.514999,0.290299,0.211470
327.000000,135.514999,0.293255,0.220263
328.000000,135.514999,0.295682,0.218879
329.000000,135.514999,0.297570,0.226278
330.000000,135.514999,0.298924,0.233810
331.000000,135.514999,0.299729,0.231226
332.000000,135.514999,0.299999,0.242126
333.000000,135.514999,0.299716,0.244385
334.000000,135.514999,0.298900,0.243954
335.000000,135.514999,0.297532,0.249860
336.000000,135.514999,0.295634,0.251239
337.000000,135.514999,0.293193,0.252201
338.000000,135.514999,0.290226,0.253566
339.000000,135.514999,0.286729,0.250707
340.000000,135.514999,0.282715,0.256067
341.000000,135.514999,0.278187,0.248939
342.000000,135.514999,0.273156,0.251907
343.000000,135.514999,0.267631,0.255307
344.000000,135.514999,0.261618,0.253905
345.000000,135.514999,0.255135,0.244847
346.000000,135.514999,0.248185,0.245406
347.000000,135.514999,0.240790,0.249511
348.000000,135.514999,0.232953,0.238153
349.000000,135.514999,0.224701,0.233792
350.000000,135.514999,0.216034,0.232990
351.000000,135.514999,0.206983,0.222599
352.000000,135.514999,0.197550,0.218691
353.000000,135.514999,0.187764,0.215883
354.000000,135.514999,0.177634,0.208918
355.000000,135.514999,0.167185,0.201130
356.000000,135.514999,0.156432,0.195641
357.000000,135.514999,0.145396,0.183463
358.000000,135.514999,0.134096,0.178135
359.000000,135.514999,0.122552,0.170126
360.000000,135.514999,0.110788,0.159282
361.000000,135.514999,0.098821,0.157380
362.000000,135.514999,0.086677,0.146852
363.000000,135.514999,0.074374,0.137927
364.000000,135.514999,0.061939,0.129392
365.000000,135.514999,0.049389,0.111303
366.000000,135.514999,0.036751,0.108385
367.000000,135.514999,0.024045,0.102530
368.000000,135.514999,0.011297,0.089889
369.000000,135.514999,-0.001473,0.081143
370.000000,135.514999,-0.014239,0.074394
371.000000,135.514999,-0.026980,0.058308
372.000000,135.514999,-0.039672,0.051894
373.000000,135.514999,-0.052292,0.043125
374.000000,135.514999,-0.064817,0.031387
375.000000,135.514999,-0.077225,0.017212
376.000000,135.514999,-0.089492,0.015736
377.000000,135.514999,-0.101598,-0.004482
378.000000,135.514999,-0.113519,-0.010924
379.000000,135.514999,-0.125236,-0.019092
380.000000,135.514999,-0.136723,-0.037158
381.000000,135.514999,-0.147966,-0.045533
382.000000,135.514999,-0.158937,-0.059754
383.000000,135.514999,-0.169624,-0.070113
384.000000,135.514999,-0.179999,-0.076715
385.000000,135.514999,-0.190052,-0.092389
386.000000,135.514999,-0.199757,-0.099816
387.000000,135.514999,-0.209103,-0.107384
388.000000,135.514999,-0.218068,-0.120396
389.000000,135.514999,-0.226639,-0.120950
390.000000,135.514999,-0.234799,-0.130613
391.000000,135.514999,-0.242533,-0.144064
392.000000,135.514999,-0.249829,-0.168667
393.000000,135.514999,-0.256670,-0.156888
394.000000,135.514999,-0.263049,-0.170693
395.000000,135.514999,-0.268947,-0.173941
396.000000,135.514999,-0.274363,-0.182256
397.000000,135.514999,-0.279275,-0.190787
398.000000,135.514999,-0.283690,-0.196482
399.000000,135.514999,-0.287580,-0.204724
400.000000,135.514999,-0.290959,-0.210062
401.000000,135.514999,-0.293802,-0.221264
402.000000,135.514999,-0.296120,-0.215958
403.000000,135.514999,-0.297895,-0.231270
404.000000,135.514999,-0.299135,-0.238532
405.000000,135.514999,-0.299830,-0.236246
406.000000,135.514999,-0.299983,-0.238257
407.000000,135.514999,-0.299592,-0.245606
408.000000,135.514999,-0.298657,-0.248112
409.000000,135.514999,-0.297184,-0.247952
410.000000,135.514999,-0.295168,-0.254627
411.000000,135.514999,-0.292623,-0.255745
412.000000,135.514999,-0.289540,-0.255919
413.000000,135.514999,-0.285941,-0.252781
414.000000,135.514999,-0.281815,-0.257972
415.000000,135.514999,-0.277187,-0.253546
416.000000,135.514999,-0.272048,-0.251447
417.000000,135.514999,-0.266424,-0.252991
418.000000,135.514999,-0.260310,-0.252286
419.000000,135.514999,-0.253729,-0.243494
420.000000,135.514999,-0.246685,-0.242724
421.000000,135.514999,-0.239197,-0.239792
422.000000,135.514999,-0.231274,-0.230326
423.000000,135.514999,-0.222932,-0.234244
424.000000,135.514999,-0.214187,-0.229378
425.000000,135.514999,-0.205052,-0.221992
426.000000,135.514999,-0.195548,-0.220856
427.000000,135.514999,-0.185686,-0.210630
428.000000,135.514999,-0.175492,-0.203744
429.000000,135.514999,-0.164975,-0.204115
430.000000,135.514999,-0.154164,-0.186009
431.000000,135.514999,-0.143069,-0.190375
432.000000,135.514999,-0.131719,-0.179201
433.000000,135.514999,-0.120126,-0.166908
434.000000,135.514999,-0.108319,-0.167279
435.000000,135.514999,-0.096313,-0.156966
436.000000,135.514999,-0.084134,-0.141700
437.000000,135.514999,-0.071802,-0.137444
438.000000,135.514999,-0.059340,-0.142905
439.000000,135.514999,-0.046771,-0.111352
440.000000,135.514999,-0.034116,-0.109322
441.000000,135.514999,-0.021400,-0.097236
442.000000,135.514999,-0.008645,-0.091184
443.000000,135.514999,0.004125,-0.081421
444.000000,135.514999,0.016888,-0.070828
445.000000,135.514999,0.029621,-0.058801
446.000000,135.514999,0.042299,-0.050472
447.000000,135.514999,0.054902,-0.037199
448.000000,135.514999,0.067404,-0.033539
449.000000,135.514999,0.079785,-0.022570
450.000000,135.514999,0.092020,-0.005371
451.000000,135.514999,0.104090,0.001171
452.000000,135.514999,0.115970,0.013652
453.000000,135.514999,0.127641,0.028098
454.000000,135.514999,0.139079,0.034507
455.000000,135.514999,0.150266,0.048087
456.000000,135.514999,0.161181,0.059413
457.000000,135.514999,0.171803,0.064122
458.000000,135.514999,0.182115,0.076062
459.000000,135.514999,0.192095,0.090288
460.000000,135.514999,0.201730,0.093884
461.000000,135.514999,0.210995,0.104404
462.000000,135.514999,0.219884,0.117443
463.000000,135.514999,0.228367,0.125653
464.000000,135.514999,0.236444,0.140493
465.000000,135.514999,0.244084,0.151145
466.000000,135.514999,0.251289,0.146041
467.000000,135.514999,0.258033,0.160281
468.000000,135.514999,0.264314,0.169526
469.000000,135.514999,0.270112,0.173342
470.000000,135.514999,0.275423,0.186689
471.000000,135.514999,0.280234,0.201015
472.000000,135.514999,0.284538,0.197817
473.000000,135.514999,0.288326,0.206623
474.000000,135.514999,0.291590,0.207310
475.000000,135.514999,0.294329,0.215892
476.000000,135.514999,0.296530,0.226031
477.000000,135.514999,0.298200,0.223699
478.000000,135.514999,0.299322,0.229865
479.000000,135.514999,0.299910,0.240518
480.000000,135.514999,0.299945,0.238080
481.000000,135.514999,0.299446,0.246226
482.000000,135.514999,0.298395,0.248472
483.000000,135.514999,0.296811,0.245521
484.000000,135.514999,0.294683,0.250767
485.000000,135.514999,0.292026,0.258885
486.000000,135.514999,0.288836,0.251101
487.000000,135.514999,0.285125,0.253813
488.000000,135.514999,0.280896,0.259032
489.000000,135.514999,0.276158,0.250427
490.000000,135.514999,0.270921,0.251427
491.000000,135.514999,0.265191,0.260145
492.000000,135.514999,0.258984,0.248641
493.000000,135.514999,0.252302,0.248600
494.000000,135.514999,0.245170,0.246245
495.000000,135.514999,0.237585,0.239853
496.000000,135.514999,0.229579,0.236385
497.000000,135.514999,0.221148,0.225898
498.000000,135.514999,0.212323,0.226086
499.000000,135.514999,0.203107,0.223204
500.000000,135.514999,0.193529,0.210105
501.000000,135.514999,0.183596,0.208451
502.000000,135.514999,0.173333,0.207943
503.000000,135.514999,0.162754,0.194757
504.000000,135.514999,0.151881,0.187976
505.000000,135.514999,0.140733,0.190368
506.000000,135.514999,0.129329,0.171336
507.000000,135.514999,0.117692,0.169068
508.000000,135.514999,0.105840,0.166773
509.000000,135.514999,0.093798,0.149014
510.000000,135.514999,0.081584,0.143466
511.000000,135.514999,0.069225,0.138198
512.000000,135.514999,0.056737,0.123573
513.000000,135.514999,0.044149,0.117058
514.000000,135.514999,0.031480,0.111189
515.000000,135.514999,0.018754,0.093211
516.000000,135.514999,0.005994,0.085802
517.000000,135.514999,-0.006777,0.079420
518.000000,135.514999,-0.019536,0.060022
519.000000,135.514999,-0.032259,0.057227
520.000000,135.514999,-0.044924,0.049072
521.000000,135.514999,-0.057507,0.035093
522.000000,135.514999,-0.069986,0.028652
523.000000,135.514999,-0.082338,0.009977
524.000000,135.514999,-0.094542,0.002431
525.000000,135.514999,-0.106573,-0.003731
526.000000,135.514999,-0.118413,-0.075107
527.000000,135.514999,-0.130035,-0.030098
528.000000,135.514999,-0.141426,-0.027853
529.000000,135.514999,-0.152556,-0.045918
530.000000,135.514999,-0.163413,-0.054733
531.000000,135.514999,-0.173971,-0.059635
532.000000,135.514999,-0.184217,-0.078887
533.000000,135.514999,-0.194125,-0.086808
534.000000,135.514999,-0.203685,-0.091857
535.000000,135.514999,-0.212874,-0.116383
536.000000,135.514999,-0.221677,-0.117917
537.000000,135.514999,-0.230079,-0.120579
538.000000,135.514999,-0.238064,-0.135657
539.000000,135.514999,-0.245619,-0.144926
540.000000,135.514999,-0.252725,-0.144234
541.000000,135.514999,-0.259378,-0.163266
542.000000,135.514999,-0.265556,-0.173428
543.000000,135.514999,-0.271259,-0.179709
544.000000,135.514999,-0.276462,-0.187754
545.000000,135.514999,-0.281174,-0.188249
546.000000,135.514999,-0.285366,-0.205302
547.000000,135.514999,-0.289049,-0.207996
548.000000,135.514999,-0.292202,-0.204931
549.000000,135.514999,-0.294831,-0.221663
550.000000,135.514999,-0.296921,-0.222964
551.000000,135.514999,-0.298476,-0.226299
552.000000,135.514999,-0.299489,-0.234390
553.000000,135.514999,-0.299959,-0.238445
554.000000,135.514999,-0.299887,-0.237093
555.000000,135.514999,-0.299269,-0.248451
556.000000,135.514999,-0.298112,-0.248346
557.000000,135.514999,-0.296410,-0.244534
558.000000,135.514999,-0.294178,-0.258045
559.000000,135.514999,-0.291404,-0.254219
560.000000,135.514999,-0.288112,-0.250041
561.000000,135.514999,-0.284287,-0.268693
562.000000,135.514999,-0.279957,-0.254293
563.000000,135.514999,-0.275110,-0.247214
564.000000,135.514999,-0.269773,-0.256785
565.000000,135.514999,-0.263940,-0.253106
566.000000,135.514999,-0.257634,-0.248327
567.000000,135.514999,-0.250858,-0.250311
568.000000,135.514999,-0.243629,-0.243805
569.000000,135.514999,-0.235958,-0.235087
570.000000,135.514999,-0.227859,-0.233350
571.000000,135.514999,-0.219348,-0.231165
572.000000,135.514999,-0.210438,-0.226372
573.000000,135.514999,-0.201149,-0.223390
574.000000,135.514999,-0.191492,-0.214804
575.000000,135.514999,-0.181493,-0.210983
576.000000,135.514999,-0.171160,-0.204789
577.000000,135.514999,-0.160522,-0.193610
578.000000,135.514999,-0.149587,-0.194141
579.000000,135.514999,-0.138386,-0.183654
580.000000,135.514999,-0.126930,-0.170408
581.000000,135.514999,-0.115247,-0.165799
582.000000,135.514999,-0.103354,-0.157933
583.000000,135.514999,-0.091274,-0.146314
584.000000,135.514999,-0.079029,-0.143245
585.000000,135.514999,-0.066640,-0.132491
586.000000,135.514999,-0.054131,-0.113359
587.000000,135.514999,-0.041523,-0.117730
588.000000,135.514999,-0.028841,-0.106083
589.000000,135.514999,-0.016105,-0.089704
590.000000,135.514999,-0.003341,-0.096521
591.000000,135.514999,0.009429,-0.073275
592.000000,135.514999,0.022182,-0.057188
593.000000,135.514999,0.034895,-0.058646
594.000000,135.514999,0.047545,-0.044553
595.000000,135.514999,0.060108,-0.030546
596.000000,135.514999,0.072563,-0.026437
597.000000,135.514999,0.084886,-0.013457
598.000000,135.514999,0.097056,-0.004184
599.000000,135.514999,0.109048,0.006225
600.000000,135.514999,0.120845,0.019718
601.000000,135.514999,0.132421,0.029119
602.000000,135.514999,0.143758,0.039327
603.000000,135.514999,0.154835,0.057126
604.000000,135.514999,0.165629,0.057649
605.000000,135.514999,0.176126,0.072209
606.000000,135.514999,0.186301,0.085761
607.000000,135.514999,0.196142,0.087557
608.000000,135.514999,0.205623,0.101590
609.000000,135.514999,0.214737,0.117076
610.000000,135.514999,0.223455,0.114199
611.000000,135.514999,0.231775,0.129185
612.000000,135.514999,0.239668,0.140658
613.000000,135.514999,0.247133,0.145661
614.000000,135.514999,0.254145,0.160207
615.000000,135.514999,0.260700,0.169820
616.000000,135.514999,0.266780,0.173489
617.000000,135.514999,0.272379,0.182675
618.000000,135.514999,0.277483,0.192888
619.000000,135.514999,0.282084,0.193130
620.000000,135.514999,0.286175,0.200676
621.000000,135.514999,0.289745,0.207489
622.000000,135.514999,0.292794,0.211058
623.000000,135.514999,0.295307,0.213170
624.000000,135.514999,0.297292,0.224872
625.000000,135.514999,0.298729,0.228532
626.000000,135.514999,0.299635,0.238818
627.000000,135.514999,0.299988,0.236220
628.000000,135.514999,0.299806,0.242813
629.000000,135.514999,0.299072,0.252645
630.000000,135.514999,0.297804,0.247527
631.000000,135.514999,0.295990,0.253740
632.000000,135.514999,0.293644,0.258885
633.000000,135.514999,0.290764,0.251101
634.000000,135.514999,0.287358,0.255747
635.000000,135.514999,0.283431,0.259032
636.000000,135.514999,0.278989,0.252214
637.000000,135.514999,0.274044,0.254707
638.000000,135.514999,0.268599,0.258212
639.000000,135.514999,0.262672,0.250208
640.000000,135.514999,0.256263,0.248526
641.000000,135.514999,0.249397,0.248691
642.000000,135.514999,0.242070,0.239194
643.000000,135.514999,0.234313,0.237072
644.000000,135.514999,0.226124,0.239464
645.000000,135.514999,0.217531,0.232193
646.000000,135.514999,0.208539,0.228578
647.000000,135.514999,0.199173,0.221564
648.000000,135.514999,0.189444,0.213812
649.000000,135.514999,0.179372,0.209743
650.000000,135.514999,0.168975,0.198770
651.000000,135.514999,0.158272,0.194977
652.000000,135.514999,0.147283,0.190528
653.000000,135.514999,0.136025,0.176623
654.000000,135.514999,0.124523,0.171015
655.000000,135.514999,0.112793,0.167080
656.000000,135.514999,0.100861,0.157055
657.000000,135.514999,0.088743,0.148387
658.000000,135.514999,0.076468,0.144158
659.000000,135.514999,0.064051,0.128040
660.000000,135.514999,0.051520,0.123985
661.000000,135.514999,0.038895,0.116256
662.000000,135.514999,0.026199,0.101398
663.000000,135.514999,0.013456,0.093697
664.000000,135.514999,0.000689,0.086714
665.000000,135.514999,-0.012080,0.071929
666.000000,135.514999,-0.024826,0.064228
667.000000,135.514999,-0.037528,0.061566
668.000000,135.514999,-0.050162,0.042694
669.000000,135.514999,-0.062705,0.030746
670.000000,135.514999,-0.075133,0.023690
671.000000,135.514999,-0.087427,0.005565
672.000000,135.514999,-0.099561,0.000090
673.000000,135.514999,-0.111517,-0.005105
674.000000,135.514999,-0.123267,-0.022396
675.000000,135.514999,-0.134798,-0.032118
676.000000,135.514999,-0.146080,-0.039027
677.000000,135.514999,-0.157101,-0.058192
678.000000,135.514999,-0.167834,-0.069541
679.000000,135.514999,-0.178267,-0.070576
680.000000,135.514999,-0.188373,-0.084087
681.000000,135.514999,-0.198140,-0.098569
682.000000,135.514999,-0.207547,-0.099004
683.000000,135.514999,-0.216578,-0.117349
684.000000,135.514999,-0.225218,-0.123044
685.000000,135.514999,-0.233447,-0.127273
686.000000,135.514999,-0.241256,-0.142571
687.000000,135.514999,-0.248624,-0.149232
688.000000,135.514999,-0.255547,-0.153315
689.000000,135.514999,-0.262000,-0.170326
690.000000,135.514999,-0.267987,-0.171934
691.000000,135.514999,-0.273478,-0.178463
692.000000,135.514999,-0.278483,-0.189821
693.000000,135.514999,-0.282975,-0.194329
694.000000,135.514999,-0.286961,-0.197957
695.000000,135.514999,-0.290421,-0.206269
696.000000,135.514999,-0.293360,-0.213457
697.000000,135.514999,-0.295763,-0.224499
698.000000,135.514999,-0.297633,-0.231797
699.000000,135.514999,-0.298963,-0.225745
700.000000,135.514999,-0.299750,-0.233364
701.000000,135.514999,-0.299996,-0.240058
702.000000,135.514999,-0.299695,-0.240039
703.000000,135.514999,-0.298856,-0.253518
704.000000,135.514999,-0.297469,-0.249372
705.000000,135.514999,-0.295551,-0.248987
706.000000,135.514999,-0.293088,-0.254705
707.000000,135.514999,-0.290104,-0.253472
708.000000,135.514999,-0.286583,-0.249367
709.000000,135.514999,-0.282553,-0.258719
710.000000,135.514999,-0.278002,-0.253253
711.000000,135.514999,-0.272954,-0.248034
712.000000,135.514999,-0.267407,-0.264826
713.000000,135.514999,-0.261379,-0.250426
714.000000,135.514999,-0.254875,-0.243494
715.000000,135.514999,-0.247910,-0.247265
716.000000,135.514999,-0.240496,-0.249986
717.000000,135.514999,-0.232644,-0.234120
718.000000,135.514999,-0.224374,-0.237364
719.000000,135.514999,-0.215693,-0.224984
720.000000,135.514999,-0.206627,-0.220352
721.000000,135.514999,-0.197180,-0.220403
722.000000,135.514999,-0.187382,-0.216870
723.000000,135.514999,-0.177238,-0.203904
724.000000,135.514999,-0.166779,-0.199268
725.000000,135.514999,-0.156012,-0.193362
726.000000,135.514999,-0.144967,-0.180176
727.000000,135.514999,-0.133656,-0.180154
728.000000,135.514999,-0.122105,-0.170748
729.000000,135.514999,-0.110331,-0.160741
730.000000,135.514999,-0.098358,-0.162006
731.000000,135.514999,-0.086206,-0.149246
732.000000,135.514999,-0.073899,-0.140092
733.000000,135.514999,-0.061457,-0.126517
734.000000,135.514999,-0.048904,-0.119351
735.000000,135.514999,-0.036263,-0.116089
736.000000,135.514999,-0.023556,-0.101969
0.000000,141.529007,0.005730,-0.073256
1.000000,141.529007,0.019056,-0.072707
2.000000,141.529007,0.032345,-0.061367
3.000000,141.529007,0.045569,-0.047214
4.000000,141.529007,0.058704,-0.043911
5.000000,141.529007,0.071722,-0.029891
6.000000,141.529007,0.084598,-0.014625
7.000000,141.529007,0.097309,-0.009316
8.000000,141.529007,0.109824,0.005891
9.000000,141.529007,0.122125,-0.037080
10.000000,141.529007,0.134184,0.028327
11.000000,141.529007,0.145976,0.042419
12.000000,141.529007,0.157484,0.054300
13.000000,141.529007,0.168675,0.065749
14.000000,141.529007,0.179535,0.076855
15.000000,141.529007,0.190042,0.085156
16.000000,141.529007,0.200169,0.084703
17.000000,141.529007,0.209905,0.108903
18.000000,141.529007,0.219224,0.115239
19.000000,141.529007,0.228108,0.126885
20.000000,141.529007,0.236547,0.139324
21.000000,141.529007,0.244511,0.138747
22.000000,141.529007,0.251995,0.148680
23.000000,141.529007,0.258983,0.161046
24.000000,141.529007,0.265454,0.168656
25.000000,141.529007,0.271406,0.177242
26.000000,141.529007,0.276818,0.188201
27.000000,141.529007,0.281682,0.192017
28.000000,141.529007,0.285996,0.200676
29.000000,141.529007,0.289735,0.205702
30.000000,141.529007,0.292907,0.206605
31.000000,141.529007,0.295501,0.218091
32.000000,141.529007,0.297506,0.223557
33.000000,141.529007,0.298929,0.226979
34.000000,141.529007,0.299756,0.232811
35.000000,141.529007,0.299992,0.239313
36.000000,141.529007,0.299640,0.245053
37.000000,141.529007,0.298687,0.249759
38.000000,141.529007,0.297149,0.244700
39.000000,141.529007,0.295024,0.248613
40.000000,141.529007,0.292311,0.255545
41.000000,141.529007,0.289027,0.252508
42.000000,141.529007,0.285167,0.254927
43.000000,141.529007,0.280744,0.257245
44.000000,141.529007,0.275771,0.253401
45.000000,141.529007,0.270244,0.255293
46.000000,141.529007,0.264189,0.256132
47.000000,141.529007,0.257611,0.246327
48.000000,141.529007,0.250521,0.248293
49.000000,141.529007,0.242941,0.242699
50.000000,141.529007,0.234876,0.239853
51.000000,141.529007,0.226348,0.241292
52.000000,141.529007,0.217376,0.227859
53.000000,141.529007,0.207969,0.226599
54.000000,141.529007,0.198154,0.224084
55.000000,141.529007,0.187947,0.202064
56.000000,141.529007,0.177367,0.210591
57.000000,141.529007,0.166440,0.206436
58.000000,141.529007,0.155180,0.162988
59.000000,141.529007,0.143615,0.183129
60.000000,141.529007,0.131768,0.185374
61.000000,141.529007,0.119657,0.174909
62.000000,141.529007,0.107312,0.169215
63.000000,141.529007,0.094754,0.164986
64.000000,141.529007,0.082008,0.145587
65.000000,141.529007,0.069102,0.140186
66.000000,141.529007,0.056057,0.129891
67.000000,141.529007,0.042903,0.118945
68.000000,141.529007,0.029663,0.112797
69.000000,141.529007,0.016365,0.096464
70.000000,141.529007,0.003035,0.084643
71.000000,141.529007,-0.010302,0.080341
72.000000,141.529007,-0.023618,0.064489
73.000000,141.529007,-0.036888,0.060301
74.000000,141.529007,-0.050084,0.055033
75.000000,141.529007,-0.063181,0.034360
76.000000,141.529007,-0.076155,0.036326
77.000000,141.529007,-0.088976,0.017743
78.000000,141.529007,-0.101623,-0.003442
79.000000,141.529007,-0.114068,-0.009357
80.000000,141.529007,-0.126287,-0.014479
81.000000,141.529007,-0.138260,-0.034684
82.000000,141.529007,-0.149955,-0.043879
83.000000,141.529007,-0.161355,-0.051081
84.000000,141.529007,-0.172439,-0.067786
85.000000,141.529007,-0.183177,-0.077054
86.000000,141.529007,-0.193558,-0.081883
87.000000,141.529007,-0.203553,-0.098308
88.000000,141.529007,-0.213146,-0.107050
89.000000,141.529007,-0.222322,-0.118866
90.000000,141.529007,-0.231052,-0.129257
91.000000,141.529007,-0.239329,-0.132945
92.000000,141.529007,-0.247134,-0.143941
93.000000,141.529007,-0.254446,-0.156045
94.000000,141.529007,-0.261261,-0.159733
95.000000,141.529007,-0.267555,-0.168342
96.000000,141.529007,-0.273321,-0.178147
97.000000,141.529007,-0.278552,-0.185555
98.000000,141.529007,-0.283223,-0.193917
99.000000,141.529007,-0.287340,-0.200395
100.000000,141.529007,-0.290890,-0.205430
101.000000,141.529007,-0.293860,-0.217823
102.000000,141.529007,-0.296256,-0.218410
103.000000,141.529007,-0.298060,-0.218318
104.000000,141.529007,-0.299277,-0.233130
105.000000,141.529007,-0.299908,-0.232704
106.000000,141.529007,-0.299936,-0.234706
107.000000,141.529007,-0.299378,-0.244131
108.000000,141.529007,-0.298228,-0.247145
109.000000,141.529007,-0.296484,-0.242820
110.000000,141.529007,-0.294161,-0.253518
111.000000,141.529007,-0.291250,-0.250953
112.000000,141.529007,-0.287765,-0.248854
113.000000,141.529007,-0.283717,-0.252025
114.000000,141.529007,-0.279099,-0.259653
115.000000,141.529007,-0.273935,-0.249894
116.000000,141.529007,-0.268229,-0.250985
117.000000,141.529007,-0.261990,-0.249019
118.000000,141.529007,-0.255238,-0.245867
119.000000,141.529007,-0.247977,-0.248158
120.000000,141.529007,-0.240227,-0.241212
121.000000,141.529007,-0.232006,-0.234386
122.000000,141.529007,-0.223319,-0.231724
123.000000,141.529007,-0.214197,-0.226638
124.000000,141.529007,-0.204649,-0.232324
125.000000,141.529007,-0.194696,-0.220710
126.000000,141.529007,-0.184361,-0.209091
127.000000,141.529007,-0.173658,-0.201728
128.000000,141.529007,-0.162613,-0.195429
129.000000,141.529007,-0.151249,-0.186710
130.000000,141.529007,-0.139582,-0.187228
131.000000,141.529007,-0.127642,-0.176548
132.000000,141.529007,-0.115448,-0.159495
133.000000,141.529007,-0.103026,-0.161026
134.000000,141.529007,-0.090403,-0.150126
135.000000,141.529007,-0.077598,-0.136427
136.000000,141.529007,-0.064641,-0.137591
137.000000,141.529007,-0.051556,-0.123571
138.000000,141.529007,-0.038369,-0.118646
139.000000,141.529007,-0.025107,-0.108415
140.000000,141.529007,-0.011794,-0.094542
141.000000,141.529007,0.001541,-0.078016
142.000000,141.529007,0.014874,-0.075827
143.000000,141.529007,0.028177,-0.062027
144.000000,141.529007,0.041424,-0.049895
145.000000,141.529007,0.054590,-0.045025
146.000000,141.529007,0.067647,-0.030858
147.000000,141.529007,0.080571,-0.022433
148.000000,141.529007,0.093336,-0.014076
149.000000,141.529007,0.105915,0.004411
150.000000,141.529007,0.118288,0.015957
151.000000,141.529007,0.130423,0.023200
152.000000,141.529007,0.142303,0.040866
153.000000,141.529007,0.153902,0.052412
154.000000,141.529007,0.165194,0.054822
155.000000,141.529007,0.176163,0.068021
156.000000,141.529007,0.186781,0.082247
157.000000,141.529007,0.197030,0.083837
158.000000,141.529007,0.206894,0.096597
159.000000,141.529007,0.216342,0.113209
160.000000,141.529007,0.225366,0.117172
161.000000,141.529007,0.233946,0.131779
162.000000,141.529007,0.242059,0.140232
163.000000,141.529007,0.249699,0.146627
164.000000,141.529007,0.256842,0.164134
165.000000,141.529007,0.263477,0.161701
166.000000,141.529007,0.269597,0.169829
167.000000,141.529007,0.275175,0.188302
168.000000,141.529007,0.280215,0.187930
169.000000,141.529007,0.284701,0.200104
170.000000,141.529007,0.288620,0.204355
171.000000,141.529007,0.291975,0.206531
172.000000,141.529007,0.294748,0.215644
173.000000,141.529007,0.296939,0.226370
174.000000,141.529007,0.298549,0.226173
175.000000,141.529007,0.299558,0.231932
176.000000,141.529007,0.299983,0.239464
177.000000,141.529007,0.299813,0.242840
178.000000,141.529007,0.299048,0.250093
179.000000,141.529007,0.297698,0.252412
180.000000,141.529007,0.295753,0.247307
181.000000,141.529007,0.293225,0.256420
182.000000,141.529007,0.290123,0.255312
183.000000,141.529007,0.286439,0.250354
184.000000,141.529007,0.282194,0.250460
185.000000,141.529007,0.277391,0.257025
186.000000,141.529007,0.272036,0.252214
187.000000,141.529007,0.266150,0.254107
188.000000,141.529007,0.259731,0.251752
189.000000,141.529007,0.252802,0.244613
190.000000,141.529007,0.245376,0.246579
191.000000,141.529007,0.237458,0.235725
192.000000,141.529007,0.229077,0.238286
193.000000,141.529007,0.220241,0.230498
194.000000,141.529007,0.210967,0.225866
195.000000,141.529007,0.201282,0.223098
196.000000,141.529007,0.191193,0.221623
197.000000,141.529007,0.180729,0.207498
198.000000,141.529007,0.169910,0.204190
199.000000,141.529007,0.158750,0.202862
200.000000,141.529007,0.147280,0.188970
201.000000,141.529007,0.135518,0.182382
202.000000,141.529007,0.123487,0.177933
203.000000,141.529007,0.111214,0.163602
204.000000,141.529007,0.098719,0.156047
205.000000,141.529007,0.086030,0.152932
206.000000,141.529007,0.073172,0.138747
207.000000,141.529007,0.060167,0.129259
208.000000,141.529007,0.047045,0.124210
209.000000,141.529007,0.033829,0.110918
210.000000,141.529007,0.020546,0.102543
211.000000,141.529007,0.007223,0.096088
212.000000,141.529007,-0.006114,0.082343
213.000000,141.529007,-0.019439,0.070248
214.000000,141.529007,-0.032727,0.058693
215.000000,141.529007,-0.045948,0.052801
216.000000,141.529007,-0.059080,0.039506
217.000000,141.529007,-0.072095,0.022879
218.000000,141.529007,-0.084966,0.014325
219.000000,141.529007,-0.097672,0.009276
220.000000,141.529007,-0.110182,-0.025150
221.000000,141.529007,-0.122475,-0.018204
222.000000,141.529007,-0.134528,-0.020573
223.000000,141.529007,-0.146311,-0.040645
224.000000,141.529007,-0.157809,-0.047159
225.000000,141.529007,-0.168993,-0.057188
226.000000,141.529007,-0.179842,-0.073600
227.000000,141.529007,-0.190340,-0.084128
228.000000,141.529007,-0.200455,-0.092970
229.000000,141.529007,-0.210178,-0.103435
230.000000,141.529007,-0.219486,-0.113450
231.000000,141.529007,-0.228357,-0.119232
232.000000,141.529007,-0.236781,-0.134764
233.000000,141.529007,-0.244734,-0.138525
234.000000,141.529007,-0.252203,-0.143941
235.000000,141.529007,-0.259178,-0.158652
236.000000,141.529007,-0.265633,-0.163234
237.000000,141.529007,-0.271568,-0.175696
238.000000,141.529007,-0.276967,-0.187301
239.000000,141.529007,-0.281814,-0.189582
240.000000,141.529007,-0.286110,-0.201669
241.000000,141.529007,-0.289835,-0.206502
242.000000,141.529007,-0.292989,-0.201870
243.000000,141.529007,-0.295569,-0.221076
244.000000,141.529007,-0.297555,-0.223037
245.000000,141.529007,-0.298960,-0.224512
246.000000,141.529007,-0.299773,-0.234390
247.000000,141.529007,-0.299989,-0.235691
248.000000,141.529007,-0.299620,-0.240813
249.000000,141.529007,-0.298651,-0.249198
250.000000,141.529007,-0.297095,-0.246559
251.000000,141.529007,-0.294956,-0.246247
252.000000,141.529007,-0.292225,-0.254778
253.000000,141.529007,-0.288923,-0.255933
254.000000,141.529007,-0.285048,-0.248107
255.000000,141.529007,-0.280607,-0.259759
256.000000,141.529007,-0.275618,-0.254600
257.000000,141.529007,-0.270077,-0.248254
258.000000,141.529007,-0.264006,-0.253298
259.000000,141.529007,-0.257415,-0.250366
260.000000,141.529007,-0.250309,-0.250059
261.000000,141.529007,-0.242714,-0.243558
262.000000,141.529007,-0.234637,-0.230885
263.000000,141.529007,-0.226095,-0.240278
264.000000,141.529007,-0.217110,-0.235985
265.000000,141.529007,-0.207691,-0.221612
266.000000,141.529007,-0.197864,-0.224783
267.000000,141.529007,-0.187648,-0.216123
268.000000,141.529007,-0.177056,-0.203684
269.000000,141.529007,-0.166118,-0.202021
270.000000,141.529007,-0.154851,-0.194402
271.000000,141.529007,-0.143276,-0.179283
272.000000,141.529007,-0.131422,-0.177767
273.000000,141.529007,-0.119303,-0.172301
274.000000,141.529007,-0.106951,-0.156068
275.000000,141.529007,-0.094388,-0.158052
276.000000,141.529007,-0.081637,-0.144926
277.000000,141.529007,-0.068726,-0.136647
278.000000,141.529007,-0.055678,-0.128070
279.000000,141.529007,-0.042520,-0.114197
280.000000,141.529007,-0.029279,-0.109391
281.000000,141.529007,-0.015979,-0.100476
282.000000,141.529007,-0.002648,-0.085049
283.000000,141.529007,0.010688,-0.082781
284.000000,141.529007,0.024003,-0.068413
285.000000,141.529007,0.037271,-0.052401
286.000000,141.529007,0.050465,-0.050972
287.000000,141.529007,0.063559,0.095942
288.000000,141.529007,0.076529,-0.020119
289.000000,141.529007,0.089345,-0.034450
290.000000,141.529007,0.101986,-0.024517
291.000000,141.529007,0.114426,0.002422
292.000000,141.529007,0.126638,0.009739
293.000000,141.529007,0.138602,0.019819
294.000000,141.529007,0.150290,0.037091
295.000000,141.529007,0.161681,0.045594
296.000000,141.529007,0.172756,0.062221
297.000000,141.529007,0.183484,0.074880
298.000000,141.529007,0.193852,0.080190
299.000000,141.529007,0.203838,0.096890
300.000000,141.529007,0.213418,0.108142
301.000000,141.529007,0.222580,0.114346
302.000000,141.529007,0.231299,0.122111
303.000000,141.529007,0.239561,0.138358
304.000000,141.529007,0.247355,0.143581
305.000000,141.529007,0.254651,0.155814
306.000000,141.529007,0.261449,0.159067
307.000000,141.529007,0.267731,0.166489
308.000000,141.529007,0.273480,0.175074
309.000000,141.529007,0.278693,0.178836
310.000000,141.529007,0.283351,0.190817
311.000000,141.529007,0.287450,0.202436
312.000000,141.529007,0.290986,0.208318
313.000000,141.529007,0.293938,0.210078
314.000000,141.529007,0.296315,0.222590
315.000000,141.529007,0.298105,0.221193
316.000000,141.529007,0.299303,0.232165
317.000000,141.529007,0.299916,0.237384
318.000000,141.529007,0.299929,0.237627
319.000000,141.529007,0.299352,0.242873
320.000000,141.529007,0.298188,0.249731
321.000000,141.529007,0.296425,0.245521
322.000000,141.529007,0.294083,0.248306
323.000000,141.529007,0.291158,0.259032
324.000000,141.529007,0.287656,0.254821
325.000000,141.529007,0.283590,0.249346
326.000000,141.529007,0.278958,0.255312
327.000000,141.529007,0.273776,0.251248
328.000000,141.529007,0.268058,0.253067
329.000000,141.529007,0.261802,0.259852
330.000000,141.529007,0.255034,0.244774
331.000000,141.529007,0.247760,0.243019
332.000000,141.529007,0.239995,0.243111
333.000000,141.529007,0.231761,0.239413
334.000000,141.529007,0.223062,0.232898
335.000000,141.529007,0.213926,0.226970
336.000000,141.529007,0.204368,0.258734
337.000000,141.529007,0.194402,0.221211
338.000000,141.529007,0.184056,0.206390
339.000000,141.529007,0.173344,0.198711
340.000000,141.529007,0.162289,0.190775
341.000000,141.529007,0.150916,0.182483
342.000000,141.529007,0.139241,0.180696
343.000000,141.529007,0.127293,0.182574
344.000000,141.529007,0.115094,0.163675
345.000000,141.529007,0.102665,0.159108
346.000000,141.529007,0.090035,0.154132
347.000000,141.529007,0.077227,0.138600
348.000000,141.529007,0.064265,0.131499
349.000000,141.529007,0.051178,0.124810
350.000000,141.529007,0.037988,0.111138
351.000000,141.529007,0.024724,0.103290
352.000000,141.529007,0.011411,0.097202
353.000000,141.529007,-0.001925,0.078930
354.000000,141.529007,-0.015257,0.076589
355.000000,141.529007,-0.028559,0.069300
356.000000,141.529007,-0.041804,0.051321
357.000000,141.529007,-0.054968,0.038186
358.000000,141.529007,-0.068021,0.034924
359.000000,141.529007,-0.080941,0.015553
360.000000,141.529007,-0.093701,0.003751
361.000000,141.529007,-0.106274,0.015663
362.000000,141.529007,-0.118640,-0.018616
363.000000,141.529007,-0.130769,-0.027505
364.000000,141.529007,-0.142640,-0.035234
365.000000,141.529007,-0.154232,-0.048745
366.000000,141.529007,-0.165514,-0.060693
367.000000,141.529007,-0.176472,-0.063135
368.000000,141.529007,-0.187082,-0.083501
369.000000,141.529007,-0.197319,-0.092549
370.000000,141.529007,-0.207170,-0.099078
371.000000,141.529007,-0.216608,-0.110963
372.000000,141.529007,-0.225618,-0.121418
373.000000,141.529007,-0.234188,-0.125252
374.000000,141.529007,-0.242286,-0.146525
375.000000,141.529007,-0.249911,-0.151706
376.000000,141.529007,-0.257041,-0.159733
377.000000,141.529007,-0.263660,-0.167366
378.000000,141.529007,-0.269764,-0.170101
379.000000,141.529007,-0.275329,-0.185207
380.000000,141.529007,-0.280351,-0.187988
381.000000,141.529007,-0.284824,-0.194150
382.000000,141.529007,-0.288725,-0.206635
383.000000,141.529007,-0.292062,-0.210910
384.000000,141.529007,-0.294820,-0.211345
385.000000,141.529007,-0.296993,-0.228136
386.000000,141.529007,-0.298585,-0.227284
387.000000,141.529007,-0.299580,-0.226899
388.000000,141.529007,-0.299985,-0.239824
389.000000,141.529007,-0.299802,-0.242019
390.000000,141.529007,-0.299017,-0.239700
391.000000,141.529007,-0.297648,-0.249345
392.000000,141.529007,-0.295689,-0.253106
393.000000,141.529007,-0.293143,-0.246174
394.000000,141.529007,-0.290024,-0.251952
395.000000,141.529007,-0.286325,-0.252886
396.000000,141.529007,-0.282062,-0.245574
397.000000,141.529007,-0.277246,-0.254705
398.000000,141.529007,-0.271874,-0.252813
399.000000,141.529007,-0.265971,-0.251740
400.000000,141.529007,-0.259540,-0.252845
401.000000,141.529007,-0.252594,-0.249766
402.000000,141.529007,-0.245154,-0.249573
403.000000,141.529007,-0.237223,-0.245491
404.000000,141.529007,-0.228827,-0.234752
405.000000,141.529007,-0.219980,-0.231050
406.000000,141.529007,-0.210693,-0.230024
407.000000,141.529007,-0.200995,-0.225392
408.000000,141.529007,-0.190897,-0.221809
409.000000,141.529007,-0.180421,-0.211056
410.000000,141.529007,-0.169592,-0.207024
411.000000,141.529007,-0.158423,-0.200762
412.000000,141.529007,-0.146943,-0.187035
413.000000,141.529007,-0.135174,-0.177349
414.000000,141.529007,-0.123135,-0.177400
415.000000,141.529007,-0.110855,-0.164494
416.000000,141.529007,-0.098355,-0.157108
417.000000,141.529007,-0.085660,-0.150538
418.000000,141.529007,-0.072797,-0.136665
419.000000,141.529007,-0.059789,-0.128240
420.000000,141.529007,-0.046663,-0.122710
421.000000,141.529007,-0.033445,-0.113450
422.000000,141.529007,-0.020161,-0.097658
423.000000,141.529007,-0.006837,-0.095408
424.000000,141.529007,0.006501,-0.082809
425.000000,141.529007,0.019825,-0.073068
426.000000,141.529007,0.033111,-0.065046
427.000000,141.529007,0.046331,-0.051333
428.000000,141.529007,0.059459,-0.041300
429.000000,141.529007,0.072470,-0.029937
430.000000,141.529007,0.085337,-0.011538
431.000000,141.529007,0.098037,-0.009797
432.000000,141.529007,0.110542,0.005845
433.000000,141.529007,0.122828,0.021858
434.000000,141.529007,0.134874,0.024020
435.000000,141.529007,0.146649,0.038947
436.000000,141.529007,0.158137,0.050639
437.000000,141.529007,0.169313,0.056828
438.000000,141.529007,0.180151,0.073982
439.000000,141.529007,0.190638,0.087388
440.000000,141.529007,0.200744,0.090751
441.000000,141.529007,0.210453,0.103437
442.000000,141.529007,0.219752,0.113943
443.000000,141.529007,0.228608,0.119326
444.000000,141.529007,0.237017,0.132379
445.000000,141.529007,0.244958,0.143411
446.000000,141.529007,0.252412,0.149981
447.000000,141.529007,0.259371,0.161101
448.000000,141.529007,0.265813,0.166333
449.000000,141.529007,0.271732,0.178176
450.000000,141.529007,0.277117,0.186835
451.000000,141.529007,0.281947,0.186222
452.000000,141.529007,0.286225,0.197071
453.000000,141.529007,0.289936,0.204383
454.000000,141.529007,0.293071,0.207484
455.000000,141.529007,0.295634,0.217298
456.000000,141.529007,0.297605,0.226617
457.000000,141.529007,0.298990,0.224913
458.000000,141.529007,0.299789,0.234406
459.000000,141.529007,0.299987,0.238878
460.000000,141.529007,0.299598,0.237846
461.000000,141.529007,0.298616,0.244879
462.000000,141.529007,0.297040,0.249805
463.000000,141.529007,0.294884,0.251174
464.000000,141.529007,0.292138,0.253960
465.000000,141.529007,0.288817,0.258065
466.000000,141.529007,0.284929,0.250661
467.000000,141.529007,0.280471,0.254340
468.000000,141.529007,0.275464,0.256059
469.000000,141.529007,0.269910,0.247981
470.000000,141.529007,0.263822,0.249727
471.000000,141.529007,0.257217,0.251445
472.000000,141.529007,0.250097,0.243134
473.000000,141.529007,0.242486,0.241306
474.000000,141.529007,0.234398,0.246758
475.000000,141.529007,0.225841,0.231826
476.000000,141.529007,0.216843,0.225238
477.000000,141.529007,0.207414,0.231130
478.000000,141.529007,0.197574,0.217165
479.000000,141.529007,0.187348,0.213551
480.000000,141.529007,0.176746,0.209116
481.000000,141.529007,0.165797,0.200204
482.000000,141.529007,0.154522,0.197029
483.000000,141.529007,0.142938,0.183454
484.000000,141.529007,0.131075,0.175349
485.000000,141.529007,0.118951,0.171061
486.000000,141.529007,0.106591,0.158494
487.000000,141.529007,0.094023,0.153468
488.000000,141.529007,0.081267,0.144259
489.000000,141.529007,0.068351,0.132933
490.000000,141.529007,0.055301,0.122799
491.000000,141.529007,0.042140,0.120137
492.000000,141.529007,0.028896,0.108545
493.000000,141.529007,0.015596,0.099057
494.000000,141.529007,0.002264,0.089395
495.000000,141.529007,-0.011072,0.073423
496.000000,141.529007,-0.024386,0.064901
497.000000,141.529007,-0.037652,0.059999
498.000000,141.529007,-0.050844,0.041127
499.000000,141.529007,-0.063934,0.033646
500.000000,141.529007,-0.076900,0.027484
501.000000,141.529007,-0.089712,0.009505
502.000000,141.529007,-0.102347,0.001804
503.000000,141.529007,-0.114782,-0.006365
504.000000,141.529007,-0.126986,-0.029264
505.000000,141.529007,-0.138941,-0.032659
506.000000,141.529007,-0.150623,-0.044053
507.000000,141.529007,-0.162004,-0.055833
508.000000,141.529007,-0.173068,-0.061688
509.000000,141.529007,-0.183788,-0.081801
510.000000,141.529007,-0.194144,-0.085155
511.000000,141.529007,-0.204121,-0.093177
512.000000,141.529007,-0.213688,-0.115709
513.000000,141.529007,-0.222836,-0.119837
514.000000,141.529007,-0.231544,-0.123919
515.000000,141.529007,-0.239792,-0.136024
516.000000,141.529007,-0.247571,-0.147446
517.000000,141.529007,-0.254855,-0.147954
518.000000,141.529007,-0.261637,-0.164453
519.000000,141.529007,-0.267906,-0.170294
520.000000,141.529007,-0.273637,-0.173556
521.000000,141.529007,-0.278834,-0.186481
522.000000,141.529007,-0.283478,-0.195002
523.000000,141.529007,-0.287559,-0.198031
524.000000,141.529007,-0.291078,-0.208495
525.000000,141.529007,-0.294015,-0.216724
526.000000,141.529007,-0.296373,-0.216032
527.000000,141.529007,-0.298150,-0.227697
528.000000,141.529007,-0.299329,-0.226844
529.000000,141.529007,-0.299923,-0.237079
530.000000,141.529007,-0.299922,-0.242358
531.000000,141.529007,-0.299326,-0.241212
532.000000,141.529007,-0.298145,-0.249486
533.000000,141.529007,-0.296366,-0.252405
534.000000,141.529007,-0.294006,-0.248740
535.000000,141.529007,-0.291067,-0.258366
536.000000,141.529007,-0.287546,-0.254352
537.000000,141.529007,-0.283463,-0.250833
538.000000,141.529007,-0.278817,-0.258865
539.000000,141.529007,-0.273618,-0.252946
540.000000,141.529007,-0.267885,-0.245867
541.000000,141.529007,-0.261614,-0.250985
542.000000,141.529007,-0.254830,-0.246852
543.000000,141.529007,-0.247544,-0.243347
544.000000,141.529007,-0.239764,-0.243618
545.000000,141.529007,-0.231515,-0.239865
546.000000,141.529007,-0.222806,-0.229506
547.000000,141.529007,-0.213655,-0.294047
548.000000,141.529007,-0.204087,-0.226244
549.000000,141.529007,-0.194109,-0.207111
550.000000,141.529007,-0.183751,-0.208055
551.000000,141.529007,-0.173030,-0.199996
552.000000,141.529007,-0.161965,-0.191163
553.000000,141.529007,-0.150582,-0.191768
554.000000,141.529007,-0.138900,-0.181702
555.000000,141.529007,-0.126943,-0.177121
556.000000,141.529007,-0.114738,-0.167820
557.000000,141.529007,-0.102302,-0.152701
558.000000,141.529007,-0.089667,-0.149045
559.000000,141.529007,-0.076854,-0.136945
560.000000,141.529007,-0.063888,-0.127786
561.000000,141.529007,-0.050797,-0.123677
562.000000,141.529007,-0.037605,-0.113597
563.000000,141.529007,-0.024339,-0.093791
564.000000,141.529007,-0.011025,-0.097635
565.000000,141.529007,0.002312,-0.086515
566.000000,141.529007,0.015643,-0.069389
567.000000,141.529007,0.028944,-0.064079
568.000000,141.529007,0.042187,-0.052593
569.000000,141.529007,0.055348,-0.040521
570.000000,141.529007,0.068398,-0.031564
571.000000,141.529007,0.081313,-0.020151
572.000000,141.529007,0.094069,-0.008372
573.000000,141.529007,0.106636,-0.001436
574.000000,141.529007,0.118994,0.013697
575.000000,141.529007,0.131118,0.025138
576.000000,141.529007,0.142980,0.031447
577.000000,141.529007,0.154563,0.048586
578.000000,141.529007,0.165837,0.052934
579.000000,141.529007,0.176784,0.062248
580.000000,141.529007,0.187385,0.082275
581.000000,141.529007,0.197610,0.089491
582.000000,141.529007,0.207448,0.101444
583.000000,141.529007,0.216876,0.114923
584.000000,141.529007,0.225873,0.114652
585.000000,141.529007,0.234428,0.129346
586.000000,141.529007,0.242514,0.143791
587.000000,141.529007,0.250123,0.146041
588.000000,141.529007,0.257242,0.157761
589.000000,141.529007,0.263845,0.194482
590.000000,141.529007,0.269931,0.174382
591.000000,141.529007,0.275483,0.179028
592.000000,141.529007,0.280488,0.194001
593.000000,141.529007,0.284944,0.192910
594.000000,141.529007,0.288830,0.202990
595.000000,141.529007,0.292149,0.213789
596.000000,141.529007,0.294893,0.212552
597.000000,141.529007,0.297047,0.218911
598.000000,141.529007,0.298620,0.227630
599.000000,141.529007,0.299601,0.231167
600.000000,141.529007,0.299987,0.236779
601.000000,141.529007,0.299787,0.246538
602.000000,141.529007,0.298987,0.238080
603.000000,141.529007,0.297599,0.244513
604.000000,141.529007,0.295626,0.252485
605.000000,141.529007,0.293061,0.247747
606.000000,141.529007,0.289924,0.248453
607.000000,141.529007,0.286210,0.253378
608.000000,141.529007,0.281930,0.249827
609.000000,141.529007,0.277098,0.251866
610.000000,141.529007,0.271711,0.251825
611.000000,141.529007,0.265791,0.249007
612.000000,141.529007,0.259347,0.251046
613.000000,141.529007,0.252386,0.245466
614.000000,141.529007,0.244930,0.243940
615.000000,141.529007,0.236988,0.243812
616.000000,141.529007,0.228577,0.234126
617.000000,141.529007,0.219719,0.233366
618.000000,141.529007,0.210419,0.232037
619.000000,141.529007,0.200708,0.223579
620.000000,141.529007,0.190601,0.216845
621.000000,141.529007,0.180113,0.210463
622.000000,141.529007,0.169273,0.203104
623.000000,141.529007,0.158096,0.198757
624.000000,141.529007,0.146607,0.194675
625.000000,141.529007,0.134831,0.179903
626.000000,141.529007,0.122784,0.174282
627.000000,141.529007,0.110497,0.167593
628.000000,141.529007,0.097992,0.155415
629.000000,141.529007,0.085291,0.148827
630.000000,141.529007,0.072424,0.140731
631.000000,141.529007,0.059412,0.125653
632.000000,141.529007,0.046283,0.118552
633.000000,141.529007,0.033064,0.112903
634.000000,141.529007,0.019778,0.105191
635.000000,141.529007,0.006453,0.089449
636.000000,141.529007,-0.006885,0.085441
637.000000,141.529007,-0.020208,0.068136
638.000000,141.529007,-0.033492,0.057154
639.000000,141.529007,-0.046710,0.053379
640.000000,141.529007,-0.059835,0.036660
641.000000,141.529007,-0.072843,0.027392
642.000000,141.529007,-0.085705,0.016630
643.000000,141.529007,-0.098399,-0.008583
644.000000,141.529007,-0.110899,-0.008477
645.000000,141.529007,-0.123178,-0.020605
646.000000,141.529007,-0.135216,-0.029498
647.000000,141.529007,-0.146984,-0.037286
648.000000,141.529007,-0.158463,-0.055965
649.000000,141.529007,-0.169631,-0.060973
650.000000,141.529007,-0.180458,-0.067882
651.000000,141.529007,-0.190933,-0.085581
652.000000,141.529007,-0.201029,-0.086575
653.000000,141.529007,-0.210726,-0.098991
654.000000,141.529007,-0.220011,-0.123896
655.000000,141.529007,-0.228857,-0.122151
656.000000,141.529007,-0.237252,-0.124519
657.000000,141.529007,-0.245181,-0.143098
658.000000,141.529007,-0.252619,-0.152293
659.000000,141.529007,-0.259563,-0.156741
660.000000,141.529007,-0.265992,-0.168539
661.000000,141.529007,-0.271894,-0.171554
662.000000,141.529007,-0.277263,-0.179356
663.000000,141.529007,-0.282078,-0.192867
664.000000,141.529007,-0.286338,-0.198196
665.000000,141.529007,-0.290036,-0.203538
666.000000,141.529007,-0.293153,-0.212289
667.000000,141.529007,-0.295697,-0.218057
668.000000,141.529007,-0.297654,-0.218345
669.000000,141.529007,-0.299021,-0.231490
670.000000,141.529007,-0.299803,-0.227211
671.000000,141.529007,-0.299985,-0.233153
672.000000,141.529007,-0.299577,-0.246518
673.000000,141.529007,-0.298580,-0.246412
674.000000,141.529007,-0.296986,-0.245354
675.000000,141.529007,-0.294812,-0.253592
676.000000,141.529007,-0.292051,-0.249839
677.000000,141.529007,-0.288713,-0.253953
678.000000,141.529007,-0.284809,-0.253899
679.000000,141.529007,-0.280335,-0.250673
680.000000,141.529007,-0.275310,-0.254645
681.000000,141.529007,-0.269744,-0.253386
682.000000,141.529007,-0.263638,-0.245487
683.000000,141.529007,-0.257017,-0.253725
684.000000,141.529007,-0.249885,-0.252653
685.000000,141.529007,-0.242259,-0.241253
686.000000,141.529007,-0.234158,-0.242051
687.000000,141.529007,-0.225588,-0.231971
688.000000,141.529007,-0.216576,-0.224146
689.000000,141.529007,-0.207136,-0.221736
690.000000,141.529007,-0.197284,-0.219770
691.000000,141.529007,-0.187045,-0.210378
692.000000,141.529007,-0.176435,-0.213036
693.000000,141.529007,-0.165475,-0.201696
694.000000,141.529007,-0.154192,-0.191264
695.000000,141.529007,-0.142599,-0.191461
696.000000,141.529007,-0.130727,-0.181235
697.000000,141.529007,-0.118597,-0.167155
698.000000,141.529007,-0.106230,-0.165419
699.000000,141.529007,-0.093656,-0.154080
700.000000,141.529007,-0.080895,-0.144381
701.000000,141.529007,-0.067975,-0.136404
702.000000,141.529007,-0.054921,-0.126251
703.000000,141.529007,-0.041757,-0.115718
704.000000,141.529007,-0.028512,-0.100915
705.000000,141.529007,-0.015210,-0.096576
0.000000,147.809006,0.006248,-0.089709
1.000000,147.809006,0.020164,-0.074214
2.000000,147.809006,0.034036,-0.058274
3.000000,147.809006,0.047835,-0.060799
4.000000,147.809006,0.061531,-0.044759
5.000000,147.809006,0.075093,-0.025699
6.000000,147.809006,0.088494,-0.021517
7.000000,147.809006,0.101705,-0.003470
8.000000,147.809006,0.114698,0.011269
9.000000,147.809006,0.127440,0.014939
10.000000,147.809006,0.139908,0.027772
11.000000,147.809006,0.152076,0.046832
12.000000,147.809006,0.163917,0.049315
13.000000,147.809006,0.175404,0.066381
14.000000,147.809006,0.186510,0.078600
15.000000,147.809006,0.197216,0.087997
16.000000,147.809006,0.207497,0.093609
17.000000,147.809006,0.217334,0.103469
18.000000,147.809006,0.226696,0.116939
19.000000,147.809006,0.235571,0.129611
20.000000,147.809006,0.243940,0.133506
21.000000,147.809006,0.251784,0.148327
22.000000,147.809006,0.259085,0.161147
23.000000,147.809006,0.265823,0.160995
24.000000,147.809006,0.271990,0.172348
25.000000,147.809006,0.277573,0.184714
26.000000,147.809006,0.282559,0.183097
27.000000,147.809006,0.286932,0.202550
28.000000,147.809006,0.290685,0.207549
29.000000,147.809006,0.293814,0.211292
30.000000,147.809006,0.296311,0.215044
31.000000,147.809006,0.298171,0.228083
32.000000,147.809006,0.299381,0.222232
33.000000,147.809006,0.299948,0.233572
34.000000,147.809006,0.299870,0.237751
35.000000,147.809006,0.299148,0.239194
36.000000,147.809006,0.297779,0.243839
37.000000,147.809006,0.295764,0.250698
38.000000,147.809006,0.293114,0.235693
39.000000,147.809006,0.289834,0.251573
40.000000,147.809006,0.285931,0.255985
41.000000,147.809006,0.281407,0.258235
42.000000,147.809006,0.276276,0.254693
43.000000,147.809006,0.270551,0.249099
44.000000,147.809006,0.264245,0.251234
45.000000,147.809006,0.257370,0.254240
46.000000,147.809006,0.249934,0.241480
47.000000,147.809006,0.241962,0.245420
48.000000,147.809006,0.233469,0.220936
49.000000,147.809006,0.224475,0.218892
50.000000,147.809006,0.214995,0.233059
51.000000,147.809006,0.205049,0.237018
52.000000,147.809006,0.194663,0.221119
53.000000,147.809006,0.183858,0.215498
54.000000,147.809006,0.172658,0.213129
55.000000,147.809006,0.161083,0.199164
56.000000,147.809006,0.149160,0.195256
57.000000,147.809006,0.136918,0.189314
58.000000,147.809006,0.124380,0.174016
59.000000,147.809006,0.111575,0.172188
60.000000,147.809006,0.098527,0.164166
61.000000,147.809006,0.085268,0.147301
62.000000,147.809006,0.071825,0.146293
63.000000,147.809006,0.058228,0.132484
64.000000,147.809006,0.044504,0.121479
65.000000,147.809006,0.030684,0.111391
66.000000,147.809006,0.016799,0.105884
67.000000,147.809006,0.002877,0.089330
68.000000,147.809006,-0.011051,0.079081
69.000000,147.809006,-0.024955,0.062922
70.000000,147.809006,-0.038805,0.058515
71.000000,147.809006,-0.052571,0.051459
72.000000,147.809006,-0.066225,0.031620
73.000000,147.809006,-0.079736,0.024519
74.000000,147.809006,-0.093074,0.017010
75.000000,147.809006,-0.106211,-0.002182
76.000000,147.809006,-0.119121,-0.011144
77.000000,147.809006,-0.131774,-0.018419
78.000000,147.809006,-0.144141,-0.036924
79.000000,147.809006,-0.156198,-0.046193
80.000000,147.809006,-0.167918,-0.139194
81.000000,147.809006,-0.179278,-0.069513
82.000000,147.809006,-0.190252,-0.065834
83.000000,147.809006,-0.200811,-0.076156
84.000000,147.809006,-0.210939,-0.097488
85.000000,147.809006,-0.220614,-0.104750
86.000000,147.809006,-0.229815,-0.114985
87.000000,147.809006,-0.238518,-0.114536
88.000000,147.809006,-0.246705,-0.133179
89.000000,147.809006,-0.254361,-0.147459
90.000000,147.809006,-0.261471,-0.157172
91.000000,147.809006,-0.268019,-0.162061
92.000000,147.809006,-0.273984,-0.179040
93.000000,147.809006,-0.279359,-0.189541
94.000000,147.809006,-0.284133,-0.188043
95.000000,147.809006,-0.288297,-0.200015
96.000000,147.809006,-0.291840,-0.207336
97.000000,147.809006,-0.294747,-0.204944
98.000000,147.809006,-0.297022,-0.219583
99.000000,147.809006,-0.298658,-0.221631
100.000000,147.809006,-0.299652,-0.224072
101.000000,147.809006,-0.299997,-0.231037
102.000000,147.809006,-0.299693,-0.240232
103.000000,147.809006,-0.298745,-0.237840
104.000000,147.809006,-0.297156,-0.253065
105.000000,147.809006,-0.294927,-0.251026
106.000000,147.809006,-0.292056,-0.243494
107.000000,147.809006,-0.288557,-0.250912
108.000000,147.809006,-0.284437,-0.244552
109.000000,147.809006,-0.279707,-0.249367
110.000000,147.809006,-0.274372,-0.250998
111.000000,147.809006,-0.268442,-0.249106
112.000000,147.809006,-0.261935,-0.256286
113.000000,147.809006,-0.254865,-0.253079
114.000000,147.809006,-0.247248,-0.239599
115.000000,147.809006,-0.239093,-0.244057
116.000000,147.809006,-0.230423,-0.240071
117.000000,147.809006,-0.221257,-0.228526
118.000000,147.809006,-0.211616,-0.234390
119.000000,147.809006,-0.201520,-0.224677
120.000000,147.809006,-0.190984,-0.213132
121.000000,147.809006,-0.180038,-0.214676
122.000000,147.809006,-0.168706,-0.204669
123.000000,147.809006,-0.157011,-0.191190
124.000000,147.809006,-0.144976,-0.187594
125.000000,147.809006,-0.132626,-0.180195
126.000000,147.809006,-0.119993,-0.163509
127.000000,147.809006,-0.107101,-0.167353
128.000000,147.809006,-0.093979,-0.154740
129.000000,147.809006,-0.080652,-0.142227
130.000000,147.809006,-0.067152,-0.136551
131.000000,147.809006,-0.053508,-0.128111
132.000000,147.809006,-0.039748,-0.117152
133.000000,147.809006,-0.025903,-0.112296
134.000000,147.809006,-0.012001,-0.097090
135.000000,147.809006,0.001926,-0.085956
136.000000,147.809006,0.015849,-0.074727
137.000000,147.809006,0.029738,-0.061307
138.000000,147.809006,0.043563,-0.058907
139.000000,147.809006,0.057293,-0.041478
140.000000,147.809006,0.070901,-0.025906
141.000000,147.809006,0.084356,-0.026057
142.000000,147.809006,0.097629,-0.008377
143.000000,147.809006,0.110690,0.006143
144.000000,147.809006,0.123513,0.015686
145.000000,147.809006,0.136071,0.026586
146.000000,147.809006,0.148336,0.045352
147.000000,147.809006,0.160281,0.048055
148.000000,147.809006,0.171877,0.060214
149.000000,147.809006,0.183105,0.073914
150.000000,147.809006,0.193939,0.078037
151.000000,147.809006,0.204356,0.091616
152.000000,147.809006,0.214330,0.110076
153.000000,147.809006,0.223841,0.114565
154.000000,147.809006,0.232870,0.127692
155.000000,147.809006,0.241400,0.140058
156.000000,147.809006,0.249410,0.138967
157.000000,147.809006,0.256877,0.193515
158.000000,147.809006,0.263791,0.161192
159.000000,147.809006,0.270139,0.162108
160.000000,147.809006,0.275907,0.175161
161.000000,147.809006,0.281077,0.180334
162.000000,147.809006,0.285639,0.188737
163.000000,147.809006,0.289586,0.200369
164.000000,147.809006,0.292912,0.208231
165.000000,147.809006,0.295608,0.214398
166.000000,147.809006,0.297661,0.221930
167.000000,147.809006,0.299072,0.222759
168.000000,147.809006,0.299841,0.232619
169.000000,147.809006,0.299966,0.240444
170.000000,147.809006,0.299444,0.236807
171.000000,147.809006,0.298270,0.247560
172.000000,147.809006,0.296456,0.250698
173.000000,147.809006,0.294005,0.246107
174.000000,147.809006,0.290922,0.251646
175.000000,147.809006,0.287209,0.251592
176.000000,147.809006,0.282874,0.251467
177.000000,147.809006,0.277931,0.254327
178.000000,147.809006,0.272392,0.255692
179.000000,147.809006,0.266267,0.251541
180.000000,147.809006,0.259561,0.251793
181.000000,147.809006,0.252298,0.247079
182.000000,147.809006,0.244492,0.243647
183.000000,147.809006,0.236161,0.242405
184.000000,147.809006,0.227320,0.229953
185.000000,147.809006,0.217985,0.231432
186.000000,147.809006,0.208182,0.232418
187.000000,147.809006,0.197932,0.221719
188.000000,147.809006,0.187256,0.217738
189.000000,147.809006,0.176174,0.209042
190.000000,147.809006,0.164711,0.202284
191.000000,147.809006,0.152895,0.196076
192.000000,147.809006,0.140750,0.190954
193.000000,147.809006,0.128302,0.178556
194.000000,147.809006,0.115575,0.168468
195.000000,147.809006,0.102599,0.171460
196.000000,147.809006,0.089403,0.145148
197.000000,147.809006,0.076015,0.141986
198.000000,147.809006,0.062462,0.137978
199.000000,147.809006,0.048774,0.122226
200.000000,147.809006,0.034981,0.114598
201.000000,147.809006,0.021113,0.111189
202.000000,147.809006,0.007199,0.093284
203.000000,147.809006,-0.006730,0.081115
204.000000,147.809006,-0.020645,0.075334
205.000000,147.809006,-0.034515,0.058235
206.000000,147.809006,-0.048311,0.053580
207.000000,147.809006,-0.062003,0.034452
208.000000,147.809006,-0.075560,0.027053
209.000000,147.809006,-0.088955,0.019411
210.000000,147.809006,-0.102158,0.003545
211.000000,147.809006,-0.115142,-0.006516
212.000000,147.809006,-0.127877,-0.014465
213.000000,147.809006,-0.140335,-0.030744
214.000000,147.809006,-0.152491,-0.042239
215.000000,147.809006,-0.164320,-0.046321
216.000000,147.809006,-0.175795,-0.066906
217.000000,147.809006,-0.186888,-0.076101
218.000000,147.809006,-0.197578,-0.082410
219.000000,147.809006,-0.207844,-0.097488
220.000000,147.809006,-0.217664,-0.105863
221.000000,147.809006,-0.227013,-0.115439
222.000000,147.809006,-0.235870,-0.128290
223.000000,147.809006,-0.244219,-0.135332
224.000000,147.809006,-0.252044,-0.148980
225.000000,147.809006,-0.259327,-0.156572
226.000000,147.809006,-0.266048,-0.162574
227.000000,147.809006,-0.272194,-0.177501
228.000000,147.809006,-0.277754,-0.176154
229.000000,147.809006,-0.282719,-0.186696
230.000000,147.809006,-0.287075,-0.197188
231.000000,147.809006,-0.290805,-0.199896
232.000000,147.809006,-0.293911,-0.204051
233.000000,147.809006,-0.296385,-0.215556
234.000000,147.809006,-0.298221,-0.224751
235.000000,147.809006,-0.299414,-0.225112
236.000000,147.809006,-0.299957,-0.235504
237.000000,147.809006,-0.299855,-0.238152
238.000000,147.809006,-0.299110,-0.236273
239.000000,147.809006,-0.297721,-0.248671
240.000000,147.809006,-0.295685,-0.247745
241.000000,147.809006,-0.293012,-0.245354
242.000000,147.809006,-0.289709,-0.250605
243.000000,147.809006,-0.285783,-0.252886
244.000000,147.809006,-0.281242,-0.248254
245.000000,147.809006,-0.276089,-0.253958
246.000000,147.809006,-0.270343,-0.252813
247.000000,147.809006,-0.264016,-0.246321
248.000000,147.809006,-0.257121,-0.248158
249.000000,147.809006,-0.249669,-0.248272
250.000000,147.809006,-0.241677,-0.242147
251.000000,147.809006,-0.233166,-0.243251
252.000000,147.809006,-0.224154,-0.234518
253.000000,147.809006,-0.214660,-0.231311
254.000000,147.809006,-0.204699,-0.226290
255.000000,147.809006,-0.194297,-0.215257
256.000000,147.809006,-0.183477,-0.227577
257.000000,147.809006,-0.172264,-0.206516
258.000000,147.809006,-0.160678,-0.195483
259.000000,147.809006,-0.148743,-0.200528
260.000000,147.809006,-0.136489,-0.187841
261.000000,147.809006,-0.123942,-0.169382
262.000000,147.809006,-0.111128,-0.167719
263.000000,147.809006,-0.098073,-0.158680
264.000000,147.809006,-0.084806,-0.144014
265.000000,147.809006,-0.071358,-0.137591
266.000000,147.809006,-0.057755,-0.127291
267.000000,147.809006,-0.044029,-0.116859
268.000000,147.809006,-0.030206,-0.111842
269.000000,147.809006,-0.016319,-0.100796
270.000000,147.809006,-0.002397,-0.080023
271.000000,147.809006,0.011531,-0.089521
272.000000,147.809006,0.025434,-0.070741
273.000000,147.809006,0.039282,-0.052868
274.000000,147.809006,0.053045,-0.050151
275.000000,147.809006,0.066694,-0.035912
276.000000,147.809006,0.080200,-0.019459
277.000000,147.809006,0.093531,0.068988
278.000000,147.809006,0.106661,-0.001316
279.000000,147.809006,0.119561,0.003462
280.000000,147.809006,0.132205,0.010559
281.000000,147.809006,0.144564,0.023759
282.000000,147.809006,0.156609,0.039991
283.000000,147.809006,0.168316,0.048948
284.000000,147.809006,0.179662,0.065795
285.000000,147.809006,0.190622,0.077340
286.000000,147.809006,0.201170,0.085170
287.000000,147.809006,0.211282,0.097330
288.000000,147.809006,0.220939,0.108390
289.000000,147.809006,0.230122,0.118726
290.000000,147.809006,0.238811,0.134225
291.000000,147.809006,0.246979,0.127866
292.000000,147.809006,0.254616,0.144753
293.000000,147.809006,0.261706,0.161220
294.000000,147.809006,0.268233,0.164349
295.000000,147.809006,0.274182,0.177782
296.000000,147.809006,0.279535,0.188508
297.000000,147.809006,0.284287,0.190977
298.000000,147.809006,0.288428,0.203737
299.000000,147.809006,0.291950,0.209775
300.000000,147.809006,0.294838,0.208685
301.000000,147.809006,0.297090,0.216977
302.000000,147.809006,0.298702,0.219896
303.000000,147.809006,0.299673,0.227886
304.000000,147.809006,0.300000,0.233572
305.000000,147.809006,0.299673,0.244078
306.000000,147.809006,0.298701,0.241640
307.000000,147.809006,0.297088,0.247179
308.000000,147.809006,0.294836,0.244472
309.000000,147.809006,0.291947,0.250194
310.000000,147.809006,0.288425,0.253639
311.000000,147.809006,0.284283,0.248260
312.000000,147.809006,0.279531,0.254134
313.000000,147.809006,0.274177,0.254153
314.000000,147.809006,0.268228,0.250647
315.000000,147.809006,0.261700,0.253300
316.000000,147.809006,0.254610,0.252865
317.000000,147.809006,0.246973,0.243134
318.000000,147.809006,0.238804,0.240046
319.000000,147.809006,0.230115,0.243931
320.000000,147.809006,0.220931,0.232793
321.000000,147.809006,0.211273,0.232005
322.000000,147.809006,0.201161,0.226736
323.000000,147.809006,0.190613,0.217092
324.000000,147.809006,0.179653,0.203810
325.000000,147.809006,0.168307,0.203082
326.000000,147.809006,0.156599,0.194624
327.000000,147.809006,0.144554,0.189222
328.000000,147.809006,0.132195,0.185827
329.000000,147.809006,0.119551,0.170882
330.000000,147.809006,0.106650,0.167487
331.000000,147.809006,0.093520,0.150613
332.000000,147.809006,0.080188,0.145280
333.000000,147.809006,0.066682,0.139719
334.000000,147.809006,0.053033,0.126093
335.000000,147.809006,0.039270,0.119152
336.000000,147.809006,0.025422,0.111130
337.000000,147.809006,0.011520,0.092097
338.000000,147.809006,-0.002408,0.086329
339.000000,147.809006,-0.016330,0.082174
340.000000,147.809006,-0.030217,0.063376
341.000000,147.809006,-0.044040,0.051207
342.000000,147.809006,-0.057767,0.046978
343.000000,147.809006,-0.071369,0.026100
344.000000,147.809006,-0.084818,-0.040539
345.000000,147.809006,-0.098084,0.010376
346.000000,147.809006,-0.111139,0.003178
347.000000,147.809006,-0.123953,-0.006984
348.000000,147.809006,-0.136500,-0.020705
349.000000,147.809006,-0.148753,-0.034771
350.000000,147.809006,-0.160688,-0.045240
351.000000,147.809006,-0.172273,-0.065733
352.000000,147.809006,-0.183486,-0.072207
353.000000,147.809006,-0.194305,-0.079629
354.000000,147.809006,-0.204707,-0.095175
355.000000,147.809006,-0.214668,-0.103536
356.000000,147.809006,-0.224162,-0.109405
357.000000,147.809006,-0.233174,-0.126283
358.000000,147.809006,-0.241684,-0.140972
359.000000,147.809006,-0.249676,-0.139400
360.000000,147.809006,-0.257127,-0.154039
361.000000,147.809006,-0.264021,-0.158913
362.000000,147.809006,-0.270348,-0.164255
363.000000,147.809006,-0.276094,-0.179627
364.000000,147.809006,-0.281246,-0.183461
365.000000,147.809006,-0.285787,-0.188510
366.000000,147.809006,-0.289712,-0.200688
367.000000,147.809006,-0.293014,-0.208023
368.000000,147.809006,-0.295687,-0.211125
369.000000,147.809006,-0.297722,-0.224650
370.000000,147.809006,-0.299110,-0.222464
371.000000,147.809006,-0.299856,-0.234225
372.000000,147.809006,-0.299957,-0.242064
373.000000,147.809006,-0.299413,-0.236539
374.000000,147.809006,-0.298220,-0.247938
375.000000,147.809006,-0.296383,-0.246165
376.000000,147.809006,-0.293908,-0.246453
377.000000,147.809006,-0.290802,-0.252098
378.000000,147.809006,-0.287071,-0.251759
379.000000,147.809006,-0.282715,-0.245047
380.000000,147.809006,-0.277750,-0.256712
381.000000,147.809006,-0.272189,-0.253926
382.000000,147.809006,-0.266043,-0.246101
383.000000,147.809006,-0.259322,-0.252245
384.000000,147.809006,-0.252038,-0.248712
385.000000,147.809006,-0.244213,-0.237020
386.000000,147.809006,-0.235863,-0.243764
387.000000,147.809006,-0.227006,-0.237712
388.000000,147.809006,-0.217656,-0.232406
389.000000,147.809006,-0.207836,-0.229190
390.000000,147.809006,-0.197570,-0.227371
391.000000,147.809006,-0.186879,-0.220091
392.000000,147.809006,-0.175786,-0.210222
393.000000,147.809006,-0.164310,-0.200597
394.000000,147.809006,-0.152481,-0.199676
395.000000,147.809006,-0.140325,-0.188061
396.000000,147.809006,-0.127866,-0.175842
397.000000,147.809006,-0.115131,-0.175306
398.000000,147.809006,-0.102147,-0.163367
399.000000,147.809006,-0.088944,-0.140953
400.000000,147.809006,-0.075549,-0.144885
401.000000,147.809006,-0.061992,-0.135625
402.000000,147.809006,-0.048299,-0.119539
403.000000,147.809006,-0.034503,-0.116983
404.000000,147.809006,-0.020633,-0.105043
405.000000,147.809006,-0.006718,-0.092751
406.000000,147.809006,0.007211,-0.083941
407.000000,147.809006,0.021124,-0.075281
408.000000,147.809006,0.034992,-0.055622
409.000000,147.809006,0.048785,-0.052318
410.000000,147.809006,0.062473,-0.036512
411.000000,147.809006,0.076026,-0.024073
412.000000,147.809006,0.089414,-0.016756
413.000000,147.809006,0.102610,-0.006984
414.000000,147.809006,0.115585,0.006069
415.000000,147.809006,0.128313,0.011732
416.000000,147.809006,0.140760,0.029765
417.000000,147.809006,0.152905,0.037366
418.000000,147.809006,0.164721,0.052494
419.000000,147.809006,0.176183,0.068214
420.000000,147.809006,0.187265,0.071050
421.000000,147.809006,0.197941,0.087983
422.000000,147.809006,0.208191,0.098109
423.000000,147.809006,0.217993,0.103331
424.000000,147.809006,0.227327,0.116985
425.000000,147.809006,0.236168,0.131357
426.000000,147.809006,0.244499,0.136960
427.000000,147.809006,0.252304,0.146293
428.000000,147.809006,0.259567,0.163873
429.000000,147.809006,0.266272,0.163222
430.000000,147.809006,0.272397,0.175235
431.000000,147.809006,0.277936,0.182634
432.000000,147.809006,0.282878,0.189030
433.000000,147.809006,0.287212,0.195976
434.000000,147.809006,0.290925,0.198857
435.000000,147.809006,0.294007,0.209784
436.000000,147.809006,0.296458,0.218503
437.000000,147.809006,0.298272,0.219099
438.000000,147.809006,0.299444,0.228592
439.000000,147.809006,0.299966,0.233590
440.000000,147.809006,0.299841,0.236293
441.000000,147.809006,0.299071,0.243473
442.000000,147.809006,0.297659,0.264159
443.000000,147.809006,0.295606,0.247674
444.000000,147.809006,0.292909,0.248453
445.000000,147.809006,0.289583,0.253378
446.000000,147.809006,0.285635,0.249461
447.000000,147.809006,0.281073,0.251573
448.000000,147.809006,0.275902,0.253832
449.000000,147.809006,0.270134,0.250721
450.000000,147.809006,0.263786,0.251940
451.000000,147.809006,0.256871,0.242112
452.000000,147.809006,0.249403,0.245654
453.000000,147.809006,0.241393,0.243812
454.000000,147.809006,0.232863,0.232793
455.000000,147.809006,0.223833,0.233219
456.000000,147.809006,0.214321,0.231964
457.000000,147.809006,0.204347,0.219479
458.000000,147.809006,0.193930,0.218325
459.000000,147.809006,0.183095,0.214916
460.000000,147.809006,0.171868,0.201098
461.000000,147.809006,0.160271,0.199723
462.000000,147.809006,0.148325,0.196755
463.000000,147.809006,0.136060,0.183536
464.000000,147.809006,0.123503,0.175982
465.000000,147.809006,0.110680,0.170640
466.000000,147.809006,0.097618,0.155561
467.000000,147.809006,0.084344,0.153514
468.000000,147.809006,0.070889,0.141478
469.000000,147.809006,0.057282,0.128920
470.000000,147.809006,0.043552,0.120618
471.000000,147.809006,0.029727,0.109136
472.000000,147.809006,0.015838,0.100271
473.000000,147.809006,0.001914,0.088015
474.000000,147.809006,-0.012013,0.075636
475.000000,147.809006,-0.025914,0.065808
476.000000,147.809006,-0.039760,0.057566
477.000000,147.809006,-0.053519,0.042621
478.000000,147.809006,-0.067163,0.033806
479.000000,147.809006,-0.080663,0.023997
480.000000,147.809006,-0.093990,0.007645
481.000000,147.809006,-0.107112,0.000837
482.000000,147.809006,-0.120003,-0.008825
483.000000,147.809006,-0.132637,-0.029704
484.000000,147.809006,-0.144986,-0.037932
485.000000,147.809006,-0.157020,-0.041781
486.000000,147.809006,-0.168715,-0.059099
487.000000,147.809006,-0.180048,-0.071048
488.000000,147.809006,-0.190993,-0.082616
489.000000,147.809006,-0.201528,-0.093401
490.000000,147.809006,-0.211624,-0.098656
491.000000,147.809006,-0.221265,-0.115764
492.000000,147.809006,-0.230430,-0.121683
493.000000,147.809006,-0.239100,-0.128065
494.000000,147.809006,-0.247254,-0.148005
495.000000,147.809006,-0.254871,-0.154726
496.000000,147.809006,-0.261941,-0.153667
497.000000,147.809006,-0.268447,-0.171366
498.000000,147.809006,-0.274377,-0.175494
499.000000,147.809006,-0.279711,-0.181583
500.000000,147.809006,-0.284441,-0.192574
501.000000,147.809006,-0.288560,-0.197449
502.000000,147.809006,-0.292058,-0.204358
503.000000,147.809006,-0.294929,-0.215716
504.000000,147.809006,-0.297157,-0.219404
505.000000,147.809006,-0.298746,-0.227646
506.000000,147.809006,-0.299694,-0.233277
507.000000,147.809006,-0.299997,-0.235032
508.000000,147.809006,-0.299652,-0.237386
509.000000,147.809006,-0.298657,-0.248011
510.000000,147.809006,-0.297020,-0.245006
511.000000,147.809006,-0.294745,-0.247933
512.000000,147.809006,-0.291837,-0.252332
513.000000,147.809006,-0.288294,-0.253573
514.000000,147.809006,-0.284130,-0.258219
515.000000,147.809006,-0.279355,-0.252492
516.000000,147.809006,-0.273980,-0.237886
517.000000,147.809006,-0.268014,-0.255145
518.000000,147.809006,-0.261466,-0.249225
519.000000,147.809006,-0.254355,-0.246760
520.000000,147.809006,-0.246698,-0.249198
521.000000,147.809006,-0.238511,-0.241052
522.000000,147.809006,-0.229807,-0.233973
523.000000,147.809006,-0.220606,-0.238037
524.000000,147.809006,-0.210931,-0.230638
525.000000,147.809006,-0.200803,-0.219312
526.000000,147.809006,-0.190243,-0.219949
527.000000,147.809006,-0.179269,-0.214337
528.000000,147.809006,-0.167909,-0.200711
529.000000,147.809006,-0.156188,-0.196001
530.000000,147.809006,-0.144131,-0.186742
531.000000,147.809006,-0.131764,-0.177569
532.000000,147.809006,-0.119110,-0.173606
533.000000,147.809006,-0.106200,-0.162194
534.000000,147.809006,-0.093063,-0.159541
535.000000,147.809006,-0.079725,-0.147418
536.000000,147.809006,-0.066214,-0.136826
537.000000,147.809006,-0.052560,-0.132212
538.000000,147.809006,-0.038793,-0.117963
539.000000,147.809006,-0.024943,-0.103357
540.000000,147.809006,-0.011039,-0.100168
541.000000,147.809006,0.002889,-0.083368
542.000000,147.809006,0.016810,-0.071602
543.000000,147.809006,0.030696,-0.069060
544.000000,147.809006,0.044515,-0.056446
545.000000,147.809006,0.058239,-0.040140
546.000000,147.809006,0.071836,-0.034464
547.000000,147.809006,0.085279,-0.021778
548.000000,147.809006,0.098538,0.019590
549.000000,147.809006,0.111586,0.004525
550.000000,147.809006,0.124391,0.012071
551.000000,147.809006,0.136928,0.021610
552.000000,147.809006,0.149170,0.036147
553.000000,147.809006,0.161093,0.047267
554.000000,147.809006,0.172668,0.062679
555.000000,147.809006,0.183868,0.073569
556.000000,147.809006,0.194672,0.082976
557.000000,147.809006,0.205057,0.095341
558.000000,147.809006,0.215003,0.100798
559.000000,147.809006,0.224483,0.113997
560.000000,147.809006,0.233477,0.124370
561.000000,147.809006,0.241969,0.133533
562.000000,147.809006,0.249941,0.143086
563.000000,147.809006,0.257376,0.148960
564.000000,147.809006,0.264251,0.158228
565.000000,147.809006,0.270556,0.171047
566.000000,147.809006,0.276281,0.174382
567.000000,147.809006,0.281411,0.185896
568.000000,147.809006,0.285935,0.197515
569.000000,147.809006,0.289837,0.206678
570.000000,147.809006,0.293117,0.207164
571.000000,147.809006,0.295766,0.216849
572.000000,147.809006,0.297781,0.221339
573.000000,147.809006,0.299149,0.223685
574.000000,147.809006,0.299871,0.235524
575.000000,147.809006,0.299948,0.228999
576.000000,147.809006,0.299381,0.238332
577.000000,147.809006,0.298170,0.248691
578.000000,147.809006,0.296309,0.243060
579.000000,147.809006,0.293811,0.251573
580.000000,147.809006,0.290682,0.253305
581.000000,147.809006,0.286929,0.248787
582.000000,147.809006,0.282555,0.255513
583.000000,147.809006,0.277568,0.252059
584.000000,147.809006,0.271985,0.251981
585.000000,147.809006,0.265818,0.250739
586.000000,147.809006,0.259079,0.242886
587.000000,147.809006,0.251777,0.245347
588.000000,147.809006,0.243933,0.247005
589.000000,147.809006,0.235564,0.237787
590.000000,147.809006,0.226689,0.251587
591.000000,147.809006,0.217325,0.237984
592.000000,147.809006,0.207489,0.222232
593.000000,147.809006,0.197207,0.219818
594.000000,147.809006,0.186501,0.215883
595.000000,147.809006,0.175394,0.207498
596.000000,147.809006,0.163908,0.201877
597.000000,147.809006,0.152066,0.199215
598.000000,147.809006,0.139898,0.181237
599.000000,147.809006,0.127429,0.172568
600.000000,147.809006,0.114687,0.175253
601.000000,147.809006,0.101694,0.156088
602.000000,147.809006,0.088483,0.150760
603.000000,147.809006,0.075082,0.148318
604.000000,147.809006,0.061519,0.131233
605.000000,147.809006,0.047824,0.122858
606.000000,147.809006,0.034024,0.113943
607.000000,147.809006,0.020152,0.101838
608.000000,147.809006,0.006237,0.091383
609.000000,147.809006,-0.007693,0.083594
610.000000,147.809006,-0.021605,0.068576
611.000000,147.809006,-0.035471,0.064141
612.000000,147.809006,-0.049260,0.043386
613.000000,147.809006,-0.062944,0.042094
614.000000,147.809006,-0.076492,0.030205
615.000000,147.809006,-0.089874,0.009098
616.000000,147.809006,-0.103063,-0.000336
617.000000,147.809006,-0.116029,-0.002251
618.000000,147.809006,-0.128747,-0.022190
619.000000,147.809006,-0.141187,-0.033671
620.000000,147.809006,-0.153320,-0.040360
621.000000,147.809006,-0.165123,-0.055072
622.000000,147.809006,-0.176572,-0.065380
623.000000,147.809006,-0.187642,-0.073256
624.000000,147.809006,-0.198304,-0.088114
625.000000,147.809006,-0.208537,-0.096563
626.000000,147.809006,-0.218323,-0.101905
627.000000,147.809006,-0.227640,-0.121670
628.000000,147.809006,-0.236467,-0.131231
629.000000,147.809006,-0.244779,-0.134933
630.000000,147.809006,-0.252564,-0.150845
631.000000,147.809006,-0.259807,-0.158180
632.000000,147.809006,-0.266492,-0.172388
633.000000,147.809006,-0.272600,-0.175920
634.000000,147.809006,-0.278118,-0.176942
635.000000,147.809006,-0.283037,-0.192955
636.000000,147.809006,-0.287349,-0.197362
637.000000,147.809006,-0.291043,-0.198984
638.000000,147.809006,-0.294104,-0.215042
639.000000,147.809006,-0.296532,-0.216490
640.000000,147.809006,-0.298322,-0.219752
641.000000,147.809006,-0.299471,-0.232603
642.000000,147.809006,-0.299975,-0.234725
643.000000,147.809006,-0.299826,-0.230619
644.000000,147.809006,-0.299033,-0.242578
645.000000,147.809006,-0.297597,-0.242692
646.000000,147.809006,-0.295522,-0.245427
647.000000,147.809006,-0.292807,-0.251292
648.000000,147.809006,-0.289458,-0.245753
649.000000,147.809006,-0.285487,-0.251434
650.000000,147.809006,-0.280903,-0.257472
651.000000,147.809006,-0.275715,-0.248446
652.000000,147.809006,-0.269926,-0.253958
653.000000,147.809006,-0.263556,-0.198576
654.000000,147.809006,-0.256621,-0.241840
655.000000,147.809006,-0.249134,-0.257372
656.000000,147.809006,-0.241109,-0.248332
657.000000,147.809006,-0.232560,-0.241327
658.000000,147.809006,-0.223512,-0.242724
659.000000,147.809006,-0.213983,-0.233685
660.000000,147.809006,-0.203995,-0.224819
661.000000,147.809006,-0.193564,-0.223376
662.000000,147.809006,-0.182715,-0.213003
663.000000,147.809006,-0.171473,-0.206438
664.000000,147.809006,-0.159863,-0.205595
665.000000,147.809006,-0.147909,-0.195296
666.000000,147.809006,-0.135632,-0.181216
667.000000,147.809006,-0.123064,-0.176887
668.000000,147.809006,-0.110232,-0.166661
669.000000,147.809006,-0.097163,-0.162647
670.000000,147.809006,-0.083883,-0.144752
671.000000,147.809006,-0.070422,-0.141526
672.000000,147.809006,-0.056810,-0.133797
673.000000,147.809006,-0.043075,-0.120204
674.000000,147.809006,-0.029248,-0.104044
675.000000,147.809006,-0.015357,-0.103802
0.000000,154.367004,0.002821,-0.087056
1.000000,154.367004,0.017360,-0.084481
2.000000,154.367004,0.031858,-0.070200
3.000000,154.367004,0.046281,-0.057014
4.000000,154.367004,0.060596,-0.047325
5.000000,154.367004,0.074767,-0.035225
6.000000,154.367004,0.088763,-0.015579
7.000000,154.367004,0.102551,-0.011776
8.000000,154.367004,0.116097,0.005831
9.000000,154.367004,0.129370,0.020424
10.000000,154.367004,0.142339,0.024840
11.000000,154.367004,0.154974,0.040280
12.000000,154.367004,0.167244,0.058593
13.000000,154.367004,0.179121,0.061589
14.000000,154.367004,0.190577,0.075388
15.000000,154.367004,0.201585,0.090728
16.000000,154.367004,0.212119,0.097004
17.000000,154.367004,0.222153,0.108197
18.000000,154.367004,0.231665,0.120417
19.000000,154.367004,0.240632,0.126693
20.000000,154.367004,0.249033,0.141753
21.000000,154.367004,0.256849,0.150998
22.000000,154.367004,0.264060,0.156895
23.000000,154.367004,0.270651,0.166081
24.000000,154.367004,0.276606,0.172161
25.000000,154.367004,0.281910,0.182263
26.000000,154.367004,0.286551,0.193222
27.000000,154.367004,0.290519,0.198564
28.000000,154.367004,0.293804,0.211644
29.000000,154.367004,0.296398,0.214783
30.000000,154.367004,0.298295,0.215832
31.000000,154.367004,0.299491,0.224578
32.000000,154.367004,0.299982,0.237018
33.000000,154.367004,0.299769,0.232720
34.000000,154.367004,0.298851,0.240573
35.000000,154.367004,0.297230,0.245044
36.000000,154.367004,0.294910,0.241054
37.000000,154.367004,0.291896,0.248526
38.000000,154.367004,0.288195,0.257245
39.000000,154.367004,0.283816,0.249388
40.000000,154.367004,0.278769,0.249493
41.000000,154.367004,0.273068,0.255385
42.000000,154.367004,0.266724,0.247821
43.000000,154.367004,0.259753,0.248673
44.000000,154.367004,0.252172,0.251445
45.000000,154.367004,0.243998,0.244994
46.000000,154.367004,0.235250,0.242346
47.000000,154.367004,0.225949,0.238511
48.000000,154.367004,0.216117,0.233086
49.000000,154.367004,0.205777,0.229838
50.000000,154.367004,0.194953,0.214604
51.000000,154.367004,0.183670,0.213651
52.000000,154.367004,0.171956,0.209803
53.000000,154.367004,0.159838,0.195297
54.000000,154.367004,0.147343,0.188870
55.000000,154.367004,0.134502,0.190294
56.000000,154.367004,0.121345,0.172976
57.000000,154.367004,0.107902,0.165421
58.000000,154.367004,0.094206,0.161793
59.000000,154.367004,0.080287,0.144401
60.000000,154.367004,0.066180,0.134766
61.000000,154.367004,0.051917,0.131724
62.000000,154.367004,0.037533,0.117466
63.000000,154.367004,0.023060,0.111991
64.000000,154.367004,0.008533,0.101888
65.000000,154.367004,-0.006014,0.082343
66.000000,154.367004,-0.020547,0.075155
67.000000,154.367004,-0.035031,0.067087
68.000000,154.367004,-0.049433,0.052801
69.000000,154.367004,-0.063719,0.041893
70.000000,154.367004,-0.077856,0.023158
71.000000,154.367004,-0.091809,0.012098
72.000000,154.367004,-0.105546,0.007650
73.000000,154.367004,-0.119035,-0.007529
74.000000,154.367004,-0.132244,-0.020797
75.000000,154.367004,-0.145143,-0.023386
76.000000,154.367004,-0.157700,-0.047558
77.000000,154.367004,-0.169887,-0.058307
78.000000,154.367004,-0.181674,-0.064175
79.000000,154.367004,-0.193033,-0.081494
80.000000,154.367004,-0.203938,-0.089342
81.000000,154.367004,-0.214364,-0.093424
82.000000,154.367004,-0.224285,-0.114303
83.000000,154.367004,-0.233679,-0.110170
84.000000,154.367004,-0.242524,-0.125559
85.000000,154.367004,-0.250798,-0.143918
86.000000,154.367004,-0.258483,-0.150433
87.000000,154.367004,-0.265560,-0.159862
88.000000,154.367004,-0.272013,-0.172493
89.000000,154.367004,-0.277826,-0.179008
90.000000,154.367004,-0.282986,-0.192803
91.000000,154.367004,-0.287481,-0.195488
92.000000,154.367004,-0.291299,-0.199630
93.000000,154.367004,-0.294433,-0.213576
94.000000,154.367004,-0.296875,-0.216476
95.000000,154.367004,-0.298619,-0.212224
96.000000,154.367004,-0.299661,-0.229557
97.000000,154.367004,-0.299998,-0.236351
98.000000,154.367004,-0.299630,-0.230239
99.000000,154.367004,-0.298557,-0.241831
100.000000,154.367004,-0.296781,-0.244025
101.000000,154.367004,-0.294306,-0.243567
102.000000,154.367004,-0.291140,-0.250311
103.000000,154.367004,-0.287289,-0.251919
104.000000,154.367004,-0.282763,-0.247961
105.000000,154.367004,-0.277572,-0.251878
106.000000,154.367004,-0.271729,-0.251919
107.000000,154.367004,-0.265247,-0.246540
108.000000,154.367004,-0.258141,-0.251278
109.000000,154.367004,-0.250428,-0.243439
110.000000,154.367004,-0.242127,-0.241107
111.000000,154.367004,-0.233256,-0.245111
112.000000,154.367004,-0.223837,-0.232732
113.000000,154.367004,-0.213891,-0.233112
114.000000,154.367004,-0.203443,-0.225264
115.000000,154.367004,-0.192517,-0.216604
116.000000,154.367004,-0.181137,-0.215556
117.000000,154.367004,-0.169332,-0.208816
118.000000,154.367004,-0.157129,-0.193930
119.000000,154.367004,-0.144556,-0.193307
120.000000,154.367004,-0.131643,-0.181968
121.000000,154.367004,-0.118419,-0.169162
122.000000,154.367004,-0.104918,-0.170106
123.000000,154.367004,-0.091170,-0.156980
124.000000,154.367004,-0.077207,-0.143721
125.000000,154.367004,-0.063064,-0.133871
126.000000,154.367004,-0.048771,-0.126398
127.000000,154.367004,-0.034365,-0.111498
128.000000,154.367004,-0.019877,-0.107756
129.000000,154.367004,-0.005343,-0.096563
130.000000,154.367004,0.009204,-0.080390
131.000000,154.367004,0.023729,-0.071153
132.000000,154.367004,0.038198,-0.061894
133.000000,154.367004,0.052578,-0.053134
134.000000,154.367004,0.066834,-0.040878
135.000000,154.367004,0.080933,-0.024559
136.000000,154.367004,0.094841,-0.018557
137.000000,154.367004,0.108527,-0.002123
138.000000,154.367004,0.121958,0.013143
139.000000,154.367004,0.135102,0.018293
140.000000,154.367004,0.147928,0.032913
141.000000,154.367004,0.160406,0.051079
142.000000,154.367004,0.172507,0.055188
143.000000,154.367004,0.184201,0.068095
144.000000,154.367004,0.195463,0.086041
145.000000,154.367004,0.206265,0.096331
146.000000,154.367004,0.216582,0.102763
147.000000,154.367004,0.226390,0.114176
148.000000,154.367004,0.235666,0.125946
149.000000,154.367004,0.244387,0.134385
150.000000,154.367004,0.252534,0.143498
151.000000,154.367004,0.260087,0.151168
152.000000,154.367004,0.267029,0.161540
153.000000,154.367004,0.273343,0.169714
154.000000,154.367004,0.279014,0.182849
155.000000,154.367004,0.284030,0.191729
156.000000,154.367004,0.288377,0.191284
157.000000,154.367004,0.292047,0.207251
158.000000,154.367004,0.295030,0.216116
159.000000,154.367004,0.297319,0.215685
160.000000,154.367004,0.298910,0.256993
161.000000,154.367004,0.299797,0.230984
162.000000,154.367004,0.299978,0.224239
163.000000,154.367004,0.299454,0.233499
164.000000,154.367004,0.298225,0.239317
165.000000,154.367004,0.296295,0.240013
166.000000,154.367004,0.293669,0.244806
167.000000,154.367004,0.290352,0.201735
168.000000,154.367004,0.286353,0.246707
169.000000,154.367004,0.281680,0.257973
170.000000,154.367004,0.276345,0.261199
171.000000,154.367004,0.270361,0.257721
172.000000,154.367004,0.263741,0.256933
173.000000,154.367004,0.256501,0.251019
174.000000,154.367004,0.248657,0.249374
175.000000,154.367004,0.240229,0.246799
176.000000,154.367004,0.231237,0.234332
177.000000,154.367004,0.221700,0.237613
178.000000,154.367004,0.211643,0.233164
179.000000,154.367004,0.201087,0.220973
180.000000,154.367004,0.190059,0.220125
181.000000,154.367004,0.178584,0.218797
182.000000,154.367004,0.166689,0.204745
183.000000,154.367004,0.154401,0.198537
184.000000,154.367004,0.141750,0.195128
185.000000,154.367004,0.128766,0.176990
186.000000,154.367004,0.115479,0.171295
187.000000,154.367004,0.101921,0.167959
188.000000,154.367004,0.088123,0.149234
189.000000,154.367004,0.074118,0.144799
190.000000,154.367004,0.059939,0.135297
191.000000,154.367004,0.045618,0.123193
192.000000,154.367004,0.031191,0.119431
193.000000,154.367004,0.016690,0.105476
194.000000,154.367004,0.002151,0.092757
195.000000,154.367004,-0.012395,0.082669
196.000000,154.367004,-0.026910,0.071128
197.000000,154.367004,-0.041363,0.057635
198.000000,154.367004,-0.055718,0.052820
199.000000,154.367004,-0.069943,0.031593
200.000000,154.367004,-0.084003,0.022879
201.000000,154.367004,-0.097866,0.016424
202.000000,154.367004,-0.111499,-0.003955
203.000000,154.367004,-0.124869,-0.006736
204.000000,154.367004,-0.137945,-0.019679
205.000000,154.367004,-0.150697,-0.038111
206.000000,154.367004,-0.163094,-0.050499
207.000000,154.367004,-0.175108,-0.055695
208.000000,154.367004,-0.186710,-0.073600
209.000000,154.367004,-0.197873,-0.082868
210.000000,154.367004,-0.208571,-0.089030
211.000000,154.367004,-0.218779,-0.104622
212.000000,154.367004,-0.228472,-0.115970
213.000000,154.367004,-0.237628,-0.124666
214.000000,154.367004,-0.246225,-0.136097
215.000000,154.367004,-0.254244,-0.147226
216.000000,154.367004,-0.261664,-0.152274
217.000000,154.367004,-0.268470,-0.167499
218.000000,154.367004,-0.274644,-0.172901
219.000000,154.367004,-0.280173,-0.178170
220.000000,154.367004,-0.285043,-0.193394
221.000000,154.367004,-0.289243,-0.193582
222.000000,154.367004,-0.292763,-0.199744
223.000000,154.367004,-0.295594,-0.214442
224.000000,154.367004,-0.297730,-0.219551
225.000000,154.367004,-0.299164,-0.219459
226.000000,154.367004,-0.299895,-0.229557
227.000000,154.367004,-0.299921,-0.237712
228.000000,154.367004,-0.299242,-0.237680
229.000000,154.367004,-0.297860,-0.243031
230.000000,154.367004,-0.295777,-0.241212
231.000000,154.367004,-0.292999,-0.251333
232.000000,154.367004,-0.289532,-0.249285
233.000000,154.367004,-0.285384,-0.244800
234.000000,154.367004,-0.280566,-0.252332
235.000000,154.367004,-0.275087,-0.250632
236.000000,154.367004,-0.268962,-0.242353
237.000000,154.367004,-0.262205,-0.251351
238.000000,154.367004,-0.254831,-0.248039
239.000000,154.367004,-0.246858,-0.238280
240.000000,154.367004,-0.238305,-0.245331
241.000000,154.367004,-0.229191,-0.240158
242.000000,154.367004,-0.219539,-0.230326
243.000000,154.367004,-0.209370,-0.229250
244.000000,154.367004,-0.198709,-0.217837
245.000000,154.367004,-0.187579,-0.210158
246.000000,154.367004,-0.176009,-0.212435
247.000000,154.367004,-0.164024,-0.202209
248.000000,154.367004,-0.151655,-0.194310
249.000000,154.367004,-0.138928,-0.189527
250.000000,154.367004,-0.125875,-0.178481
251.000000,154.367004,-0.112526,-0.163509
252.000000,154.367004,-0.098913,-0.162959
253.000000,154.367004,-0.085067,-0.151546
254.000000,154.367004,-0.071021,-0.139254
255.000000,154.367004,-0.056808,-0.135657
256.000000,154.367004,-0.042462,-0.127511
257.000000,154.367004,-0.028016,-0.110605
258.000000,154.367004,-0.013504,-0.100168
259.000000,154.367004,0.001040,-0.095596
260.000000,154.367004,0.015582,-0.077109
261.000000,154.367004,0.030087,-0.068033
262.000000,154.367004,0.044521,-0.051640
263.000000,154.367004,0.058851,-0.048319
264.000000,154.367004,0.073042,-0.034111
265.000000,154.367004,0.087062,-0.022259
266.000000,154.367004,0.100877,-0.012743
267.000000,154.367004,0.114454,0.002331
268.000000,154.367004,0.127762,0.016630
269.000000,154.367004,0.140770,0.024386
270.000000,154.367004,0.153446,0.037219
271.000000,154.367004,0.165762,0.055312
272.000000,154.367004,0.177688,0.061896
273.000000,154.367004,0.189196,0.080529
274.000000,154.367004,0.200260,0.089468
275.000000,154.367004,0.210852,0.093591
276.000000,154.367004,0.220949,0.108431
277.000000,154.367004,0.230527,0.122277
278.000000,154.367004,0.239562,0.127220
279.000000,154.367004,0.248034,0.137739
280.000000,154.367004,0.255924,0.150852
281.000000,154.367004,0.263211,0.157275
282.000000,154.367004,0.269880,0.165788
283.000000,154.367004,0.275914,0.181727
284.000000,154.367004,0.281300,0.183083
285.000000,154.367004,0.286024,0.192196
286.000000,154.367004,0.290075,0.197162
287.000000,154.367004,0.293443,0.210985
288.000000,154.367004,0.296120,0.208850
289.000000,154.367004,0.298102,0.214778
290.000000,154.367004,0.299383,0.230612
291.000000,154.367004,0.299960,0.234791
292.000000,154.367004,0.299832,0.233540
293.000000,154.367004,0.298998,0.240573
294.000000,154.367004,0.297462,0.247358
295.000000,154.367004,0.295227,0.241127
296.000000,154.367004,0.292297,0.270275
297.000000,154.367004,0.288680,0.265359
298.000000,154.367004,0.284385,0.249681
299.000000,154.367004,0.279421,0.247779
300.000000,154.367004,0.273799,0.251811
301.000000,154.367004,0.267535,0.244027
302.000000,154.367004,0.260641,0.244206
303.000000,154.367004,0.253134,0.247651
304.000000,154.367004,0.245032,0.242827
305.000000,154.367004,0.236354,0.239065
306.000000,154.367004,0.227121,0.230218
307.000000,154.367004,0.217352,0.221619
308.000000,154.367004,0.207072,0.227818
309.000000,154.367004,0.196305,0.222966
310.000000,154.367004,0.185076,0.216111
311.000000,154.367004,0.173413,0.211956
312.000000,154.367004,0.161342,0.200351
313.000000,154.367004,0.148891,0.195856
314.000000,154.367004,0.136091,0.190661
315.000000,154.367004,0.122970,0.176023
316.000000,154.367004,0.109561,0.168248
317.000000,154.367004,0.095893,0.164093
318.000000,154.367004,0.082001,0.145441
319.000000,154.367004,0.067916,0.141753
320.000000,154.367004,0.053671,0.138944
321.000000,154.367004,0.039299,0.119999
322.000000,154.367004,0.024836,0.110657
323.000000,154.367004,0.010313,0.102709
324.000000,154.367004,-0.004233,0.085097
325.000000,154.367004,-0.018770,0.073895
326.000000,154.367004,-0.033262,0.066706
327.000000,154.367004,-0.047677,0.049901
328.000000,154.367004,-0.061979,0.042639
329.000000,154.367004,-0.076135,0.031025
330.000000,154.367004,-0.090112,0.016785
331.000000,154.367004,-0.103877,0.011604
332.000000,154.367004,-0.117398,-0.010150
333.000000,154.367004,-0.130643,-0.019230
334.000000,154.367004,-0.143581,-0.028073
335.000000,154.367004,-0.156181,-0.049345
336.000000,154.367004,-0.168414,-0.020078
337.000000,154.367004,-0.180250,-0.059782
338.000000,154.367004,-0.191664,-0.081187
339.000000,154.367004,-0.202626,-0.089782
340.000000,154.367004,-0.213112,-0.091770
341.000000,154.367004,-0.223097,-0.116089
342.000000,154.367004,-0.232558,-0.123571
343.000000,154.367004,-0.241472,-0.130920
344.000000,154.367004,-0.249818,-0.143698
345.000000,154.367004,-0.257577,-0.152293
346.000000,154.367004,-0.264730,-0.158822
347.000000,154.367004,-0.271261,-0.170853
348.000000,154.367004,-0.277154,-0.177148
349.000000,154.367004,-0.282394,-0.186476
350.000000,154.367004,-0.286970,-0.200102
351.000000,154.367004,-0.290871,-0.203497
352.000000,154.367004,-0.294088,-0.213503
353.000000,154.367004,-0.296614,-0.216623
354.000000,154.367004,-0.298442,-0.218098
355.000000,154.367004,-0.299569,-0.224416
356.000000,154.367004,-0.299991,-0.231664
357.000000,154.367004,-0.299708,-0.239613
358.000000,154.367004,-0.298721,-0.243911
359.000000,154.367004,-0.297031,-0.242312
360.000000,154.367004,-0.294643,-0.240887
361.000000,154.367004,-0.291562,-0.253665
362.000000,154.367004,-0.287796,-0.248639
363.000000,154.367004,-0.283353,-0.247887
364.000000,154.367004,-0.278244,-0.259759
365.000000,154.367004,-0.272481,-0.252213
366.000000,154.367004,-0.266077,-0.241487
367.000000,154.367004,-0.259047,-0.248891
368.000000,154.367004,-0.251409,-0.243132
369.000000,154.367004,-0.243178,-0.239920
370.000000,154.367004,-0.234375,-0.241977
371.000000,154.367004,-0.225021,-0.242385
372.000000,154.367004,-0.215138,-0.228539
373.000000,154.367004,-0.204749,-0.228957
374.000000,154.367004,-0.193879,-0.220517
375.000000,154.367004,-0.182553,-0.216705
376.000000,154.367004,-0.170798,-0.210355
377.000000,154.367004,-0.158641,-0.200056
378.000000,154.367004,-0.146112,-0.186650
379.000000,154.367004,-0.133238,-0.180300
380.000000,154.367004,-0.120052,-0.172754
381.000000,154.367004,-0.106584,-0.163582
382.000000,154.367004,-0.092864,-0.161552
383.000000,154.367004,-0.078927,-0.149100
384.000000,154.367004,-0.064804,-0.138626
385.000000,154.367004,-0.050528,-0.126517
386.000000,154.367004,-0.036134,-0.121505
387.000000,154.367004,-0.021654,-0.109249
388.000000,154.367004,-0.007124,-0.093475
389.000000,154.367004,0.007423,-0.086249
390.000000,154.367004,0.021953,-0.078081
391.000000,154.367004,0.036431,-0.067300
392.000000,154.367004,0.050824,-0.049954
393.000000,154.367004,0.065097,-0.042945
394.000000,154.367004,0.079216,-0.028325
395.000000,154.367004,0.093150,-0.011052
396.000000,154.367004,0.106864,-0.008949
397.000000,154.367004,0.120327,0.007531
398.000000,154.367004,0.133507,0.021830
399.000000,154.367004,0.146374,0.033467
400.000000,154.367004,0.158896,0.046667
401.000000,154.367004,0.171044,0.055312
402.000000,154.367004,0.182791,0.067169
403.000000,154.367004,0.194107,0.076355
404.000000,154.367004,0.204968,0.091401
405.000000,154.367004,0.215346,0.099831
406.000000,154.367004,0.225219,0.112811
407.000000,154.367004,0.234561,0.123550
408.000000,154.367004,0.243353,0.128773
409.000000,154.367004,0.251572,0.142339
410.000000,154.367004,0.259200,0.148359
411.000000,154.367004,0.266217,0.161055
412.000000,154.367004,0.272607,0.173654
413.000000,154.367004,0.278357,0.175349
414.000000,154.367004,0.283453,0.193043
415.000000,154.367004,0.287881,0.198408
416.000000,154.367004,0.291633,0.197451
417.000000,154.367004,0.294700,0.208057
418.000000,154.367004,0.297073,0.221463
419.000000,154.367004,0.298749,0.219552
420.000000,154.367004,0.299721,0.227772
421.000000,154.367004,0.299989,0.235524
422.000000,154.367004,0.299552,0.234287
423.000000,154.367004,0.298411,0.238932
424.000000,154.367004,0.296568,0.245044
425.000000,154.367004,0.294027,0.241200
426.000000,154.367004,0.290796,0.245773
427.000000,154.367004,0.286880,0.256205
428.000000,154.367004,0.282291,0.247088
429.000000,154.367004,0.277037,0.254560
430.000000,154.367004,0.271132,0.252485
431.000000,154.367004,0.264590,0.246267
432.000000,154.367004,0.257423,0.253067
433.000000,154.367004,0.249652,0.250405
434.000000,154.367004,0.241294,0.238153
435.000000,154.367004,0.232368,0.239079
436.000000,154.367004,0.222896,0.233737
437.000000,154.367004,0.212900,0.226846
438.000000,154.367004,0.202404,0.224271
439.000000,154.367004,0.191432,0.223690
440.000000,154.367004,0.180009,0.212552
441.000000,154.367004,0.168164,0.204924
442.000000,154.367004,0.155923,0.199215
443.000000,154.367004,0.143316,0.188970
444.000000,154.367004,0.130371,0.183715
445.000000,154.367004,0.117120,0.178767
446.000000,154.367004,0.103594,0.158755
447.000000,154.367004,0.089824,0.148666
448.000000,154.367004,0.075843,0.142046
449.000000,154.367004,0.061683,0.133666
450.000000,154.367004,0.047379,0.129671
451.000000,154.367004,0.032963,0.111005
452.000000,154.367004,0.018469,0.106658
453.000000,154.367004,0.003932,0.099822
454.000000,154.367004,-0.010615,0.080117
455.000000,154.367004,-0.025136,0.070408
456.000000,154.367004,-0.039598,0.064173
457.000000,154.367004,-0.053967,0.044848
458.000000,154.367004,-0.068209,0.035579
459.000000,154.367004,-0.082291,0.031131
460.000000,154.367004,-0.096179,0.009652
461.000000,154.367004,-0.109841,0.000237
462.000000,154.367004,-0.123245,-0.009192
463.000000,154.367004,-0.136359,-0.027317
464.000000,154.367004,-0.149153,-0.037039
465.000000,154.367004,-0.161595,-0.046761
466.000000,154.367004,-0.173658,-0.057606
467.000000,154.367004,-0.185313,-0.068588
468.000000,154.367004,-0.196532,-0.083290
469.000000,154.367004,-0.207289,-0.094588
470.000000,154.367004,-0.217559,-0.104603
471.000000,154.367004,-0.227317,-0.117491
472.000000,154.367004,-0.236541,-0.126737
473.000000,154.367004,-0.245208,-0.132519
474.000000,154.367004,-0.253297,-0.149805
475.000000,154.367004,-0.260791,-0.157479
476.000000,154.367004,-0.267672,-0.166015
477.000000,154.367004,-0.273923,-0.176053
478.000000,154.367004,-0.279531,-0.179508
479.000000,154.367004,-0.284481,-0.183443
480.000000,154.367004,-0.288762,-0.200908
481.000000,154.367004,-0.292365,-0.204963
482.000000,154.367004,-0.295280,-0.208151
483.000000,154.367004,-0.297501,-0.220330
484.000000,154.367004,-0.299022,-0.224091
485.000000,154.367004,-0.299841,-0.226606
486.000000,154.367004,-0.299954,-0.236397
487.000000,154.367004,-0.299363,-0.245065
488.000000,154.367004,-0.298067,-0.238880
489.000000,154.367004,-0.296071,-0.252611
490.000000,154.367004,-0.293379,-0.245739
491.000000,154.367004,-0.289997,-0.242673
492.000000,154.367004,-0.285933,-0.251058
493.000000,154.367004,-0.281196,-0.249166
494.000000,154.367004,-0.275797,-0.244827
495.000000,154.367004,-0.269750,-0.252625
496.000000,154.367004,-0.263068,-0.250659
497.000000,154.367004,-0.255768,-0.251800
498.000000,154.367004,-0.247866,-0.240731
499.000000,154.367004,-0.239382,-0.241446
500.000000,154.367004,-0.230335,-0.248392
501.000000,154.367004,-0.220746,-0.238651
502.000000,154.367004,-0.210639,-0.223458
503.000000,154.367004,-0.200036,-0.223376
504.000000,154.367004,-0.188963,-0.215084
505.000000,154.367004,-0.177446,-0.203684
506.000000,154.367004,-0.165511,-0.204995
507.000000,154.367004,-0.153188,-0.198636
508.000000,154.367004,-0.140504,-0.182183
509.000000,154.367004,-0.127490,-0.183274
510.000000,154.367004,-0.114176,-0.173194
511.000000,154.367004,-0.100594,-0.159862
512.000000,154.367004,-0.086775,-0.159005
513.000000,154.367004,-0.072752,-0.146099
514.000000,154.367004,-0.058557,-0.133220
515.000000,154.367004,-0.044225,-0.124043
516.000000,154.367004,-0.029789,-0.113817
517.000000,154.367004,-0.015283,-0.100118
518.000000,154.367004,-0.000741,-0.090121
519.000000,154.367004,0.013803,-0.082648
520.000000,154.367004,0.028314,-0.067456
521.000000,154.367004,0.042759,-0.060286
522.000000,154.367004,0.057103,-0.043293
523.000000,154.367004,0.071312,-0.031440
524.000000,154.367004,0.085355,-0.023830
525.000000,154.367004,0.099196,-0.015244
526.000000,154.367004,0.112804,0.000723
527.000000,154.367004,0.126147,0.011952
528.000000,154.367004,0.139194,0.026338
529.000000,154.367004,0.151913,0.029440
530.000000,154.367004,0.164275,0.043427
531.000000,154.367004,0.176251,0.063527
532.000000,154.367004,0.187813,0.069982
533.000000,154.367004,0.198933,0.078976
534.000000,154.367004,0.209585,0.091488
535.000000,154.367004,0.219744,0.101398
536.000000,154.367004,0.229386,0.114304
537.000000,154.367004,0.238488,0.130537
538.000000,154.367004,0.247030,0.133313
539.000000,154.367004,0.254990,0.147186
540.000000,154.367004,0.262351,0.161339
541.000000,154.367004,0.269096,0.162255
542.000000,154.367004,0.275207,0.176202
543.000000,154.367004,0.280672,0.185301
544.000000,154.367004,0.285477,0.189630
545.000000,154.367004,0.289610,0.200149
546.000000,154.367004,0.293063,0.211017
547.000000,154.367004,0.295827,0.212992
548.000000,154.367004,0.297895,0.217404
549.000000,154.367004,0.299263,0.220432
550.000000,154.367004,0.299927,0.230686
551.000000,154.367004,0.299886,0.235464
552.000000,154.367004,0.299140,0.234360
553.000000,154.367004,0.297691,0.242886
554.000000,154.367004,0.295542,0.249072
555.000000,154.367004,0.292698,0.248494
556.000000,154.367004,0.289164,0.251880
557.000000,154.367004,0.284950,0.244078
558.000000,154.367004,0.280066,0.247894
559.000000,154.367004,0.274524,0.251427
560.000000,154.367004,0.268336,0.255459
561.000000,154.367004,0.261517,0.248861
562.000000,154.367004,0.254084,0.249640
563.000000,154.367004,0.246053,0.245791
564.000000,154.367004,0.237444,0.237700
565.000000,154.367004,0.228277,0.239885
566.000000,154.367004,0.218572,0.237411
567.000000,154.367004,0.208354,0.224972
568.000000,154.367004,0.197646,0.222544
569.000000,154.367004,0.186474,0.210605
570.000000,154.367004,0.174863,0.209564
571.000000,154.367004,0.162841,0.203256
572.000000,154.367004,0.150435,0.190230
573.000000,154.367004,0.137677,0.187903
574.000000,154.367004,0.124594,0.181887
575.000000,154.367004,0.111218,0.166795
576.000000,154.367004,0.097581,0.158054
577.000000,154.367004,0.083714,0.155466
578.000000,154.367004,0.069650,0.139040
579.000000,154.367004,0.055422,0.133125
580.000000,154.367004,0.041064,0.126217
581.000000,154.367004,0.026610,0.103478
582.000000,154.367004,0.012093,0.097710
583.000000,154.367004,-0.002452,0.094521
584.000000,154.367004,-0.016992,0.076690
585.000000,154.367004,-0.031491,0.067641
586.000000,154.367004,-0.045916,0.055706
587.000000,154.367004,-0.060234,0.040894
588.000000,154.367004,-0.074410,0.032812
589.000000,154.367004,-0.088411,0.014618
590.000000,154.367004,-0.102204,0.008071
591.000000,154.367004,-0.115757,-0.002104
592.000000,154.367004,-0.129037,-0.020843
593.000000,154.367004,-0.142015,-0.028984
594.000000,154.367004,-0.154659,-0.037680
595.000000,154.367004,-0.166939,-0.056932
596.000000,154.367004,-0.178826,-0.063447
597.000000,154.367004,-0.190293,-0.068789
598.000000,154.367004,-0.201312,-0.089901
599.000000,154.367004,-0.211857,-0.100356
600.000000,154.367004,-0.221904,-0.100118
601.000000,154.367004,-0.231429,-0.121523
602.000000,154.367004,-0.240410,-0.132725
603.000000,154.367004,-0.248826,-0.133073
604.000000,154.367004,-0.256657,-0.149952
605.000000,154.367004,-0.263884,-0.158927
606.000000,154.367004,-0.270491,-0.171421
607.000000,154.367004,-0.276462,-0.173914
608.000000,154.367004,-0.281783,-0.184309
609.000000,154.367004,-0.286442,-0.193995
610.000000,154.367004,-0.290427,-0.195722
611.000000,154.367004,-0.293730,-0.201664
612.000000,154.367004,-0.296341,-0.216009
613.000000,154.367004,-0.298256,-0.220957
614.000000,154.367004,-0.299470,-0.221465
615.000000,154.367004,-0.299980,-0.233497
616.000000,154.367004,-0.299785,-0.234505
617.000000,154.367004,-0.298885,-0.243787
618.000000,154.367004,-0.297281,-0.249711
619.000000,154.367004,-0.294977,-0.251466
620.000000,154.367004,-0.291979,-0.243420
621.000000,154.367004,-0.288295,-0.248378
622.000000,154.367004,-0.283934,-0.247526
623.000000,154.367004,-0.278904,-0.246321
624.000000,154.367004,-0.273220,-0.259978
625.000000,154.367004,-0.266892,-0.251612
626.000000,154.367004,-0.259938,-0.246467
627.000000,154.367004,-0.252372,-0.246811
628.000000,154.367004,-0.244213,-0.253619
629.000000,154.367004,-0.235480,-0.238880
630.000000,154.367004,-0.226193,-0.238037
631.000000,154.367004,-0.216374,-0.230638
632.000000,154.367004,-0.206047,-0.226079
633.000000,154.367004,-0.195235,-0.221443
634.000000,154.367004,-0.183964,-0.209503
635.000000,154.367004,-0.172260,-0.203464
636.000000,154.367004,-0.160152,-0.202475
637.000000,154.367004,-0.147667,-0.193142
638.000000,154.367004,-0.134834,-0.183296
639.000000,154.367004,-0.121684,-0.178074
640.000000,154.367004,-0.108248,-0.165694
641.000000,154.367004,-0.094557,-0.153727
642.000000,154.367004,-0.080644,-0.153892
643.000000,154.367004,-0.066542,-0.139432
644.000000,154.367004,-0.052283,-0.136198
645.000000,154.367004,-0.037901,-0.120717
646.000000,154.367004,-0.023430,-0.104924
0.000000,161.216995,0.010895,-0.084435
1.000000,161.216995,0.026058,-0.067382
2.000000,161.216995,0.041155,-0.064006
3.000000,161.216995,0.056146,-0.052667
4.000000,161.216995,0.070993,-0.029507
5.000000,161.216995,0.085658,-0.029484
6.000000,161.216995,0.100104,-0.015244
7.000000,161.216995,0.114293,-0.001884
8.000000,161.216995,0.128190,0.009579
9.000000,161.216995,0.141757,0.024932
10.000000,161.216995,0.154959,0.035639
11.000000,161.216995,0.167764,-0.074947
12.000000,161.216995,0.180140,0.061974
13.000000,161.216995,0.192053,0.085536
14.000000,161.216995,0.203475,0.096990
15.000000,161.216995,0.214376,0.106236
16.000000,161.216995,0.224727,0.115005
17.000000,161.216995,0.234499,0.130166
18.000000,161.216995,0.243669,0.144832
19.000000,161.216995,0.252215,0.144240
20.000000,161.216995,0.260114,0.155740
21.000000,161.216995,0.267348,0.166993
22.000000,161.216995,0.273896,0.169402
23.000000,161.216995,0.279742,0.178882
24.000000,161.216995,0.284872,0.190281
25.000000,161.216995,0.289266,0.192910
26.000000,161.216995,0.292919,0.201276
27.000000,161.216995,0.295822,0.214916
28.000000,161.216995,0.297967,0.205565
29.000000,161.216995,0.299348,0.229705
30.000000,161.216995,0.299962,0.229050
31.000000,161.216995,0.299808,0.230713
32.000000,161.216995,0.298884,0.247853
33.000000,161.216995,0.297190,0.244751
34.000000,161.216995,0.294735,0.240160
35.000000,161.216995,0.291524,0.244953
36.000000,161.216995,0.287567,0.248778
37.000000,161.216995,0.282872,0.247000
38.000000,161.216995,0.277453,0.247473
39.000000,161.216995,0.271323,0.248132
40.000000,161.216995,0.264496,0.245287
41.000000,161.216995,0.256988,0.252233
42.000000,161.216995,0.248821,0.241466
43.000000,161.216995,0.240017,0.244760
44.000000,161.216995,0.230598,0.241278
45.000000,161.216995,0.220589,0.231079
46.000000,161.216995,0.210014,0.226965
47.000000,161.216995,0.198900,0.226457
48.000000,161.216995,0.187275,0.215172
49.000000,161.216995,0.175169,0.210298
50.000000,161.216995,0.162614,0.207109
51.000000,161.216995,0.149642,0.192397
52.000000,161.216995,0.136287,0.190203
53.000000,161.216995,0.122583,0.180467
54.000000,161.216995,0.108565,0.166502
55.000000,161.216995,0.094268,0.160881
56.000000,161.216995,0.079728,0.151819
57.000000,161.216995,0.064984,0.138674
58.000000,161.216995,0.050074,0.135806
59.000000,161.216995,0.035035,0.123317
60.000000,161.216995,0.019906,0.102731
61.000000,161.216995,0.004727,0.093096
62.000000,161.216995,-0.010465,0.089834
63.000000,161.216995,-0.025630,0.069029
64.000000,161.216995,-0.040730,0.067568
65.000000,161.216995,-0.055724,0.054419
66.000000,161.216995,-0.070576,0.031827
67.000000,161.216995,-0.085246,0.028959
68.000000,161.216995,-0.099699,0.015297
69.000000,161.216995,-0.113895,0.000425
70.000000,161.216995,-0.127801,-0.010411
71.000000,161.216995,-0.141378,0.001644
72.000000,161.216995,-0.154592,-0.036558
73.000000,161.216995,-0.167408,-0.047700
74.000000,161.216995,-0.179796,-0.069760
75.000000,161.216995,-0.191723,-0.078534
76.000000,161.216995,-0.203158,-0.089823
77.000000,161.216995,-0.214074,-0.103582
78.000000,161.216995,-0.224440,-0.107329
79.000000,161.216995,-0.234232,-0.113052
80.000000,161.216995,-0.243419,-0.131791
81.000000,161.216995,-0.251983,-0.138892
82.000000,161.216995,-0.259900,-0.143120
83.000000,161.216995,-0.267152,-0.161699
84.000000,161.216995,-0.273719,-0.165607
85.000000,161.216995,-0.279585,-0.174449
86.000000,161.216995,-0.284735,-0.189821
87.000000,161.216995,-0.289154,-0.198342
88.000000,161.216995,-0.292828,-0.195057
89.000000,161.216995,-0.295751,-0.207529
90.000000,161.216995,-0.297917,-0.219257
91.000000,161.216995,-0.299319,-0.220279
92.000000,161.216995,-0.299954,-0.233057
93.000000,161.216995,-0.299821,-0.223724
94.000000,161.216995,-0.298920,-0.234253
95.000000,161.216995,-0.297251,-0.246371
96.000000,161.216995,-0.294816,-0.244186
97.000000,161.216995,-0.291626,-0.247860
98.000000,161.216995,-0.287689,-0.247425
99.000000,161.216995,-0.283015,-0.250000
100.000000,161.216995,-0.277615,-0.272193
101.000000,161.216995,-0.271504,-0.250559
102.000000,161.216995,-0.264698,-0.243847
103.000000,161.216995,-0.257211,-0.248598
104.000000,161.216995,-0.249062,-0.244392
105.000000,161.216995,-0.240275,-0.237460
106.000000,161.216995,-0.230873,-0.252552
107.000000,161.216995,-0.220879,-0.233758
108.000000,161.216995,-0.210319,-0.223106
109.000000,161.216995,-0.199221,-0.221896
110.000000,161.216995,-0.187611,-0.215390
111.000000,161.216995,-0.175519,-0.205471
112.000000,161.216995,-0.162976,-0.204115
113.000000,161.216995,-0.150015,-0.200289
114.000000,161.216995,-0.136670,-0.187649
115.000000,161.216995,-0.122975,-0.178674
116.000000,161.216995,-0.108965,-0.164814
117.000000,161.216995,-0.094675,-0.163646
118.000000,161.216995,-0.080143,-0.151899
119.000000,161.216995,-0.065404,-0.135813
120.000000,161.216995,-0.050497,-0.131044
121.000000,161.216995,-0.035462,-0.116790
122.000000,161.216995,-0.020335,-0.102491
123.000000,161.216995,-0.005156,-0.095628
124.000000,161.216995,0.010036,-0.087922
125.000000,161.216995,0.025202,-0.067456
126.000000,161.216995,0.040304,-0.060359
127.000000,161.216995,0.055302,-0.050880
128.000000,161.216995,0.070158,-0.036727
129.000000,161.216995,0.084834,-0.030364
130.000000,161.216995,0.099293,-0.014044
131.000000,161.216995,0.113497,0.001075
132.000000,161.216995,0.127411,0.010252
133.000000,161.216995,0.140998,0.025985
134.000000,161.216995,0.154224,0.035598
135.000000,161.216995,0.167053,0.041434
136.000000,161.216995,0.179452,0.063188
137.000000,161.216995,0.191392,0.083741
138.000000,161.216995,0.202842,0.082050
139.000000,161.216995,0.213772,0.097857
140.000000,161.216995,0.224154,0.110823
141.000000,161.216995,0.233962,0.116499
142.000000,161.216995,0.243170,0.127018
143.000000,161.216995,0.251751,0.140452
144.000000,161.216995,0.259686,0.146921
145.000000,161.216995,0.266956,0.160414
146.000000,161.216995,0.273543,0.158301
147.000000,161.216995,0.279428,0.178382
148.000000,161.216995,0.284597,0.190455
149.000000,161.216995,0.289038,0.191137
150.000000,161.216995,0.292736,0.201817
151.000000,161.216995,0.295680,0.212616
152.000000,161.216995,0.297867,0.211292
153.000000,161.216995,0.299290,0.223011
154.000000,161.216995,0.299946,0.233737
155.000000,161.216995,0.299834,0.232500
156.000000,161.216995,0.298954,0.238039
157.000000,161.216995,0.297307,0.246905
158.000000,161.216995,0.294897,0.240394
159.000000,161.216995,0.291728,0.249653
160.000000,161.216995,0.287811,0.252265
161.000000,161.216995,0.283157,0.252668
162.000000,161.216995,0.277777,0.252700
163.000000,161.216995,0.271686,0.252338
164.000000,161.216995,0.264898,0.246927
165.000000,161.216995,0.257432,0.249493
166.000000,161.216995,0.249303,0.250771
167.000000,161.216995,0.240533,0.242314
168.000000,161.216995,0.231148,0.239446
169.000000,161.216995,0.221170,0.235597
170.000000,161.216995,0.210625,0.225279
171.000000,161.216995,0.199541,0.224711
172.000000,161.216995,0.187945,0.218490
173.000000,161.216995,0.175868,0.207352
174.000000,161.216995,0.163337,0.198683
175.000000,161.216995,0.150388,0.199142
176.000000,161.216995,0.137053,0.191870
177.000000,161.216995,0.123367,0.183715
178.000000,161.216995,0.109365,0.169087
179.000000,161.216995,0.095082,0.160688
180.000000,161.216995,0.080556,0.153427
181.000000,161.216995,0.065824,0.141459
182.000000,161.216995,0.050921,0.132333
183.000000,161.216995,0.035888,0.120077
184.000000,161.216995,0.020764,0.104591
185.000000,161.216995,0.005586,0.092963
186.000000,161.216995,-0.009606,0.089775
187.000000,161.216995,-0.024774,0.078110
188.000000,161.216995,-0.039878,0.068548
189.000000,161.216995,-0.054880,0.057919
190.000000,161.216995,-0.069741,0.037261
191.000000,161.216995,-0.084422,0.027025
192.000000,161.216995,-0.098888,0.018036
193.000000,161.216995,-0.113099,-0.001436
194.000000,161.216995,-0.127021,-0.011964
195.000000,161.216995,-0.140618,-0.018712
196.000000,161.216995,-0.153855,-0.036631
197.000000,161.216995,-0.166697,-0.044566
198.000000,161.216995,-0.179109,-0.057427
199.000000,161.216995,-0.191062,-0.071680
200.000000,161.216995,-0.202525,-0.083862
201.000000,161.216995,-0.213470,-0.098088
202.000000,161.216995,-0.223867,-0.110083
203.000000,161.216995,-0.233691,-0.114458
204.000000,161.216995,-0.242916,-0.131044
205.000000,161.216995,-0.251518,-0.138512
206.000000,161.216995,-0.259472,-0.145420
207.000000,161.216995,-0.266761,-0.160806
208.000000,161.216995,-0.273366,-0.167687
209.000000,161.216995,-0.279271,-0.170202
210.000000,161.216995,-0.284460,-0.187814
211.000000,161.216995,-0.288921,-0.194402
212.000000,161.216995,-0.292641,-0.196844
213.000000,161.216995,-0.295609,-0.210882
214.000000,161.216995,-0.297817,-0.214717
215.000000,161.216995,-0.299261,-0.216558
216.000000,161.216995,-0.299938,-0.228063
217.000000,161.216995,-0.299847,-0.229598
218.000000,161.216995,-0.298988,-0.235306
219.000000,161.216995,-0.297363,-0.245185
220.000000,161.216995,-0.294975,-0.237858
221.000000,161.216995,-0.291830,-0.245839
222.000000,161.216995,-0.287933,-0.244745
223.000000,161.216995,-0.283299,-0.247773
224.000000,161.216995,-0.277939,-0.255012
225.000000,161.216995,-0.271867,-0.251452
226.000000,161.216995,-0.265098,-0.245413
227.000000,161.216995,-0.257650,-0.253431
228.000000,161.216995,-0.249542,-0.246105
229.000000,161.216995,-0.240792,-0.239320
230.000000,161.216995,-0.231422,-0.239751
231.000000,161.216995,-0.221460,-0.235325
232.000000,161.216995,-0.210931,-0.226533
233.000000,161.216995,-0.199861,-0.232677
234.000000,161.216995,-0.188279,-0.216577
235.000000,161.216995,-0.176214,-0.203538
236.000000,161.216995,-0.163698,-0.203662
237.000000,161.216995,-0.150760,-0.190462
238.000000,161.216995,-0.137435,-0.183370
239.000000,161.216995,-0.123759,-0.177927
240.000000,161.216995,-0.109765,-0.172241
241.000000,161.216995,-0.095490,-0.163687
242.000000,161.216995,-0.080970,-0.152632
243.000000,161.216995,-0.066242,-0.141746
244.000000,161.216995,-0.051345,-0.138191
245.000000,161.216995,-0.036315,-0.119164
246.000000,161.216995,-0.021193,-0.103224
247.000000,161.216995,-0.006016,-0.097928
248.000000,161.216995,0.009177,-0.087175
249.000000,161.216995,0.024345,-0.070942
250.000000,161.216995,0.039452,-0.069586
251.000000,161.216995,0.054457,-0.044479
252.000000,161.216995,0.069323,-0.033974
253.000000,161.216995,0.084010,-0.030744
254.000000,161.216995,0.098482,-0.020298
255.000000,161.216995,0.112701,0.001295
256.000000,161.216995,0.126632,0.008319
257.000000,161.216995,0.140238,0.021825
258.000000,161.216995,0.153485,0.039245
259.000000,161.216995,0.166338,0.050501
260.000000,161.216995,0.178765,0.061021
261.000000,161.216995,0.190731,0.070427
262.000000,161.216995,0.202209,0.083676
263.000000,161.216995,0.213168,0.097023
264.000000,161.216995,0.223581,0.101590
265.000000,161.216995,0.233421,0.119459
266.000000,161.216995,0.242663,0.132498
267.000000,161.216995,0.251283,0.135773
268.000000,161.216995,0.259258,0.143787
269.000000,161.216995,0.266565,0.161573
270.000000,161.216995,0.273190,0.166282
271.000000,161.216995,0.279114,0.176362
272.000000,161.216995,0.284323,0.188948
273.000000,161.216995,0.288803,0.193730
274.000000,161.216995,0.292544,0.203137
275.000000,161.216995,0.295535,0.213423
276.000000,161.216995,0.297767,0.214265
277.000000,161.216995,0.299232,0.222411
278.000000,161.216995,0.299930,0.234557
279.000000,161.216995,0.299861,0.231739
280.000000,161.216995,0.299022,0.239285
281.000000,161.216995,0.297418,0.241219
282.000000,161.216995,0.295051,0.244833
283.000000,161.216995,0.291929,0.252819
284.000000,161.216995,0.288055,0.244467
285.000000,161.216995,0.283441,0.251074
286.000000,161.216995,0.278101,0.254285
287.000000,161.216995,0.272048,0.247601
288.000000,161.216995,0.265299,0.248980
289.000000,161.216995,0.257869,0.256732
290.000000,161.216995,0.249779,0.241200
291.000000,161.216995,0.241048,0.242873
292.000000,161.216995,0.231697,0.245791
293.000000,161.216995,0.221751,0.233393
294.000000,161.216995,0.211236,0.226805
295.000000,161.216995,0.200181,0.225476
296.000000,161.216995,0.188613,0.217399
297.000000,161.216995,0.176561,0.211924
298.000000,161.216995,0.164057,0.208442
299.000000,161.216995,0.151132,0.194404
300.000000,161.216995,0.137818,0.189676
301.000000,161.216995,0.124150,0.182694
302.000000,161.216995,0.110165,0.165229
303.000000,161.216995,0.095897,0.164221
304.000000,161.216995,0.081383,0.152639
305.000000,161.216995,0.066661,0.140080
306.000000,161.216995,0.051768,0.132892
307.000000,161.216995,0.036742,0.117851
308.000000,161.216995,0.021621,0.108458
309.000000,161.216995,0.006445,0.095983
310.000000,161.216995,-0.008747,0.055587
311.000000,161.216995,-0.023917,0.077276
312.000000,161.216995,-0.039026,0.069707
313.000000,161.216995,-0.054034,0.049988
314.000000,161.216995,-0.068905,0.043194
315.000000,161.216995,-0.083598,0.029884
316.000000,161.216995,-0.098077,0.016652
317.000000,161.216995,-0.112303,0.036912
318.000000,161.216995,-0.126242,-0.005765
319.000000,161.216995,-0.139858,-0.026804
320.000000,161.216995,-0.153115,-0.030565
321.000000,161.216995,-0.165979,-0.044461
322.000000,161.216995,-0.178419,-0.060799
323.000000,161.216995,-0.190401,-0.073641
324.000000,161.216995,-0.201892,-0.081590
325.000000,161.216995,-0.212866,-0.099642
326.000000,161.216995,-0.223294,-0.108837
327.000000,161.216995,-0.233150,-0.115819
328.000000,161.216995,-0.242409,-0.131850
329.000000,161.216995,-0.251046,-0.136285
330.000000,161.216995,-0.259041,-0.148701
331.000000,161.216995,-0.266370,-0.161172
332.000000,161.216995,-0.273013,-0.166500
333.000000,161.216995,-0.278957,-0.167229
334.000000,161.216995,-0.284186,-0.185954
335.000000,161.216995,-0.288686,-0.193802
336.000000,161.216995,-0.292447,-0.198104
337.000000,161.216995,-0.295459,-0.213856
338.000000,161.216995,-0.297714,-0.218217
339.000000,161.216995,-0.299203,-0.221539
340.000000,161.216995,-0.299923,-0.227257
341.000000,161.216995,-0.299874,-0.231472
342.000000,161.216995,-0.299057,-0.243498
343.000000,161.216995,-0.297473,-0.242518
344.000000,161.216995,-0.295128,-0.244506
345.000000,161.216995,-0.292026,-0.255218
346.000000,161.216995,-0.288176,-0.248772
347.000000,161.216995,-0.283584,-0.243187
348.000000,161.216995,-0.278263,-0.250898
349.000000,161.216995,-0.272230,-0.249079
350.000000,161.216995,-0.265499,-0.242147
351.000000,161.216995,-0.258088,-0.249491
352.000000,161.216995,-0.250015,-0.247892
353.000000,161.216995,-0.241302,-0.238133
354.000000,161.216995,-0.231971,-0.243837
355.000000,161.216995,-0.222041,-0.234725
356.000000,161.216995,-0.211542,-0.226826
357.000000,161.216995,-0.200501,-0.227096
358.000000,161.216995,-0.188947,-0.218511
359.000000,161.216995,-0.176908,-0.205178
360.000000,161.216995,-0.164416,-0.208569
361.000000,161.216995,-0.151502,-0.196702
362.000000,161.216995,-0.138200,-0.183970
363.000000,161.216995,-0.124542,-0.188181
364.000000,161.216995,-0.110565,-0.170441
365.000000,161.216995,-0.096304,-0.154881
366.000000,161.216995,-0.081797,-0.156119
367.000000,161.216995,-0.067080,-0.144106
368.000000,161.216995,-0.052191,-0.127126
369.000000,161.216995,-0.037168,-0.119810
370.000000,161.216995,-0.022050,-0.113524
371.000000,161.216995,-0.006875,-0.094757
372.000000,161.216995,0.008318,-0.088114
373.000000,161.216995,0.023489,-0.077668
374.000000,161.216995,0.038599,-0.059548
375.000000,161.216995,0.053611,-0.054779
376.000000,161.216995,0.068486,-0.039279
377.000000,161.216995,0.083185,0.002349
378.000000,161.216995,0.097671,-0.017737
379.000000,161.216995,0.111905,-0.004537
380.000000,161.216995,0.125853,-0.003983
381.000000,161.216995,0.139477,0.019832
382.000000,161.216995,0.152745,0.034952
383.000000,161.216995,0.165621,0.042401
384.000000,161.216995,0.178072,0.056654
385.000000,161.216995,0.190068,0.071027
386.000000,161.216995,0.201575,0.077963
387.000000,161.216995,0.212564,0.093623
388.000000,161.216995,0.223007,0.107996
389.000000,161.216995,0.232879,0.114565
390.000000,161.216995,0.242155,0.125392
391.000000,161.216995,0.250810,0.141698
392.000000,161.216995,0.258822,0.151241
393.000000,161.216995,0.266171,0.157307
394.000000,161.216995,0.272837,0.169526
395.000000,161.216995,0.278800,0.171716
396.000000,161.216995,0.284048,0.179042
397.000000,161.216995,0.288569,0.196388
398.000000,161.216995,0.292351,0.202811
399.000000,161.216995,0.295383,0.209244
400.000000,161.216995,0.297659,0.218109
401.000000,161.216995,0.299172,0.216799
402.000000,161.216995,0.299915,0.229778
403.000000,161.216995,0.299887,0.235744
404.000000,161.216995,0.299091,0.235840
405.000000,161.216995,0.297528,0.246666
406.000000,161.216995,0.295204,0.242378
407.000000,161.216995,0.292122,0.234346
408.000000,161.216995,0.288293,0.247473
409.000000,161.216995,0.283724,0.247106
410.000000,161.216995,0.278425,0.251687
411.000000,161.216995,0.272411,0.249553
412.000000,161.216995,0.265699,0.248600
413.000000,161.216995,0.258306,0.248100
414.000000,161.216995,0.250252,0.246859
415.000000,161.216995,0.241556,0.238900
416.000000,161.216995,0.232241,0.241553
417.000000,161.216995,0.222331,0.237544
418.000000,161.216995,0.211848,0.223199
419.000000,161.216995,0.200821,0.224432
420.000000,161.216995,0.189280,0.217450
421.000000,161.216995,0.177254,0.209505
422.000000,161.216995,0.164774,0.205377
423.000000,161.216995,0.151872,0.202862
424.000000,161.216995,0.138581,0.188224
425.000000,161.216995,0.124934,0.179482
426.000000,161.216995,0.110964,0.176440
427.000000,161.216995,0.096711,0.158535
428.000000,161.216995,0.082210,0.151053
429.000000,161.216995,0.067498,0.142738
430.000000,161.216995,0.052614,0.131160
431.000000,161.216995,0.037594,0.118025
432.000000,161.216995,0.022478,0.114689
433.000000,161.216995,0.007304,0.098411
434.000000,161.216995,-0.007888,0.089963
435.000000,161.216995,-0.023060,0.076988
436.000000,161.216995,-0.038173,0.064329
437.000000,161.216995,-0.053188,0.055500
438.000000,161.216995,-0.068067,0.033087
439.000000,161.216995,-0.082772,0.026526
440.000000,161.216995,-0.097264,0.018577
441.000000,161.216995,-0.111507,-0.002989
442.000000,161.216995,-0.125463,-0.013210
443.000000,161.216995,-0.139097,-0.017892
444.000000,161.216995,-0.152375,-0.027463
445.000000,161.216995,-0.165262,-0.048566
446.000000,161.216995,-0.177726,-0.053468
447.000000,161.216995,-0.189734,-0.075767
448.000000,161.216995,-0.201256,-0.085255
449.000000,161.216995,-0.212262,-0.093571
450.000000,161.216995,-0.222721,-0.108576
451.000000,161.216995,-0.232609,-0.114417
452.000000,161.216995,-0.241901,-0.122366
453.000000,161.216995,-0.250573,-0.141531
454.000000,161.216995,-0.258603,-0.146933
455.000000,161.216995,-0.265971,-0.160975
456.000000,161.216995,-0.272657,-0.170033
457.000000,161.216995,-0.278642,-0.181308
458.000000,161.216995,-0.283911,-0.182916
459.000000,161.216995,-0.288452,-0.192061
460.000000,161.216995,-0.292254,-0.200143
461.000000,161.216995,-0.295307,-0.210571
462.000000,161.216995,-0.297603,-0.217063
463.000000,161.216995,-0.299137,-0.219944
464.000000,161.216995,-0.299905,-0.233364
465.000000,161.216995,-0.299900,-0.232924
466.000000,161.216995,-0.299125,-0.231866
467.000000,161.216995,-0.297584,-0.244878
468.000000,161.216995,-0.295280,-0.215684
469.000000,161.216995,-0.292219,-0.242293
470.000000,161.216995,-0.288410,-0.254325
471.000000,161.216995,-0.283862,-0.251012
472.000000,161.216995,-0.278586,-0.254054
473.000000,161.216995,-0.272592,-0.256858
474.000000,161.216995,-0.265899,-0.251246
475.000000,161.216995,-0.258525,-0.247140
476.000000,161.216995,-0.250488,-0.256112
477.000000,161.216995,-0.241810,-0.244919
478.000000,161.216995,-0.232512,-0.236800
479.000000,161.216995,-0.222618,-0.238198
480.000000,161.216995,-0.212153,-0.230798
481.000000,161.216995,-0.201142,-0.226125
482.000000,161.216995,-0.189614,-0.220636
483.000000,161.216995,-0.177601,-0.212504
484.000000,161.216995,-0.165133,-0.210603
485.000000,161.216995,-0.152242,-0.198549
486.000000,161.216995,-0.138961,-0.191910
487.000000,161.216995,-0.125323,-0.183420
488.000000,161.216995,-0.111365,-0.171247
489.000000,161.216995,-0.097118,-0.157621
490.000000,161.216995,-0.082624,-0.152692
491.000000,161.216995,-0.067917,-0.143799
492.000000,161.216995,-0.053037,-0.128533
493.000000,161.216995,-0.038021,-0.120176
494.000000,161.216995,-0.022907,-0.110330
495.000000,161.216995,-0.007734,-0.095284
496.000000,161.216995,0.007458,-0.091688
497.000000,161.216995,0.022632,-0.081388
498.000000,161.216995,0.037747,-0.062989
499.000000,161.216995,0.052765,-0.053446
500.000000,161.216995,0.067648,-0.043966
501.000000,161.216995,0.082358,-0.026432
502.000000,161.216995,0.096857,-0.016843
503.000000,161.216995,0.111108,-0.000670
504.000000,161.216995,0.125074,0.011338
505.000000,161.216995,0.138717,0.023039
506.000000,161.216995,0.152005,0.034732
507.000000,161.216995,0.164903,0.038447
508.000000,161.216995,0.177379,0.054721
509.000000,161.216995,0.189400,0.076607
510.000000,161.216995,0.200936,0.077436
511.000000,161.216995,0.211958,0.095557
512.000000,161.216995,0.222434,0.106209
513.000000,161.216995,0.232338,0.113379
514.000000,161.216995,0.241647,0.124205
515.000000,161.216995,0.250337,0.140804
516.000000,161.216995,0.258385,0.146334
517.000000,161.216995,0.265771,0.161321
518.000000,161.216995,0.272476,0.169820
519.000000,161.216995,0.278483,0.173943
520.000000,161.216995,0.283774,0.205244
521.000000,161.216995,0.288335,0.198468
522.000000,161.216995,0.292157,0.190977
523.000000,161.216995,0.295231,0.204250
524.000000,161.216995,0.297548,0.215429
525.000000,161.216995,0.299103,0.214705
526.000000,161.216995,0.299892,0.222251
527.000000,161.216995,0.299912,0.228258
528.000000,161.216995,0.299159,0.237700
529.000000,161.216995,0.297639,0.241745
530.000000,161.216995,0.295356,0.235345
531.000000,161.216995,0.292316,0.243940
532.000000,161.216995,0.288527,0.249686
533.000000,161.216995,0.283999,0.246561
534.000000,161.216995,0.278743,0.248540
535.000000,161.216995,0.272773,0.254359
536.000000,161.216995,0.266100,0.245521
537.000000,161.216995,0.258744,0.245406
538.000000,161.216995,0.250725,0.246685
539.000000,161.216995,0.242064,0.246194
540.000000,161.216995,0.232782,0.240719
541.000000,161.216995,0.222904,0.237604
542.000000,161.216995,0.212455,0.224312
543.000000,161.216995,0.201462,0.223671
544.000000,161.216995,0.189948,0.223763
545.000000,161.216995,0.177948,0.209358
546.000000,161.216995,0.165492,0.199870
547.000000,161.216995,0.152612,0.201295
548.000000,161.216995,0.139341,0.185630
549.000000,161.216995,0.125713,0.180009
550.000000,161.216995,0.111763,0.175033
551.000000,161.216995,0.097525,0.158242
552.000000,161.216995,0.083037,0.150833
553.000000,161.216995,0.068336,0.150252
554.000000,161.216995,0.053460,0.135100
555.000000,161.216995,0.038447,0.120925
556.000000,161.216995,0.023335,0.113649
557.000000,161.216995,0.008164,0.095071
558.000000,161.216995,-0.007029,0.085202
559.000000,161.216995,-0.022204,0.072667
560.000000,161.216995,-0.037321,0.071036
561.000000,161.216995,-0.052342,0.059527
562.000000,161.216995,-0.067230,0.033879
563.000000,161.216995,-0.081945,0.025486
564.000000,161.216995,-0.096450,0.017171
565.000000,161.216995,-0.110708,-0.002769
566.000000,161.216995,-0.124683,-0.014104
567.000000,161.216995,-0.138337,0.033050
568.000000,161.216995,-0.151635,-0.031930
569.000000,161.216995,-0.164544,-0.051833
570.000000,161.216995,-0.177032,-0.059708
571.000000,161.216995,-0.189066,-0.078360
572.000000,161.216995,-0.200616,-0.087555
573.000000,161.216995,-0.211652,-0.093791
574.000000,161.216995,-0.222145,-0.110569
575.000000,161.216995,-0.232068,-0.120584
576.000000,161.216995,-0.241393,-0.127493
577.000000,161.216995,-0.250100,-0.142498
578.000000,161.216995,-0.258166,-0.151986
579.000000,161.216995,-0.265571,-0.149888
580.000000,161.216995,-0.272295,-0.171146
581.000000,161.216995,-0.278321,-0.175801
582.000000,161.216995,-0.283635,-0.180996
583.000000,161.216995,-0.288218,-0.193394
584.000000,161.216995,-0.292060,-0.199983
585.000000,161.216995,-0.295155,-0.204358
586.000000,161.216995,-0.297493,-0.216683
587.000000,161.216995,-0.299069,-0.225731
588.000000,161.216995,-0.299878,-0.227339
589.000000,161.216995,-0.299920,-0.235137
590.000000,161.216995,-0.299193,-0.236599
591.000000,161.216995,-0.297694,-0.238633
592.000000,161.216995,-0.295432,-0.248905
593.000000,161.216995,-0.292413,-0.248359
594.000000,161.216995,-0.288644,-0.253546
595.000000,161.216995,-0.284136,-0.247191
596.000000,161.216995,-0.278900,-0.248666
597.000000,161.216995,-0.272950,-0.254132
598.000000,161.216995,-0.266300,-0.248845
599.000000,161.216995,-0.258962,-0.246747
600.000000,161.216995,-0.250961,-0.250985
601.000000,161.216995,-0.242318,-0.245285
602.000000,161.216995,-0.233053,-0.230019
603.000000,161.216995,-0.223191,-0.238857
604.000000,161.216995,-0.212757,-0.231751
605.000000,161.216995,-0.201778,-0.221846
606.000000,161.216995,-0.190282,-0.225090
607.000000,161.216995,-0.178295,-0.213750
608.000000,161.216995,-0.165851,-0.199744
609.000000,161.216995,-0.152982,-0.206182
610.000000,161.216995,-0.139721,-0.187402
611.000000,161.216995,-0.126103,-0.175636
612.000000,161.216995,-0.112161,-0.172333
613.000000,161.216995,-0.097931,-0.163000
614.000000,161.216995,-0.083450,-0.147734
615.000000,161.216995,-0.068755,-0.144798
616.000000,161.216995,-0.053883,-0.134498
617.000000,161.216995,-0.038873,-0.119012
618.000000,161.216995,-0.023764,-0.117876
619.000000,161.216995,-0.008593,-0.102290
0.000000,168.371002,0.001130,-0.095788
1.000000,168.371002,0.016989,-0.075762
2.000000,168.371002,0.032801,-0.076207
3.000000,168.371002,0.048520,-0.062687
4.000000,168.371002,0.064104,-0.046234
5.000000,168.371002,0.079510,-0.037231
6.000000,168.371002,0.094692,-0.022378
7.000000,168.371002,0.109609,-0.005545
8.000000,168.371002,0.124221,0.001845
9.000000,168.371002,0.138485,0.003737
10.000000,168.371002,0.152360,0.026444
11.000000,168.371002,0.165810,0.038154
12.000000,168.371002,0.178799,0.057081
13.000000,168.371002,0.191282,0.077634
14.000000,168.371002,0.203233,0.081977
15.000000,168.371002,0.214619,0.094356
16.000000,168.371002,0.225398,0.109856
17.000000,168.371002,0.235549,0.111958
18.000000,168.371002,0.245044,0.124865
19.000000,168.371002,0.253851,0.136131
20.000000,168.371002,0.261946,0.146334
21.000000,168.371002,0.269313,0.157967
22.000000,168.371002,0.275925,0.161453
23.000000,168.371002,0.281761,0.174296
24.000000,168.371002,0.286814,0.187642
25.000000,168.371002,0.291065,0.190084
26.000000,168.371002,0.294496,0.217252
27.000000,168.371002,0.297107,0.212176
28.000000,168.371002,0.298892,0.213518
29.000000,168.371002,0.299831,0.216538
30.000000,168.371002,0.299936,0.230837
31.000000,168.371002,0.299206,0.228999
32.000000,168.371002,0.297632,0.235432
33.000000,168.371002,0.295227,0.251372
34.000000,168.371002,0.292001,0.241054
35.000000,168.371002,0.287954,0.244513
36.000000,168.371002,0.283101,0.250551
37.000000,168.371002,0.277459,0.240540
38.000000,168.371002,0.271041,0.249873
39.000000,168.371002,0.263860,0.249585
40.000000,168.371002,0.255945,0.243280
41.000000,168.371002,0.247317,0.244133
42.000000,168.371002,0.237990,0.242291
43.000000,168.371002,0.228000,0.236133
44.000000,168.371002,0.217377,0.232518
45.000000,168.371002,0.206139,0.224464
46.000000,168.371002,0.194327,0.216565
47.000000,168.371002,0.181973,0.217257
48.000000,168.371002,0.169108,0.202184
49.000000,168.371002,0.155770,0.199590
50.000000,168.371002,0.141998,0.200429
51.000000,168.371002,0.127828,0.183317
52.000000,168.371002,0.113299,0.171602
53.000000,168.371002,0.098455,0.168340
54.000000,168.371002,0.083336,0.151621
55.000000,168.371002,0.067981,0.138119
56.000000,168.371002,0.052438,0.135077
57.000000,168.371002,0.036749,0.126986
58.000000,168.371002,0.020955,0.135526
59.000000,168.371002,0.005104,0.106136
60.000000,168.371002,-0.010762,0.080204
61.000000,168.371002,-0.026597,0.072795
62.000000,168.371002,-0.042358,0.064026
63.000000,168.371002,-0.058002,0.046634
64.000000,168.371002,-0.073482,0.036179
65.000000,168.371002,-0.088756,0.028450
66.000000,168.371002,-0.103784,0.006825
67.000000,168.371002,-0.118521,-0.001550
68.000000,168.371002,-0.132924,-0.013292
69.000000,168.371002,-0.146958,-0.028737
70.000000,168.371002,-0.160582,-0.037259
71.000000,168.371002,-0.173752,-0.048928
72.000000,168.371002,-0.186439,-0.066466
73.000000,168.371002,-0.198607,-0.074768
74.000000,168.371002,-0.210214,-0.089017
75.000000,168.371002,-0.221235,-0.104416
76.000000,168.371002,-0.231640,-0.110564
77.000000,168.371002,-0.241394,-0.132785
78.000000,168.371002,-0.250472,-0.132991
79.000000,168.371002,-0.258853,-0.150007
80.000000,168.371002,-0.266509,-0.157832
81.000000,168.371002,-0.273415,-0.168200
82.000000,168.371002,-0.279561,-0.169675
83.000000,168.371002,-0.284927,-0.182454
84.000000,168.371002,-0.289489,-0.188442
85.000000,168.371002,-0.293245,-0.194384
86.000000,168.371002,-0.296185,-0.211029
87.000000,168.371002,-0.298288,-0.213824
88.000000,168.371002,-0.299560,-0.214479
89.000000,168.371002,-0.299998,-0.227023
90.000000,168.371002,-0.299591,-0.235398
91.000000,168.371002,-0.298348,-0.231366
92.000000,168.371002,-0.296273,-0.238037
93.000000,168.371002,-0.293367,-0.236585
94.000000,168.371002,-0.289639,-0.241707
95.000000,168.371002,-0.285104,-0.251658
96.000000,168.371002,-0.279772,-0.249546
97.000000,168.371002,-0.273652,-0.253880
98.000000,168.371002,-0.266770,-0.249871
99.000000,168.371002,-0.259146,-0.248213
100.000000,168.371002,-0.250789,-0.249826
101.000000,168.371002,-0.241734,-0.241024
102.000000,168.371002,-0.232006,-0.232599
103.000000,168.371002,-0.221624,-0.238124
104.000000,168.371002,-0.210623,-0.232177
105.000000,168.371002,-0.199037,-0.227252
106.000000,168.371002,-0.186890,-0.220109
107.000000,168.371002,-0.174220,-0.207863
108.000000,168.371002,-0.161066,-0.198251
109.000000,168.371002,-0.147460,-0.196968
110.000000,168.371002,-0.133440,-0.187929
111.000000,168.371002,-0.119048,-0.176456
112.000000,168.371002,-0.104324,-0.170926
113.000000,168.371002,-0.089306,-0.159733
114.000000,168.371002,-0.074039,-0.143941
115.000000,168.371002,-0.058566,-0.142731
116.000000,168.371002,-0.042928,-0.131612
117.000000,168.371002,-0.027170,-0.115425
118.000000,168.371002,-0.011337,-0.103815
119.000000,168.371002,0.004529,-0.090103
120.000000,168.371002,0.020382,-0.082355
121.000000,168.371002,0.036178,-0.070054
122.000000,168.371002,0.051872,-0.053441
123.000000,168.371002,0.067421,-0.049565
124.000000,168.371002,0.082783,-0.034491
125.000000,168.371002,0.097912,-0.013572
126.000000,168.371002,0.112767,-0.006562
127.000000,168.371002,0.127307,0.011411
128.000000,168.371002,0.141493,0.023324
129.000000,168.371002,0.155279,0.030567
130.000000,168.371002,0.168632,0.045407
131.000000,168.371002,0.181517,0.061859
132.000000,168.371002,0.193889,0.067989
133.000000,168.371002,0.205720,0.080969
134.000000,168.371002,0.216979,0.097128
135.000000,168.371002,0.227628,0.105778
136.000000,168.371002,0.237639,0.119651
137.000000,168.371002,0.246989,0.129657
138.000000,168.371002,0.255647,0.138513
139.000000,168.371002,0.263586,0.153720
140.000000,168.371002,0.270792,0.148987
141.000000,168.371002,0.277242,0.169462
142.000000,168.371002,0.282910,0.185181
143.000000,168.371002,0.287791,0.184576
144.000000,168.371002,0.291871,0.198844
145.000000,168.371002,0.295126,0.207036
146.000000,168.371002,0.297558,0.213372
147.000000,168.371002,0.299163,0.217504
148.000000,168.371002,0.299925,0.228303
149.000000,168.371002,0.299849,0.233013
150.000000,168.371002,0.298938,0.234759
151.000000,168.371002,0.297188,0.242364
152.000000,168.371002,0.294605,0.241200
153.000000,168.371002,0.291201,0.230438
154.000000,168.371002,0.286984,0.249511
155.000000,168.371002,0.281958,0.244994
156.000000,168.371002,0.276148,0.248526
157.000000,168.371002,0.269568,0.247005
158.000000,168.371002,0.262226,0.250121
159.000000,168.371002,0.254155,0.250812
160.000000,168.371002,0.245376,0.243413
161.000000,168.371002,0.235905,0.240806
162.000000,168.371002,0.225776,0.239185
163.000000,168.371002,0.215019,0.230420
164.000000,168.371002,0.203657,0.223318
165.000000,168.371002,0.191724,0.225930
166.000000,168.371002,0.179258,0.212112
167.000000,168.371002,0.166290,0.209991
168.000000,168.371002,0.152855,0.206729
169.000000,168.371002,0.138994,0.186363
170.000000,168.371002,0.124745,0.182602
171.000000,168.371002,0.110144,0.176220
172.000000,168.371002,0.095237,0.162402
173.000000,168.371002,0.080065,0.153953
174.000000,168.371002,0.064666,0.146985
175.000000,168.371002,0.049088,0.130633
176.000000,168.371002,0.033372,0.121511
177.000000,168.371002,0.017563,0.108463
178.000000,168.371002,0.001705,0.095437
179.000000,168.371002,-0.014159,0.084675
180.000000,168.371002,-0.029982,0.071082
181.000000,168.371002,-0.045721,0.061648
182.000000,168.371002,-0.061333,0.055340
183.000000,168.371002,-0.076774,0.033540
184.000000,168.371002,-0.091998,0.023099
185.000000,168.371002,-0.106966,0.021844
186.000000,168.371002,-0.121637,-0.002769
187.000000,168.371002,-0.135963,-0.014190
188.000000,168.371002,-0.149912,0.019264
189.000000,168.371002,-0.163443,-0.044512
190.000000,168.371002,-0.176513,-0.057280
191.000000,168.371002,-0.189090,-0.065302
192.000000,168.371002,-0.201141,-0.090048
193.000000,168.371002,-0.212627,-0.094556
194.000000,168.371002,-0.223517,-0.097364
195.000000,168.371002,-0.233785,-0.119663
196.000000,168.371002,-0.243398,-0.126998
197.000000,168.371002,-0.252327,-0.134933
198.000000,168.371002,-0.260554,-0.150172
199.000000,168.371002,-0.268054,-0.158473
200.000000,168.371002,-0.274797,-0.167055
201.000000,168.371002,-0.280776,-0.178587
202.000000,168.371002,-0.285973,-0.185189
203.000000,168.371002,-0.290362,-0.192643
204.000000,168.371002,-0.293943,-0.202782
205.000000,168.371002,-0.296705,-0.204844
206.000000,168.371002,-0.298631,-0.215949
207.000000,168.371002,-0.299723,-0.218043
208.000000,168.371002,-0.299981,-0.221452
209.000000,168.371002,-0.299397,-0.235504
210.000000,168.371002,-0.297973,-0.241858
211.000000,168.371002,-0.295719,-0.237533
212.000000,168.371002,-0.292639,-0.248524
213.000000,168.371002,-0.288735,-0.246779
214.000000,168.371002,-0.284027,-0.241707
215.000000,168.371002,-0.278528,-0.248451
216.000000,168.371002,-0.272242,-0.250426
217.000000,168.371002,-0.265198,-0.244460
218.000000,168.371002,-0.257416,-0.247265
219.000000,168.371002,-0.248908,-0.240759
220.000000,168.371002,-0.239705,-0.237840
221.000000,168.371002,-0.229835,-0.240791
222.000000,168.371002,-0.219319,-0.235998
223.000000,168.371002,-0.208189,-0.230839
224.000000,168.371002,-0.196479,-0.227403
225.000000,168.371002,-0.184219,-0.220971
226.000000,168.371002,-0.171442,-0.207377
227.000000,168.371002,-0.158187,-0.201068
228.000000,168.371002,-0.144491,-0.187429
229.000000,168.371002,-0.130386,-0.186495
230.000000,168.371002,-0.115920,-0.178687
231.000000,168.371002,-0.101130,-0.166322
232.000000,168.371002,-0.086055,-0.158272
233.000000,168.371002,-0.070740,-0.146479
234.000000,168.371002,-0.055228,-0.129646
235.000000,168.371002,-0.039561,-0.126137
236.000000,168.371002,-0.023783,-0.112264
237.000000,168.371002,-0.007939,-0.096677
238.000000,168.371002,0.007928,-0.090648
239.000000,168.371002,0.023772,-0.077448
240.000000,168.371002,0.039550,-0.067295
241.000000,168.371002,0.055217,-0.054119
242.000000,168.371002,0.070729,-0.037946
243.000000,168.371002,0.086044,-0.032718
244.000000,168.371002,0.101120,-0.017150
245.000000,168.371002,0.115910,-0.000537
246.000000,168.371002,0.130377,0.008539
247.000000,168.371002,0.144481,0.022045
248.000000,168.371002,0.158178,0.038058
249.000000,168.371002,0.171433,0.047088
250.000000,168.371002,0.184211,0.061034
251.000000,168.371002,0.196471,0.072580
252.000000,168.371002,0.208181,0.085550
253.000000,168.371002,0.219312,0.099790
254.000000,168.371002,0.229828,0.111936
255.000000,168.371002,0.239699,0.118886
256.000000,168.371002,0.248902,0.130899
257.000000,168.371002,0.257411,0.146238
258.000000,168.371002,0.265193,0.160555
259.000000,168.371002,0.272237,0.165861
260.000000,168.371002,0.278524,0.175253
261.000000,168.371002,0.284024,0.176990
262.000000,168.371002,0.288732,0.192049
263.000000,168.371002,0.292637,0.200635
264.000000,168.371002,0.295718,0.205111
265.000000,168.371002,0.297971,0.214517
266.000000,168.371002,0.299396,0.215837
267.000000,168.371002,0.299981,0.225119
268.000000,168.371002,0.299724,0.232285
269.000000,168.371002,0.298632,0.238593
270.000000,168.371002,0.296706,0.240733
271.000000,168.371002,0.293945,0.250199
272.000000,168.371002,0.290365,0.250661
273.000000,168.371002,0.285976,0.247793
274.000000,168.371002,0.280779,0.249218
275.000000,168.371002,0.274801,0.244027
276.000000,168.371002,0.268058,0.248306
277.000000,168.371002,0.260559,0.250698
278.000000,168.371002,0.252332,0.245667
279.000000,168.371002,0.243404,0.244586
280.000000,168.371002,0.233791,0.246304
281.000000,168.371002,0.223523,0.235780
282.000000,168.371002,0.212633,0.230979
283.000000,168.371002,0.201148,0.226077
284.000000,168.371002,0.189097,0.217692
285.000000,168.371002,0.176520,0.209244
286.000000,168.371002,0.163451,0.211489
287.000000,168.371002,0.149920,0.196191
288.000000,168.371002,0.135972,0.188782
289.000000,168.371002,0.121646,0.182840
290.000000,168.371002,0.106975,0.176096
291.000000,168.371002,0.092007,0.161027
292.000000,168.371002,0.076783,0.150105
293.000000,168.371002,0.061343,0.139347
294.000000,168.371002,0.045731,0.125758
295.000000,168.371002,0.029992,0.118263
296.000000,168.371002,0.014168,0.106891
297.000000,168.371002,-0.001695,0.098590
298.000000,168.371002,-0.017553,0.079782
299.000000,168.371002,-0.033363,0.068049
300.000000,168.371002,-0.049078,0.063160
301.000000,168.371002,-0.064657,0.043954
302.000000,168.371002,-0.080056,0.034113
303.000000,168.371002,-0.095228,0.023484
304.000000,168.371002,-0.110135,0.011526
305.000000,168.371002,-0.124736,-0.003763
306.000000,168.371002,-0.138985,-0.014392
307.000000,168.371002,-0.152846,-0.035357
308.000000,168.371002,-0.166282,-0.045812
309.000000,168.371002,-0.179251,-0.051975
310.000000,168.371002,-0.191717,-0.069513
311.000000,168.371002,-0.203649,-0.080408
312.000000,168.371002,-0.215012,-0.088810
313.000000,168.371002,-0.225770,-0.107682
314.000000,168.371002,-0.235899,-0.116731
315.000000,168.371002,-0.245371,-0.115379
316.000000,168.371002,-0.254150,-0.142204
317.000000,168.371002,-0.262221,-0.152733
318.000000,168.371002,-0.269563,-0.159041
319.000000,168.371002,-0.276144,-0.166239
320.000000,168.371002,-0.281955,-0.176255
321.000000,168.371002,-0.286981,-0.187896
322.000000,168.371002,-0.291199,-0.194888
323.000000,168.371002,-0.294603,-0.201856
324.000000,168.371002,-0.297187,-0.214717
325.000000,168.371002,-0.298937,-0.218703
326.000000,168.371002,-0.299848,-0.221511
327.000000,168.371002,-0.299925,-0.231664
328.000000,168.371002,-0.299164,-0.235018
329.000000,168.371002,-0.297560,-0.233959
330.000000,168.371002,-0.295127,-0.244717
331.000000,168.371002,-0.291873,-0.243865
332.000000,168.371002,-0.287794,-0.241327
333.000000,168.371002,-0.282914,-0.251278
334.000000,168.371002,-0.277246,-0.247745
335.000000,168.371002,-0.270797,-0.245427
336.000000,168.371002,-0.263591,-0.250751
337.000000,168.371002,-0.255652,-0.248186
338.000000,168.371002,-0.246995,-0.240287
339.000000,168.371002,-0.237645,-0.235664
340.000000,168.371002,-0.227635,-0.238152
341.000000,168.371002,-0.216986,-0.226899
342.000000,168.371002,-0.205728,-0.233190
343.000000,168.371002,-0.193897,-0.219024
344.000000,168.371002,-0.181525,-0.211945
345.000000,168.371002,-0.168641,-0.210282
346.000000,168.371002,-0.155288,-0.200129
347.000000,168.371002,-0.141502,-0.185830
348.000000,168.371002,-0.127317,-0.184107
349.000000,168.371002,-0.112777,-0.173735
350.000000,168.371002,-0.097923,-0.167114
351.000000,168.371002,-0.082793,-0.158066
352.000000,168.371002,-0.067432,-0.139139
353.000000,168.371002,-0.051883,-0.136784
354.000000,168.371002,-0.036189,-0.121097
355.000000,168.371002,-0.020393,-0.109625
356.000000,168.371002,-0.004540,-0.099861
357.000000,168.371002,0.011326,-0.089255
358.000000,168.371002,0.027159,-0.071836
359.000000,168.371002,0.042917,-0.067506
360.000000,168.371002,0.058556,-0.053853
361.000000,168.371002,0.074029,-0.031513
362.000000,168.371002,0.089295,-0.028957
363.000000,168.371002,0.104314,-0.014117
364.000000,168.371002,0.119038,0.003229
365.000000,168.371002,0.133430,-0.000542
366.000000,168.371002,0.147450,0.024565
367.000000,168.371002,0.161057,0.045645
368.000000,168.371002,0.174212,0.050868
369.000000,168.371002,0.186882,0.066821
370.000000,168.371002,0.199029,0.073574
371.000000,168.371002,0.210616,0.086430
372.000000,168.371002,0.221617,0.101856
373.000000,168.371002,0.232000,0.110525
374.000000,168.371002,0.241728,0.126006
375.000000,168.371002,0.250783,0.133831
376.000000,168.371002,0.259140,0.136300
377.000000,168.371002,0.266766,0.143480
378.000000,168.371002,0.273647,0.169980
379.000000,168.371002,0.279768,0.173269
380.000000,168.371002,0.285101,0.186849
381.000000,168.371002,0.289636,0.194675
382.000000,168.371002,0.293365,0.199764
383.000000,168.371002,0.296272,0.208877
384.000000,168.371002,0.298346,0.220643
385.000000,168.371002,0.299591,0.220739
386.000000,168.371002,0.299998,0.225385
387.000000,168.371002,0.299560,0.235817
388.000000,168.371002,0.298289,0.234493
389.000000,168.371002,0.296187,0.238626
390.000000,168.371002,0.293247,0.243959
391.000000,168.371002,0.289491,0.249300
392.000000,168.371002,0.284930,0.251032
393.000000,168.371002,0.279565,0.247807
394.000000,168.371002,0.273419,0.250180
395.000000,168.371002,0.266513,0.252352
396.000000,168.371002,0.258858,0.244114
397.000000,168.371002,0.250477,0.244820
398.000000,168.371002,0.241400,0.247211
399.000000,168.371002,0.231646,0.234727
400.000000,168.371002,0.221242,0.232605
401.000000,168.371002,0.210221,0.232844
402.000000,168.371002,0.198614,0.222526
403.000000,168.371002,0.186446,0.216011
404.000000,168.371002,0.173760,0.216249
405.000000,168.371002,0.160590,0.198798
406.000000,168.371002,0.146966,0.194216
407.000000,168.371002,0.132933,0.189914
408.000000,168.371002,0.118530,0.176756
409.000000,168.371002,0.103793,0.170841
410.000000,168.371002,0.088766,0.157706
411.000000,168.371002,0.073492,0.146027
412.000000,168.371002,0.058011,0.139805
413.000000,168.371002,0.042368,0.124205
414.000000,168.371002,0.026607,0.112018
415.000000,168.371002,0.010772,0.112783
416.000000,168.371002,-0.005094,0.089944
417.000000,168.371002,-0.020946,0.080162
418.000000,168.371002,-0.036739,0.071320
419.000000,168.371002,-0.052429,0.055481
420.000000,168.371002,-0.067972,0.043913
421.000000,168.371002,-0.083326,0.032917
422.000000,168.371002,-0.098446,0.014939
423.000000,168.371002,-0.113290,-0.041666
424.000000,168.371002,-0.127819,-0.003172
425.000000,168.371002,-0.141990,-0.019656
426.000000,168.371002,-0.155762,-0.024384
427.000000,168.371002,-0.169100,-0.040140
428.000000,168.371002,-0.181966,-0.057239
429.000000,168.371002,-0.194319,-0.070081
430.000000,168.371002,-0.206132,-0.082309
431.000000,168.371002,-0.217370,-0.096902
432.000000,168.371002,-0.227994,-0.104617
433.000000,168.371002,-0.237984,-0.121757
434.000000,168.371002,-0.247311,-0.131731
435.000000,168.371002,-0.255940,-0.142800
436.000000,168.371002,-0.263856,-0.156032
437.000000,168.371002,-0.271037,-0.162913
438.000000,168.371002,-0.277455,-0.164168
439.000000,168.371002,-0.283097,-0.179260
440.000000,168.371002,-0.287952,-0.184501
441.000000,168.371002,-0.291999,-0.192304
442.000000,168.371002,-0.295226,-0.205815
443.000000,168.371002,-0.297631,-0.213150
444.000000,168.371002,-0.299205,-0.215592
445.000000,168.371002,-0.299936,-0.229030
446.000000,168.371002,-0.299832,-0.232718
447.000000,168.371002,-0.298893,-0.228539
448.000000,168.371002,-0.297109,-0.235517
449.000000,168.371002,-0.294498,-0.239952
450.000000,168.371002,-0.291068,-0.251347
451.000000,168.371002,-0.286817,-0.249578
452.000000,168.371002,-0.281765,-0.245093
453.000000,168.371002,-0.275928,-0.258219
454.000000,168.371002,-0.269317,-0.249738
455.000000,168.371002,-0.261951,-0.244960
456.000000,168.371002,-0.253856,-0.247265
457.000000,168.371002,-0.245051,-0.244392
458.000000,168.371002,-0.235556,-0.235600
459.000000,168.371002,-0.225405,-0.236104
460.000000,168.371002,-0.214626,-0.231751
461.000000,168.371002,-0.203241,-0.222212
462.000000,168.371002,-0.191290,-0.220476
463.000000,168.371002,-0.178807,-0.213750
464.000000,168.371002,-0.165819,-0.198851
465.000000,168.371002,-0.152369,-0.201421
466.000000,168.371002,-0.138495,-0.191049
467.000000,168.371002,-0.124231,-0.177496
468.000000,168.371002,-0.109619,-0.174060
469.000000,168.371002,-0.094703,-0.163834
470.000000,168.371002,-0.079521,-0.147340
471.000000,168.371002,-0.064115,-0.142585
472.000000,168.371002,-0.048531,-0.128198
473.000000,168.371002,-0.032812,-0.128171
474.000000,168.371002,-0.017000,-0.111416
475.000000,168.371002,-0.001141,-0.097190
476.000000,168.371002,0.014722,-0.088114
477.000000,168.371002,0.030543,-0.077054
478.000000,168.371002,0.046279,-0.056955
479.000000,168.371002,0.061886,-0.052099
480.000000,168.371002,0.077318,-0.040979
481.000000,168.371002,0.092535,-0.021319
482.000000,168.371002,0.107494,-0.012656
483.000000,168.371002,0.122151,0.002931
484.000000,168.371002,0.136466,0.015810
485.000000,168.371002,0.150401,0.024913
486.000000,168.371002,0.163915,0.038860
487.000000,168.371002,0.176968,0.062460
488.000000,168.371002,0.189528,0.063376
489.000000,168.371002,0.201560,0.077468
490.000000,168.371002,0.213023,0.089908
491.000000,168.371002,0.223893,0.099011
492.000000,168.371002,0.234140,0.113778
493.000000,168.371002,0.243726,0.132997
494.000000,168.371002,0.252632,0.134353
495.000000,168.371002,0.260835,0.145913
496.000000,168.371002,0.268304,0.155039
497.000000,168.371002,0.275023,0.163075
498.000000,168.371002,0.280976,0.170548
499.000000,168.371002,0.286141,0.176481
500.000000,168.371002,0.290503,0.194610
501.000000,168.371002,0.294056,0.202669
502.000000,168.371002,0.296788,0.201831
503.000000,168.371002,0.298683,0.215511
504.000000,168.371002,0.299747,0.229811
505.000000,168.371002,0.299977,0.224459
506.000000,168.371002,0.299359,0.232385
507.000000,168.371002,0.297907,0.243711
508.000000,168.371002,0.295626,0.236367
509.000000,168.371002,0.292512,0.255834
510.000000,168.371002,0.288581,0.251592
511.000000,168.371002,0.283846,0.244847
512.000000,168.371002,0.278315,0.245919
513.000000,168.371002,0.272003,0.252485
514.000000,168.371002,0.264934,0.248421
515.000000,168.371002,0.257124,0.245846
516.000000,168.371002,0.248591,0.247798
517.000000,168.371002,0.239365,0.237700
518.000000,168.371002,0.229473,0.235945
519.000000,168.371002,0.218932,0.231891
520.000000,168.371002,0.207782,0.225866
521.000000,168.371002,0.196054,0.225298
522.000000,168.371002,0.183772,0.206110
523.000000,168.371002,0.170977,0.208598
524.000000,168.371002,0.157707,0.203636
525.000000,168.371002,0.143994,0.192457
526.000000,168.371002,0.129877,0.191403
527.000000,168.371002,0.115399,0.177874
528.000000,168.371002,0.100597,0.162035
529.000000,168.371002,0.085513,0.154040
530.000000,168.371002,0.070191,0.148918
531.000000,168.371002,0.054673,0.130647
532.000000,168.371002,0.039000,0.124952
533.000000,168.371002,0.023219,0.116256
534.000000,168.371002,0.007374,0.098571
535.000000,168.371002,-0.008493,0.088643
536.000000,168.371002,-0.024335,0.081061
537.000000,168.371002,-0.040110,0.064196
538.000000,168.371002,-0.055773,0.051807
539.000000,168.371002,-0.071279,0.041471
540.000000,168.371002,-0.086586,0.027506
541.000000,168.371002,-0.101651,0.017051
542.000000,168.371002,-0.116431,0.006802
543.000000,168.371002,-0.130886,-0.012450
544.000000,168.371002,-0.144976,-0.023505
545.000000,168.371002,-0.158657,-0.037373
546.000000,168.371002,-0.171897,-0.052406
547.000000,168.371002,-0.184658,-0.061834
548.000000,168.371002,-0.196897,-0.078227
549.000000,168.371002,-0.208588,-0.088421
550.000000,168.371002,-0.219699,-0.097337
551.000000,168.371002,-0.230189,-0.111709
552.000000,168.371002,-0.240038,-0.120804
553.000000,168.371002,-0.249218,-0.139460
554.000000,168.371002,-0.257698,-0.143904
555.000000,168.371002,-0.265456,-0.148852
556.000000,168.371002,-0.272476,-0.164388
557.000000,168.371002,-0.278731,-0.177547
558.000000,168.371002,-0.284204,-0.180635
559.000000,168.371002,-0.288886,-0.184863
560.000000,168.371002,-0.292761,-0.200175
561.000000,168.371002,-0.295811,-0.204830
562.000000,168.371002,-0.298037,-0.210758
563.000000,168.371002,-0.299434,-0.220930
564.000000,168.371002,-0.299984,-0.225438
565.000000,168.371002,-0.299699,-0.228452
566.000000,168.371002,-0.298581,-0.233437
567.000000,168.371002,-0.296620,-0.237052
568.000000,168.371002,-0.293831,-0.251832
569.000000,168.371002,-0.290224,-0.245052
570.000000,168.371002,-0.285803,-0.241386
571.000000,168.371002,-0.280579,-0.252245
572.000000,168.371002,-0.274576,-0.245432
573.000000,168.371002,-0.267803,-0.246834
574.000000,168.371002,-0.260278,-0.250224
575.000000,168.371002,-0.252028,-0.244685
576.000000,168.371002,-0.243075,-0.239393
577.000000,168.371002,-0.233436,-0.241757
578.000000,168.371002,-0.223147,-0.238445
579.000000,168.371002,-0.212237,-0.219986
580.000000,168.371002,-0.200728,-0.226143
581.000000,168.371002,-0.188659,-0.219111
582.000000,168.371002,-0.176065,-0.209865
583.000000,168.371002,-0.162976,-0.208949
584.000000,168.371002,-0.149431,-0.199543
585.000000,168.371002,-0.135470,-0.188950
586.000000,168.371002,-0.121129,-0.180681
587.000000,168.371002,-0.106448,-0.170088
588.000000,168.371002,-0.091471,-0.169694
589.000000,168.371002,-0.076238,-0.151299
590.000000,168.371002,-0.060790,-0.137366
591.000000,168.371002,-0.045173,-0.132977
592.000000,168.371002,-0.029431,-0.120277
0.000000,175.841995,0.005066,-0.100915
1.000000,175.841995,0.021620,-0.083469
2.000000,175.841995,0.038107,-0.067676
3.000000,175.841995,0.054480,-0.061926
4.000000,175.841995,0.070685,-0.044933
5.000000,175.841995,0.086675,-0.032833
6.000000,175.841995,0.102400,-0.022337
7.000000,175.841995,0.117814,-0.005944
8.000000,175.841995,0.132866,0.005863
9.000000,175.841995,0.147516,0.021033
10.000000,175.841995,0.161712,0.036386
11.000000,175.841995,0.175419,0.045100
12.000000,175.841995,0.188586,0.059642
13.000000,175.841995,0.201183,0.074468
14.000000,175.841995,0.213161,0.077876
15.000000,175.841995,0.224493,0.096684
16.000000,175.841995,0.235136,0.117677
17.000000,175.841995,0.245067,0.117919
18.000000,175.841995,0.254244,0.132099
19.000000,175.841995,0.262651,0.147805
20.000000,175.841995,0.270251,0.157128
21.000000,175.841995,0.277033,0.165348
22.000000,175.841995,0.282963,0.178080
23.000000,175.841995,0.288037,0.180783
24.000000,175.841995,0.292224,0.190042
25.000000,175.841995,0.295528,0.204122
26.000000,175.841995,0.297922,0.207865
27.000000,175.841995,0.299415,0.215044
28.000000,175.841995,0.299987,0.222503
29.000000,175.841995,0.299651,0.228033
30.000000,175.841995,0.298394,0.232225
31.000000,175.841995,0.296233,0.232257
32.000000,175.841995,0.293161,0.239633
33.000000,175.841995,0.289203,0.244646
34.000000,175.841995,0.284354,0.242552
35.000000,175.841995,0.278646,0.251687
36.000000,175.841995,0.272080,0.248952
37.000000,175.841995,0.264691,0.240733
38.000000,175.841995,0.256487,0.246387
39.000000,175.841995,0.247508,0.244692
40.000000,175.841995,0.237767,0.233686
41.000000,175.841995,0.227307,0.233952
42.000000,175.841995,0.216148,0.233371
43.000000,175.841995,0.204334,0.227066
44.000000,175.841995,0.191892,0.223378
45.000000,175.841995,0.178870,0.216176
46.000000,175.841995,0.165297,0.205418
47.000000,175.841995,0.151224,0.199050
48.000000,175.841995,0.136686,0.192961
49.000000,175.841995,0.121734,0.175803
50.000000,175.841995,0.106408,0.173082
51.000000,175.841995,0.090760,0.160152
52.000000,175.841995,0.074832,0.147521
53.000000,175.841995,0.058679,0.139966
54.000000,175.841995,0.042344,0.126904
55.000000,175.841995,0.025882,0.112999
56.000000,175.841995,0.009340,0.108637
57.000000,175.841995,-0.007230,0.090828
58.000000,175.841995,-0.023779,0.079956
59.000000,175.841995,-0.040255,0.072168
60.000000,175.841995,-0.056607,0.059715
61.000000,175.841995,-0.072788,0.041407
62.000000,175.841995,-0.088745,0.029225
63.000000,175.841995,-0.104434,0.013679
64.000000,175.841995,-0.119801,0.002491
65.000000,175.841995,-0.134806,-0.004872
66.000000,175.841995,-0.149396,-0.027477
67.000000,175.841995,-0.163534,-0.013911
68.000000,175.841995,-0.177169,-0.047961
69.000000,175.841995,-0.190269,-0.068766
70.000000,175.841995,-0.202781,-0.079895
71.000000,175.841995,-0.214683,-0.087170
72.000000,175.841995,-0.225921,-0.105822
73.000000,175.841995,-0.236479,-0.116057
74.000000,175.841995,-0.246306,-0.134186
75.000000,175.841995,-0.255391,-0.135804
76.000000,175.841995,-0.263687,-0.147459
77.000000,175.841995,-0.271189,-0.149507
78.000000,175.841995,-0.277853,-0.168700
79.000000,175.841995,-0.283680,-0.176708
80.000000,175.841995,-0.288631,-0.190155
81.000000,175.841995,-0.292712,-0.198915
82.000000,175.841995,-0.295888,-0.201723
83.000000,175.841995,-0.298174,-0.213109
84.000000,175.841995,-0.299538,-0.219757
85.000000,175.841995,-0.300000,-0.222052
86.000000,175.841995,-0.299535,-0.234757
87.000000,175.841995,-0.298168,-0.234051
88.000000,175.841995,-0.295880,-0.226372
89.000000,175.841995,-0.292700,-0.246078
90.000000,175.841995,-0.288616,-0.244479
91.000000,175.841995,-0.283662,-0.241414
92.000000,175.841995,-0.277833,-0.248158
93.000000,175.841995,-0.271166,-0.248272
94.000000,175.841995,-0.263662,-0.243494
95.000000,175.841995,-0.255363,-0.250985
96.000000,175.841995,-0.246276,-0.244186
97.000000,175.841995,-0.236446,-0.238866
98.000000,175.841995,-0.225886,-0.239618
99.000000,175.841995,-0.214645,-0.234899
100.000000,175.841995,-0.202742,-0.230377
101.000000,175.841995,-0.190227,-0.221837
102.000000,175.841995,-0.177126,-0.210291
103.000000,175.841995,-0.163490,-0.206635
104.000000,175.841995,-0.149350,-0.195735
105.000000,175.841995,-0.134759,-0.184043
106.000000,175.841995,-0.119752,-0.184314
107.000000,175.841995,-0.104384,-0.172081
108.000000,175.841995,-0.088695,-0.157855
109.000000,175.841995,-0.072737,-0.149792
110.000000,175.841995,-0.056555,-0.142465
111.000000,175.841995,-0.040203,-0.125413
112.000000,175.841995,-0.023726,-0.111856
113.000000,175.841995,-0.007178,-0.098423
114.000000,175.841995,0.009392,-0.088870
115.000000,175.841995,0.025934,-0.084321
116.000000,175.841995,0.042396,-0.070008
117.000000,175.841995,0.058730,-0.060354
118.000000,175.841995,0.074883,-0.042812
119.000000,175.841995,0.090809,-0.026492
120.000000,175.841995,0.106457,-0.020270
121.000000,175.841995,0.121782,-0.004056
122.000000,175.841995,0.136732,0.015750
123.000000,175.841995,0.151269,-0.033204
124.000000,175.841995,0.165340,0.037453
125.000000,175.841995,0.178912,0.066560
126.000000,175.841995,0.191932,0.070816
127.000000,175.841995,0.204372,0.083722
128.000000,175.841995,0.216184,0.097948
129.000000,175.841995,0.227341,0.100944
130.000000,175.841995,0.237799,0.107831
131.000000,175.841995,0.247537,0.127270
132.000000,175.841995,0.256514,0.138293
133.000000,175.841995,0.264715,0.150820
134.000000,175.841995,0.272102,0.157367
135.000000,175.841995,0.278665,0.169242
136.000000,175.841995,0.284371,0.184215
137.000000,175.841995,0.289216,0.182483
138.000000,175.841995,0.293172,0.197877
139.000000,175.841995,0.296241,0.209276
140.000000,175.841995,0.298399,0.207571
141.000000,175.841995,0.299653,0.219891
142.000000,175.841995,0.299987,0.228757
143.000000,175.841995,0.299412,0.227886
144.000000,175.841995,0.297916,0.237819
145.000000,175.841995,0.295518,0.243858
146.000000,175.841995,0.292213,0.238974
147.000000,175.841995,0.288022,0.244513
148.000000,175.841995,0.282946,0.252338
149.000000,175.841995,0.277013,0.245887
150.000000,175.841995,0.270229,0.253067
151.000000,175.841995,0.262626,0.254052
152.000000,175.841995,0.254216,0.242314
153.000000,175.841995,0.245036,0.241306
154.000000,175.841995,0.235104,0.241031
155.000000,175.841995,0.224459,0.236513
156.000000,175.841995,0.213124,0.233045
157.000000,175.841995,0.201144,0.227644
158.000000,175.841995,0.188546,0.218572
159.000000,175.841995,0.175376,0.214284
160.000000,175.841995,0.161668,0.199430
161.000000,175.841995,0.147470,0.195870
162.000000,175.841995,0.132819,0.189795
163.000000,175.841995,0.117766,0.175729
164.000000,175.841995,0.102351,0.172055
165.000000,175.841995,0.086625,0.161646
166.000000,175.841995,0.070634,0.147901
167.000000,175.841995,0.054428,0.137446
168.000000,175.841995,0.038056,0.129644
169.000000,175.841995,0.021568,0.112852
170.000000,175.841995,0.005013,0.104477
171.000000,175.841995,-0.011556,0.094375
172.000000,175.841995,-0.028090,0.077436
173.000000,175.841995,-0.044539,0.065268
174.000000,175.841995,-0.060851,0.055986
175.000000,175.841995,-0.076978,0.042094
176.000000,175.841995,-0.092870,0.035359
177.000000,175.841995,-0.108479,0.015223
178.000000,175.841995,-0.123756,-0.003749
179.000000,175.841995,-0.138657,-0.013618
180.000000,175.841995,-0.153133,-0.033525
181.000000,175.841995,-0.167144,-0.040512
182.000000,175.841995,-0.180643,-0.048827
183.000000,175.841995,-0.193593,-0.068093
184.000000,175.841995,-0.205950,-0.079881
185.000000,175.841995,-0.217681,-0.088724
186.000000,175.841995,-0.228745,-0.104929
187.000000,175.841995,-0.239115,-0.114564
188.000000,175.841995,-0.248751,-0.123626
189.000000,175.841995,-0.257632,-0.141311
190.000000,175.841995,-0.265724,-0.149686
191.000000,175.841995,-0.273008,-0.156068
192.000000,175.841995,-0.279456,-0.170486
193.000000,175.841995,-0.285055,-0.179081
194.000000,175.841995,-0.289781,-0.187663
195.000000,175.841995,-0.293626,-0.200248
196.000000,175.841995,-0.296572,-0.202530
197.000000,175.841995,-0.298616,-0.212477
198.000000,175.841995,-0.299746,-0.218263
199.000000,175.841995,-0.299965,-0.221218
200.000000,175.841995,-0.299266,-0.234537
201.000000,175.841995,-0.297656,-0.234198
202.000000,175.841995,-0.295135,-0.236640
203.000000,175.841995,-0.291717,-0.242651
204.000000,175.841995,-0.287406,-0.244919
205.000000,175.841995,-0.282221,-0.241634
206.000000,175.841995,-0.276172,-0.244658
207.000000,175.841995,-0.269284,-0.250953
208.000000,175.841995,-0.261571,-0.245354
209.000000,175.841995,-0.253062,-0.246738
210.000000,175.841995,-0.243780,-0.243879
211.000000,175.841995,-0.233755,-0.235233
212.000000,175.841995,-0.223016,-0.233130
213.000000,175.841995,-0.211597,-0.228338
214.000000,175.841995,-0.199532,-0.222052
215.000000,175.841995,-0.186859,-0.219963
216.000000,175.841995,-0.173615,-0.209224
217.000000,175.841995,-0.159843,-0.214424
218.000000,175.841995,-0.145582,-0.196982
219.000000,175.841995,-0.130877,-0.186242
220.000000,175.841995,-0.115772,-0.182907
221.000000,175.841995,-0.100315,-0.165813
222.000000,175.841995,-0.084551,-0.152334
223.000000,175.841995,-0.068530,-0.147785
224.000000,175.841995,-0.052300,-0.133311
225.000000,175.841995,-0.035910,-0.119012
226.000000,175.841995,-0.019410,-0.113482
227.000000,175.841995,-0.002851,-0.102143
228.000000,175.841995,0.013716,-0.085163
229.000000,175.841995,0.030242,-0.080821
230.000000,175.841995,0.046676,-0.063974
231.000000,175.841995,0.062967,-0.048181
232.000000,175.841995,0.079066,-0.025750
233.000000,175.841995,0.094924,-0.022538
234.000000,175.841995,0.110492,-0.016005
235.000000,175.841995,0.125723,-0.000996
236.000000,175.841995,0.140570,0.016437
237.000000,175.841995,0.154989,0.024519
238.000000,175.841995,0.168935,0.039620
239.000000,175.841995,0.182365,0.058166
240.000000,175.841995,0.195239,0.064869
241.000000,175.841995,0.207517,0.079049
242.000000,175.841995,0.219162,0.099369
243.000000,175.841995,0.230139,0.106905
244.000000,175.841995,0.240413,0.119811
245.000000,175.841995,0.249954,0.138798
246.000000,175.841995,0.258733,0.137927
247.000000,175.841995,0.266722,0.150980
248.000000,175.841995,0.273897,0.167066
249.000000,175.841995,0.280236,0.165829
250.000000,175.841995,0.285721,0.180669
251.000000,175.841995,0.290334,0.193034
252.000000,175.841995,0.294061,0.194844
253.000000,175.841995,0.296891,0.207077
254.000000,175.841995,0.298815,0.217450
255.000000,175.841995,0.299827,0.218425
256.000000,175.841995,0.299925,0.222178
257.000000,175.841995,0.299107,0.226131
258.000000,175.841995,0.297378,0.238433
259.000000,175.841995,0.294740,0.243138
260.000000,175.841995,0.291204,0.239120
261.000000,175.841995,0.286779,0.245493
262.000000,175.841995,0.281480,0.252425
263.000000,175.841995,0.275321,0.246487
264.000000,175.841995,0.268323,0.244293
265.000000,175.841995,0.260505,0.253012
266.000000,175.841995,0.251893,0.242987
267.000000,175.841995,0.242512,0.250020
268.000000,175.841995,0.232392,0.244298
269.000000,175.841995,0.221562,0.233760
270.000000,175.841995,0.210058,0.229852
271.000000,175.841995,0.197911,0.226590
272.000000,175.841995,0.185161,0.218132
273.000000,175.841995,0.171846,0.211617
274.000000,175.841995,0.158007,0.206362
275.000000,175.841995,0.143685,0.192237
276.000000,175.841995,0.128926,0.183862
277.000000,175.841995,0.113772,0.173714
278.000000,175.841995,0.098273,0.161508
279.000000,175.841995,0.082472,0.159593
280.000000,175.841995,0.066421,0.143787
281.000000,175.841995,0.050166,0.135453
282.000000,175.841995,0.033759,0.127284
283.000000,175.841995,0.017249,0.111445
284.000000,175.841995,0.000686,0.101884
285.000000,175.841995,-0.015879,0.093862
286.000000,175.841995,-0.032396,0.073936
287.000000,175.841995,-0.048813,0.064301
288.000000,175.841995,-0.065082,0.054419
289.000000,175.841995,-0.081152,0.022673
290.000000,175.841995,-0.096975,0.023598
291.000000,175.841995,-0.112502,0.015957
292.000000,175.841995,-0.127686,-0.005976
293.000000,175.841995,-0.142479,-0.015844
294.000000,175.841995,-0.156839,-0.034372
295.000000,175.841995,-0.170719,-0.044525
296.000000,175.841995,-0.184080,-0.055067
297.000000,175.841995,-0.196877,-0.072574
298.000000,175.841995,-0.209076,-0.083968
299.000000,175.841995,-0.220635,-0.091317
300.000000,175.841995,-0.231523,-0.113776
301.000000,175.841995,-0.241702,-0.117757
302.000000,175.841995,-0.251146,-0.124886
303.000000,175.841995,-0.259821,-0.144064
304.000000,175.841995,-0.267707,-0.152440
305.000000,175.841995,-0.274772,-0.156888
306.000000,175.841995,-0.281003,-0.172567
307.000000,175.841995,-0.286372,-0.180121
308.000000,175.841995,-0.290873,-0.184263
309.000000,175.841995,-0.294481,-0.199868
310.000000,175.841995,-0.297195,-0.207877
311.000000,175.841995,-0.298998,-0.213191
312.000000,175.841995,-0.299893,-0.218030
313.000000,175.841995,-0.299869,-0.227971
314.000000,175.841995,-0.298935,-0.233831
315.000000,175.841995,-0.297084,-0.235371
316.000000,175.841995,-0.294331,-0.236172
317.000000,175.841995,-0.290675,-0.244218
318.000000,175.841995,-0.286138,-0.247585
319.000000,175.841995,-0.280723,-0.242513
320.000000,175.841995,-0.274456,-0.248671
321.000000,175.841995,-0.267347,-0.244172
322.000000,175.841995,-0.259427,-0.242000
323.000000,175.841995,-0.250710,-0.247484
324.000000,175.841995,-0.241234,-0.239485
325.000000,175.841995,-0.231017,-0.235980
326.000000,175.841995,-0.220100,-0.238184
327.000000,175.841995,-0.208506,-0.228778
328.000000,175.841995,-0.196281,-0.217305
329.000000,175.841995,-0.183453,-0.219509
330.000000,175.841995,-0.170069,-0.208317
331.000000,175.841995,-0.156163,-0.197884
332.000000,175.841995,-0.141784,-0.194815
333.000000,175.841995,-0.126969,-0.181835
334.000000,175.841995,-0.111769,-0.176809
335.000000,175.841995,-0.096226,-0.168773
336.000000,175.841995,-0.080391,-0.154240
337.000000,175.841995,-0.064310,-0.144546
338.000000,175.841995,-0.048033,-0.134178
339.000000,175.841995,-0.031609,-0.117345
340.000000,175.841995,-0.015090,-0.116176
341.000000,175.841995,0.001477,-0.098629
342.000000,175.841995,0.018038,-0.082543
343.000000,175.841995,0.034545,-0.077174
344.000000,175.841995,0.050946,-0.061207
345.000000,175.841995,0.067191,-0.044827
346.000000,175.841995,0.083233,-0.038331
347.000000,175.841995,0.099019,-0.022671
348.000000,175.841995,0.114505,-0.005018
349.000000,175.841995,0.129638,0.002812
350.000000,175.841995,0.144380,0.016612
351.000000,175.841995,0.158677,0.035891
352.000000,175.841995,0.172495,0.045594
353.000000,175.841995,0.185781,0.058501
354.000000,175.841995,0.198506,0.075774
355.000000,175.841995,0.210620,0.079297
356.000000,175.841995,0.222097,0.099117
357.000000,175.841995,0.232890,0.112903
358.000000,175.841995,0.242979,0.119839
359.000000,175.841995,0.252320,0.133565
360.000000,175.841995,0.260898,0.140992
361.000000,175.841995,0.268674,0.152428
362.000000,175.841995,0.275636,0.167254
363.000000,175.841995,0.281751,0.169242
364.000000,175.841995,0.287013,0.182249
365.000000,175.841995,0.291392,0.194762
366.000000,175.841995,0.294890,0.198271
367.000000,175.841995,0.297480,0.210064
368.000000,175.841995,0.299170,0.220496
369.000000,175.841995,0.299940,0.223493
370.000000,175.841995,0.299803,0.231565
371.000000,175.841995,0.298742,0.237604
372.000000,175.841995,0.296779,0.237846
373.000000,175.841995,0.293902,0.240779
374.000000,175.841995,0.290137,0.246245
375.000000,175.841995,0.285478,0.242533
376.000000,175.841995,0.279956,0.248366
377.000000,175.841995,0.273572,0.242786
378.000000,175.841995,0.266362,0.245727
379.000000,175.841995,0.258331,0.249246
380.000000,175.841995,0.249519,0.242680
381.000000,175.841995,0.239939,0.241700
382.000000,175.841995,0.229634,0.237618
383.000000,175.841995,0.218621,0.230640
384.000000,175.841995,0.206948,0.225765
385.000000,175.841995,0.194637,0.227190
386.000000,175.841995,0.181739,0.214045
387.000000,175.841995,0.168280,0.209464
388.000000,175.841995,0.154314,0.203228
389.000000,175.841995,0.139871,0.188897
390.000000,175.841995,0.125006,0.182309
391.000000,175.841995,0.109756,0.177933
392.000000,175.841995,0.094175,0.161962
393.000000,175.841995,0.078303,0.153807
394.000000,175.841995,0.062195,0.139091
395.000000,175.841995,0.045894,0.131673
396.000000,175.841995,0.029456,0.122331
397.000000,175.841995,0.012927,0.109136
398.000000,175.841995,-0.003642,0.098484
399.000000,175.841995,-0.020199,0.086975
400.000000,175.841995,-0.036695,0.066702
401.000000,175.841995,-0.053078,0.057328
402.000000,175.841995,-0.069301,0.050126
403.000000,175.841995,-0.085310,0.032573
404.000000,175.841995,-0.101062,0.019892
405.000000,175.841995,-0.116501,0.010083
406.000000,175.841995,-0.131590,-0.010209
407.000000,175.841995,-0.146272,-0.025424
408.000000,175.841995,-0.160514,-0.028686
409.000000,175.841995,-0.174260,-0.048452
410.000000,175.841995,-0.187480,-0.056533
411.000000,175.841995,-0.200122,-0.051874
412.000000,175.841995,-0.212160,-0.085888
413.000000,175.841995,-0.223544,-0.099183
414.000000,175.841995,-0.234253,-0.114811
415.000000,175.841995,-0.244239,-0.122870
416.000000,175.841995,-0.253489,-0.134306
417.000000,175.841995,-0.261957,-0.149526
418.000000,175.841995,-0.269634,-0.160453
419.000000,175.841995,-0.276480,-0.164081
420.000000,175.841995,-0.282491,-0.177547
421.000000,175.841995,-0.287631,-0.181968
422.000000,175.841995,-0.291904,-0.191103
423.000000,175.841995,-0.295276,-0.201802
424.000000,175.841995,-0.297756,-0.208463
425.000000,175.841995,-0.299319,-0.214698
426.000000,175.841995,-0.299978,-0.223230
427.000000,175.841995,-0.299712,-0.226918
428.000000,175.841995,-0.298542,-0.229359
429.000000,175.841995,-0.296451,-0.241451
430.000000,175.841995,-0.293465,-0.246032
431.000000,175.841995,-0.289575,-0.243567
432.000000,175.841995,-0.284810,-0.249638
433.000000,175.841995,-0.279167,-0.246705
434.000000,175.841995,-0.272681,-0.241634
435.000000,175.841995,-0.265355,-0.259759
436.000000,175.841995,-0.257228,-0.246705
437.000000,175.841995,-0.248308,-0.236126
438.000000,175.841995,-0.238637,-0.242197
439.000000,175.841995,-0.228232,-0.240158
440.000000,175.841995,-0.217137,-0.226679
441.000000,175.841995,-0.205373,-0.225910
442.000000,175.841995,-0.192989,-0.219331
443.000000,175.841995,-0.180010,-0.211052
444.000000,175.841995,-0.166487,-0.211029
445.000000,175.841995,-0.152452,-0.198576
446.000000,175.841995,-0.137956,-0.190503
447.000000,175.841995,-0.123035,-0.184621
448.000000,175.841995,-0.107742,-0.180355
449.000000,175.841995,-0.092117,-0.170147
450.000000,175.841995,-0.076214,-0.158286
451.000000,175.841995,-0.060076,-0.135799
452.000000,175.841995,-0.043757,-0.133197
453.000000,175.841995,-0.027303,-0.116850
454.000000,175.841995,-0.010766,-0.104191
455.000000,175.841995,0.005804,-0.097635
456.000000,175.841995,0.022356,-0.082488
457.000000,175.841995,0.038840,-0.064615
458.000000,175.841995,0.055206,-0.061106
459.000000,175.841995,0.071402,-0.047599
460.000000,175.841995,0.087382,-0.024746
461.000000,175.841995,0.103093,-0.015043
462.000000,175.841995,0.118493,-0.003557
463.000000,175.841995,0.133528,0.012603
464.000000,175.841995,0.148158,0.017399
465.000000,175.841995,0.162334,0.034539
466.000000,175.841995,0.176017,0.051372
467.000000,175.841995,0.189160,0.061515
468.000000,175.841995,0.201730,0.074495
469.000000,175.841995,0.213680,0.089688
470.000000,175.841995,0.224982,0.093811
471.000000,175.841995,0.235594,0.113558
472.000000,175.841995,0.245492,0.132924
473.000000,175.841995,0.254635,0.133606
474.000000,175.841995,0.263007,0.116164
475.000000,175.841995,0.270571,0.155126
476.000000,175.841995,0.277315,0.164775
477.000000,175.841995,0.283207,0.178195
478.000000,175.841995,0.288242,0.182176
479.000000,175.841995,0.292391,0.195123
480.000000,175.841995,0.295653,0.206596
481.000000,175.841995,0.298008,0.211072
482.000000,175.841995,0.299459,0.218251
483.000000,175.841995,0.299991,0.227043
484.000000,175.841995,0.299614,0.227139
485.000000,175.841995,0.298317,0.231419
486.000000,175.841995,0.296115,0.239464
487.000000,175.841995,0.293004,0.239340
488.000000,175.841995,0.289005,0.245773
489.000000,175.841995,0.284118,0.253378
490.000000,175.841995,0.278370,0.245887
491.000000,175.841995,0.271768,0.249786
492.000000,175.841995,0.264342,0.250858
493.000000,175.841995,0.256104,0.242387
494.000000,175.841995,0.247089,0.242566
495.000000,175.841995,0.237316,0.238818
496.000000,175.841995,0.226824,0.232266
497.000000,175.841995,0.215635,0.234672
498.000000,175.841995,0.203792,0.226718
499.000000,175.841995,0.191324,0.213065
500.000000,175.841995,0.178276,0.204749
501.000000,175.841995,0.164680,0.200571
502.000000,175.841995,0.150585,0.200777
503.000000,175.841995,0.136028,0.194762
504.000000,175.841995,0.121058,0.177883
505.000000,175.841995,0.105717,0.171748
506.000000,175.841995,0.090055,0.162686
507.000000,175.841995,0.074117,0.151094
508.000000,175.841995,0.057954,0.141753
509.000000,175.841995,0.041613,0.131577
510.000000,175.841995,0.025146,0.115752
511.000000,175.841995,0.008602,0.104550
512.000000,175.841995,-0.007968,0.100189
513.000000,175.841995,-0.024514,0.001304
514.000000,175.841995,-0.040986,0.068901
515.000000,175.841995,-0.057332,0.067788
516.000000,175.841995,-0.073503,0.053768
517.000000,175.841995,-0.089450,0.038539
518.000000,175.841995,-0.105125,0.020139
519.000000,175.841995,-0.120477,0.007325
520.000000,175.841995,-0.135464,0.088657
521.000000,175.841995,-0.150036,-0.025310
522.000000,175.841995,-0.164151,-0.048420
523.000000,175.841995,-0.177764,-0.056295
524.000000,175.841995,-0.190837,-0.077994
525.000000,175.841995,-0.203325,-0.081902
526.000000,175.841995,-0.215195,-0.089104
527.000000,175.841995,-0.226407,-0.111476
528.000000,175.841995,-0.236930,-0.118064
529.000000,175.841995,-0.246727,-0.122293
530.000000,175.841995,-0.255775,-0.140784
531.000000,175.841995,-0.264039,-0.151093
532.000000,175.841995,-0.271501,-0.155101
533.000000,175.841995,-0.278131,-0.171966
534.000000,175.841995,-0.283916,-0.181308
535.000000,175.841995,-0.288832,-0.195057
536.000000,175.841995,-0.292869,-0.198755
537.000000,175.841995,-0.296010,-0.201769
538.000000,175.841995,-0.298251,-0.203391
539.000000,175.841995,-0.299579,-0.217209
540.000000,175.841995,-0.299995,-0.222758
541.000000,175.841995,-0.299495,-0.231426
542.000000,175.841995,-0.298082,-0.235517
543.000000,175.841995,-0.295758,-0.236979
544.000000,175.841995,-0.292533,-0.244685
545.000000,175.841995,-0.288415,-0.246165
546.000000,175.841995,-0.283418,-0.243320
547.000000,175.841995,-0.277555,-0.250751
548.000000,175.841995,-0.270846,-0.246912
549.000000,175.841995,-0.263310,-0.242367
550.000000,175.841995,-0.254972,-0.245844
551.000000,175.841995,-0.245854,-0.242605
552.000000,175.841995,-0.235988,-0.236713
553.000000,175.841995,-0.225400,-0.237217
554.000000,175.841995,-0.214126,-0.230931
555.000000,175.841995,-0.202198,-0.224146
556.000000,175.841995,-0.189654,-0.224050
557.000000,175.841995,-0.176530,-0.213003
558.000000,175.841995,-0.162869,-0.201531
559.000000,175.841995,-0.148710,-0.199268
560.000000,175.841995,-0.134097,-0.185995
561.000000,175.841995,-0.119076,-0.170802
562.000000,175.841995,-0.103691,-0.168393
563.000000,175.841995,-0.087989,-0.161740
564.000000,175.841995,-0.072020,-0.147514
565.000000,175.841995,-0.055830,-0.144738
566.000000,175.841995,-0.039470,-0.129972
567.000000,175.841995,-0.022990,-0.117152
0.000000,183.643997,0.008106,-0.096636
1.000000,183.643997,0.025384,-0.082923
2.000000,183.643997,0.042578,-0.072940
3.000000,183.643997,0.059630,-0.059594
4.000000,183.643997,0.076485,-0.047700
5.000000,183.643997,0.093083,-0.033584
6.000000,183.643997,0.109372,-0.021058
7.000000,183.643997,0.125299,-0.005170
8.000000,183.643997,0.140808,0.014105
9.000000,183.643997,0.155847,0.031378
10.000000,183.643997,0.170369,0.037187
11.000000,183.643997,0.184325,0.049961
12.000000,183.643997,0.197664,0.069387
13.000000,183.643997,0.210348,0.075430
14.000000,183.643997,0.222335,0.092583
15.000000,183.643997,0.233575,0.109856
16.000000,183.643997,0.244041,0.115166
17.000000,183.643997,0.253698,0.126959
18.000000,183.643997,0.262507,0.144231
19.000000,183.643997,0.270442,0.142101
20.000000,183.643997,0.277480,0.162667
21.000000,183.643997,0.283596,0.175854
22.000000,183.643997,0.288762,0.178176
23.000000,183.643997,0.292971,0.191156
24.000000,183.643997,0.296209,0.202482
25.000000,183.643997,0.298454,0.204364
26.000000,183.643997,0.299708,0.215484
27.000000,183.643997,0.299968,0.220203
28.000000,183.643997,0.299227,0.229806
29.000000,183.643997,0.297489,0.233705
30.000000,183.643997,0.294764,0.227918
31.000000,183.643997,0.291060,0.237393
32.000000,183.643997,0.286381,0.250066
33.000000,183.643997,0.280753,0.241420
34.000000,183.643997,0.274194,0.243413
35.000000,183.643997,0.266716,0.249525
36.000000,183.643997,0.258352,0.246034
37.000000,183.643997,0.249132,0.244146
38.000000,183.643997,0.239081,0.242818
39.000000,183.643997,0.228232,0.231606
40.000000,183.643997,0.216626,0.229632
41.000000,183.643997,0.204302,0.229197
42.000000,183.643997,0.191292,0.217092
43.000000,183.643997,0.177648,0.213037
44.000000,183.643997,0.163416,0.209775
45.000000,183.643997,0.148636,0.196484
46.000000,183.643997,0.133362,0.190116
47.000000,183.643997,0.117646,0.178973
48.000000,183.643997,0.101538,0.167836
49.000000,183.643997,0.085091,0.156927
50.000000,183.643997,0.068362,0.151525
51.000000,183.643997,0.051406,0.132873
52.000000,183.643997,0.034277,0.123825
53.000000,183.643997,0.017035,0.116330
54.000000,183.643997,-0.000263,0.102438
55.000000,183.643997,-0.017561,0.090489
56.000000,183.643997,-0.034800,0.071980
57.000000,183.643997,-0.051924,0.058615
58.000000,183.643997,-0.068875,0.046520
59.000000,183.643997,-0.085596,0.039331
60.000000,183.643997,-0.102033,-0.037011
61.000000,183.643997,-0.118132,0.007224
62.000000,183.643997,-0.133834,0.002523
63.000000,183.643997,-0.149092,-0.015130
64.000000,183.643997,-0.163857,-0.024705
65.000000,183.643997,-0.178073,-0.047719
66.000000,183.643997,-0.191697,-0.062760
67.000000,183.643997,-0.204685,-0.068175
68.000000,183.643997,-0.216992,-0.090561
69.000000,183.643997,-0.228573,-0.094909
70.000000,183.643997,-0.239397,-0.108218
71.000000,183.643997,-0.249427,-0.125670
72.000000,183.643997,-0.258620,-0.135465
73.000000,183.643997,-0.266955,-0.145947
74.000000,183.643997,-0.274406,-0.157672
75.000000,183.643997,-0.280939,-0.168654
76.000000,183.643997,-0.286537,-0.173776
77.000000,183.643997,-0.291185,-0.192047
78.000000,183.643997,-0.294864,-0.198782
79.000000,183.643997,-0.297556,-0.202937
80.000000,183.643997,-0.299263,-0.214076
81.000000,183.643997,-0.299978,-0.219770
82.000000,183.643997,-0.299685,-0.216632
83.000000,183.643997,-0.298399,-0.229557
84.000000,183.643997,-0.296124,-0.237038
85.000000,183.643997,-0.292859,-0.236727
86.000000,183.643997,-0.288618,-0.243324
87.000000,183.643997,-0.283421,-0.243292
88.000000,183.643997,-0.277281,-0.244534
89.000000,183.643997,-0.270214,-0.250691
90.000000,183.643997,-0.262250,-0.244039
91.000000,183.643997,-0.253418,-0.244946
92.000000,183.643997,-0.243735,-0.243398
93.000000,183.643997,-0.233244,-0.248139
94.000000,183.643997,-0.221979,-0.238972
95.000000,183.643997,-0.209973,-0.230391
96.000000,183.643997,-0.197267,-0.221892
97.000000,183.643997,-0.183908,-0.221063
98.000000,183.643997,-0.169937,-0.213049
99.000000,183.643997,-0.155397,-0.201210
100.000000,183.643997,-0.140342,-0.196675
101.000000,183.643997,-0.124821,-0.184575
102.000000,183.643997,-0.108882,-0.154134
103.000000,183.643997,-0.092582,-0.166093
104.000000,183.643997,-0.075975,-0.155340
105.000000,183.643997,-0.059114,-0.143867
106.000000,183.643997,-0.042056,-0.135657
107.000000,183.643997,-0.024859,-0.117991
108.000000,183.643997,-0.007579,-0.101905
109.000000,183.643997,0.009726,-0.096595
110.000000,183.643997,0.026999,-0.080188
111.000000,183.643997,0.044183,-0.068642
112.000000,183.643997,0.061218,-0.063039
113.000000,183.643997,0.078050,-0.042473
114.000000,183.643997,0.094624,-0.024733
115.000000,183.643997,0.110882,-0.015130
116.000000,183.643997,0.126769,-0.002530
117.000000,183.643997,0.142237,0.009391
118.000000,183.643997,0.157232,0.027726
119.000000,183.643997,0.171700,0.042699
120.000000,183.643997,0.185599,0.045507
121.000000,183.643997,0.198883,0.073982
122.000000,183.643997,0.211501,0.083901
123.000000,183.643997,0.223416,0.091131
124.000000,183.643997,0.234590,0.104637
125.000000,183.643997,0.244983,0.120797
126.000000,183.643997,0.254557,0.126693
127.000000,183.643997,0.263287,0.141533
128.000000,183.643997,0.271144,0.156725
129.000000,183.643997,0.278091,0.158242
130.000000,183.643997,0.284117,0.196677
131.000000,183.643997,0.289201,0.188201
132.000000,183.643997,0.293316,0.183083
133.000000,183.643997,0.296457,0.198963
134.000000,183.643997,0.298615,0.205629
135.000000,183.643997,0.299777,0.210911
136.000000,183.643997,0.299938,0.222324
137.000000,183.643997,0.299105,0.221577
138.000000,183.643997,0.297280,0.230172
139.000000,183.643997,0.294458,0.240238
140.000000,183.643997,0.290659,0.236220
141.000000,183.643997,0.285897,0.243560
142.000000,183.643997,0.280178,0.249745
143.000000,183.643997,0.273528,0.244627
144.000000,183.643997,0.265970,0.243326
145.000000,183.643997,0.257527,0.236564
146.000000,183.643997,0.248223,0.237700
147.000000,183.643997,0.238096,0.244586
148.000000,183.643997,0.227180,0.241397
149.000000,183.643997,0.215501,0.232940
150.000000,183.643997,0.203108,0.227538
151.000000,183.643997,0.190042,0.221683
152.000000,183.643997,0.176340,0.213812
153.000000,183.643997,0.162051,0.207443
154.000000,183.643997,0.147226,0.195623
155.000000,183.643997,0.131909,0.187390
156.000000,183.643997,0.116152,0.180788
157.000000,183.643997,0.100010,0.167615
158.000000,183.643997,0.083536,0.160294
159.000000,183.643997,0.066782,0.154952
160.000000,183.643997,0.049807,0.140694
161.000000,183.643997,0.032666,0.125025
162.000000,183.643997,0.015416,0.118936
163.000000,183.643997,-0.001885,0.099011
164.000000,183.643997,-0.019179,0.089523
165.000000,183.643997,-0.036411,0.080607
166.000000,183.643997,-0.053520,0.061589
167.000000,183.643997,-0.070452,0.048527
168.000000,183.643997,-0.087150,0.034778
169.000000,183.643997,-0.103556,0.016126
170.000000,183.643997,-0.119618,0.005144
171.000000,183.643997,-0.135284,-0.005311
172.000000,183.643997,-0.150498,-0.022190
173.000000,183.643997,-0.165211,-0.051700
174.000000,183.643997,-0.179375,-0.046220
175.000000,183.643997,-0.192944,-0.061486
176.000000,183.643997,-0.205866,-0.072102
177.000000,183.643997,-0.218106,-0.090208
178.000000,183.643997,-0.229624,-0.100255
179.000000,183.643997,-0.240371,-0.106271
180.000000,183.643997,-0.250320,-0.129110
181.000000,183.643997,-0.259440,-0.138292
182.000000,183.643997,-0.267693,-0.143634
183.000000,183.643997,-0.275054,-0.163706
184.000000,183.643997,-0.281503,-0.166574
185.000000,183.643997,-0.287017,-0.173702
186.000000,183.643997,-0.291569,-0.189821
187.000000,183.643997,-0.295155,-0.198049
188.000000,183.643997,-0.297763,-0.203391
189.000000,183.643997,-0.299372,-0.214002
190.000000,183.643997,-0.299988,-0.229451
191.000000,183.643997,-0.299609,-0.220279
192.000000,183.643997,-0.298230,-0.229557
193.000000,183.643997,-0.295856,-0.232205
194.000000,183.643997,-0.292502,-0.239760
195.000000,183.643997,-0.288176,-0.243031
196.000000,183.643997,-0.282884,-0.240772
197.000000,183.643997,-0.276655,-0.261293
198.000000,183.643997,-0.269509,-0.248172
199.000000,183.643997,-0.261460,-0.239146
200.000000,183.643997,-0.252542,-0.245844
201.000000,183.643997,-0.242787,-0.241405
202.000000,183.643997,-0.232223,-0.230532
203.000000,183.643997,-0.220883,-0.233717
204.000000,183.643997,-0.208811,-0.228544
205.000000,183.643997,-0.196046,-0.219532
206.000000,183.643997,-0.182623,-0.218249
207.000000,183.643997,-0.168596,-0.203556
208.000000,183.643997,-0.154009,-0.196024
209.000000,183.643997,-0.138907,-0.193101
210.000000,183.643997,-0.123343,-0.182055
211.000000,183.643997,-0.107370,-0.169909
212.000000,183.643997,-0.091040,-0.164159
213.000000,183.643997,-0.074405,-0.151780
214.000000,183.643997,-0.057523,-0.147707
215.000000,183.643997,-0.040451,-0.135218
216.000000,183.643997,-0.023243,-0.114431
217.000000,183.643997,-0.005958,-0.112103
218.000000,183.643997,0.011347,-0.094528
219.000000,183.643997,0.028614,-0.078442
220.000000,183.643997,0.045785,-0.070773
221.000000,183.643997,0.062805,-0.055099
222.000000,183.643997,0.079616,-0.029566
223.000000,183.643997,0.096160,-0.030744
224.000000,183.643997,0.112386,-0.014117
225.000000,183.643997,0.128239,0.002789
226.000000,183.643997,0.143662,0.012259
227.000000,183.643997,0.158608,0.028739
228.000000,183.643997,0.173029,0.046378
229.000000,183.643997,0.186871,0.049388
230.000000,183.643997,0.200091,0.068915
231.000000,183.643997,0.212648,0.085821
232.000000,183.643997,0.224497,0.094324
233.000000,183.643997,0.235596,0.112064
234.000000,183.643997,0.245913,0.119757
235.000000,183.643997,0.255416,0.133826
236.000000,183.643997,0.264060,0.145019
237.000000,183.643997,0.271830,0.148006
238.000000,183.643997,0.278698,0.163442
239.000000,183.643997,0.284635,0.179308
240.000000,183.643997,0.289624,0.183509
241.000000,183.643997,0.293652,0.192443
242.000000,183.643997,0.296704,0.204589
243.000000,183.643997,0.298764,0.206385
244.000000,183.643997,0.299832,0.216318
245.000000,183.643997,0.299908,0.226150
246.000000,183.643997,0.298976,0.230039
247.000000,183.643997,0.297053,0.236252
248.000000,183.643997,0.294146,0.244078
249.000000,183.643997,0.290255,0.246707
250.000000,183.643997,0.285398,0.244059
251.000000,183.643997,0.279595,0.251445
252.000000,183.643997,0.272861,0.243500
253.000000,183.643997,0.265215,0.244719
254.000000,183.643997,0.256689,0.242699
255.000000,183.643997,0.247313,0.242827
256.000000,183.643997,0.237107,0.242479
257.000000,183.643997,0.226114,0.235606
258.000000,183.643997,0.214372,0.230612
259.000000,183.643997,0.201914,0.228244
260.000000,183.643997,0.188782,0.218366
261.000000,183.643997,0.175026,0.215351
262.000000,183.643997,0.160687,0.214023
263.000000,183.643997,0.145810,0.195664
264.000000,183.643997,0.130450,0.184622
265.000000,183.643997,0.114657,0.184627
266.000000,183.643997,0.098480,0.169476
267.000000,183.643997,0.081977,0.159387
268.000000,183.643997,0.065201,0.149212
269.000000,183.643997,0.048208,0.135320
270.000000,183.643997,0.031054,0.123371
271.000000,183.643997,0.013797,0.113956
272.000000,183.643997,-0.003506,0.101984
273.000000,183.643997,-0.020797,0.090109
274.000000,183.643997,-0.038019,0.069941
275.000000,183.643997,-0.055115,0.060315
276.000000,183.643997,-0.072027,0.052000
277.000000,183.643997,-0.088699,0.027873
278.000000,183.643997,-0.105077,0.020799
279.000000,183.643997,-0.121104,-0.000831
280.000000,183.643997,-0.136728,-0.013183
281.000000,183.643997,-0.151898,-0.021471
282.000000,183.643997,-0.166564,-0.029200
283.000000,183.643997,-0.180672,-0.051732
284.000000,183.643997,-0.194180,-0.062554
285.000000,183.643997,-0.207045,-0.072656
286.000000,183.643997,-0.219217,-0.090868
287.000000,183.643997,-0.230660,-0.102963
288.000000,183.643997,-0.241338,-0.110238
289.000000,183.643997,-0.251213,-0.130150
290.000000,183.643997,-0.260248,-0.141572
291.000000,183.643997,-0.268420,-0.144834
292.000000,183.643997,-0.275702,-0.162812
293.000000,183.643997,-0.282059,-0.169854
294.000000,183.643997,-0.287481,-0.175036
295.000000,183.643997,-0.291950,-0.188341
296.000000,183.643997,-0.295442,-0.196349
297.000000,183.643997,-0.297951,-0.206323
298.000000,183.643997,-0.299473,-0.210969
299.000000,183.643997,-0.299997,-0.218011
300.000000,183.643997,-0.299519,-0.231417
301.000000,183.643997,-0.298048,-0.233891
302.000000,183.643997,-0.295589,-0.229639
303.000000,183.643997,-0.292137,-0.240864
304.000000,183.643997,-0.287717,-0.242238
305.000000,183.643997,-0.282344,-0.243187
306.000000,183.643997,-0.276026,-0.245551
307.000000,183.643997,-0.268789,-0.239265
308.000000,183.643997,-0.260662,-0.241340
309.000000,183.643997,-0.251666,-0.243324
310.000000,183.643997,-0.241830,-0.237858
311.000000,183.643997,-0.231191,-0.230400
312.000000,183.643997,-0.219787,-0.234097
313.000000,183.643997,-0.207644,-0.233698
314.000000,183.643997,-0.194813,-0.220192
315.000000,183.643997,-0.181336,-0.217283
316.000000,183.643997,-0.167253,-0.205870
317.000000,183.643997,-0.152614,-0.197023
318.000000,183.643997,-0.137468,-0.194815
319.000000,183.643997,-0.121865,-0.182142
320.000000,183.643997,-0.105854,-0.173707
321.000000,183.643997,-0.089493,-0.162313
322.000000,183.643997,-0.072834,-0.145773
323.000000,183.643997,-0.055931,-0.146671
324.000000,183.643997,-0.038843,-0.130178
325.000000,183.643997,-0.021626,-0.116625
326.000000,183.643997,-0.004337,-0.106715
327.000000,183.643997,0.012966,-0.093956
328.000000,183.643997,0.030227,-0.076830
329.000000,183.643997,0.047387,-0.074493
330.000000,183.643997,0.064389,-0.052813
331.000000,183.643997,0.081177,-0.037094
332.000000,183.643997,0.097696,-0.024357
333.000000,183.643997,0.113887,-0.011597
334.000000,183.643997,0.129701,0.000283
335.000000,183.643997,0.145084,0.015526
336.000000,183.643997,0.159983,0.031318
337.000000,183.643997,0.174349,0.039547
338.000000,183.643997,0.188137,0.058221
339.000000,183.643997,0.201299,0.078774
340.000000,183.643997,0.213788,0.082357
341.000000,183.643997,0.225567,0.096904
342.000000,183.643997,0.236599,0.113209
343.000000,183.643997,0.246838,0.122372
344.000000,183.643997,0.256258,0.133799
345.000000,183.643997,0.264827,0.146385
346.000000,183.643997,0.272514,0.154668
347.000000,183.643997,0.279291,0.167721
348.000000,183.643997,0.285142,0.188054
349.000000,183.643997,0.290046,0.181457
350.000000,183.643997,0.293979,0.190789
351.000000,183.643997,0.296936,0.201295
352.000000,183.643997,0.298910,0.209198
353.000000,183.643997,0.299882,0.218531
354.000000,183.643997,0.299858,0.225811
355.000000,183.643997,0.298840,0.229806
356.000000,183.643997,0.296825,0.232431
357.000000,183.643997,0.293820,0.231959
358.000000,183.643997,0.289840,0.239840
359.000000,183.643997,0.284899,0.247372
360.000000,183.643997,0.279002,0.239867
361.000000,183.643997,0.272180,0.245640
362.000000,183.643997,0.264457,0.250785
363.000000,183.643997,0.255847,0.249094
364.000000,183.643997,0.246387,0.243546
365.000000,183.643997,0.236111,0.242964
366.000000,183.643997,0.225048,0.236660
367.000000,183.643997,0.213232,0.230892
368.000000,183.643997,0.200711,0.227703
369.000000,183.643997,0.187523,0.220812
370.000000,183.643997,0.173706,0.214371
371.000000,183.643997,0.159313,0.209629
372.000000,183.643997,0.144393,0.193570
373.000000,183.643997,0.128989,0.188022
374.000000,183.643997,0.113156,0.173228
375.000000,183.643997,0.096948,0.165962
376.000000,183.643997,0.080417,0.163373
377.000000,183.643997,0.063617,0.142921
378.000000,183.643997,0.046607,0.138880
379.000000,183.643997,0.029441,0.127797
380.000000,183.643997,0.012177,0.105265
381.000000,183.643997,-0.005127,0.096523
382.000000,183.643997,-0.022414,0.089541
383.000000,183.643997,-0.039627,0.071183
384.000000,183.643997,-0.056707,0.060654
385.000000,183.643997,-0.073600,0.048838
386.000000,183.643997,-0.090247,0.031973
387.000000,183.643997,-0.106593,0.021298
388.000000,183.643997,-0.122585,0.008736
389.000000,183.643997,-0.138171,-0.011103
390.000000,183.643997,-0.153294,-0.021865
391.000000,183.643997,-0.167908,-0.034487
392.000000,183.643997,-0.181965,-0.051292
393.000000,183.643997,-0.195414,-0.065994
394.000000,183.643997,-0.208213,-0.081375
395.000000,183.643997,-0.220321,-0.092742
396.000000,183.643997,-0.231696,-0.100984
397.000000,183.643997,-0.242296,-0.116983
398.000000,183.643997,-0.252093,-0.129211
399.000000,183.643997,-0.261055,-0.134186
400.000000,183.643997,-0.269140,-0.154698
401.000000,183.643997,-0.276332,-0.165007
402.000000,183.643997,-0.282609,-0.169235
403.000000,183.643997,-0.287942,-0.183420
404.000000,183.643997,-0.292315,-0.192982
405.000000,183.643997,-0.295719,-0.195204
406.000000,183.643997,-0.298140,-0.209609
407.000000,183.643997,-0.299563,-0.215010
408.000000,183.643997,-0.299993,-0.212765
409.000000,183.643997,-0.299428,-0.227096
410.000000,183.643997,-0.297859,-0.232498
411.000000,183.643997,-0.295302,-0.231366
412.000000,183.643997,-0.291766,-0.241391
413.000000,183.643997,-0.287256,-0.240465
414.000000,183.643997,-0.281788,-0.242806
415.000000,183.643997,-0.275386,-0.250618
416.000000,183.643997,-0.268069,-0.245533
417.000000,183.643997,-0.259854,-0.255846
418.000000,183.643997,-0.250778,-0.246092
419.000000,183.643997,-0.240870,-0.241679
420.000000,183.643997,-0.230155,-0.241304
421.000000,183.643997,-0.218676,-0.232704
422.000000,183.643997,-0.206472,-0.229419
423.000000,183.643997,-0.193579,-0.224123
424.000000,183.643997,-0.180040,-0.213223
425.000000,183.643997,-0.165905,-0.198704
426.000000,183.643997,-0.151218,-0.199721
427.000000,183.643997,-0.136024,-0.190389
428.000000,183.643997,-0.120380,-0.177276
429.000000,183.643997,-0.104337,-0.177693
430.000000,183.643997,-0.087944,-0.170074
431.000000,183.643997,-0.071259,-0.145801
432.000000,183.643997,-0.054338,-0.141384
433.000000,183.643997,-0.037236,-0.132872
434.000000,183.643997,-0.020009,-0.114765
435.000000,183.643997,-0.002716,-0.103669
436.000000,183.643997,0.014586,-0.083102
437.000000,183.643997,0.031840,-0.082369
438.000000,183.643997,0.048987,-0.066246
439.000000,183.643997,0.065972,-0.049853
440.000000,183.643997,0.082737,-0.044319
441.000000,183.643997,0.099226,-0.025104
442.000000,183.643997,0.115386,-0.006264
443.000000,183.643997,0.131162,-0.063200
444.000000,183.643997,0.146500,0.015585
445.000000,183.643997,0.161352,0.041939
446.000000,183.643997,0.175669,0.048275
447.000000,183.643997,0.189396,0.066395
448.000000,183.643997,0.202496,0.081807
449.000000,183.643997,0.214924,0.086810
450.000000,183.643997,0.226634,0.102997
451.000000,183.643997,0.237589,0.115729
452.000000,183.643997,0.247757,0.122372
453.000000,183.643997,0.257100,0.136319
454.000000,183.643997,0.265583,0.151599
455.000000,183.643997,0.273186,0.156001
456.000000,183.643997,0.279884,0.167267
457.000000,183.643997,0.285641,0.177521
458.000000,183.643997,0.290452,0.186276
459.000000,183.643997,0.294300,0.197982
460.000000,183.643997,0.297164,0.198257
461.000000,183.643997,0.299039,0.213871
462.000000,183.643997,0.299923,0.219163
463.000000,183.643997,0.299808,0.222232
464.000000,183.643997,0.298691,0.230379
465.000000,183.643997,0.296584,0.233371
466.000000,183.643997,0.293493,0.236440
467.000000,183.643997,0.289418,0.239973
468.000000,183.643997,0.284382,0.247798
469.000000,183.643997,0.278405,0.250501
470.000000,183.643997,0.271496,0.245773
471.000000,183.643997,0.263684,0.244825
472.000000,183.643997,0.254997,0.242767
473.000000,183.643997,0.245462,0.241979
474.000000,183.643997,0.235106,0.241251
475.000000,183.643997,0.223970,0.236133
476.000000,183.643997,0.212093,0.233192
477.000000,183.643997,0.199503,0.224684
478.000000,183.643997,0.186251,0.206078
479.000000,183.643997,0.172383,0.215104
480.000000,183.643997,0.157938,0.204470
481.000000,183.643997,0.142967,0.193643
482.000000,183.643997,0.127523,0.187642
483.000000,183.643997,0.111654,0.173475
484.000000,183.643997,0.095411,0.167061
485.000000,183.643997,0.078853,0.160606
486.000000,183.643997,0.062033,0.142027
487.000000,183.643997,0.045004,0.136333
488.000000,183.643997,0.027827,0.126744
489.000000,183.643997,0.010557,0.110479
490.000000,183.643997,-0.006748,0.095030
491.000000,183.643997,-0.024030,0.091768
492.000000,183.643997,-0.041233,0.070216
493.000000,183.643997,-0.058299,0.049860
494.000000,183.643997,-0.075170,0.046992
495.000000,183.643997,-0.091791,0.031300
496.000000,183.643997,-0.108108,0.015631
497.000000,183.643997,-0.124063,-0.001330
498.000000,183.643997,-0.139606,-0.014016
499.000000,183.643997,-0.154686,-0.022332
500.000000,183.643997,-0.169250,-0.042885
501.000000,183.643997,-0.183249,-0.053620
502.000000,183.643997,-0.196641,-0.060968
503.000000,183.643997,-0.209380,-0.080220
504.000000,183.643997,-0.221417,-0.089562
505.000000,183.643997,-0.232720,-0.099224
506.000000,183.643997,-0.243252,-0.118609
507.000000,183.643997,-0.252969,-0.128551
508.000000,183.643997,-0.261845,-0.138287
509.000000,183.643997,-0.269854,-0.154332
510.000000,183.643997,-0.276962,-0.164567
511.000000,183.643997,-0.283146,-0.170129
512.000000,183.643997,-0.288392,-0.183434
513.000000,183.643997,-0.292680,-0.192029
514.000000,183.643997,-0.295986,-0.204463
515.000000,183.643997,-0.298312,-0.206576
516.000000,183.643997,-0.299649,-0.212431
517.000000,183.643997,-0.299983,-0.223243
518.000000,183.643997,-0.299319,-0.230391
519.000000,183.643997,-0.297663,-0.230592
520.000000,183.643997,-0.295015,-0.242944
521.000000,183.643997,-0.291382,-0.240218
522.000000,183.643997,-0.286783,-0.235746
523.000000,183.643997,-0.281232,-0.244364
524.000000,183.643997,-0.274738,-0.245885
525.000000,183.643997,-0.267334,-0.239773
526.000000,183.643997,-0.259043,-0.244364
527.000000,183.643997,-0.249885,-0.244552
528.000000,183.643997,-0.239896,-0.236800
529.000000,183.643997,-0.229112,-0.237070
530.000000,183.643997,-0.217565,-0.233245
531.000000,183.643997,-0.205291,-0.222212
532.000000,183.643997,-0.192336,-0.228883
533.000000,183.643997,-0.178744,-0.214424
534.000000,183.643997,-0.164551,-0.205691
535.000000,183.643997,-0.149813,-0.205229
536.000000,183.643997,-0.134579,-0.191809
537.000000,183.643997,-0.118894,-0.185042
538.000000,183.643997,-0.102814,-0.171087
539.000000,183.643997,-0.086393,-0.158194
540.000000,183.643997,-0.069684,-0.153292
541.000000,183.643997,-0.052742,-0.139698
542.000000,183.643997,-0.035626,-0.125179
543.000000,183.643997,-0.018391,-0.114669
0.000000,191.792999,0.010931,-0.097364
1.000000,191.792999,0.028964,-0.085361
2.000000,191.792999,0.046891,-0.072308
3.000000,191.792999,0.064649,-0.056955
4.000000,191.792999,0.082172,-0.044965
5.000000,191.792999,0.099397,-0.027972
6.000000,191.792999,0.116261,-0.018291
7.000000,191.792999,0.132703,-0.000776
8.000000,191.792999,0.148664,0.015691
9.000000,191.792999,0.164085,0.026613
10.000000,191.792999,0.178912,0.036047
11.000000,191.792999,0.193089,0.058153
12.000000,191.792999,0.206563,0.071489
13.000000,191.792999,0.219288,0.084103
14.000000,191.792999,0.231217,0.101595
15.000000,191.792999,0.242307,0.108165
16.000000,191.792999,0.252518,0.122038
17.000000,191.792999,0.261812,0.139838
18.000000,191.792999,0.270157,0.145294
19.000000,191.792999,0.277522,0.157380
20.000000,191.792999,0.283879,0.170493
21.000000,191.792999,0.289207,0.182276
22.000000,191.792999,0.293485,0.190262
23.000000,191.792999,0.296695,0.196095
24.000000,191.792999,0.298829,0.204218
25.000000,191.792999,0.299878,0.214810
26.000000,191.792999,0.299839,0.213990
27.000000,191.792999,0.298712,0.226379
28.000000,191.792999,0.296502,0.232578
29.000000,191.792999,0.293215,0.227813
30.000000,191.792999,0.288865,0.231212
31.000000,191.792999,0.283467,0.241191
32.000000,191.792999,0.277040,0.239120
33.000000,191.792999,0.269608,0.242433
34.000000,191.792999,0.261194,0.245571
35.000000,191.792999,0.251833,0.238447
36.000000,191.792999,0.241558,0.236032
37.000000,191.792999,0.230407,0.241324
38.000000,191.792999,0.218420,0.228940
39.000000,191.792999,0.205640,0.226512
40.000000,191.792999,0.192114,0.223470
41.000000,191.792999,0.177891,0.214412
42.000000,191.792999,0.163023,0.207970
43.000000,191.792999,0.147563,0.201442
44.000000,191.792999,0.131567,0.189337
45.000000,191.792999,0.115093,0.177988
46.000000,191.792999,0.098201,0.171020
47.000000,191.792999,0.080953,0.157935
48.000000,191.792999,0.063411,0.151640
49.000000,191.792999,0.045639,0.134885
50.000000,191.792999,0.027702,0.120806
51.000000,191.792999,0.009664,0.111084
52.000000,191.792999,-0.008409,0.094457
53.000000,191.792999,-0.026452,0.087090
54.000000,191.792999,-0.044399,0.075201
55.000000,191.792999,-0.062185,0.054748
56.000000,191.792999,-0.079744,0.043707
57.000000,191.792999,-0.097014,0.032258
58.000000,191.792999,-0.113932,0.012639
59.000000,191.792999,-0.130436,0.000924
60.000000,191.792999,-0.146467,-0.007698
61.000000,191.792999,-0.161967,-0.031564
62.000000,191.792999,-0.176879,-0.039192
63.000000,191.792999,-0.191149,-0.052795
64.000000,191.792999,-0.204726,-0.074113
65.000000,191.792999,-0.217560,-0.087395
66.000000,191.792999,-0.229605,-0.095944
67.000000,191.792999,-0.240814,-0.114449
68.000000,191.792999,-0.251149,-0.126618
69.000000,191.792999,-0.260573,-0.133820
70.000000,191.792999,-0.269051,-0.150392
71.000000,191.792999,-0.276553,-0.159953
72.000000,191.792999,-0.283052,-0.164109
73.000000,191.792999,-0.288523,-0.181120
74.000000,191.792999,-0.292948,-0.188822
75.000000,191.792999,-0.296310,-0.194837
76.000000,191.792999,-0.298597,-0.209242
77.000000,191.792999,-0.299800,-0.209810
78.000000,191.792999,-0.299914,-0.216998
79.000000,191.792999,-0.298937,-0.228077
80.000000,191.792999,-0.296876,-0.230871
81.000000,191.792999,-0.293738,-0.242092
82.000000,191.792999,-0.289534,-0.239018
83.000000,191.792999,-0.284280,-0.238106
84.000000,191.792999,-0.277995,-0.249345
85.000000,191.792999,-0.270700,-0.244905
86.000000,191.792999,-0.262424,-0.238793
87.000000,191.792999,-0.253195,-0.246664
88.000000,191.792999,-0.243048,-0.242312
89.000000,191.792999,-0.232017,-0.234706
90.000000,191.792999,-0.220142,-0.236030
91.000000,191.792999,-0.207470,-0.228031
92.000000,191.792999,-0.194044,-0.220059
93.000000,191.792999,-0.179915,-0.218469
94.000000,191.792999,-0.165133,-0.209430
95.000000,191.792999,-0.149751,-0.202424
96.000000,191.792999,-0.133827,-0.192721
97.000000,191.792999,-0.117416,-0.180415
98.000000,191.792999,-0.100580,-0.166189
99.000000,191.792999,-0.083379,-0.161626
100.000000,191.792999,-0.065874,-0.152366
101.000000,191.792999,-0.048130,-0.135753
102.000000,191.792999,-0.030211,-0.126064
103.000000,191.792999,-0.012183,-0.115544
104.000000,191.792999,0.005889,-0.096897
105.000000,191.792999,0.023939,-0.091088
106.000000,191.792999,0.041903,-0.075881
107.000000,191.792999,0.059715,-0.063415
108.000000,191.792999,0.077310,-0.055525
109.000000,191.792999,0.094625,-0.030432
110.000000,191.792999,0.111596,-0.022144
111.000000,191.792999,0.128163,-0.005916
112.000000,191.792999,0.144263,0.012850
113.000000,191.792999,0.159840,0.024093
114.000000,191.792999,0.174836,0.036633
115.000000,191.792999,0.189198,0.055473
116.000000,191.792999,0.202874,0.065382
117.000000,191.792999,0.215814,0.075315
118.000000,191.792999,0.227970,0.098988
119.000000,191.792999,0.239300,0.108545
120.000000,191.792999,0.249761,0.118845
121.000000,191.792999,0.259316,0.137978
122.000000,191.792999,0.267930,0.144034
123.000000,191.792999,0.275569,0.157454
124.000000,191.792999,0.282208,0.167520
125.000000,191.792999,0.287823,0.176403
126.000000,191.792999,0.292394,0.184916
127.000000,191.792999,0.295903,0.198395
128.000000,191.792999,0.298340,0.200278
129.000000,191.792999,0.299693,0.210430
130.000000,191.792999,0.299960,0.225330
131.000000,191.792999,0.299138,0.220885
132.000000,191.792999,0.297231,0.228431
133.000000,191.792999,0.294245,0.231684
134.000000,191.792999,0.290188,0.233526
135.000000,191.792999,0.285078,0.242332
136.000000,191.792999,0.278934,0.238726
137.000000,191.792999,0.271777,0.239766
138.000000,191.792999,0.263635,0.248265
139.000000,191.792999,0.254537,0.239647
140.000000,191.792999,0.244514,0.242359
141.000000,191.792999,0.233605,0.242598
142.000000,191.792999,0.221848,0.228326
143.000000,191.792999,0.209286,0.227098
144.000000,191.792999,0.195964,0.228377
145.000000,191.792999,0.181929,0.215979
146.000000,191.792999,0.167234,0.212217
147.000000,191.792999,0.151932,0.205909
148.000000,191.792999,0.136079,0.191870
149.000000,191.792999,0.119733,0.181855
150.000000,191.792999,0.102952,0.173173
151.000000,191.792999,0.085797,0.164189
152.000000,191.792999,0.068332,0.153206
153.000000,191.792999,0.050618,0.139719
154.000000,191.792999,0.032720,0.132333
155.000000,191.792999,0.014703,0.115917
156.000000,191.792999,-0.003367,0.098557
157.000000,191.792999,-0.021424,0.087983
158.000000,191.792999,-0.039404,0.088002
159.000000,191.792999,-0.057241,0.062116
160.000000,191.792999,-0.074870,0.045933
161.000000,191.792999,-0.092227,0.036051
162.000000,191.792999,-0.109250,0.014046
163.000000,191.792999,-0.125876,0.008204
164.000000,191.792999,-0.142046,-0.061362
165.000000,191.792999,-0.157701,-0.022864
166.000000,191.792999,-0.172783,-0.028558
167.000000,191.792999,-0.187237,-0.046761
168.000000,191.792999,-0.201011,-0.061926
169.000000,191.792999,-0.214055,-0.072981
170.000000,191.792999,-0.226323,-0.091683
171.000000,191.792999,-0.237769,-0.102775
172.000000,191.792999,-0.248353,-0.116071
173.000000,191.792999,-0.258036,-0.137472
174.000000,191.792999,-0.266782,-0.145498
175.000000,191.792999,-0.274561,-0.152994
176.000000,191.792999,-0.281344,-0.172553
177.000000,191.792999,-0.287106,-0.174747
178.000000,191.792999,-0.291823,-0.177189
179.000000,191.792999,-0.295481,-0.196148
180.000000,191.792999,-0.298066,-0.202956
181.000000,191.792999,-0.299570,-0.203391
182.000000,191.792999,-0.299987,-0.216536
183.000000,191.792999,-0.299316,-0.222304
184.000000,191.792999,-0.297558,-0.223999
185.000000,191.792999,-0.294722,-0.237964
186.000000,191.792999,-0.290815,-0.233992
187.000000,191.792999,-0.285854,-0.236420
188.000000,191.792999,-0.279855,-0.244218
189.000000,191.792999,-0.272839,-0.235265
190.000000,191.792999,-0.264831,-0.245693
191.000000,191.792999,-0.255863,-0.247791
192.000000,191.792999,-0.245967,-0.243233
193.000000,191.792999,-0.235178,-0.240204
194.000000,191.792999,-0.223535,-0.235751
195.000000,191.792999,-0.211082,-0.223312
196.000000,191.792999,-0.197863,-0.228210
197.000000,191.792999,-0.183926,-0.218277
198.000000,191.792999,-0.169322,-0.206658
199.000000,191.792999,-0.154103,-0.205229
200.000000,191.792999,-0.138323,-0.194182
201.000000,191.792999,-0.122041,-0.182930
202.000000,191.792999,-0.105317,-0.174647
203.000000,191.792999,-0.088210,-0.161594
204.000000,191.792999,-0.070784,-0.151601
205.000000,191.792999,-0.053101,-0.144284
206.000000,191.792999,-0.035225,-0.134058
207.000000,191.792999,-0.017221,-0.115439
208.000000,191.792999,0.000845,-0.106789
209.000000,191.792999,0.018909,-0.091656
210.000000,191.792999,0.036904,-0.074882
211.000000,191.792999,0.054764,-0.066246
212.000000,191.792999,0.072426,-0.051040
213.000000,191.792999,0.089825,-0.039852
214.000000,191.792999,0.106898,-0.023844
215.000000,191.792999,0.123583,-0.002471
216.000000,191.792999,0.139819,0.006239
217.000000,191.792999,0.155548,0.026526
218.000000,191.792999,0.170713,0.040445
219.000000,191.792999,0.185258,0.049608
220.000000,191.792999,0.199132,0.064154
221.000000,191.792999,0.212283,0.085074
222.000000,191.792999,0.224663,0.090091
223.000000,191.792999,0.236226,0.104404
224.000000,191.792999,0.246931,0.122130
225.000000,191.792999,0.256741,0.131600
226.000000,191.792999,0.265619,0.141826
227.000000,191.792999,0.273533,0.153692
228.000000,191.792999,0.280455,0.161508
229.000000,191.792999,0.286360,0.172994
230.000000,191.792999,0.291225,0.172321
231.000000,191.792999,0.295034,0.192603
232.000000,191.792999,0.297773,0.203489
233.000000,191.792999,0.299430,0.203691
234.000000,191.792999,0.299997,0.221838
235.000000,191.792999,0.299477,0.228844
236.000000,191.792999,0.297869,0.225133
237.000000,191.792999,0.295181,0.232912
238.000000,191.792999,0.291423,0.239918
239.000000,191.792999,0.286606,0.237480
240.000000,191.792999,0.280750,0.243693
241.000000,191.792999,0.273875,0.246611
242.000000,191.792999,0.266007,0.241434
243.000000,191.792999,0.257173,0.248380
244.000000,191.792999,0.247406,0.246758
245.000000,191.792999,0.236738,0.237480
246.000000,191.792999,0.225211,0.235725
247.000000,191.792999,0.212868,0.240358
248.000000,191.792999,0.199752,0.183417
249.000000,191.792999,0.185911,0.219438
250.000000,191.792999,0.171396,0.220263
251.000000,191.792999,0.156259,0.206898
252.000000,191.792999,0.140555,0.198230
253.000000,191.792999,0.124341,0.194001
254.000000,191.792999,0.107676,0.176023
255.000000,191.792999,0.090620,0.168688
256.000000,191.792999,0.073234,0.162086
257.000000,191.792999,0.055582,0.143874
258.000000,191.792999,0.037729,0.133785
259.000000,191.792999,0.019739,0.120824
260.000000,191.792999,0.001677,0.106598
261.000000,191.792999,-0.016390,0.096876
262.000000,191.792999,-0.034398,0.077908
263.000000,191.792999,-0.052282,0.065222
264.000000,191.792999,-0.069976,0.054006
265.000000,191.792999,-0.087416,0.037861
266.000000,191.792999,-0.104539,0.029133
267.000000,191.792999,-0.121281,0.010023
268.000000,191.792999,-0.137584,-0.006796
269.000000,191.792999,-0.153386,-0.019844
270.000000,191.792999,-0.168633,-0.026079
271.000000,191.792999,-0.183267,-0.050092
272.000000,191.792999,-0.197237,-0.063374
273.000000,191.792999,-0.210490,-0.075189
274.000000,191.792999,-0.222981,-0.093695
275.000000,191.792999,-0.234662,-0.102816
276.000000,191.792999,-0.245492,-0.112099
277.000000,191.792999,-0.255431,-0.128217
278.000000,191.792999,-0.264441,-0.136739
279.000000,191.792999,-0.272490,-0.145127
280.000000,191.792999,-0.279551,-0.166006
281.000000,191.792999,-0.285598,-0.173794
282.000000,191.792999,-0.290608,-0.175563
283.000000,191.792999,-0.294564,-0.168146
284.000000,191.792999,-0.297452,-0.200569
285.000000,191.792999,-0.299260,-0.205545
286.000000,191.792999,-0.299982,-0.220843
287.000000,191.792999,-0.299616,-0.223711
288.000000,191.792999,-0.298163,-0.224819
289.000000,191.792999,-0.295625,-0.237070
290.000000,191.792999,-0.292013,-0.251172
291.000000,191.792999,-0.287342,-0.232406
292.000000,191.792999,-0.281629,-0.240718
293.000000,191.792999,-0.274894,-0.237712
294.000000,191.792999,-0.267161,-0.243933
295.000000,191.792999,-0.258459,-0.245185
296.000000,191.792999,-0.248819,-0.242252
297.000000,191.792999,-0.238277,-0.242719
298.000000,191.792999,-0.226870,-0.238418
299.000000,191.792999,-0.214640,-0.228498
300.000000,191.792999,-0.201629,-0.225777
301.000000,191.792999,-0.187885,-0.221310
302.000000,191.792999,-0.173460,-0.214671
303.000000,191.792999,-0.158406,-0.209242
304.000000,191.792999,-0.142777,-0.190742
305.000000,191.792999,-0.126630,-0.180836
306.000000,191.792999,-0.110024,-0.178133
307.000000,191.792999,-0.093019,-0.168800
308.000000,191.792999,-0.075675,-0.153534
309.000000,191.792999,-0.058058,-0.148238
310.000000,191.792999,-0.040229,-0.130645
311.000000,191.792999,-0.022254,-0.116566
312.000000,191.792999,-0.004198,-0.111109
313.000000,191.792999,0.013872,-0.094483
314.000000,191.792999,0.031893,-0.076229
315.000000,191.792999,0.049797,-0.064460
316.000000,191.792999,0.067521,-0.054160
317.000000,191.792999,0.085000,-0.039746
318.000000,191.792999,0.102170,-0.028297
319.000000,191.792999,0.118970,-0.014878
320.000000,191.792999,0.135338,-0.003323
321.000000,191.792999,0.151216,0.016785
322.000000,191.792999,0.166544,0.035332
323.000000,191.792999,0.181266,0.041114
324.000000,191.792999,0.195331,0.060008
325.000000,191.792999,0.208687,0.076387
326.000000,191.792999,0.221285,0.086810
327.000000,191.792999,0.233081,0.101810
328.000000,191.792999,0.244031,0.120723
329.000000,191.792999,0.254096,0.133080
330.000000,191.792999,0.263238,0.140112
331.000000,191.792999,0.271426,0.154119
332.000000,191.792999,0.278629,0.158828
333.000000,191.792999,0.284820,0.171735
334.000000,191.792999,0.289975,0.177801
335.000000,191.792999,0.294078,0.187843
336.000000,191.792999,0.297114,0.202156
337.000000,191.792999,0.299072,0.203531
338.000000,191.792999,0.299945,0.214471
339.000000,191.792999,0.299729,0.225577
340.000000,191.792999,0.298426,0.224913
341.000000,191.792999,0.296041,0.235519
342.000000,191.792999,0.292581,0.242451
343.000000,191.792999,0.288060,0.235986
344.000000,191.792999,0.282492,0.242052
345.000000,191.792999,0.275897,0.248911
346.000000,191.792999,0.268301,0.243954
347.000000,191.792999,0.259731,0.244953
348.000000,191.792999,0.250219,0.241998
349.000000,191.792999,0.239800,0.237627
350.000000,191.792999,0.228510,0.241232
351.000000,191.792999,0.216391,0.234044
352.000000,191.792999,0.203487,0.225793
353.000000,191.792999,0.189845,0.219571
354.000000,191.792999,0.175514,0.210270
355.000000,191.792999,0.160545,0.203764
356.000000,191.792999,0.144992,0.200136
357.000000,191.792999,0.128913,0.191563
358.000000,191.792999,0.112367,0.179276
359.000000,191.792999,0.095413,0.170960
360.000000,191.792999,0.078113,0.158988
361.000000,191.792999,0.060530,0.149207
362.000000,191.792999,0.042727,0.139545
363.000000,191.792999,0.024768,0.120746
364.000000,191.792999,0.006720,0.110291
365.000000,191.792999,-0.011352,0.100702
366.000000,191.792999,-0.029384,0.080410
367.000000,191.792999,-0.047309,0.070921
368.000000,191.792999,-0.065062,0.060819
369.000000,191.792999,-0.082578,0.042461
370.000000,191.792999,-0.099795,0.030965
371.000000,191.792999,-0.116650,0.015590
372.000000,191.792999,-0.133081,-0.001289
373.000000,191.792999,-0.149030,-0.014131
374.000000,191.792999,-0.164438,-0.031413
375.000000,191.792999,-0.179250,-0.045858
376.000000,191.792999,-0.193411,-0.056254
377.000000,191.792999,-0.206871,-0.073847
378.000000,191.792999,-0.219577,-0.085901
379.000000,191.792999,-0.231487,-0.098010
380.000000,191.792999,-0.242556,-0.115563
381.000000,191.792999,-0.252746,-0.127644
382.000000,191.792999,-0.262018,-0.134406
383.000000,191.792999,-0.270340,-0.148751
384.000000,191.792999,-0.277681,-0.155486
385.000000,191.792999,-0.284014,-0.163655
386.000000,191.792999,-0.289318,-0.179700
387.000000,191.792999,-0.293571,-0.189789
388.000000,191.792999,-0.296759,-0.192157
389.000000,191.792999,-0.298867,-0.207982
390.000000,191.792999,-0.299891,-0.212710
391.000000,191.792999,-0.299826,-0.215665
392.000000,191.792999,-0.298673,-0.230743
393.000000,191.792999,-0.296437,-0.231091
394.000000,191.792999,-0.293125,-0.233433
395.000000,191.792999,-0.288750,-0.240351
396.000000,191.792999,-0.283327,-0.238912
397.000000,191.792999,-0.276876,-0.247438
398.000000,191.792999,-0.269421,-0.246912
399.000000,191.792999,-0.260987,-0.197884
400.000000,191.792999,-0.251605,-0.245918
401.000000,191.792999,-0.241308,-0.247805
402.000000,191.792999,-0.230136,-0.238866
403.000000,191.792999,-0.218130,-0.248085
404.000000,191.792999,-0.205332,-0.228178
405.000000,191.792999,-0.191789,-0.218639
406.000000,191.792999,-0.177550,-0.219129
407.000000,191.792999,-0.162667,-0.207716
408.000000,191.792999,-0.147194,-0.197064
409.000000,191.792999,-0.131186,-0.192648
410.000000,191.792999,-0.114702,-0.183535
411.000000,191.792999,-0.097802,-0.165149
412.000000,191.792999,-0.080545,-0.161846
413.000000,191.792999,-0.062997,-0.146786
414.000000,191.792999,-0.045221,-0.138360
415.000000,191.792999,-0.027280,-0.126357
416.000000,191.792999,-0.009241,-0.108617
417.000000,191.792999,0.008832,-0.096824
418.000000,191.792999,0.026873,-0.089081
419.000000,191.792999,0.044817,-0.071941
420.000000,191.792999,0.062598,-0.056575
421.000000,191.792999,0.080152,-0.046825
422.000000,191.792999,0.097415,-0.029539
423.000000,191.792999,0.114324,-0.018424
424.000000,191.792999,0.130817,-0.011190
425.000000,191.792999,0.146837,0.015677
426.000000,191.792999,0.162323,0.026333
427.000000,191.792999,0.177220,0.045347
428.000000,191.792999,0.191474,0.060086
429.000000,191.792999,0.205034,0.071036
430.000000,191.792999,0.217850,0.083502
431.000000,191.792999,0.229875,0.100335
432.000000,191.792999,0.241067,0.107198
433.000000,191.792999,0.251382,0.124045
434.000000,191.792999,0.260783,0.137231
435.000000,191.792999,0.269239,0.143800
436.000000,191.792999,0.276717,0.158567
437.000000,191.792999,0.283191,0.168633
438.000000,191.792999,0.288638,0.170809
439.000000,191.792999,0.293038,0.186615
440.000000,191.792999,0.296374,0.198042
441.000000,191.792999,0.298636,0.202064
442.000000,191.792999,0.299813,0.213331
443.000000,191.792999,0.299903,0.218357
444.000000,191.792999,0.298904,0.226832
445.000000,191.792999,0.296817,0.236532
446.000000,191.792999,0.293653,0.234479
447.000000,191.792999,0.289424,0.238946
448.000000,191.792999,0.284145,0.244545
449.000000,191.792999,0.277835,0.240467
450.000000,191.792999,0.270517,0.243853
451.000000,191.792999,0.262218,0.247211
452.000000,191.792999,0.252967,0.242167
453.000000,191.792999,0.242798,0.238039
454.000000,191.792999,0.231749,0.243184
455.000000,191.792999,0.219857,0.232866
456.000000,191.792999,0.207166,0.227245
457.000000,191.792999,0.193723,0.227337
458.000000,191.792999,0.179577,0.213078
459.000000,191.792999,0.164780,0.206344
460.000000,191.792999,0.149385,0.204195
461.000000,191.792999,0.133448,0.194097
462.000000,191.792999,0.117027,0.181108
463.000000,191.792999,0.100182,0.168880
464.000000,191.792999,0.082972,0.158301
465.000000,191.792999,0.065462,0.153266
466.000000,191.792999,0.047713,0.136360
467.000000,191.792999,0.029791,0.124586
468.000000,191.792999,0.011762,0.116490
469.000000,191.792999,-0.006311,0.098351
470.000000,191.792999,-0.024360,0.077702
471.000000,191.792999,-0.042321,0.080021
472.000000,191.792999,-0.060128,0.063756
473.000000,191.792999,-0.077718,0.047120
474.000000,191.792999,-0.095025,0.037531
475.000000,191.792999,-0.111988,0.013006
476.000000,191.792999,-0.128544,0.003957
477.000000,191.792999,-0.144634,-0.009792
478.000000,191.792999,-0.160198,-0.030744
479.000000,191.792999,-0.175180,-0.040979
480.000000,191.792999,-0.189527,-0.049075
481.000000,191.792999,-0.203185,-0.071520
482.000000,191.792999,-0.216107,-0.084215
483.000000,191.792999,-0.228244,-0.091624
484.000000,191.792999,-0.239553,-0.108956
485.000000,191.792999,-0.249994,-0.121651
486.000000,191.792999,-0.259527,-0.141325
487.000000,191.792999,-0.268119,-0.145865
488.000000,191.792999,-0.275738,-0.152920
489.000000,191.792999,-0.282353,-0.166913
490.000000,191.792999,-0.287943,-0.175494
491.000000,191.792999,-0.292489,-0.184336
492.000000,191.792999,-0.295973,-0.203135
493.000000,191.792999,-0.298384,-0.203996
494.000000,191.792999,-0.299712,-0.207624
495.000000,191.792999,-0.299952,-0.218616
496.000000,191.792999,-0.299105,-0.224384
497.000000,191.792999,-0.297172,-0.227499
498.000000,191.792999,-0.294160,-0.233043
499.000000,191.792999,-0.290082,-0.238592
500.000000,191.792999,-0.284948,-0.237093
501.000000,191.792999,-0.278779,-0.248818
502.000000,191.792999,-0.271599,-0.245812
503.000000,191.792999,-0.263433,-0.241780
504.000000,191.792999,-0.254312,-0.244731
505.000000,191.792999,-0.244268,-0.240452
506.000000,191.792999,-0.233338,-0.233300
507.000000,191.792999,-0.221562,-0.238931
508.000000,191.792999,-0.208981,-0.229451
509.000000,191.792999,-0.195642,-0.213805
510.000000,191.792999,-0.181593,-0.222717
511.000000,191.792999,-0.166883,-0.208770
512.000000,191.792999,-0.151568,-0.201577
513.000000,191.792999,-0.135702,-0.193628
514.000000,191.792999,-0.119345,-0.182068
515.000000,191.792999,-0.102554,-0.179214
516.000000,191.792999,-0.085392,-0.165360
517.000000,191.792999,-0.067919,-0.146740
518.000000,191.792999,-0.050200,-0.140404
519.000000,191.792999,-0.032299,-0.130984
520.000000,191.792999,-0.014281,-0.114458
0.000000,200.302994,0.014297,-0.100081
1.000000,200.302994,0.033113,-0.091408
2.000000,200.302994,0.051798,-0.069976
3.000000,200.302994,0.070277,-0.060799
4.000000,200.302994,0.088478,-0.045286
5.000000,200.302994,0.106329,-0.022506
6.000000,200.302994,0.123760,-0.013490
7.000000,200.302994,0.140700,0.002844
8.000000,200.302994,0.157085,0.021010
9.000000,200.302994,0.172847,0.024386
10.000000,200.302994,0.187923,0.043693
11.000000,200.302994,0.202256,0.068553
12.000000,200.302994,0.215788,0.072896
13.000000,200.302994,0.228466,0.089523
14.000000,200.302994,0.240241,0.106956
15.000000,200.302994,0.251065,0.117159
16.000000,200.302994,0.260896,0.133112
17.000000,200.302994,0.269693,0.138926
18.000000,200.302994,0.277420,0.156294
19.000000,200.302994,0.284050,0.165540
20.000000,200.302994,0.289556,0.170355
21.000000,200.302994,0.293916,0.182249
22.000000,200.302994,0.297113,0.195362
23.000000,200.302994,0.299135,0.199838
24.000000,200.302994,0.299974,0.213271
25.000000,200.302994,0.299623,0.222210
26.000000,200.302994,0.298084,0.222526
27.000000,200.302994,0.295365,0.230525
28.000000,200.302994,0.291478,0.238644
29.000000,200.302994,0.286439,0.235693
30.000000,200.302994,0.280266,0.239372
31.000000,200.302994,0.272984,0.243184
32.000000,200.302994,0.264622,0.238667
33.000000,200.302994,0.255209,0.240632
34.000000,200.302994,0.244786,0.238658
35.000000,200.302994,0.233394,0.234200
36.000000,200.302994,0.221079,0.232958
37.000000,200.302994,0.207890,0.221371
38.000000,200.302994,0.193878,0.220432
39.000000,200.302994,0.179099,0.217770
40.000000,200.302994,0.163611,0.206078
41.000000,200.302994,0.147473,0.202564
42.000000,200.302994,0.130751,0.193502
43.000000,200.302994,0.113513,0.177736
44.000000,200.302994,0.095825,0.169522
45.000000,200.302994,0.077759,0.161646
46.000000,200.302994,0.059384,0.141574
47.000000,200.302994,0.040775,0.135659
48.000000,200.302994,0.022004,0.127710
49.000000,200.302994,0.003145,0.108532
50.000000,200.302994,-0.015725,0.095103
51.000000,200.302994,-0.034534,0.082394
52.000000,200.302994,-0.053205,0.065895
53.000000,200.302994,-0.071666,0.053654
54.000000,200.302994,-0.089844,0.040518
55.000000,200.302994,-0.107666,0.022732
56.000000,200.302994,-0.125063,0.011970
57.000000,200.302994,-0.141962,-0.013490
58.000000,200.302994,-0.158300,-0.019977
59.000000,200.302994,-0.174011,-0.036187
60.000000,200.302994,-0.189034,-0.056185
61.000000,200.302994,-0.203309,-0.065967
62.000000,200.302994,-0.216780,-0.075263
63.000000,200.302994,-0.229394,-0.095921
64.000000,200.302994,-0.241098,-0.101763
65.000000,200.302994,-0.251845,-0.115965
66.000000,200.302994,-0.261596,-0.136404
67.000000,200.302994,-0.270313,-0.133765
68.000000,200.302994,-0.277960,-0.153095
69.000000,200.302994,-0.284507,-0.170926
70.000000,200.302994,-0.289929,-0.175508
71.000000,200.302994,-0.294203,-0.187017
72.000000,200.302994,-0.297311,-0.197041
73.000000,200.302994,-0.299240,-0.206690
74.000000,200.302994,-0.299985,-0.218084
75.000000,200.302994,-0.299544,-0.223756
76.000000,200.302994,-0.297917,-0.226785
77.000000,200.302994,-0.295112,-0.235618
78.000000,200.302994,-0.291139,-0.239018
79.000000,200.302994,-0.286015,-0.235352
80.000000,200.302994,-0.279754,-0.243778
81.000000,200.302994,-0.272386,-0.244231
82.000000,200.302994,-0.263941,-0.241766
83.000000,200.302994,-0.254451,-0.243471
84.000000,200.302994,-0.243955,-0.240305
85.000000,200.302994,-0.232493,-0.245794
86.000000,200.302994,-0.220112,-0.236997
87.000000,200.302994,-0.206860,-0.227138
88.000000,200.302994,-0.192785,-0.218125
89.000000,200.302994,-0.177948,-0.219436
90.000000,200.302994,-0.162407,-0.208390
91.000000,200.302994,-0.146223,-0.194091
92.000000,200.302994,-0.129462,-0.190421
93.000000,200.302994,-0.112187,-0.178041
94.000000,200.302994,-0.094469,-0.167449
95.000000,200.302994,-0.076377,-0.163939
96.000000,200.302994,-0.057981,-0.153786
97.000000,200.302994,-0.039357,-0.141059
98.000000,200.302994,-0.020576,-0.121230
99.000000,200.302994,-0.001715,-0.107077
100.000000,200.302994,0.017154,-0.101589
101.000000,200.302994,0.035955,-0.076601
102.000000,200.302994,0.054613,-0.061335
103.000000,200.302994,0.073056,-0.058572
104.000000,200.302994,0.091208,-0.041419
105.000000,200.302994,0.108999,-0.022359
106.000000,200.302994,0.126359,-0.012889
107.000000,200.302994,0.143220,0.007531
108.000000,200.302994,0.159513,0.022723
109.000000,200.302994,0.175176,0.025280
110.000000,200.302994,0.190145,0.048527
111.000000,200.302994,0.204361,0.070867
112.000000,200.302994,0.217766,0.079590
113.000000,200.302994,0.230310,0.095396
114.000000,200.302994,0.241943,0.105036
115.000000,200.302994,0.252618,0.120732
116.000000,200.302994,0.262294,0.132218
117.000000,200.302994,0.270932,0.139072
118.000000,200.302994,0.278499,0.154288
119.000000,200.302994,0.284960,0.167327
120.000000,200.302994,0.290292,0.175262
121.000000,200.302994,0.294476,0.186863
122.000000,200.302994,0.297495,0.197075
123.000000,200.302994,0.299336,0.198197
124.000000,200.302994,0.299994,0.209551
125.000000,200.302994,0.299465,0.224070
126.000000,200.302994,0.297751,0.226993
127.000000,200.302994,0.294854,0.227698
128.000000,200.302994,0.290790,0.240284
129.000000,200.302994,0.285576,0.235693
130.000000,200.302994,0.279232,0.242199
131.000000,200.302994,0.271783,0.245191
132.000000,200.302994,0.263259,0.239633
133.000000,200.302994,0.253694,0.242346
134.000000,200.302994,0.243124,0.242818
135.000000,200.302994,0.231588,0.239106
136.000000,200.302994,0.219137,0.234965
137.000000,200.302994,0.205818,0.223098
138.000000,200.302994,0.191685,0.217152
139.000000,200.302994,0.176794,0.214563
140.000000,200.302994,0.161204,0.202284
141.000000,200.302994,0.144975,0.199870
142.000000,200.302994,0.128172,0.193488
143.000000,200.302994,0.110861,0.175729
144.000000,200.302994,0.093111,0.171675
145.000000,200.302994,0.074992,0.162232
146.000000,200.302994,0.056577,0.139494
147.000000,200.302994,0.037939,0.133199
148.000000,200.302994,0.019150,0.161912
149.000000,200.302994,0.000285,0.107198
150.000000,200.302994,-0.018581,0.088409
151.000000,200.302994,-0.037374,0.078087
152.000000,200.302994,-0.056018,0.059948
153.000000,200.302994,-0.074441,0.048000
154.000000,200.302994,-0.092569,0.030645
155.000000,200.302994,-0.110330,0.017312
156.000000,200.302994,-0.127656,0.008630
157.000000,200.302994,-0.144477,-0.014250
158.000000,200.302994,-0.160724,-0.024137
159.000000,200.302994,-0.176335,-0.037066
160.000000,200.302994,-0.191247,-0.056566
161.000000,200.302994,-0.205403,-0.066333
162.000000,200.302994,-0.218746,-0.075923
163.000000,200.302994,-0.231224,-0.095555
164.000000,200.302994,-0.242787,-0.109203
165.000000,200.302994,-0.253390,-0.119012
166.000000,200.302994,-0.262987,-0.134911
167.000000,200.302994,-0.271543,-0.145146
168.000000,200.302994,-0.279023,-0.153988
169.000000,200.302994,-0.285400,-0.170473
170.000000,200.302994,-0.290648,-0.179741
171.000000,200.302994,-0.294746,-0.183003
172.000000,200.302994,-0.297678,-0.202388
173.000000,200.302994,-0.299433,-0.210470
174.000000,200.302994,-0.299997,-0.208298
175.000000,200.302994,-0.299375,-0.223450
176.000000,200.302994,-0.297568,-0.223784
177.000000,200.302994,-0.294583,-0.226826
178.000000,200.302994,-0.290434,-0.238931
179.000000,200.302994,-0.285135,-0.238078
180.000000,200.302994,-0.278709,-0.238807
181.000000,200.302994,-0.271179,-0.240864
182.000000,200.302994,-0.262571,-0.243512
183.000000,200.302994,-0.252925,-0.233080
184.000000,200.302994,-0.242279,-0.240498
185.000000,200.302994,-0.230674,-0.235032
186.000000,200.302994,-0.218156,-0.234912
187.000000,200.302994,-0.204776,-0.230010
188.000000,200.302994,-0.190585,-0.219271
189.000000,200.302994,-0.175639,-0.221163
190.000000,200.302994,-0.159996,-0.214543
191.000000,200.302994,-0.143720,-0.197710
192.000000,200.302994,-0.126875,-0.189441
193.000000,200.302994,-0.109529,-0.177721
194.000000,200.302994,-0.091749,-0.164242
195.000000,200.302994,-0.073607,-0.158506
196.000000,200.302994,-0.055172,-0.144326
197.000000,200.302994,-0.036519,-0.126159
198.000000,200.302994,-0.017722,-0.125683
199.000000,200.302994,0.001146,-0.106157
200.000000,200.302994,0.020009,-0.089030
201.000000,200.302994,0.038793,-0.082300
202.000000,200.302994,0.057423,-0.064780
203.000000,200.302994,0.075826,-0.045574
204.000000,200.302994,0.093930,-0.036544
205.000000,200.302994,0.111661,-0.022598
206.000000,200.302994,0.128949,-0.005545
207.000000,200.302994,0.145727,0.005492
208.000000,200.302994,0.161928,0.020405
209.000000,200.302994,0.177489,0.042291
210.000000,200.302994,0.192347,0.048568
211.000000,200.302994,0.206445,0.068021
212.000000,200.302994,0.219726,0.085894
213.000000,200.302994,0.232135,0.093737
214.000000,200.302994,0.243624,0.107904
215.000000,200.302994,0.254149,0.125777
216.000000,200.302994,0.263669,0.133753
217.000000,200.302994,0.272146,0.148300
218.000000,200.302994,0.279546,0.161293
219.000000,200.302994,0.285841,0.169842
220.000000,200.302994,0.291004,0.179981
221.000000,200.302994,0.295011,0.184256
222.000000,200.302994,0.297851,0.194684
223.000000,200.302994,0.299512,0.209056
224.000000,200.302994,0.299989,0.210325
225.000000,200.302994,0.299278,0.214164
226.000000,200.302994,0.297384,0.227717
227.000000,200.302994,0.294313,0.230113
228.000000,200.302994,0.290077,0.242126
229.000000,200.302994,0.284689,0.245864
230.000000,200.302994,0.278174,0.236000
231.000000,200.302994,0.270559,0.239899
232.000000,200.302994,0.261874,0.224789
233.000000,200.302994,0.252153,0.238080
234.000000,200.302994,0.241434,0.241833
235.000000,200.302994,0.229760,0.244898
236.000000,200.302994,0.217176,0.236206
237.000000,200.302994,0.203729,0.228651
238.000000,200.302994,0.189477,0.218077
239.000000,200.302994,0.174475,0.210911
240.000000,200.302994,0.158783,0.210710
241.000000,200.302994,0.142463,0.198903
242.000000,200.302994,0.125579,0.188576
243.000000,200.302994,0.108198,0.186222
244.000000,200.302994,0.090388,0.164495
245.000000,200.302994,0.072220,0.155461
246.000000,200.302994,0.053766,0.150485
247.000000,200.302994,0.035099,0.131453
248.000000,200.302994,0.016294,0.121745
249.000000,200.302994,-0.002576,0.110002
250.000000,200.302994,-0.021435,0.093958
251.000000,200.302994,-0.040211,0.081262
252.000000,200.302994,-0.058826,0.070193
253.000000,200.302994,-0.077209,0.043588
254.000000,200.302994,-0.095285,0.032313
255.000000,200.302994,-0.112985,0.028157
256.000000,200.302994,-0.130238,0.003338
257.000000,200.302994,-0.146975,-0.001536
258.000000,200.302994,-0.163132,-0.019386
259.000000,200.302994,-0.178643,-0.043238
260.000000,200.302994,-0.193444,-0.055113
261.000000,200.302994,-0.207480,-0.065889
262.000000,200.302994,-0.220694,-0.083647
263.000000,200.302994,-0.233035,-0.094996
264.000000,200.302994,-0.244455,-0.105771
265.000000,200.302994,-0.254907,-0.125537
266.000000,200.302994,-0.264351,-0.137559
267.000000,200.302994,-0.272750,-0.145801
268.000000,200.302994,-0.280064,-0.163339
269.000000,200.302994,-0.286270,-0.174541
270.000000,200.302994,-0.291343,-0.178582
271.000000,200.302994,-0.295264,-0.184767
272.000000,200.302994,-0.298017,-0.196950
273.000000,200.302994,-0.299591,-0.209416
274.000000,200.302994,-0.299980,-0.213869
275.000000,200.302994,-0.299181,-0.219138
276.000000,200.302994,-0.297193,-0.227477
277.000000,200.302994,-0.294030,-0.231444
278.000000,200.302994,-0.289704,-0.232026
279.000000,200.302994,-0.284232,-0.241904
280.000000,200.302994,-0.277635,-0.238665
281.000000,200.302994,-0.269940,-0.238133
282.000000,200.302994,-0.261177,-0.247704
283.000000,200.302994,-0.251378,-0.240232
284.000000,200.302994,-0.240583,-0.234266
285.000000,200.302994,-0.228835,-0.232223
286.000000,200.302994,-0.216183,-0.232645
287.000000,200.302994,-0.202675,-0.222886
288.000000,200.302994,-0.188365,-0.220330
289.000000,200.302994,-0.173310,-0.214790
290.000000,200.302994,-0.157569,-0.201458
291.000000,200.302994,-0.141204,-0.198901
292.000000,200.302994,-0.124278,-0.189789
293.000000,200.302994,-0.106861,-0.175856
294.000000,200.302994,-0.089022,-0.167806
295.000000,200.302994,-0.070830,-0.152966
296.000000,200.302994,-0.052358,-0.148133
297.000000,200.302994,-0.033678,-0.133664
298.000000,200.302994,-0.014865,-0.114298
299.000000,200.302994,0.004006,-0.104636
300.000000,200.302994,0.022862,-0.093342
301.000000,200.302994,0.041627,-0.073316
302.000000,200.302994,0.060228,-0.066833
303.000000,200.302994,0.078590,-0.050720
304.000000,200.302994,0.096641,-0.026006
305.000000,200.302994,0.114310,-0.021297
306.000000,200.302994,0.131527,0.047821
307.000000,200.302994,0.148222,0.014316
308.000000,200.302994,0.164330,0.017312
309.000000,200.302994,0.179787,0.034086
310.000000,200.302994,0.194533,0.051592
311.000000,200.302994,0.208509,0.066042
312.000000,200.302994,0.221661,0.078202
313.000000,200.302994,0.233936,0.093083
314.000000,200.302994,0.245285,0.107931
315.000000,200.302994,0.255660,0.124398
316.000000,200.302994,0.265023,0.130839
317.000000,200.302994,0.273337,0.147947
318.000000,200.302994,0.280570,0.164926
319.000000,200.302994,0.286694,0.165682
320.000000,200.302994,0.291682,0.180229
321.000000,200.302994,0.295518,0.195275
322.000000,200.302994,0.298182,0.199238
323.000000,200.302994,0.299663,0.205670
324.000000,200.302994,0.299958,0.217216
325.000000,200.302994,0.299067,0.218205
326.000000,200.302994,0.296992,0.228285
327.000000,200.302994,0.293743,0.237311
328.000000,200.302994,0.289331,0.235840
329.000000,200.302994,0.283775,0.237132
330.000000,200.302994,0.277094,0.239125
331.000000,200.302994,0.269313,0.239853
332.000000,200.302994,0.260468,0.240325
333.000000,200.302994,0.250591,0.238126
334.000000,200.302994,0.239724,0.240747
335.000000,200.302994,0.227908,0.238305
336.000000,200.302994,0.215190,0.226686
337.000000,200.302994,0.201621,0.227639
338.000000,200.302994,0.187252,0.219250
339.000000,200.302994,0.172141,0.207191
340.000000,200.302994,0.156349,0.205157
341.000000,200.302994,0.139939,0.203535
342.000000,200.302994,0.122975,0.184576
343.000000,200.302994,0.105524,0.180449
344.000000,200.302994,0.087656,0.169673
345.000000,200.302994,0.069441,0.147667
346.000000,200.302994,0.050950,0.143613
347.000000,200.302994,0.032257,0.135371
348.000000,200.302994,0.013437,0.118579
349.000000,200.302994,-0.005436,0.105444
350.000000,200.302994,-0.024288,0.095942
351.000000,200.302994,-0.043043,0.073789
352.000000,200.302994,-0.061628,0.057081
353.000000,200.302994,-0.079970,0.039478
354.000000,200.302994,-0.097994,0.033907
355.000000,200.302994,-0.115630,0.022998
356.000000,200.302994,-0.132809,0.002596
357.000000,200.302994,-0.149462,-0.010003
358.000000,200.302994,-0.165523,-0.023152
359.000000,200.302994,-0.180930,-0.046372
360.000000,200.302994,-0.195622,-0.054353
361.000000,200.302994,-0.209539,-0.064982
362.000000,200.302994,-0.222623,-0.087587
363.000000,200.302994,-0.234827,-0.100869
364.000000,200.302994,-0.246102,-0.112758
365.000000,200.302994,-0.256403,-0.125390
366.000000,200.302994,-0.265689,-0.134952
367.000000,200.302994,-0.273925,-0.143794
368.000000,200.302994,-0.281077,-0.160586
369.000000,200.302994,-0.287116,-0.172008
370.000000,200.302994,-0.292014,-0.177496
371.000000,200.302994,-0.295758,-0.188634
372.000000,200.302994,-0.298331,-0.194929
373.000000,200.302994,-0.299725,-0.203304
374.000000,200.302994,-0.299932,-0.217429
375.000000,200.302994,-0.298953,-0.225584
376.000000,200.302994,-0.296791,-0.228732
377.000000,200.302994,-0.293453,-0.229937
378.000000,200.302994,-0.288950,-0.234005
379.000000,200.302994,-0.283305,-0.239018
380.000000,200.302994,-0.276538,-0.242445
381.000000,200.302994,-0.268678,-0.235732
382.000000,200.302994,-0.259755,-0.244731
383.000000,200.302994,-0.249804,-0.242458
384.000000,200.302994,-0.238865,-0.232773
385.000000,200.302994,-0.226978,-0.235137
386.000000,200.302994,-0.214191,-0.233831
387.000000,200.302994,-0.200557,-0.221992
388.000000,200.302994,-0.186130,-0.220403
389.000000,200.302994,-0.170966,-0.209136
390.000000,200.302994,-0.155126,-0.198777
391.000000,200.302994,-0.138673,-0.198608
392.000000,200.302994,-0.121670,-0.182875
393.000000,200.302994,-0.104184,-0.175549
394.000000,200.302994,-0.086286,-0.161332
395.000000,200.302994,-0.068047,-0.154387
396.000000,200.302994,-0.049538,-0.146713
397.000000,200.302994,-0.030834,-0.127937
398.000000,200.302994,-0.012008,-0.113111
399.000000,200.302994,0.006867,-0.107902
400.000000,200.302994,0.025714,-0.092155
401.000000,200.302994,0.044459,-0.069742
402.000000,200.302994,0.063028,-0.064373
403.000000,200.302994,0.081347,-0.046926
404.000000,200.302994,0.099344,-0.028760
405.000000,200.302994,0.116949,-0.018836
406.000000,200.302994,0.134091,-0.003996
407.000000,200.302994,0.150702,0.016176
408.000000,200.302994,0.166717,0.026100
409.000000,200.302994,0.182070,0.041160
410.000000,200.302994,0.196702,0.059926
411.000000,200.302994,0.210556,0.069322
412.000000,200.302994,0.223578,0.091236
413.000000,200.302994,0.235714,0.103909
414.000000,200.302994,0.246918,0.115899
415.000000,200.302994,0.257146,0.130958
416.000000,200.302994,0.266354,0.129172
417.000000,200.302994,0.274506,0.147067
418.000000,200.302994,0.281571,0.161000
419.000000,200.302994,0.287522,0.166122
420.000000,200.302994,0.292336,0.183216
421.000000,200.302994,0.295994,0.191715
422.000000,200.302994,0.298480,0.197231
423.000000,200.302994,0.299786,0.207691
424.000000,200.302994,0.299903,0.220496
425.000000,200.302994,0.298830,0.229526
426.000000,200.302994,0.296576,0.227625
427.000000,200.302994,0.293148,0.236637
428.000000,200.302994,0.288560,0.233906
429.000000,200.302994,0.282831,0.241232
430.000000,200.302994,0.275983,0.243258
431.000000,200.302994,0.268043,0.237480
432.000000,200.302994,0.259039,0.244059
433.000000,200.302994,0.249009,0.242144
434.000000,200.302994,0.237994,0.236880
435.000000,200.302994,0.226037,0.236985
436.000000,200.302994,0.213186,0.237851
437.000000,200.302994,0.199492,0.221325
438.000000,200.302994,0.185008,0.213317
439.000000,200.302994,0.169792,0.202710
440.000000,200.302994,0.153902,0.204277
441.000000,200.302994,0.137403,0.198789
442.000000,200.302994,0.120360,0.180577
443.000000,200.302994,0.102841,0.176082
444.000000,200.302994,0.084916,0.168573
445.000000,200.302994,0.066654,0.146627
446.000000,200.302994,0.048128,0.139906
447.000000,200.302994,0.029412,0.134344
448.000000,200.302994,0.010579,0.111812
449.000000,200.302994,-0.008296,0.102104
450.000000,200.302994,-0.027138,0.094008
451.000000,200.302994,-0.045872,0.072296
452.000000,200.302994,-0.064425,0.062661
453.000000,200.302994,-0.082723,0.050918
454.000000,200.302994,-0.100694,0.031900
455.000000,200.302994,-0.118266,0.018165
456.000000,200.302994,-0.135369,0.005016
457.000000,200.302994,-0.151936,-0.007676
458.000000,200.302994,-0.167902,-0.033245
459.000000,200.302994,-0.183203,-0.043041
460.000000,200.302994,-0.197780,-0.063786
461.000000,200.302994,-0.211574,-0.076482
462.000000,200.302994,-0.224531,-0.086483
463.000000,200.302994,-0.236599,-0.103376
464.000000,200.302994,-0.247728,-0.118004
465.000000,200.302994,-0.257877,-0.132478
466.000000,200.302994,-0.267005,-0.141778
467.000000,200.302994,-0.275077,-0.146373
468.000000,200.302994,-0.282061,-0.164892
469.000000,200.302994,-0.287929,-0.170060
470.000000,200.302994,-0.292658,-0.178976
471.000000,200.302994,-0.296227,-0.188767
472.000000,200.302994,-0.298621,-0.209050
473.000000,200.302994,-0.299833,-0.203978
474.000000,200.302994,-0.299859,-0.218249
475.000000,200.302994,-0.298699,-0.222231
476.000000,200.302994,-0.296357,-0.226533
477.000000,200.302994,-0.292843,-0.234903
478.000000,200.302994,-0.288170,-0.239265
479.000000,200.302994,-0.282354,-0.235233
480.000000,200.302994,-0.275418,-0.241611
481.000000,200.302994,-0.267394,-0.240832
482.000000,200.302994,-0.258311,-0.235833
483.000000,200.302994,-0.248207,-0.243764
484.000000,200.302994,-0.237120,-0.239192
485.000000,200.302994,-0.225096,-0.222359
486.000000,200.302994,-0.212181,-0.229410
487.000000,200.302994,-0.198422,-0.225731
488.000000,200.302994,-0.183879,-0.220719
489.000000,200.302994,-0.168608,-0.213196
490.000000,200.302994,-0.152670,-0.202676
491.000000,200.302994,-0.136129,-0.199089
492.000000,200.302994,-0.119048,-0.195195
493.000000,200.302994,-0.101497,-0.172035
494.000000,200.302994,-0.083544,-0.163339
495.000000,200.302994,-0.065258,-0.149072
496.000000,200.302994,-0.046715,-0.136340
497.000000,200.302994,-0.027987,-0.130883
498.000000,200.302994,-0.009149,-0.114183
0.000000,209.190994,0.019094,-0.096237
1.000000,209.190994,0.038714,-0.088774
2.000000,209.190994,0.058168,-0.068647
3.000000,209.190994,0.077369,-0.046614
4.000000,209.190994,0.096237,-0.042505
5.000000,209.190994,0.114691,-0.027138
6.000000,209.190994,0.132646,-0.009119
7.000000,209.190994,0.150031,0.005199
8.000000,209.190994,0.166770,0.022792
9.000000,209.190994,0.182784,0.038351
10.000000,209.190994,0.198012,0.048568
11.000000,209.190994,0.212386,0.067875
12.000000,209.190994,0.225839,0.083067
13.000000,209.190994,0.238322,0.087864
14.000000,209.190994,0.249774,0.110437
15.000000,209.190994,0.260145,0.127930
16.000000,209.190994,0.269398,0.134880
17.000000,209.190994,0.277483,0.149046
18.000000,209.190994,0.284371,0.167066
19.000000,209.190994,0.290036,0.170516
20.000000,209.190994,0.294442,0.181635
21.000000,209.190994,0.297579,0.194675
22.000000,209.190994,0.299437,0.195664
23.000000,209.190994,0.299992,0.208644
24.000000,209.190994,0.299257,0.213143
25.000000,209.190994,0.297233,0.225499
26.000000,209.190994,0.293919,0.228798
27.000000,209.190994,0.289341,0.228051
28.000000,209.190994,0.283514,0.232559
29.000000,209.190994,0.276458,0.243592
30.000000,209.190994,0.268214,0.237466
31.000000,209.190994,0.258809,0.240353
32.000000,209.190994,0.248286,0.242231
33.000000,209.190994,0.236695,0.233540
34.000000,209.190994,0.224078,0.230452
35.000000,209.190994,0.210494,0.230090
36.000000,209.190994,0.196005,0.221926
37.000000,209.190994,0.180664,0.219438
38.000000,209.190994,0.164546,0.212382
39.000000,209.190994,0.147720,0.198124
40.000000,209.190994,0.130251,0.190643
41.000000,209.190994,0.112223,0.173466
42.000000,209.190994,0.093711,0.166869
43.000000,209.190994,0.074792,0.158567
44.000000,209.190994,0.055552,0.146692
45.000000,209.190994,0.036071,0.134647
46.000000,209.190994,0.016434,0.122991
47.000000,209.190994,-0.003273,0.103671
48.000000,209.190994,-0.022966,0.094164
49.000000,209.190994,-0.042560,0.082201
50.000000,209.190994,-0.061971,0.060182
51.000000,209.190994,-0.081112,0.054794
52.000000,209.190994,-0.099905,0.038585
53.000000,209.190994,-0.118268,0.015086
54.000000,209.190994,-0.136116,0.003517
55.000000,209.190994,-0.153379,-0.008225
56.000000,209.190994,-0.169981,-0.031491
57.000000,209.190994,-0.185846,-0.044333
58.000000,209.190994,-0.200911,-0.056368
59.000000,209.190994,-0.215109,-0.075094
60.000000,209.190994,-0.228375,-0.089342
61.000000,209.190994,-0.240660,-0.099591
62.000000,209.190994,-0.251902,-0.114156
63.000000,209.190994,-0.262056,-0.130718
64.000000,209.190994,-0.271084,-0.146373
65.000000,209.190994,-0.278935,-0.155459
66.000000,209.190994,-0.285583,-0.163321
67.000000,209.190994,-0.291005,-0.180241
68.000000,209.190994,-0.295160,-0.190435
69.000000,209.190994,-0.298046,-0.196817
70.000000,209.190994,-0.299648,-0.207382
71.000000,209.190994,-0.299949,-0.209196
72.000000,209.190994,-0.298961,-0.218112
73.000000,209.190994,-0.296682,-0.225310
74.000000,209.190994,-0.293117,-0.229218
75.000000,209.190994,-0.288292,-0.225332
76.000000,209.190994,-0.282220,-0.240937
77.000000,209.190994,-0.274928,-0.239792
78.000000,209.190994,-0.266454,-0.234867
79.000000,209.190994,-0.256824,-0.243251
80.000000,209.190994,-0.246086,-0.239792
81.000000,209.190994,-0.234291,-0.234413
82.000000,209.190994,-0.221477,-0.234917
83.000000,209.190994,-0.207710,-0.227225
84.000000,209.190994,-0.193049,-0.226872
85.000000,209.190994,-0.177549,-0.218630
86.000000,209.190994,-0.161286,-0.211757
87.000000,209.190994,-0.144327,-0.203969
88.000000,209.190994,-0.126742,-0.192822
89.000000,209.190994,-0.108613,-0.175769
90.000000,209.190994,-0.090014,-0.174266
91.000000,209.190994,-0.071025,-0.158153
92.000000,209.190994,-0.051731,-0.141773
93.000000,209.190994,-0.032213,-0.136697
94.000000,209.190994,-0.012556,-0.118430
95.000000,209.190994,0.007156,-0.106065
96.000000,209.190994,0.026836,-0.094588
97.000000,209.190994,0.046400,-0.051860
98.000000,209.190994,0.065765,-0.059049
99.000000,209.190994,0.084844,-0.055525
100.000000,209.190994,0.103558,-0.039045
101.000000,209.190994,0.121826,-0.019459
102.000000,209.190994,0.139565,-0.009169
103.000000,209.190994,0.156704,0.008864
104.000000,209.190994,0.173167,0.028098
105.000000,209.190994,0.188879,0.040907
106.000000,209.190994,0.203779,0.058867
107.000000,209.190994,0.217797,0.074894
108.000000,209.190994,0.230874,0.090677
109.000000,209.190994,0.242959,0.104023
110.000000,209.190994,0.253989,0.113237
111.000000,209.190994,0.263924,0.128539
112.000000,209.190994,0.272725,0.143146
113.000000,209.190994,0.280340,0.147974
114.000000,209.190994,0.286749,0.162974
115.000000,209.190994,0.291923,0.178167
116.000000,209.190994,0.295829,0.179596
117.000000,209.190994,0.298464,0.196896
118.000000,209.190994,0.299810,0.211196
119.000000,209.190994,0.299856,0.211218
120.000000,209.190994,0.298614,0.216831
121.000000,209.190994,0.296080,0.233664
122.000000,209.190994,0.292266,0.228999
123.000000,209.190994,0.287195,0.234539
124.000000,209.190994,0.280879,0.240138
125.000000,209.190994,0.273351,0.235913
126.000000,209.190994,0.264648,0.236839
127.000000,209.190994,0.254795,0.240531
128.000000,209.190994,0.243846,0.233379
129.000000,209.190994,0.231847,0.233851
130.000000,209.190994,0.218840,0.228005
131.000000,209.190994,0.204892,0.227565
132.000000,209.190994,0.190061,0.208163
133.000000,209.190994,0.174405,0.209505
134.000000,209.190994,0.158000,0.208071
135.000000,209.190994,0.140912,0.201602
136.000000,209.190994,0.123214,0.182057
137.000000,209.190994,0.104986,0.176508
138.000000,209.190994,0.086303,0.176600
139.000000,209.190994,0.067248,0.156601
140.000000,209.190994,0.047904,0.143466
141.000000,209.190994,0.028351,0.132690
142.000000,209.190994,0.008677,0.114639
143.000000,209.190994,-0.011035,0.100537
144.000000,209.190994,-0.030699,0.092588
145.000000,209.190994,-0.050231,0.073569
146.000000,209.190994,-0.069546,0.062441
147.000000,209.190994,-0.088560,0.044532
148.000000,209.190994,-0.107192,0.028327
149.000000,209.190994,-0.125362,0.016231
150.000000,209.190994,-0.142989,-0.000583
151.000000,209.190994,-0.160001,-0.020197
152.000000,209.190994,-0.176321,-0.033199
153.000000,209.190994,-0.191878,-0.051659
154.000000,209.190994,-0.206611,-0.067154
155.000000,209.190994,-0.220447,-0.075029
156.000000,209.190994,-0.233333,-0.096888
157.000000,209.190994,-0.245216,-0.109423
158.000000,209.190994,-0.256033,-0.108452
159.000000,209.190994,-0.265748,-0.136551
160.000000,209.190994,-0.274319,-0.141426
161.000000,209.190994,-0.281698,-0.155995
162.000000,209.190994,-0.287866,-0.173606
163.000000,209.190994,-0.292792,-0.179975
164.000000,209.190994,-0.296449,-0.185156
165.000000,209.190994,-0.298831,-0.201215
166.000000,209.190994,-0.299921,-0.205503
167.000000,209.190994,-0.299714,-0.222157
168.000000,209.190994,-0.298218,-0.223243
169.000000,209.190994,-0.295430,-0.222698
170.000000,209.190994,-0.291366,-0.236557
171.000000,209.190994,-0.286050,-0.240965
172.000000,209.190994,-0.279491,-0.234999
173.000000,209.190994,-0.271729,-0.244057
174.000000,209.190994,-0.262798,-0.242165
175.000000,209.190994,-0.252724,-0.234413
176.000000,209.190994,-0.241564,-0.243398
177.000000,209.190994,-0.229363,-0.235105
178.000000,209.190994,-0.216166,-0.222812
179.000000,209.190994,-0.202040,-0.225617
180.000000,209.190994,-0.187041,-0.213677
181.000000,209.190994,-0.171232,-0.208738
182.000000,209.190994,-0.154687,-0.207982
183.000000,209.190994,-0.137472,-0.197243
184.000000,209.190994,-0.119663,-0.189055
185.000000,209.190994,-0.101340,-0.177340
186.000000,209.190994,-0.082577,-0.164741
187.000000,209.190994,-0.063458,-0.156485
188.000000,209.190994,-0.044067,-0.141485
189.000000,209.190994,-0.024483,-0.124286
190.000000,209.190994,-0.004795,-0.115416
191.000000,209.190994,0.014915,-0.099829
192.000000,209.190994,0.034559,-0.082703
193.000000,209.190994,0.054055,-0.075167
194.000000,209.190994,0.073318,-0.051846
195.000000,209.190994,0.092263,-0.033974
196.000000,209.190994,0.110811,-0.030671
197.000000,209.190994,0.128880,-0.017838
198.000000,209.190994,0.146391,0.007769
199.000000,209.190994,0.163273,0.013826
200.000000,209.190994,0.179447,0.036546
201.000000,209.190994,0.194847,0.050039
202.000000,209.190994,0.209410,0.064929
203.000000,209.190994,0.223063,0.081102
204.000000,209.190994,0.235755,0.089903
205.000000,209.190994,0.247433,0.107331
206.000000,209.190994,0.258035,0.120664
207.000000,209.190994,0.267528,0.134207
208.000000,209.190994,0.275867,0.149134
209.000000,209.190994,0.283010,0.163359
210.000000,209.190994,0.288936,0.170749
211.000000,209.190994,0.293613,0.184622
212.000000,209.190994,0.297019,0.192448
213.000000,209.190994,0.299149,0.195591
214.000000,209.190994,0.299983,0.208644
215.000000,209.190994,0.299521,0.219969
216.000000,209.190994,0.297772,0.223419
217.000000,209.190994,0.294729,0.228138
218.000000,209.190994,0.290417,0.233884
219.000000,209.190994,0.284857,0.234800
220.000000,209.190994,0.278057,0.238626
221.000000,209.190994,0.270062,0.239624
222.000000,209.190994,0.260903,0.238140
223.000000,209.190994,0.250611,0.244646
224.000000,209.190994,0.239243,0.232999
225.000000,209.190994,0.226841,0.233673
226.000000,209.190994,0.213456,0.232124
227.000000,209.190994,0.199154,0.224459
228.000000,209.190994,0.183990,0.220492
229.000000,209.190994,0.168030,0.215516
230.000000,209.190994,0.151348,0.199911
231.000000,209.190994,0.134010,0.193249
232.000000,209.190994,0.116094,0.188801
233.000000,209.190994,0.097679,0.170589
234.000000,209.190994,0.078839,0.167955
235.000000,209.190994,0.059660,0.155012
236.000000,209.190994,0.040224,0.135920
237.000000,209.190994,0.020613,0.123898
238.000000,209.190994,0.000914,0.115656
239.000000,209.190994,-0.018790,0.094104
240.000000,209.190994,-0.038412,0.082155
241.000000,209.190994,-0.057868,0.070940
242.000000,209.190994,-0.077075,0.048861
243.000000,209.190994,-0.095948,0.042419
244.000000,209.190994,-0.114408,0.024011
245.000000,209.190994,-0.132373,0.000278
246.000000,209.190994,-0.149766,-0.007217
247.000000,209.190994,-0.166516,-0.023124
248.000000,209.190994,-0.182542,-0.111283
249.000000,209.190994,-0.197782,-0.049194
250.000000,209.190994,-0.212172,-0.063406
251.000000,209.190994,-0.225639,-0.076014
252.000000,209.190994,-0.238135,-0.084110
253.000000,209.190994,-0.249606,-0.106262
254.000000,209.190994,-0.259993,-0.116644
255.000000,209.190994,-0.269262,-0.125706
256.000000,209.190994,-0.277368,-0.149718
257.000000,209.190994,-0.284273,-0.161667
258.000000,209.190994,-0.289957,-0.162688
259.000000,209.190994,-0.294384,-0.182234
260.000000,209.190994,-0.297540,-0.191575
261.000000,209.190994,-0.299417,-0.197957
262.000000,209.190994,-0.299994,-0.212889
263.000000,209.190994,-0.299278,-0.214497
264.000000,209.190994,-0.297276,-0.221452
265.000000,209.190994,-0.293980,-0.228750
266.000000,209.190994,-0.289421,-0.231999
267.000000,209.190994,-0.283614,-0.240644
268.000000,209.190994,-0.276576,-0.239325
269.000000,209.190994,-0.268349,-0.237299
270.000000,209.190994,-0.258964,-0.240484
271.000000,209.190994,-0.248456,-0.239105
272.000000,209.190994,-0.236881,-0.232846
273.000000,209.190994,-0.224280,-0.236251
274.000000,209.190994,-0.210710,-0.226317
275.000000,209.190994,-0.196234,-0.217379
276.000000,209.190994,-0.180907,-0.219436
277.000000,209.190994,-0.164800,-0.207350
278.000000,209.190994,-0.147984,-0.195951
279.000000,209.190994,-0.130525,-0.191461
280.000000,209.190994,-0.112504,-0.180488
281.000000,209.190994,-0.093999,-0.168342
282.000000,209.190994,-0.075085,-0.162666
283.000000,209.190994,-0.055849,-0.151253
284.000000,209.190994,-0.036372,-0.135520
285.000000,209.190994,-0.016737,-0.123310
286.000000,209.190994,0.002970,-0.107137
287.000000,209.190994,0.022664,-0.096356
288.000000,209.190994,0.042260,-0.080161
289.000000,209.190994,0.061674,-0.064588
290.000000,209.190994,0.080821,-0.055466
291.000000,209.190994,0.099619,-0.038945
292.000000,209.190994,0.117989,-0.017058
293.000000,209.190994,0.135846,-0.004482
294.000000,209.190994,0.153119,0.010371
295.000000,209.190994,0.169733,0.033898
296.000000,209.190994,0.185608,0.038227
297.000000,209.190994,0.200686,0.058354
298.000000,209.190994,0.214899,0.076667
299.000000,209.190994,0.228179,0.083764
300.000000,209.190994,0.240478,0.101284
301.000000,209.190994,0.251738,0.120343
302.000000,209.190994,0.261908,0.127440
303.000000,209.190994,0.270952,0.140493
304.000000,209.190994,0.278824,0.154425
305.000000,209.190994,0.285490,0.164495
306.000000,209.190994,0.290929,0.178369
307.000000,209.190994,0.295106,0.189241
308.000000,209.190994,0.298011,0.193217
309.000000,209.190994,0.299634,0.202697
310.000000,209.190994,0.299955,0.213423
311.000000,209.190994,0.298985,0.217092
312.000000,209.190994,0.296728,0.224858
313.000000,209.190994,0.293182,0.234411
314.000000,209.190994,0.288375,0.233233
315.000000,209.190994,0.282324,0.236985
316.000000,209.190994,0.275049,0.234071
317.000000,209.190994,0.266592,0.237993
318.000000,209.190994,0.256982,0.247239
319.000000,209.190994,0.246260,0.238447
320.000000,209.190994,0.234480,0.235460
321.000000,209.190994,0.221683,0.235025
322.000000,209.190994,0.207929,0.226306
323.000000,209.190994,0.193282,0.223905
324.000000,209.190994,0.177795,0.221316
325.000000,209.190994,0.161543,0.206005
326.000000,209.190994,0.144595,0.200017
327.000000,209.190994,0.127019,0.194821
328.000000,209.190994,0.108897,0.180343
329.000000,209.190994,0.090305,0.168174
330.000000,209.190994,0.071321,0.160826
331.000000,209.190994,0.052031,0.144621
332.000000,209.190994,0.032516,0.137066
333.000000,209.190994,0.012861,0.125997
334.000000,209.190994,-0.006850,0.104665
335.000000,209.190994,-0.026532,0.093536
336.000000,209.190994,-0.046098,0.080254
337.000000,209.190994,-0.065467,0.062175
338.000000,209.190994,-0.084551,0.051486
339.000000,209.190994,-0.103271,0.028986
340.000000,209.190994,-0.121548,0.015599
341.000000,209.190994,-0.139295,0.003636
342.000000,209.190994,-0.156443,-0.018717
343.000000,209.190994,-0.172918,-0.032031
344.000000,209.190994,-0.188642,-0.039160
345.000000,209.190994,-0.203554,-0.064079
346.000000,209.190994,-0.217588,-0.075341
347.000000,209.190994,-0.230679,-0.078223
348.000000,209.190994,-0.242778,-0.106862
349.000000,209.190994,-0.253827,-0.116864
350.000000,209.190994,-0.263779,-0.125559
351.000000,209.190994,-0.272597,-0.147785
352.000000,209.190994,-0.280232,-0.156380
353.000000,209.190994,-0.286659,-0.165222
354.000000,209.190994,-0.291853,-0.177473
355.000000,209.190994,-0.295779,-0.185629
356.000000,209.190994,-0.298432,-0.190150
357.000000,209.190994,-0.299800,-0.207982
358.000000,209.190994,-0.299866,-0.212784
359.000000,209.190994,-0.298642,-0.215812
360.000000,209.190994,-0.296130,-0.235210
361.000000,209.190994,-0.292334,-0.227518
362.000000,209.190994,-0.287282,-0.229726
363.000000,209.190994,-0.280987,-0.239077
364.000000,209.190994,-0.273476,-0.238972
365.000000,209.190994,-0.264790,-0.235073
366.000000,209.190994,-0.254957,-0.237377
367.000000,209.190994,-0.244022,-0.237345
368.000000,209.190994,-0.232039,-0.233391
369.000000,209.190994,-0.219048,-0.234037
370.000000,209.190994,-0.205114,-0.224792
371.000000,209.190994,-0.190297,-0.223816
372.000000,209.190994,-0.174653,-0.214176
373.000000,209.190994,-0.158258,-0.209251
374.000000,209.190994,-0.141180,-0.199048
375.000000,209.190994,-0.123490,-0.190082
376.000000,209.190994,-0.105270,-0.171022
377.000000,209.190994,-0.086594,-0.167646
378.000000,209.190994,-0.067544,-0.153773
379.000000,209.190994,-0.048203,-0.138360
380.000000,209.190994,-0.028653,-0.129843
381.000000,209.190994,-0.008980,-0.119251
382.000000,209.190994,0.010732,-0.101304
383.000000,209.190994,0.030398,-0.091381
384.000000,209.190994,0.049932,-0.075794
385.000000,209.190994,0.069252,-0.056588
386.000000,209.190994,0.088270,-0.052318
387.000000,209.190994,0.106909,-0.030638
388.000000,209.190994,0.125088,-0.009045
389.000000,209.190994,0.142723,0.001405
390.000000,209.190994,0.159744,0.018325
391.000000,209.190994,0.176076,0.036638
392.000000,209.190994,0.191645,0.034887
393.000000,209.190994,0.206390,0.065048
394.000000,209.190994,0.220243,0.082321
395.000000,209.190994,0.233142,0.093137
396.000000,209.190994,0.245040,0.107157
397.000000,209.190994,0.255875,0.125997
398.000000,209.190994,0.265607,0.135320
399.000000,209.190994,0.274196,0.151053
400.000000,209.190994,0.281594,0.160533
401.000000,209.190994,0.287780,0.168362
402.000000,209.190994,0.292728,0.178135
403.000000,209.190994,0.296403,0.190001
404.000000,209.190994,0.298803,0.198037
405.000000,209.190994,0.299916,0.208777
406.000000,209.190994,0.299727,0.209111
407.000000,209.190994,0.298249,0.218865
408.000000,209.190994,0.295483,0.231084
409.000000,209.190994,0.291438,0.228779
410.000000,209.190994,0.286140,0.236046
411.000000,209.190994,0.279603,0.242231
412.000000,209.190994,0.271858,0.237260
413.000000,209.190994,0.262944,0.242140
414.000000,209.190994,0.252889,0.244605
415.000000,209.190994,0.241744,0.237260
416.000000,209.190994,0.229560,0.234245
417.000000,209.190994,0.216377,0.237384
418.000000,209.190994,0.202264,0.228179
419.000000,209.190994,0.187280,0.217724
420.000000,209.190994,0.171482,0.216249
421.000000,209.190994,0.154947,0.201991
422.000000,209.190994,0.137743,0.197263
423.000000,209.190994,0.119943,0.187307
424.000000,209.190994,0.101627,0.175949
425.000000,209.190994,0.082871,0.168688
426.000000,209.190994,0.063756,0.154792
427.000000,209.190994,0.044368,0.144621
428.000000,209.190994,0.024787,0.129098
429.000000,209.190994,0.005100,0.112183
430.000000,209.190994,-0.014610,0.097811
431.000000,209.190994,-0.034256,0.083255
432.000000,209.190994,-0.053755,0.070729
433.000000,209.190994,-0.073022,0.056654
434.000000,209.190994,-0.091972,0.064773
435.000000,209.190994,-0.110526,0.022833
436.000000,209.190994,-0.128604,0.008511
437.000000,209.190994,-0.146124,-0.002045
438.000000,209.190994,-0.163016,-0.025237
439.000000,209.190994,-0.179203,-0.038299
440.000000,209.190994,-0.194615,-0.047141
441.000000,209.190994,-0.209190,-0.058866
442.000000,209.190994,-0.222859,-0.081755
443.000000,209.190994,-0.235565,-0.089484
444.000000,209.190994,-0.247259,-0.113409
445.000000,209.190994,-0.257880,-0.123791
446.000000,209.190994,-0.267389,-0.134713
447.000000,209.190994,-0.275749,-0.151139
448.000000,209.190994,-0.282909,-0.159587
449.000000,209.190994,-0.288853,-0.172635
450.000000,209.190994,-0.293552,-0.182541
451.000000,209.190994,-0.296976,-0.188322
452.000000,209.190994,-0.299125,-0.203089
453.000000,209.190994,-0.299981,-0.215290
454.000000,209.190994,-0.299538,-0.207904
455.000000,209.190994,-0.297807,-0.223816
456.000000,209.190994,-0.294787,-0.226757
457.000000,209.190994,-0.290493,-0.228012
458.000000,209.190994,-0.284951,-0.239971
459.000000,209.190994,-0.278172,-0.238518
460.000000,209.190994,-0.270194,-0.235087
461.000000,209.190994,-0.261054,-0.245024
462.000000,209.190994,-0.250779,-0.241272
463.000000,209.190994,-0.239425,-0.231366
464.000000,209.190994,-0.227041,-0.233424
465.000000,209.190994,-0.213670,-0.228778
466.000000,209.190994,-0.199380,-0.221172
467.000000,209.190994,-0.184230,-0.216389
468.000000,209.190994,-0.168282,-0.210557
469.000000,209.190994,-0.151610,-0.210144
470.000000,209.190994,-0.134282,-0.196528
471.000000,209.190994,-0.116374,-0.182068
472.000000,209.190994,-0.097965,-0.177954
473.000000,209.190994,-0.079131,-0.161039
474.000000,209.190994,-0.059957,-0.147853
475.000000,209.190994,-0.040524,-0.140798
476.000000,209.190994,-0.020915,-0.124524
477.000000,209.190994,-0.001217,-0.109331
0.000000,218.473999,0.005738,-0.109565
1.000000,218.473999,0.026295,-0.096448
2.000000,218.473999,0.046728,-0.082428
3.000000,218.473999,0.066941,-0.061055
4.000000,218.473999,0.086840,-0.052625
5.000000,218.473999,0.106328,-0.035706
6.000000,218.473999,0.125317,-0.024865
7.000000,218.473999,0.143714,0.035066
8.000000,218.473999,0.161436,0.015324
9.000000,218.473999,0.178398,0.018792
10.000000,218.473999,0.194517,0.040367
11.000000,218.473999,0.209725,0.058460
12.000000,218.473999,0.223940,0.066802
13.000000,218.473999,0.237104,0.086783
14.000000,218.473999,0.249151,0.102049
15.000000,218.473999,0.260022,0.114565
16.000000,218.473999,0.269675,0.134092
17.000000,218.473999,0.278050,0.148245
18.000000,218.473999,0.285121,0.157348
19.000000,218.473999,0.290848,0.170328
20.000000,218.473999,0.295204,0.180834
21.000000,218.473999,0.298176,0.186657
22.000000,218.473999,0.299734,0.200603
23.000000,218.473999,0.299888,0.204896
24.000000,218.473999,0.298627,0.211951
25.000000,218.473999,0.295959,0.210050
26.000000,218.473999,0.291903,0.219978
27.000000,218.473999,0.286463,0.233233
28.000000,218.473999,0.279681,0.240018
29.000000,218.473999,0.271579,0.236046
30.000000,218.473999,0.262199,0.238053
31.000000,218.473999,0.251588,0.238291
32.000000,218.473999,0.239785,0.231900
33.000000,218.473999,0.226859,0.232312
34.000000,218.473999,0.212861,0.232624
35.000000,218.473999,0.197862,0.220885
36.000000,218.473999,0.181933,0.216684
37.000000,218.473999,0.165143,0.211562
38.000000,218.473999,0.147580,0.189263
39.000000,218.473999,0.129319,0.197263
40.000000,218.473999,0.110450,0.189914
41.000000,218.473999,0.091062,0.166269
42.000000,218.473999,0.071243,0.186776
43.000000,218.473999,0.051090,0.145665
44.000000,218.473999,0.030696,0.124672
45.000000,218.473999,0.010157,0.113164
46.000000,218.473999,-0.010429,0.099877
47.000000,218.473999,-0.030966,0.087090
48.000000,218.473999,-0.051358,0.076167
49.000000,218.473999,-0.071507,0.057795
50.000000,218.473999,-0.091320,0.044073
51.000000,218.473999,-0.110703,0.029578
52.000000,218.473999,-0.129564,0.008612
53.000000,218.473999,-0.147817,-0.008684
54.000000,218.473999,-0.165370,-0.013586
55.000000,218.473999,-0.182148,-0.039824
56.000000,218.473999,-0.198066,-0.049913
57.000000,218.473999,-0.213052,-0.066489
58.000000,218.473999,-0.227038,-0.085288
59.000000,218.473999,-0.239948,-0.099390
60.000000,218.473999,-0.251734,-0.112832
61.000000,218.473999,-0.262331,-0.125390
62.000000,218.473999,-0.271694,-0.137119
63.000000,218.473999,-0.279781,-0.131332
64.000000,218.473999,-0.286543,-0.164979
65.000000,218.473999,-0.291964,-0.173441
66.000000,218.473999,-0.296003,-0.192015
67.000000,218.473999,-0.298652,-0.200322
68.000000,218.473999,-0.299896,-0.200977
69.000000,218.473999,-0.299722,-0.214103
70.000000,218.473999,-0.298145,-0.217150
71.000000,218.473999,-0.295156,-0.222419
72.000000,218.473999,-0.290781,-0.232677
73.000000,218.473999,-0.285037,-0.235985
74.000000,218.473999,-0.277948,-0.234486
75.000000,218.473999,-0.269556,-0.239751
76.000000,218.473999,-0.259887,-0.236438
77.000000,218.473999,-0.248999,-0.232626
78.000000,218.473999,-0.236938,-0.237217
79.000000,218.473999,-0.223759,-0.235545
80.000000,218.473999,-0.209532,-0.224892
81.000000,218.473999,-0.194311,-0.228590
82.000000,218.473999,-0.178180,-0.219257
83.000000,218.473999,-0.161207,-0.206291
84.000000,218.473999,-0.143476,-0.203222
85.000000,218.473999,-0.125071,-0.203116
86.000000,218.473999,-0.106074,-0.180529
87.000000,218.473999,-0.086580,-0.168846
88.000000,218.473999,-0.066677,-0.154460
89.000000,218.473999,-0.046461,-0.148280
90.000000,218.473999,-0.026026,-0.132991
91.000000,218.473999,-0.005467,-0.114444
92.000000,218.473999,0.015116,-0.109249
93.000000,218.473999,0.035629,-0.093122
94.000000,218.473999,0.055973,-0.069522
95.000000,218.473999,0.076055,-0.063479
96.000000,218.473999,0.095777,-0.045212
97.000000,218.473999,0.115050,-0.021466
98.000000,218.473999,0.133779,-0.018016
99.000000,218.473999,0.151880,0.002477
100.000000,218.473999,0.169266,0.022137
101.000000,218.473999,0.185852,0.032867
102.000000,218.473999,0.201568,0.060727
103.000000,218.473999,0.216329,0.074060
104.000000,218.473999,0.230074,0.076470
105.000000,218.473999,0.242736,0.097783
106.000000,218.473999,0.254253,0.113869
107.000000,218.473999,0.264579,0.124233
108.000000,218.473999,0.273650,0.139292
109.000000,218.473999,0.281438,0.147306
110.000000,218.473999,0.287899,0.161128
111.000000,218.473999,0.293004,0.176335
112.000000,218.473999,0.296734,0.182703
113.000000,218.473999,0.299058,0.190363
114.000000,218.473999,0.299981,0.206449
115.000000,218.473999,0.299487,0.209138
116.000000,218.473999,0.297584,0.221752
117.000000,218.473999,0.294284,0.230764
118.000000,218.473999,0.289590,0.229966
119.000000,218.473999,0.283540,0.231859
120.000000,218.473999,0.276149,0.237531
121.000000,218.473999,0.267460,0.237026
122.000000,218.473999,0.257514,0.236092
123.000000,218.473999,0.246350,0.233604
124.000000,218.473999,0.234033,0.232633
125.000000,218.473999,0.220607,0.232138
126.000000,218.473999,0.206146,0.224079
127.000000,218.473999,0.190714,0.218645
128.000000,218.473999,0.174382,0.211663
129.000000,218.473999,0.157232,0.198711
130.000000,218.473999,0.139338,0.200397
131.000000,218.473999,0.120790,0.194308
132.000000,218.473999,0.101673,0.177063
133.000000,218.473999,0.082076,0.165494
134.000000,218.473999,0.062095,0.159552
135.000000,218.473999,0.041819,0.138747
136.000000,218.473999,0.021348,0.128658
137.000000,218.473999,0.000775,0.126597
138.000000,218.473999,-0.019800,0.098791
139.000000,218.473999,-0.040284,0.082009
140.000000,218.473999,-0.060576,0.070193
141.000000,218.473999,-0.080584,0.052435
142.000000,218.473999,-0.100212,0.036766
143.000000,218.473999,-0.119368,0.023777
144.000000,218.473999,-0.137964,0.003325
145.000000,218.473999,-0.155907,-0.008111
146.000000,218.473999,-0.173119,-0.031019
147.000000,218.473999,-0.189513,-0.044072
148.000000,218.473999,-0.205016,-0.058334
149.000000,218.473999,-0.219555,-0.080775
150.000000,218.473999,-0.233056,-0.090208
151.000000,218.473999,-0.245465,-0.100984
152.000000,218.473999,-0.256713,-0.122710
153.000000,218.473999,-0.266754,-0.131144
154.000000,218.473999,-0.275541,-0.139240
155.000000,218.473999,-0.283026,-0.159239
156.000000,218.473999,-0.289185,-0.165080
157.000000,218.473999,-0.293975,-0.173102
158.000000,218.473999,-0.297385,-0.189454
159.000000,218.473999,-0.299394,-0.197376
160.000000,218.473999,-0.299990,-0.205998
161.000000,218.473999,-0.299181,-0.213563
162.000000,218.473999,-0.296954,-0.221191
163.000000,218.473999,-0.293334,-0.222066
164.000000,218.473999,-0.288332,-0.232910
165.000000,218.473999,-0.281970,-0.240539
166.000000,218.473999,-0.274286,-0.241753
167.000000,218.473999,-0.265302,-0.237451
168.000000,218.473999,-0.255075,-0.233932
169.000000,218.473999,-0.243644,-0.239691
170.000000,218.473999,-0.231066,-0.236351
171.000000,218.473999,-0.217404,-0.224879
172.000000,218.473999,-0.202711,-0.230217
173.000000,218.473999,-0.187069,-0.220957
174.000000,218.473999,-0.170543,-0.207624
175.000000,218.473999,-0.153216,-0.208129
176.000000,218.473999,-0.135168,-0.201023
177.000000,218.473999,-0.116480,-0.181216
178.000000,218.473999,-0.097247,-0.172406
179.000000,218.473999,-0.077554,-0.220636
180.000000,218.473999,-0.057497,-0.149448
181.000000,218.473999,-0.037169,-0.129124
182.000000,218.473999,-0.016666,-0.112497
183.000000,218.473999,0.003916,-0.115938
184.000000,218.473999,0.024479,-0.094602
185.000000,218.473999,0.044927,-0.077389
186.000000,218.473999,0.065164,-0.073701
187.000000,218.473999,0.085093,-0.051379
188.000000,218.473999,0.104623,-0.027999
189.000000,218.473999,0.123658,-0.016303
190.000000,218.473999,0.142112,-0.004730
191.000000,218.473999,0.159897,0.010536
192.000000,218.473999,0.176928,0.026027
193.000000,218.473999,0.193130,0.043547
194.000000,218.473999,0.208415,0.066253
195.000000,218.473999,0.222724,0.072749
196.000000,218.473999,0.235983,0.091016
197.000000,218.473999,0.248130,0.112083
198.000000,218.473999,0.259112,0.118579
199.000000,218.473999,0.268867,0.131632
200.000000,218.473999,0.277363,0.169087
201.000000,218.473999,0.284548,0.156235
202.000000,218.473999,0.290395,0.166608
203.000000,218.473999,0.294878,0.179794
204.000000,218.473999,0.297964,0.186583
205.000000,218.473999,0.299656,0.198670
206.000000,218.473999,0.299930,0.209189
207.000000,218.473999,0.298794,0.216565
208.000000,218.473999,0.296254,0.223511
209.000000,218.473999,0.292313,0.222118
210.000000,218.473999,0.287003,0.228386
211.000000,218.473999,0.280334,0.235698
212.000000,218.473999,0.272349,0.230786
213.000000,218.473999,0.263082,0.241846
214.000000,218.473999,0.252572,0.229797
215.000000,218.473999,0.240880,0.234213
216.000000,218.473999,0.228045,0.237746
217.000000,218.473999,0.214142,0.233664
218.000000,218.473999,0.199229,0.223566
219.000000,218.473999,0.183377,0.219878
220.000000,218.473999,0.166665,0.215429
221.000000,218.473999,0.149162,0.200497
222.000000,218.473999,0.130962,0.193909
223.000000,218.473999,0.112143,0.184861
224.000000,218.473999,0.092796,0.171702
225.000000,218.473999,0.073013,0.162654
226.000000,218.473999,0.052885,0.146572
227.000000,218.473999,0.032508,0.133900
228.000000,218.473999,0.011979,0.128571
229.000000,218.473999,-0.008607,0.105838
230.000000,218.473999,-0.029153,0.094604
231.000000,218.473999,-0.049561,0.080781
232.000000,218.473999,-0.069736,0.059509
233.000000,218.473999,-0.089582,0.049434
234.000000,218.473999,-0.109006,0.037018
235.000000,218.473999,-0.127919,0.014646
236.000000,218.473999,-0.146226,-0.000350
237.000000,218.473999,-0.163848,-0.011945
238.000000,218.473999,-0.180695,-0.037144
239.000000,218.473999,-0.196694,-0.053326
240.000000,218.473999,-0.211766,-0.061055
241.000000,218.473999,-0.225839,-0.079487
242.000000,218.473999,-0.238853,-0.093443
243.000000,218.473999,-0.250736,-0.095124
244.000000,218.473999,-0.261443,-0.124877
245.000000,218.473999,-0.270918,-0.135785
246.000000,218.473999,-0.279114,-0.146859
247.000000,218.473999,-0.286004,-0.163793
248.000000,218.473999,-0.291536,-0.173148
249.000000,218.473999,-0.295703,-0.187021
250.000000,218.473999,-0.298475,-0.192822
251.000000,218.473999,-0.299840,-0.199350
252.000000,218.473999,-0.299800,-0.213929
253.000000,218.473999,-0.298338,-0.213663
254.000000,218.473999,-0.295478,-0.218858
255.000000,218.473999,-0.291224,-0.231563
256.000000,218.473999,-0.285598,-0.231678
257.000000,218.473999,-0.278633,-0.231366
258.000000,218.473999,-0.270347,-0.239151
259.000000,218.473999,-0.260795,-0.239265
260.000000,218.473999,-0.250011,-0.233226
261.000000,218.473999,-0.238050,-0.236631
262.000000,218.473999,-0.224972,-0.231018
263.000000,218.473999,-0.210829,-0.228379
264.000000,218.473999,-0.195698,-0.225397
265.000000,218.473999,-0.179642,-0.217924
266.000000,218.473999,-0.162741,-0.214717
267.000000,218.473999,-0.145075,-0.200849
268.000000,218.473999,-0.126724,-0.186769
269.000000,218.473999,-0.107779,-0.184021
270.000000,218.473999,-0.088323,-0.170280
271.000000,218.473999,-0.068453,-0.152407
272.000000,218.473999,-0.048261,-0.146145
273.000000,218.473999,-0.027840,-0.130778
274.000000,218.473999,-0.007290,-0.113652
275.000000,218.473999,0.013296,-0.104855
276.000000,218.473999,0.033818,-0.090162
277.000000,218.473999,0.054182,-0.071029
278.000000,218.473999,0.074290,-0.060579
279.000000,218.473999,0.094050,-0.041652
280.000000,218.473999,0.113364,-0.024746
281.000000,218.473999,0.132146,0.007851
282.000000,218.473999,0.150305,0.006857
283.000000,218.473999,0.167757,0.017830
284.000000,218.473999,0.184421,0.033160
285.000000,218.473999,0.200211,0.049260
286.000000,218.473999,0.215064,0.058281
287.000000,218.473999,0.228900,0.077730
288.000000,218.473999,0.241660,0.097169
289.000000,218.473999,0.253284,0.107244
290.000000,218.473999,0.263710,0.123545
291.000000,218.473999,0.272901,0.139192
292.000000,218.473999,0.280801,0.148941
293.000000,218.473999,0.287381,0.167808
294.000000,218.473999,0.292610,0.179280
295.000000,218.473999,0.296456,0.184137
296.000000,218.473999,0.298913,0.194143
297.000000,218.473999,0.299954,0.203535
298.000000,218.473999,0.299588,0.211512
299.000000,218.473999,0.297811,0.223525
300.000000,218.473999,0.294628,0.229490
301.000000,218.473999,0.290065,0.227052
302.000000,218.473999,0.284127,0.233338
303.000000,218.473999,0.276857,0.240005
304.000000,218.473999,0.268282,0.239180
305.000000,218.473999,0.258442,0.238685
306.000000,218.473999,0.247390,0.232032
307.000000,218.473999,0.235166,0.237833
308.000000,218.473999,0.221839,0.231451
309.000000,218.473999,0.207466,0.224239
310.000000,218.473999,0.192116,0.219452
311.000000,218.473999,0.175864,0.222063
312.000000,218.473999,0.158779,0.208758
313.000000,218.473999,0.140950,0.202697
314.000000,218.473999,0.122456,0.194821
315.000000,218.473999,0.103385,0.178029
316.000000,218.473999,0.083829,0.171515
317.000000,218.473999,0.063876,0.160446
318.000000,218.473999,0.043624,0.140607
319.000000,218.473999,0.023165,0.128585
320.000000,218.473999,0.002598,0.117516
321.000000,218.473999,-0.017982,0.097371
322.000000,218.473999,-0.038476,0.086242
323.000000,218.473999,-0.058791,0.073267
324.000000,218.473999,-0.078827,0.054661
325.000000,218.473999,-0.098492,0.042639
326.000000,218.473999,-0.117695,0.022031
327.000000,218.473999,-0.136341,0.010912
328.000000,218.473999,-0.154349,-0.006031
329.000000,218.473999,-0.171626,-0.029145
330.000000,218.473999,-0.188097,-0.038505
331.000000,218.473999,-0.203682,-0.053221
332.000000,218.473999,-0.218307,-0.073453
333.000000,218.473999,-0.231908,-0.087028
334.000000,218.473999,-0.244410,-0.099137
335.000000,218.473999,-0.255766,-0.116089
336.000000,218.473999,-0.265916,-0.130705
337.000000,218.473999,-0.274813,-0.137394
338.000000,218.473999,-0.282421,-0.151578
339.000000,218.473999,-0.288691,-0.163600
340.000000,218.473999,-0.293608,-0.171769
341.000000,218.473999,-0.297139,-0.193848
342.000000,218.473999,-0.299271,-0.190989
343.000000,218.473999,-0.299998,-0.204477
344.000000,218.473999,-0.299305,-0.209549
345.000000,218.473999,-0.297210,-0.217337
346.000000,218.473999,-0.293710,-0.230404
347.000000,218.473999,-0.288829,-0.234037
348.000000,218.473999,-0.282590,-0.233799
349.000000,218.473999,-0.275015,-0.239297
350.000000,218.473999,-0.266151,-0.240745
351.000000,218.473999,-0.256028,-0.237680
352.000000,218.473999,-0.244703,-0.237144
353.000000,218.473999,-0.232226,-0.225571
354.000000,218.473999,-0.218652,-0.224819
355.000000,218.473999,-0.204054,-0.225310
356.000000,218.473999,-0.188489,-0.219624
357.000000,218.473999,-0.172040,-0.209792
358.000000,218.473999,-0.154780,-0.208349
359.000000,218.473999,-0.136791,-0.199016
360.000000,218.473999,-0.118160,-0.181143
361.000000,218.473999,-0.098969,-0.177034
362.000000,218.473999,-0.079314,-0.164127
363.000000,218.473999,-0.059285,-0.153287
364.000000,218.473999,-0.038977,-0.139611
365.000000,218.473999,-0.018485,-0.122325
366.000000,218.473999,0.002094,-0.108896
367.000000,218.473999,0.022662,-0.101295
368.000000,218.473999,0.043124,-0.080816
369.000000,218.473999,0.063383,-0.072340
370.000000,218.473999,0.083345,-0.056813
371.000000,218.473999,0.102911,-0.035073
372.000000,218.473999,0.121996,-0.023904
373.000000,218.473999,0.140504,-0.005857
374.000000,218.473999,0.158351,0.016103
375.000000,218.473999,0.175455,0.025206
376.000000,218.473999,0.191728,0.046300
377.000000,218.473999,0.207103,0.063646
378.000000,218.473999,0.221498,0.071636
379.000000,218.473999,0.234853,0.093096
380.000000,218.473999,0.247103,0.107396
381.000000,218.473999,0.258185,0.119546
382.000000,218.473999,0.268058,0.133785
383.000000,218.473999,0.276661,0.144318
384.000000,218.473999,0.283966,0.154361
385.000000,218.473999,0.289934,0.170534
386.000000,218.473999,0.294533,0.175262
387.000000,218.473999,0.297752,0.194684
388.000000,218.473999,0.299560,0.199682
389.000000,218.473999,0.299963,0.202138
390.000000,218.473999,0.298953,0.213798
391.000000,218.473999,0.296533,0.227570
392.000000,218.473999,0.292723,0.223419
393.000000,218.473999,0.287524,0.234245
394.000000,218.473999,0.280979,0.238204
395.000000,218.473999,0.273108,0.234800
396.000000,218.473999,0.263951,0.239152
397.000000,218.473999,0.253555,0.245938
398.000000,218.473999,0.241958,0.236587
399.000000,218.473999,0.229227,0.236399
400.000000,218.473999,0.215414,0.231057
401.000000,218.473999,0.200587,0.222526
402.000000,218.473999,0.184818,0.220098
403.000000,218.473999,0.168174,0.214096
404.000000,218.473999,0.150743,0.203251
405.000000,218.473999,0.132598,0.196063
406.000000,218.473999,0.113831,0.184055
407.000000,218.473999,0.094528,0.171409
408.000000,218.473999,0.074778,0.162581
409.000000,218.473999,0.054678,0.148653
410.000000,218.473999,0.034319,0.135013
411.000000,218.473999,0.013800,0.129905
412.000000,218.473999,-0.006785,0.106965
413.000000,218.473999,-0.027338,0.095644
414.000000,218.473999,-0.047763,0.082861
415.000000,218.473999,-0.067961,0.063155
416.000000,218.473999,-0.087841,0.052334
417.000000,218.473999,-0.107307,0.037018
418.000000,218.473999,-0.126266,0.019259
419.000000,218.473999,-0.144635,0.002477
420.000000,218.473999,-0.162317,-0.007405
421.000000,218.473999,-0.179238,-0.034024
422.000000,218.473999,-0.195314,-0.050880
423.000000,218.473999,-0.210470,-0.058155
424.000000,218.473999,-0.224638,-0.079561
425.000000,218.473999,-0.237743,-0.103563
426.000000,218.473999,-0.249733,-0.107925
427.000000,218.473999,-0.260544,-0.122490
428.000000,218.473999,-0.270128,-0.131392
429.000000,218.473999,-0.278445,-0.147033
430.000000,218.473999,-0.285443,-0.157539
431.000000,218.473999,-0.291104,-0.173881
432.000000,218.473999,-0.295389,-0.185541
433.000000,218.473999,-0.298285,-0.192368
434.000000,218.473999,-0.299779,-0.195103
435.000000,218.473999,-0.299855,-0.208275
436.000000,218.473999,-0.298527,-0.217003
437.000000,218.473999,-0.295786,-0.220192
438.000000,218.473999,-0.291656,-0.228136
439.000000,218.473999,-0.286153,-0.233978
440.000000,218.473999,-0.279299,-0.231806
441.000000,218.473999,-0.271136,-0.239751
442.000000,218.473999,-0.261689,-0.242092
443.000000,218.473999,-0.251014,-0.233226
444.000000,218.473999,-0.239156,-0.238931
445.000000,218.473999,-0.226171,-0.233171
446.000000,218.473999,-0.212125,-0.223252
447.000000,218.473999,-0.197074,-0.224357
448.000000,218.473999,-0.181099,-0.216064
449.000000,218.473999,-0.164270,-0.209897
450.000000,218.473999,-0.146667,-0.202855
451.000000,218.473999,-0.128376,-0.191823
452.000000,218.473999,-0.109476,-0.188588
453.000000,218.473999,-0.090064,-0.173327
454.000000,218.473999,-0.070226,-0.156421
455.000000,218.473999,-0.050058,-0.146965
456.000000,218.473999,-0.029655,-0.132565
0.000000,228.167999,0.015607,-0.109309
1.000000,228.167999,0.037023,-0.091715
2.000000,228.167999,0.058250,-0.070796
3.000000,228.167999,0.079177,-0.063039
4.000000,228.167999,0.099697,-0.043206
5.000000,228.167999,0.119705,-0.024746
6.000000,228.167999,0.139099,-0.017196
7.000000,228.167999,0.157779,0.002037
8.000000,228.167999,0.175649,0.025111
9.000000,228.167999,0.192614,0.034360
10.000000,228.167999,0.208591,0.053740
11.000000,228.167999,0.223496,0.071833
12.000000,228.167999,0.237255,0.084730
13.000000,228.167999,0.249796,0.098383
14.000000,228.167999,0.261056,0.113869
15.000000,228.167999,0.270970,0.121713
16.000000,228.167999,0.279492,0.142646
17.000000,228.167999,0.286580,0.168560
18.000000,228.167999,0.292198,0.168289
19.000000,228.167999,0.296315,0.176728
20.000000,228.167999,0.298912,0.194821
21.000000,228.167999,0.299971,0.197377
22.000000,228.167999,0.299487,0.206710
23.000000,228.167999,0.297466,0.217216
24.000000,228.167999,0.293919,0.222379
25.000000,228.167999,0.288863,0.226205
26.000000,228.167999,0.282325,0.234704
27.000000,228.167999,0.274335,0.230039
28.000000,228.167999,0.264933,0.232898
29.000000,228.167999,0.254172,0.237311
30.000000,228.167999,0.242106,0.231226
31.000000,228.167999,0.228798,0.233192
32.000000,228.167999,0.214315,0.224977
33.000000,228.167999,0.198732,0.216638
34.000000,228.167999,0.182124,0.215397
35.000000,228.167999,0.164583,0.210911
36.000000,228.167999,0.146196,0.198770
37.000000,228.167999,0.127059,0.193502
38.000000,228.167999,0.107270,0.178263
39.000000,228.167999,0.086930,0.167515
40.000000,228.167999,0.066143,0.163433
41.000000,228.167999,0.045016,0.147754
42.000000,228.167999,0.023658,0.137226
43.000000,228.167999,0.002178,0.121236
44.000000,228.167999,-0.019312,0.097531
45.000000,228.167999,-0.040704,0.087223
46.000000,228.167999,-0.061887,0.073620
47.000000,228.167999,-0.082751,0.056008
48.000000,228.167999,-0.103190,0.039973
49.000000,228.167999,-0.123099,0.023617
50.000000,228.167999,-0.142377,0.003705
51.000000,228.167999,-0.160924,-0.012784
52.000000,228.167999,-0.178645,-0.021919
53.000000,228.167999,-0.195445,-0.048232
54.000000,228.167999,-0.211242,-0.059067
55.000000,228.167999,-0.225955,-0.068936
56.000000,228.167999,-0.239508,-0.098822
57.000000,228.167999,-0.251833,-0.107797
58.000000,228.167999,-0.262864,-0.119159
59.000000,228.167999,-0.272542,-0.138631
60.000000,228.167999,-0.280820,-0.149393
61.000000,228.167999,-0.287656,-0.157694
62.000000,228.167999,-0.293016,-0.172420
63.000000,228.167999,-0.296872,-0.176928
64.000000,228.167999,-0.299205,-0.197669
65.000000,228.167999,-0.299998,-0.204276
66.000000,228.167999,-0.299248,-0.209017
67.000000,228.167999,-0.296963,-0.221589
68.000000,228.167999,-0.293153,-0.226157
69.000000,228.167999,-0.287839,-0.225552
70.000000,228.167999,-0.281048,-0.242491
71.000000,228.167999,-0.272813,-0.236805
72.000000,228.167999,-0.263172,-0.230473
73.000000,228.167999,-0.252181,-0.238857
74.000000,228.167999,-0.239896,-0.236511
75.000000,228.167999,-0.226380,-0.227646
76.000000,228.167999,-0.211701,-0.233790
77.000000,228.167999,-0.195936,-0.223564
78.000000,228.167999,-0.179161,-0.213658
79.000000,228.167999,-0.161467,-0.214749
80.000000,228.167999,-0.142944,-0.203630
81.000000,228.167999,-0.123687,-0.188657
82.000000,228.167999,-0.103796,-0.184914
83.000000,228.167999,-0.083371,-0.168961
84.000000,228.167999,-0.062518,-0.157548
85.000000,228.167999,-0.041343,-0.151358
86.000000,228.167999,-0.019956,-0.129678
87.000000,228.167999,0.001533,-0.115718
88.000000,228.167999,0.023015,-0.100769
89.000000,228.167999,0.044378,-0.082516
90.000000,228.167999,0.065514,-0.076908
91.000000,228.167999,0.086312,-0.059113
92.000000,228.167999,0.106667,-0.037666
93.000000,228.167999,0.126474,-0.026204
94.000000,228.167999,0.145633,-0.001303
95.000000,228.167999,0.164044,0.017303
96.000000,228.167999,0.181613,0.022980
97.000000,228.167999,0.198246,0.043327
98.000000,228.167999,0.213862,0.064773
99.000000,228.167999,0.228379,0.074830
100.000000,228.167999,0.241725,0.088409
101.000000,228.167999,0.253830,0.111116
102.000000,228.167999,0.264633,0.118726
103.000000,228.167999,0.274072,0.136466
104.000000,228.167999,0.282104,0.150705
105.000000,228.167999,0.288687,0.160615
106.000000,228.167999,0.293789,0.175074
107.000000,228.167999,0.297384,0.180435
108.000000,228.167999,0.299452,0.190817
109.000000,228.167999,0.299979,0.201483
110.000000,228.167999,0.298964,0.208305
111.000000,228.167999,0.296414,0.216698
112.000000,228.167999,0.292343,0.224377
113.000000,228.167999,0.286771,0.225426
114.000000,228.167999,0.279728,0.231345
115.000000,228.167999,0.271248,0.237457
116.000000,228.167999,0.261370,0.231826
117.000000,228.167999,0.250151,0.233719
118.000000,228.167999,0.237649,0.236784
119.000000,228.167999,0.223927,0.228106
120.000000,228.167999,0.209055,0.224418
121.000000,228.167999,0.193111,0.222870
122.000000,228.167999,0.176170,0.213298
123.000000,228.167999,0.158326,0.206857
124.000000,228.167999,0.139670,0.199449
125.000000,228.167999,0.120296,0.185090
126.000000,228.167999,0.100305,0.182662
127.000000,228.167999,0.079799,0.161641
128.000000,228.167999,0.058883,0.152121
129.000000,228.167999,0.037663,0.143732
130.000000,228.167999,0.016251,0.122606
131.000000,228.167999,-0.005245,0.106878
132.000000,228.167999,-0.026714,0.099149
133.000000,228.167999,-0.048046,0.079150
134.000000,228.167999,-0.069131,0.068622
135.000000,228.167999,-0.089860,0.056132
136.000000,228.167999,-0.110128,0.030567
137.000000,228.167999,-0.129830,0.010504
138.000000,228.167999,-0.148867,0.005909
139.000000,228.167999,-0.167139,-0.017943
140.000000,228.167999,-0.184554,-0.032045
141.000000,228.167999,-0.201017,-0.040814
142.000000,228.167999,-0.216448,-0.068240
143.000000,228.167999,-0.230769,-0.080935
144.000000,228.167999,-0.243905,-0.090964
145.000000,228.167999,-0.255789,-0.113629
146.000000,228.167999,-0.266361,-0.132418
147.000000,228.167999,-0.275561,-0.132780
148.000000,228.167999,-0.283345,-0.150318
149.000000,228.167999,-0.289675,-0.165240
150.000000,228.167999,-0.294518,-0.174889
151.000000,228.167999,-0.297849,-0.188267
152.000000,228.167999,-0.299653,-0.195456
153.000000,228.167999,-0.299914,-0.204156
154.000000,228.167999,-0.298633,-0.212376
155.000000,228.167999,-0.295819,-0.212577
156.000000,228.167999,-0.291488,-0.232544
157.000000,228.167999,-0.285660,-0.233144
158.000000,228.167999,-0.278365,-0.229859
159.000000,228.167999,-0.269642,-0.236690
160.000000,228.167999,-0.259528,-0.237391
161.000000,228.167999,-0.248084,-0.233739
162.000000,228.167999,-0.235366,-0.237364
163.000000,228.167999,-0.221440,-0.232411
164.000000,228.167999,-0.206377,-0.222505
165.000000,228.167999,-0.190255,-0.224503
166.000000,228.167999,-0.173153,-0.220444
167.000000,228.167999,-0.155162,-0.203318
168.000000,228.167999,-0.136374,-0.200762
169.000000,228.167999,-0.116887,-0.188455
170.000000,228.167999,-0.096800,-0.169836
171.000000,228.167999,-0.076215,-0.167206
172.000000,228.167999,-0.055239,-0.152893
173.000000,228.167999,-0.033978,-0.135080
174.000000,228.167999,-0.012544,-0.124203
175.000000,228.167999,0.008955,-0.110930
176.000000,228.167999,0.030408,-0.099637
177.000000,228.167999,0.051706,-0.085214
178.000000,228.167999,0.072737,-0.064734
179.000000,228.167999,0.093395,-0.052580
180.000000,228.167999,0.113572,-0.032618
181.000000,228.167999,0.133167,-0.012211
182.000000,228.167999,0.152078,-0.005463
183.000000,228.167999,0.170208,0.019832
184.000000,228.167999,0.187466,0.037105
185.000000,228.167999,0.203757,0.048847
186.000000,228.167999,0.219002,0.066015
187.000000,228.167999,0.233123,0.085074
188.000000,228.167999,0.246047,0.088157
189.000000,228.167999,0.257709,0.112737
190.000000,228.167999,0.268048,0.133364
191.000000,228.167999,0.277007,0.138894
192.000000,228.167999,0.284543,0.152693
193.000000,228.167999,0.290618,0.168486
194.000000,228.167999,0.295201,0.174836
195.000000,228.167999,0.298270,0.187069
196.000000,228.167999,0.299808,0.198541
197.000000,228.167999,0.299804,0.203251
198.000000,228.167999,0.298257,0.214444
199.000000,228.167999,0.295180,0.221990
200.000000,228.167999,0.290587,0.222892
201.000000,228.167999,0.284504,0.228505
202.000000,228.167999,0.276960,0.232358
203.000000,228.167999,0.267994,0.231066
204.000000,228.167999,0.257647,0.238012
205.000000,228.167999,0.245978,0.229073
206.000000,228.167999,0.233046,0.234039
207.000000,228.167999,0.218919,0.234571
208.000000,228.167999,0.203667,0.223053
209.000000,228.167999,0.187371,0.217211
210.000000,228.167999,0.170109,0.216703
211.000000,228.167999,0.151973,0.202138
212.000000,228.167999,0.133058,0.197190
213.000000,228.167999,0.113460,0.186561
214.000000,228.167999,0.093279,0.173063
215.000000,228.167999,0.072619,0.162228
216.000000,228.167999,0.051586,0.155172
217.000000,228.167999,0.030288,0.134427
218.000000,228.167999,0.008834,0.125012
219.000000,228.167999,-0.012665,0.109402
220.000000,228.167999,-0.034099,0.094164
221.000000,228.167999,-0.055358,0.081922
222.000000,228.167999,-0.076333,0.056040
223.000000,228.167999,-0.096915,0.043647
224.000000,228.167999,-0.116999,0.030572
225.000000,228.167999,-0.136482,0.005405
226.000000,228.167999,-0.155265,-0.003983
227.000000,228.167999,-0.173252,-0.015945
228.000000,228.167999,-0.190349,-0.040118
229.000000,228.167999,-0.206466,-0.055626
230.000000,228.167999,-0.221522,-0.069976
231.000000,228.167999,-0.235441,-0.089975
232.000000,228.167999,-0.248152,-0.099829
233.000000,228.167999,-0.259589,-0.111352
234.000000,228.167999,-0.269694,-0.132757
235.000000,228.167999,-0.278411,-0.150360
236.000000,228.167999,-0.285697,-0.150194
237.000000,228.167999,-0.291516,-0.168246
238.000000,228.167999,-0.295840,-0.181381
239.000000,228.167999,-0.298644,-0.185083
240.000000,228.167999,-0.299917,-0.198828
241.000000,228.167999,-0.299647,-0.207950
242.000000,228.167999,-0.297835,-0.219298
243.000000,228.167999,-0.294495,-0.220490
244.000000,228.167999,-0.289643,-0.223811
245.000000,228.167999,-0.283305,-0.234931
246.000000,228.167999,-0.275512,-0.234784
247.000000,228.167999,-0.266306,-0.231866
248.000000,228.167999,-0.255726,-0.238477
249.000000,228.167999,-0.243834,-0.236278
250.000000,228.167999,-0.230691,-0.230986
251.000000,228.167999,-0.216364,-0.229250
252.000000,228.167999,-0.200927,-0.223637
253.000000,228.167999,-0.184458,-0.217745
254.000000,228.167999,-0.167038,-0.211542
255.000000,228.167999,-0.148761,-0.201243
256.000000,228.167999,-0.129721,-0.186870
257.000000,228.167999,-0.110015,-0.184460
258.000000,228.167999,-0.089744,-0.173487
259.000000,228.167999,-0.069013,-0.158822
260.000000,228.167999,-0.047926,-0.152985
261.000000,228.167999,-0.026593,-0.131451
262.000000,228.167999,-0.005123,-0.112538
263.000000,228.167999,0.016372,-0.107609
264.000000,228.167999,0.037784,-0.092842
265.000000,228.167999,0.059001,-0.071996
266.000000,228.167999,0.079917,-0.059392
267.000000,228.167999,0.100420,-0.044773
268.000000,228.167999,0.120408,-0.021026
269.000000,228.167999,0.139777,-0.012743
270.000000,228.167999,0.158429,0.007897
271.000000,228.167999,0.176269,0.027791
272.000000,228.167999,0.193203,0.038740
273.000000,228.167999,0.209143,0.053727
274.000000,228.167999,0.224008,0.069735
275.000000,228.167999,0.237723,0.086050
276.000000,228.167999,0.250218,0.104669
277.000000,228.167999,0.261430,0.115019
278.000000,228.167999,0.271299,0.130913
279.000000,228.167999,0.279773,0.149225
280.000000,228.167999,0.286807,0.156161
281.000000,228.167999,0.292370,0.171528
282.000000,228.167999,0.296432,0.186121
283.000000,228.167999,0.298973,0.187183
284.000000,228.167999,0.299980,0.208644
285.000000,228.167999,0.299445,0.211562
286.000000,228.167999,0.297368,0.212112
287.000000,228.167999,0.293765,0.219585
288.000000,228.167999,0.288654,0.229270
289.000000,228.167999,0.282062,0.229746
290.000000,228.167999,0.274022,0.232679
291.000000,228.167999,0.264576,0.245191
292.000000,228.167999,0.253766,0.233013
293.000000,228.167999,0.241653,0.236619
294.000000,228.167999,0.228301,0.232330
295.000000,228.167999,0.213776,0.227139
296.000000,228.167999,0.198155,0.228651
297.000000,228.167999,0.181516,0.218957
298.000000,228.167999,0.163943,0.206298
299.000000,228.167999,0.145527,0.203050
300.000000,228.167999,0.126364,0.194890
301.000000,228.167999,0.106553,0.180403
302.000000,228.167999,0.086196,0.175661
303.000000,228.167999,0.065395,0.156134
304.000000,228.167999,0.044258,0.147127
305.000000,228.167999,0.022894,0.136204
306.000000,228.167999,0.001412,0.111592
307.000000,228.167999,-0.020077,0.104037
308.000000,228.167999,-0.041463,0.091328
309.000000,228.167999,-0.062636,0.072676
310.000000,228.167999,-0.083488,0.059687
311.000000,228.167999,-0.103910,0.042438
312.000000,228.167999,-0.123798,0.021926
313.000000,228.167999,-0.143051,0.007604
314.000000,228.167999,-0.161569,-0.007332
315.000000,228.167999,-0.179258,-0.029264
316.000000,228.167999,-0.196028,-0.038839
317.000000,228.167999,-0.211788,-0.061234
318.000000,228.167999,-0.226460,-0.073760
319.000000,228.167999,-0.239969,-0.089883
320.000000,228.167999,-0.252247,-0.110669
321.000000,228.167999,-0.263230,-0.119457
322.000000,228.167999,-0.272862,-0.133059
323.000000,228.167999,-0.281091,-0.149865
324.000000,228.167999,-0.287874,-0.161580
325.000000,228.167999,-0.293179,-0.168562
326.000000,228.167999,-0.296980,-0.187067
327.000000,228.167999,-0.299257,-0.194622
328.000000,228.167999,-0.299997,-0.198924
329.000000,228.167999,-0.299197,-0.210502
330.000000,228.167999,-0.296855,-0.213443
331.000000,228.167999,-0.292990,-0.215519
332.000000,228.167999,-0.287621,-0.226877
333.000000,228.167999,-0.280777,-0.230638
334.000000,228.167999,-0.272491,-0.229506
335.000000,228.167999,-0.262806,-0.240191
336.000000,228.167999,-0.251767,-0.237112
337.000000,228.167999,-0.239436,-0.227573
338.000000,228.167999,-0.225875,-0.231050
339.000000,228.167999,-0.211156,-0.230345
340.000000,228.167999,-0.195353,-0.224279
341.000000,228.167999,-0.178547,-0.218850
342.000000,228.167999,-0.160822,-0.208110
343.000000,228.167999,-0.142270,-0.201449
344.000000,228.167999,-0.122988,-0.191401
345.000000,228.167999,-0.103076,-0.173748
346.000000,228.167999,-0.082634,-0.170106
347.000000,228.167999,-0.061768,-0.152499
348.000000,228.167999,-0.040584,-0.138127
349.000000,228.167999,-0.019191,-0.127250
350.000000,228.167999,0.002300,-0.111737
351.000000,228.167999,0.023779,-0.094537
352.000000,228.167999,0.045136,-0.089081
353.000000,228.167999,0.066261,-0.071414
354.000000,228.167999,0.087047,-0.047068
355.000000,228.167999,0.107384,-0.039298
356.000000,228.167999,0.127169,-0.018951
357.000000,228.167999,0.146302,-0.000711
358.000000,228.167999,0.164684,0.012185
359.000000,228.167999,0.182221,0.031786
360.000000,228.167999,0.198823,0.047798
361.000000,228.167999,0.214400,0.059142
362.000000,228.167999,0.228877,0.075022
363.000000,228.167999,0.242178,0.095048
364.000000,228.167999,0.254236,0.106305
365.000000,228.167999,0.264990,0.124865
366.000000,228.167999,0.274384,0.138504
367.000000,228.167999,0.282367,0.146261
368.000000,228.167999,0.288896,0.163621
369.000000,228.167999,0.293944,0.174988
370.000000,228.167999,0.297482,0.181150
371.000000,228.167999,0.299494,0.191742
372.000000,228.167999,0.299969,0.201744
373.000000,228.167999,0.298903,0.211644
374.000000,228.167999,0.296297,0.224830
375.000000,228.167999,0.292170,0.220519
376.000000,228.167999,0.286544,0.227712
377.000000,228.167999,0.279448,0.235904
378.000000,228.167999,0.270917,0.226173
379.000000,228.167999,0.260996,0.238493
380.000000,228.167999,0.249729,0.241851
381.000000,228.167999,0.237181,0.233540
382.000000,228.167999,0.223415,0.233499
383.000000,228.167999,0.208503,0.229943
384.000000,228.167999,0.192521,0.218439
385.000000,228.167999,0.175550,0.217358
386.000000,228.167999,0.157676,0.213349
387.000000,228.167999,0.138991,0.199311
388.000000,228.167999,0.119593,0.193763
389.000000,228.167999,0.099582,0.180907
390.000000,228.167999,0.079059,0.167249
391.000000,228.167999,0.058131,0.150393
392.000000,228.167999,0.036903,0.143558
393.000000,228.167999,0.015485,0.124979
394.000000,228.167999,-0.006011,0.110877
395.000000,228.167999,-0.027477,0.099808
396.000000,228.167999,-0.048802,0.079443
397.000000,228.167999,-0.069876,0.067421
398.000000,228.167999,-0.090592,0.053319
399.000000,228.167999,-0.110841,0.034067
400.000000,228.167999,-0.130521,0.018838
401.000000,228.167999,-0.149531,0.005543
402.000000,228.167999,-0.167774,-0.018397
403.000000,228.167999,-0.185155,-0.031019
404.000000,228.167999,-0.201587,-0.051054
405.000000,228.167999,-0.216980,-0.067506
406.000000,228.167999,-0.231259,-0.077975
407.000000,228.167999,-0.244350,-0.099770
408.000000,228.167999,-0.256187,-0.111490
409.000000,228.167999,-0.266710,-0.120992
410.000000,228.167999,-0.275863,-0.141911
411.000000,228.167999,-0.283599,-0.151899
412.000000,228.167999,-0.289875,-0.160521
413.000000,228.167999,-0.294663,-0.178807
414.000000,228.167999,-0.297939,-0.184648
415.000000,228.167999,-0.299685,-0.185523
416.000000,228.167999,-0.299894,-0.202475
417.000000,228.167999,-0.298563,-0.209136
418.000000,228.167999,-0.295693,-0.213585
419.000000,228.167999,-0.291306,-0.227623
420.000000,228.167999,-0.285424,-0.232132
421.000000,228.167999,-0.278076,-0.232099
422.000000,228.167999,-0.269302,-0.237304
423.000000,228.167999,-0.259146,-0.234225
424.000000,228.167999,-0.247654,-0.242371
425.000000,228.167999,-0.234890,-0.237904
426.000000,228.167999,-0.220921,-0.225685
427.000000,228.167999,-0.205819,-0.227770
428.000000,228.167999,-0.189660,-0.223110
429.000000,228.167999,-0.172527,-0.209704
430.000000,228.167999,-0.154507,-0.205522
431.000000,228.167999,-0.135692,-0.196556
432.000000,228.167999,-0.116181,-0.182476
433.000000,228.167999,-0.096073,-0.174720
434.000000,228.167999,-0.075473,-0.162854
435.000000,228.167999,-0.054485,-0.147368
436.000000,228.167999,-0.033217,-0.138411
437.000000,228.167999,-0.011778,-0.120071
0.000000,238.292007,0.007793,-0.117171
1.000000,238.292007,0.030200,-0.094464
2.000000,238.292007,0.052439,-0.085434
3.000000,238.292007,0.074384,-0.070594
4.000000,238.292007,0.095912,-0.048928
5.000000,238.292007,0.116903,-0.035958
6.000000,238.292007,0.137239,-0.015538
7.000000,238.292007,0.156807,0.002276
8.000000,238.292007,0.175497,0.014339
9.000000,238.292007,0.193204,0.031405
10.000000,238.292007,0.209827,0.049393
11.000000,238.292007,0.225274,0.065749
12.000000,238.292007,0.239459,0.087722
13.000000,238.292007,0.252304,0.096390
14.000000,238.292007,0.263735,0.115065
15.000000,238.292007,0.273690,0.132718
16.000000,238.292007,0.282112,0.141207
17.000000,238.292007,0.288954,0.160148
18.000000,238.292007,0.294178,0.169980
19.000000,238.292007,0.297753,0.171936
20.000000,238.292007,0.299658,0.187449
21.000000,238.292007,0.299884,0.208442
22.000000,238.292007,0.298432,0.204964
23.000000,238.292007,0.295307,0.218691
24.000000,238.292007,0.290529,0.226590
25.000000,238.292007,0.284124,0.226539
26.000000,238.292007,0.276128,0.228505
27.000000,238.292007,0.266586,0.230090
28.000000,238.292007,0.255550,0.230260
29.000000,238.292007,0.243082,0.233265
30.000000,238.292007,0.229251,0.229898
31.000000,238.292007,0.214135,0.224006
32.000000,238.292007,0.197821,0.221651
33.000000,238.292007,0.180398,0.208804
34.000000,238.292007,0.161966,0.207411
35.000000,238.292007,0.142626,0.202069
36.000000,238.292007,0.122488,0.189043
37.000000,238.292007,0.101664,0.179349
38.000000,238.292007,0.080270,0.171400
39.000000,238.292007,0.058426,0.150201
40.000000,238.292007,0.036254,0.143100
41.000000,238.292007,0.013879,0.130317
42.000000,238.292007,-0.008573,0.112779
43.000000,238.292007,-0.030977,0.095850
44.000000,238.292007,-0.053207,0.085221
45.000000,238.292007,-0.075140,0.070289
46.000000,238.292007,-0.096651,0.048673
47.000000,238.292007,-0.117622,0.035598
48.000000,238.292007,-0.137934,0.010018
49.000000,238.292007,-0.157473,0.000823
50.000000,238.292007,-0.176129,-0.022625
51.000000,238.292007,-0.193798,-0.041025
52.000000,238.292007,-0.210382,-0.054467
53.000000,238.292007,-0.225787,-0.075781
54.000000,238.292007,-0.239928,-0.090148
55.000000,238.292007,-0.252725,-0.102038
56.000000,238.292007,-0.264107,-0.120396
57.000000,238.292007,-0.274011,-0.133678
58.000000,238.292007,-0.282379,-0.144527
59.000000,238.292007,-0.289165,-0.162432
60.000000,238.292007,-0.294329,-0.170734
61.000000,238.292007,-0.297844,-0.177569
62.000000,238.292007,-0.299692,-0.195548
63.000000,238.292007,-0.299861,-0.201316
64.000000,238.292007,-0.298350,-0.207258
65.000000,238.292007,-0.295169,-0.215569
66.000000,238.292007,-0.290335,-0.224984
67.000000,238.292007,-0.283875,-0.221919
68.000000,238.292007,-0.275826,-0.232984
69.000000,238.292007,-0.266230,-0.230271
70.000000,238.292007,-0.255140,-0.235146
71.000000,238.292007,-0.242622,-0.236777
72.000000,238.292007,-0.228745,-0.232512
73.000000,238.292007,-0.213588,-0.232438
74.000000,238.292007,-0.197234,-0.228297
75.000000,238.292007,-0.179776,-0.216371
76.000000,238.292007,-0.161311,-0.212477
77.000000,238.292007,-0.141942,-0.204276
78.000000,238.292007,-0.121778,-0.187516
79.000000,238.292007,-0.100932,-0.186614
80.000000,238.292007,-0.079519,-0.170120
81.000000,238.292007,-0.057661,-0.153447
82.000000,238.292007,-0.035481,-0.150392
83.000000,238.292007,-0.013102,-0.128991
84.000000,238.292007,0.009351,-0.111045
85.000000,238.292007,0.031751,-0.100315
86.000000,238.292007,0.053973,-0.083162
87.000000,238.292007,0.075893,-0.062989
88.000000,238.292007,0.097389,-0.054632
89.000000,238.292007,0.118338,-0.032718
90.000000,238.292007,0.138624,-0.009865
91.000000,238.292007,0.158133,-0.002622
92.000000,238.292007,0.176757,0.018912
93.000000,238.292007,0.194391,0.038718
94.000000,238.292007,0.210935,0.048055
95.000000,238.292007,0.226299,0.063041
96.000000,238.292007,0.240396,0.089541
97.000000,238.292007,0.253146,0.098425
98.000000,238.292007,0.264479,0.115198
99.000000,238.292007,0.274329,0.135971
100.000000,238.292007,0.282640,0.140914
101.000000,238.292007,0.289368,0.157014
102.000000,238.292007,0.294476,0.169746
103.000000,238.292007,0.297935,0.177663
104.000000,238.292007,0.299725,0.191536
105.000000,238.292007,0.299837,0.205909
106.000000,238.292007,0.298269,0.205638
107.000000,238.292007,0.295031,0.215044
108.000000,238.292007,0.290141,0.226590
109.000000,238.292007,0.283624,0.223493
110.000000,238.292007,0.275517,0.227245
111.000000,238.292007,0.265866,0.230690
112.000000,238.292007,0.254727,0.233013
113.000000,238.292007,0.242162,0.233939
114.000000,238.292007,0.228240,0.229591
115.000000,238.292007,0.213040,0.227653
116.000000,238.292007,0.196647,0.220831
117.000000,238.292007,0.179152,0.210371
118.000000,238.292007,0.160654,0.208071
119.000000,238.292007,0.141255,0.203329
120.000000,238.292007,0.121064,0.184883
121.000000,238.292007,0.100196,0.173695
122.000000,238.292007,0.078766,0.188068
123.000000,238.292007,0.056895,0.152515
124.000000,238.292007,0.034706,0.140273
125.000000,238.292007,0.012322,0.130464
126.000000,238.292007,-0.010131,0.109352
127.000000,238.292007,-0.032527,0.097330
128.000000,238.292007,-0.054741,0.085367
129.000000,238.292007,-0.076649,0.062849
130.000000,238.292007,-0.098126,0.045026
131.000000,238.292007,-0.119054,0.029578
132.000000,238.292007,-0.139315,0.014266
133.000000,238.292007,-0.158795,-0.004450
134.000000,238.292007,-0.177387,-0.019679
135.000000,238.292007,-0.194985,-0.042431
136.000000,238.292007,-0.211491,-0.057207
137.000000,238.292007,-0.226812,-0.077389
138.000000,238.292007,-0.240864,-0.090281
139.000000,238.292007,-0.253565,-0.104690
140.000000,238.292007,-0.264844,-0.122064
141.000000,238.292007,-0.274640,-0.132478
142.000000,238.292007,-0.282898,-0.144440
143.000000,238.292007,-0.289572,-0.157232
144.000000,238.292007,-0.294623,-0.170207
145.000000,238.292007,-0.298025,-0.178976
146.000000,238.292007,-0.299758,-0.196148
147.000000,238.292007,-0.299813,-0.210396
148.000000,238.292007,-0.298188,-0.205398
149.000000,238.292007,-0.294891,-0.218983
150.000000,238.292007,-0.289940,-0.228104
151.000000,238.292007,-0.283366,-0.223852
152.000000,238.292007,-0.275205,-0.234317
153.000000,238.292007,-0.265503,-0.233318
154.000000,238.292007,-0.254314,-0.230693
155.000000,238.292007,-0.241701,-0.236851
156.000000,238.292007,-0.227735,-0.231238
157.000000,238.292007,-0.212492,-0.231192
158.000000,238.292007,-0.196060,-0.228590
159.000000,238.292007,-0.178528,-0.211904
160.000000,238.292007,-0.159995,-0.214117
161.000000,238.292007,-0.140566,-0.202489
162.000000,238.292007,-0.120350,-0.186769
163.000000,238.292007,-0.099461,-0.182981
164.000000,238.292007,-0.078014,-0.168054
165.000000,238.292007,-0.056131,-0.148321
166.000000,238.292007,-0.033933,-0.138484
167.000000,238.292007,-0.011545,-0.125944
168.000000,238.292007,0.010909,-0.117532
169.000000,238.292007,0.033301,-0.100682
170.000000,238.292007,0.055506,-0.081228
171.000000,238.292007,0.077400,-0.054948
172.000000,238.292007,0.098860,-0.054399
173.000000,238.292007,0.119767,-0.032938
174.000000,238.292007,0.140003,-0.007332
175.000000,238.292007,0.159455,0.002738
176.000000,238.292007,0.178015,0.020478
177.000000,238.292007,0.195577,0.040431
178.000000,238.292007,0.212044,0.048055
179.000000,238.292007,0.227322,0.069735
180.000000,238.292007,0.241326,0.095635
181.000000,238.292007,0.253978,0.096784
182.000000,238.292007,0.265207,0.113338
183.000000,238.292007,0.274951,0.134931
184.000000,238.292007,0.283156,0.147974
185.000000,238.292007,0.289775,0.158567
186.000000,238.292007,0.294771,0.170947
187.000000,238.292007,0.298116,0.181223
188.000000,238.292007,0.299792,0.191889
189.000000,238.292007,0.299786,0.198537
190.000000,238.292007,0.298099,0.209198
191.000000,238.292007,0.294744,0.218444
192.000000,238.292007,0.289737,0.219539
193.000000,238.292007,0.283108,0.224505
194.000000,238.292007,0.274894,0.229357
195.000000,238.292007,0.265140,0.228940
196.000000,238.292007,0.253901,0.230832
197.000000,238.292007,0.241241,0.236124
198.000000,238.292007,0.227229,0.226480
199.000000,238.292007,0.211942,0.230906
200.000000,238.292007,0.195468,0.228757
201.000000,238.292007,0.177899,0.212552
202.000000,238.292007,0.159333,0.206637
203.000000,238.292007,0.139876,0.205162
204.000000,238.292007,0.119635,0.189117
205.000000,238.292007,0.098725,0.178955
206.000000,238.292007,0.077261,0.168780
207.000000,238.292007,0.055365,0.150728
208.000000,238.292007,0.033158,0.141386
209.000000,238.292007,0.010765,0.131577
210.000000,238.292007,-0.011688,0.100431
211.000000,238.292007,-0.034076,0.097036
212.000000,238.292007,-0.056272,0.078981
213.000000,238.292007,-0.078153,0.060315
214.000000,238.292007,-0.099597,0.051047
215.000000,238.292007,-0.120483,0.026045
216.000000,238.292007,-0.140694,0.011425
217.000000,238.292007,-0.160117,-0.002691
218.000000,238.292007,-0.178644,-0.026730
219.000000,238.292007,-0.196169,-0.044012
220.000000,238.292007,-0.212594,-0.051814
221.000000,238.292007,-0.227828,-0.073527
222.000000,238.292007,-0.241787,-0.089635
223.000000,238.292007,-0.254391,-0.102564
224.000000,238.292007,-0.265571,-0.119283
225.000000,238.292007,-0.275263,-0.127731
226.000000,238.292007,-0.283414,-0.141934
227.000000,238.292007,-0.289978,-0.162666
228.000000,238.292007,-0.294918,-0.173048
229.000000,238.292007,-0.298203,-0.177349
230.000000,238.292007,-0.299817,-0.196441
231.000000,238.292007,-0.299752,-0.209210
232.000000,238.292007,-0.298009,-0.207185
233.000000,238.292007,-0.294596,-0.220563
234.000000,238.292007,-0.289534,-0.220824
235.000000,238.292007,-0.282850,-0.232819
236.000000,238.292007,-0.274582,-0.235884
237.000000,238.292007,-0.264777,-0.230358
238.000000,238.292007,-0.253489,-0.237318
239.000000,238.292007,-0.240777,-0.230024
240.000000,238.292007,-0.226717,-0.224499
241.000000,238.292007,-0.211388,-0.229850
242.000000,238.292007,-0.194875,-0.224824
243.000000,238.292007,-0.177270,-0.212165
244.000000,238.292007,-0.158673,-0.208349
245.000000,238.292007,-0.139187,-0.199382
246.000000,238.292007,-0.118922,-0.189404
247.000000,238.292007,-0.097990,-0.179407
248.000000,238.292007,-0.076509,-0.165460
249.000000,238.292007,-0.054599,-0.152128
250.000000,238.292007,-0.032384,-0.141604
251.000000,238.292007,-0.009987,-0.124831
252.000000,238.292007,0.012466,-0.104951
253.000000,238.292007,0.034849,-0.099875
254.000000,238.292007,0.057036,-0.080128
255.000000,238.292007,0.078905,-0.066668
256.000000,238.292007,0.100331,-0.047265
257.000000,238.292007,0.121196,-0.027825
258.000000,238.292007,0.141382,-0.015991
259.000000,238.292007,0.160775,0.004205
260.000000,238.292007,0.179267,0.025358
261.000000,238.292007,0.196755,0.034654
262.000000,238.292007,0.213141,0.046534
263.000000,238.292007,0.228333,0.078541
264.000000,238.292007,0.242247,0.093664
265.000000,238.292007,0.254803,0.106644
266.000000,238.292007,0.265933,0.131650
267.000000,238.292007,0.275574,0.133167
268.000000,238.292007,0.283672,0.148153
269.000000,238.292007,0.290177,0.165133
270.000000,238.292007,0.295057,0.168069
271.000000,238.292007,0.298284,0.188196
272.000000,238.292007,0.299841,0.196461
273.000000,238.292007,0.299719,0.194697
274.000000,238.292007,0.297918,0.208644
275.000000,238.292007,0.294449,0.221683
276.000000,238.292007,0.289331,0.221999
277.000000,238.292007,0.282592,0.229398
278.000000,238.292007,0.274271,0.231084
279.000000,238.292007,0.264410,0.232106
280.000000,238.292007,0.253068,0.236152
281.000000,238.292007,0.240309,0.230113
282.000000,238.292007,0.226205,0.231432
283.000000,238.292007,0.210833,0.231071
284.000000,238.292007,0.194281,0.221266
285.000000,238.292007,0.176641,0.216391
286.000000,238.292007,0.158012,0.200255
287.000000,238.292007,0.138497,0.197158
288.000000,238.292007,0.118207,0.187596
289.000000,238.292007,0.097253,0.181654
290.000000,238.292007,0.075754,0.170969
291.000000,238.292007,0.053832,0.157087
292.000000,238.292007,0.031608,0.144745
293.000000,238.292007,0.009207,0.123266
294.000000,238.292007,-0.013245,0.111244
295.000000,238.292007,-0.035624,0.097655
296.000000,238.292007,-0.057803,0.078623
297.000000,238.292007,-0.079658,0.065634
298.000000,238.292007,-0.101068,0.057053
299.000000,238.292007,-0.121910,0.030393
300.000000,238.292007,-0.142069,0.012337
301.000000,238.292007,-0.161432,-0.012289
302.000000,238.292007,-0.179891,-0.026084
303.000000,238.292007,-0.197343,-0.035967
304.000000,238.292007,-0.213689,-0.061766
305.000000,238.292007,-0.228839,-0.073788
306.000000,238.292007,-0.242708,-0.085383
307.000000,238.292007,-0.255217,-0.107302
308.000000,238.292007,-0.266297,-0.120511
309.000000,238.292007,-0.275882,-0.127419
310.000000,238.292007,-0.283922,-0.149865
311.000000,238.292007,-0.290371,-0.160773
312.000000,238.292007,-0.295195,-0.169309
313.000000,238.292007,-0.298365,-0.187521
314.000000,238.292007,-0.299865,-0.195076
315.000000,238.292007,-0.299685,-0.206278
316.000000,238.292007,-0.297827,-0.210809
317.000000,238.292007,-0.294301,-0.215991
318.000000,238.292007,-0.289127,-0.226785
319.000000,238.292007,-0.282330,-0.229644
320.000000,238.292007,-0.273951,-0.226945
321.000000,238.292007,-0.264039,-0.234170
322.000000,238.292007,-0.252647,-0.236644
323.000000,238.292007,-0.239841,-0.228672
324.000000,238.292007,-0.225692,-0.230890
325.000000,238.292007,-0.210279,-0.230404
326.000000,238.292007,-0.193688,-0.217818
327.000000,238.292007,-0.176013,-0.216376
328.000000,238.292007,-0.157351,-0.206296
329.000000,238.292007,-0.137806,-0.193784
330.000000,238.292007,-0.117489,-0.187594
331.000000,238.292007,-0.096515,-0.175801
332.000000,238.292007,-0.075000,-0.158675
333.000000,238.292007,-0.053065,-0.152179
334.000000,238.292007,-0.030834,-0.139345
335.000000,238.292007,-0.008429,-0.119612
336.000000,238.292007,0.014023,-0.113043
337.000000,238.292007,0.036397,-0.091509
338.000000,238.292007,0.058567,-0.077563
339.000000,238.292007,0.080408,-0.063800
340.000000,238.292007,0.101799,-0.039806
341.000000,238.292007,0.122619,-0.035064
342.000000,238.292007,0.142753,-0.011497
343.000000,238.292007,0.162087,0.010536
344.000000,238.292007,0.180513,0.023053
345.000000,238.292007,0.197929,0.038713
346.000000,238.292007,0.214236,0.062606
347.000000,238.292007,0.229344,0.072310
348.000000,238.292007,0.243167,0.094810
349.000000,238.292007,0.255625,0.105535
350.000000,238.292007,0.266651,0.117246
351.000000,238.292007,0.276184,0.136699
352.000000,238.292007,0.284170,0.150925
353.000000,238.292007,0.290565,0.157641
354.000000,238.292007,0.295333,0.173521
355.000000,238.292007,0.298447,0.185827
356.000000,238.292007,0.299889,0.190084
357.000000,238.292007,0.299652,0.142060
358.000000,238.292007,0.297736,0.206829
359.000000,238.292007,0.294149,0.229719
360.000000,238.292007,0.288915,0.234731
361.000000,238.292007,0.282063,0.233540
362.000000,238.292007,0.273631,0.237086
363.000000,238.292007,0.263667,0.243271
364.000000,238.292007,0.252226,0.237040
365.000000,238.292007,0.239373,0.235812
366.000000,238.292007,0.225179,0.230617
367.000000,238.292007,0.209724,0.227960
368.000000,238.292007,0.193094,0.225692
369.000000,238.292007,0.175380,0.222723
370.000000,238.292007,0.156684,0.212258
371.000000,238.292007,0.137111,0.200163
372.000000,238.292007,0.116770,0.195495
373.000000,238.292007,0.095776,0.176463
374.000000,238.292007,0.074245,0.166301
375.000000,238.292007,0.052297,0.153766
376.000000,238.292007,0.030057,0.135320
377.000000,238.292007,0.007649,0.124411
378.000000,238.292007,-0.014803,0.106103
379.000000,238.292007,-0.037171,0.091190
380.000000,238.292007,-0.059331,0.082128
381.000000,238.292007,-0.081159,0.064196
382.000000,238.292007,-0.102532,-0.050939
383.000000,238.292007,-0.123331,0.031964
384.000000,238.292007,-0.143439,0.022013
385.000000,238.292007,-0.162744,0.006124
386.000000,238.292007,-0.181137,-0.012092
387.000000,238.292007,-0.198517,-0.035651
388.000000,238.292007,-0.214784,-0.049679
389.000000,238.292007,-0.229846,-0.057848
390.000000,238.292007,-0.243620,-0.086094
391.000000,238.292007,-0.256030,-0.106376
392.000000,238.292007,-0.267006,-0.120052
393.000000,238.292007,-0.276487,-0.136551
394.000000,238.292007,-0.284420,-0.141206
395.000000,238.292007,-0.290759,-0.155921
396.000000,238.292007,-0.295471,-0.175760
397.000000,238.292007,-0.298528,-0.180341
398.000000,238.292007,-0.299912,-0.189404
399.000000,238.292007,-0.299613,-0.203442
400.000000,238.292007,-0.297636,-0.211670
401.000000,238.292007,-0.293992,-0.214318
402.000000,238.292007,-0.288702,-0.227330
403.000000,238.292007,-0.281796,-0.234885
404.000000,238.292007,-0.273311,-0.235705
405.000000,238.292007,-0.263295,-0.229570
406.000000,238.292007,-0.251805,-0.228805
407.000000,238.292007,-0.238905,-0.235650
408.000000,238.292007,-0.224666,-0.231357
409.000000,238.292007,-0.209166,-0.220558
410.000000,238.292007,-0.192495,-0.231344
411.000000,238.292007,-0.174746,-0.213517
412.000000,238.292007,-0.156019,-0.198324
413.000000,238.292007,-0.136418,-0.197188
414.000000,238.292007,-0.116053,-0.187255
415.000000,238.292007,-0.095038,-0.170055
416.000000,238.292007,-0.073490,-0.165639
417.000000,238.292007,-0.051531,-0.155560
418.000000,238.292007,-0.029283,-0.130993
0.000000,248.865997,0.004166,-0.124790
1.000000,248.865997,0.027582,-0.107123
2.000000,248.865997,0.050830,-0.082483
3.000000,248.865997,0.073766,-0.125202
4.000000,248.865997,0.096252,-0.055406
5.000000,248.865997,0.118152,-0.028173
6.000000,248.865997,0.139326,-0.007236
7.000000,248.865997,0.159652,0.002097
8.000000,248.865997,0.179003,0.026444
9.000000,248.865997,0.197256,0.032720
10.000000,248.865997,0.214309,0.054254
11.000000,248.865997,0.230050,0.074733
12.000000,248.865997,0.244385,0.085097
13.000000,248.865997,0.257231,0.101797
14.000000,248.865997,0.268499,0.120723
15.000000,248.865997,0.278130,0.131820
16.000000,248.865997,0.286065,0.148960
17.000000,248.865997,0.292245,0.156180
18.000000,248.865997,0.296646,0.169389
19.000000,248.865997,0.299232,0.183922
20.000000,248.865997,0.299988,0.190597
21.000000,248.865997,0.298917,0.205464
22.000000,248.865997,0.296013,0.214330
23.000000,248.865997,0.291303,0.215012
24.000000,248.865997,0.284817,0.216991
25.000000,248.865997,0.276583,0.230017
26.000000,248.865997,0.266666,0.226993
27.000000,248.865997,0.255118,0.231639
28.000000,248.865997,0.242009,0.238497
29.000000,248.865997,0.227426,0.230626
30.000000,248.865997,0.211449,0.226645
31.000000,248.865997,0.194181,0.222283
32.000000,248.865997,0.175731,0.207045
33.000000,248.865997,0.156201,0.207150
34.000000,248.865997,0.135720,0.198789
35.000000,248.865997,0.114410,0.186730
36.000000,248.865997,0.092400,0.174328
37.000000,248.865997,0.069827,0.158068
38.000000,248.865997,0.046826,0.150407
39.000000,248.865997,0.023539,0.141125
40.000000,248.865997,0.000108,0.120819
41.000000,248.865997,-0.023323,0.107024
42.000000,248.865997,-0.046612,0.093568
43.000000,248.865997,-0.069616,0.074697
44.000000,248.865997,-0.092194,0.053227
45.000000,248.865997,-0.114210,0.034791
46.000000,248.865997,-0.135527,0.017166
47.000000,248.865997,-0.156016,0.004777
48.000000,248.865997,-0.175555,-0.008825
49.000000,248.865997,-0.194016,-0.037804
50.000000,248.865997,-0.211295,-0.049679
51.000000,248.865997,-0.227285,-0.062095
52.000000,248.865997,-0.241881,-0.087221
53.000000,248.865997,-0.255003,-0.101103
54.000000,248.865997,-0.266567,-0.111205
55.000000,248.865997,-0.276499,-0.132611
56.000000,248.865997,-0.284748,-0.147606
57.000000,248.865997,-0.291251,-0.158148
58.000000,248.865997,-0.295977,-0.175687
59.000000,248.865997,-0.298899,-0.185409
60.000000,248.865997,-0.299986,-0.191310
61.000000,248.865997,-0.299246,-0.200102
62.000000,248.865997,-0.296679,-0.200816
63.000000,248.865997,-0.292294,-0.223330
64.000000,248.865997,-0.286129,-0.225264
65.000000,248.865997,-0.278212,-0.223312
66.000000,248.865997,-0.268595,-0.225456
67.000000,248.865997,-0.257343,-0.231151
68.000000,248.865997,-0.244510,-0.226079
69.000000,248.865997,-0.230188,-0.231344
70.000000,248.865997,-0.214461,-0.224838
71.000000,248.865997,-0.197419,-0.215812
72.000000,248.865997,-0.179175,-0.221369
73.000000,248.865997,-0.159835,-0.206456
74.000000,248.865997,-0.139517,-0.201678
75.000000,248.865997,-0.118350,-0.197861
76.000000,248.865997,-0.096457,-0.183695
77.000000,248.865997,-0.073975,-0.169148
78.000000,248.865997,-0.051043,-0.155459
79.000000,248.865997,-0.027797,-0.140106
80.000000,248.865997,-0.004382,-0.131438
81.000000,248.865997,0.019060,-0.114023
82.000000,248.865997,0.042385,-0.091683
83.000000,248.865997,0.065452,-0.079693
84.000000,248.865997,0.088118,-0.063653
85.000000,248.865997,0.110246,-0.039687
86.000000,248.865997,0.131702,-0.030671
87.000000,248.865997,0.152350,-0.010544
88.000000,248.865997,0.172070,0.014170
89.000000,248.865997,0.190738,0.022599
90.000000,248.865997,0.208239,0.046667
91.000000,248.865997,0.224472,0.066326
92.000000,248.865997,0.239329,0.074756
93.000000,248.865997,0.252725,0.095103
94.000000,248.865997,0.264582,0.114836
95.000000,248.865997,0.274814,0.123046
96.000000,248.865997,0.283372,0.139966
97.000000,248.865997,0.290199,0.151525
98.000000,248.865997,0.295249,0.166942
99.000000,248.865997,0.298501,0.184462
100.000000,248.865997,0.299925,0.187802
101.000000,248.865997,0.299517,0.199371
102.000000,248.865997,0.297285,0.209436
103.000000,248.865997,0.293227,0.209651
104.000000,248.865997,0.287383,0.219525
105.000000,248.865997,0.279785,0.230251
106.000000,248.865997,0.270472,0.225279
107.000000,248.865997,0.259511,0.232459
108.000000,248.865997,0.246963,0.229050
109.000000,248.865997,0.232905,0.225499
110.000000,248.865997,0.217429,0.229778
111.000000,248.865997,0.200618,0.229123
112.000000,248.865997,0.182584,0.216052
113.000000,248.865997,0.163437,0.208570
114.000000,248.865997,0.143287,0.202115
115.000000,248.865997,0.122265,0.189117
116.000000,248.865997,0.100495,0.179028
117.000000,248.865997,0.078110,0.170053
118.000000,248.865997,0.055250,0.152208
119.000000,248.865997,0.032050,0.139746
120.000000,248.865997,0.008656,0.123064
121.000000,248.865997,-0.014792,0.105324
122.000000,248.865997,-0.038149,0.098429
123.000000,248.865997,-0.061273,0.077436
124.000000,248.865997,-0.084023,0.063728
125.000000,248.865997,-0.106259,0.051312
126.000000,248.865997,-0.127847,0.025426
127.000000,248.865997,-0.148653,0.015351
128.000000,248.865997,-0.168550,-0.003685
129.000000,248.865997,-0.187421,-0.030290
130.000000,248.865997,-0.205141,-0.046179
131.000000,248.865997,-0.221612,-0.057482
132.000000,248.865997,-0.236729,-0.081260
133.000000,248.865997,-0.250396,-0.097076
134.000000,248.865997,-0.262538,-0.104878
135.000000,248.865997,-0.273073,-0.127324
136.000000,248.865997,-0.281939,-0.140312
137.000000,248.865997,-0.289088,-0.150341
138.000000,248.865997,-0.294463,-0.170853
139.000000,248.865997,-0.298042,-0.176548
140.000000,248.865997,-0.299804,-0.190590
141.000000,248.865997,-0.299727,-0.200542
142.000000,248.865997,-0.297825,-0.206837
143.000000,248.865997,-0.294102,-0.219138
144.000000,248.865997,-0.288579,-0.224430
145.000000,248.865997,-0.281299,-0.220678
146.000000,248.865997,-0.272294,-0.234344
147.000000,248.865997,-0.261628,-0.231577
148.000000,248.865997,-0.249367,-0.228659
149.000000,248.865997,-0.235575,-0.237597
150.000000,248.865997,-0.220349,-0.231591
151.000000,248.865997,-0.203777,-0.219972
152.000000,248.865997,-0.185956,-0.224490
153.000000,248.865997,-0.167004,-0.214410
154.000000,248.865997,-0.147028,-0.200037
155.000000,248.865997,-0.126155,-0.193394
156.000000,248.865997,-0.104513,-0.184208
157.000000,248.865997,-0.082229,-0.167976
158.000000,248.865997,-0.059444,-0.162739
159.000000,248.865997,-0.036297,-0.147679
160.000000,248.865997,-0.012927,-0.127053
161.000000,248.865997,0.010522,-0.116983
162.000000,248.865997,0.033906,-0.100136
163.000000,248.865997,0.057083,-0.082923
164.000000,248.865997,0.079913,-0.070187
165.000000,248.865997,0.102252,-0.049546
166.000000,248.865997,0.123967,-0.036466
167.000000,248.865997,0.144927,-0.016843
168.000000,248.865997,0.164997,0.001336
169.000000,248.865997,0.184063,0.014999
170.000000,248.865997,0.202003,0.037833
171.000000,248.865997,0.218708,0.050272
172.000000,248.865997,0.234080,0.072310
173.000000,248.865997,0.248017,0.092070
174.000000,248.865997,0.260441,0.113209
175.000000,248.865997,0.271278,0.120893
176.000000,248.865997,0.280450,0.136553
177.000000,248.865997,0.287914,0.154719
178.000000,248.865997,0.293617,0.160468
179.000000,248.865997,0.297524,0.174268
180.000000,248.865997,0.299620,0.190281
181.000000,248.865997,0.299878,0.194771
182.000000,248.865997,0.298307,0.202697
183.000000,248.865997,0.294918,0.219456
184.000000,248.865997,0.289718,0.216272
185.000000,248.865997,0.282753,0.226791
186.000000,248.865997,0.274062,0.224377
187.000000,248.865997,0.263692,0.229733
188.000000,248.865997,0.251716,0.233031
189.000000,248.865997,0.238199,0.220578
190.000000,248.865997,0.223226,0.224812
191.000000,248.865997,0.206895,0.226837
192.000000,248.865997,0.189292,0.217472
193.000000,248.865997,0.170537,0.212304
194.000000,248.865997,0.150740,0.208369
195.000000,248.865997,0.130020,0.193511
196.000000,248.865997,0.108508,0.181049
197.000000,248.865997,0.086332,0.173100
198.000000,248.865997,0.063628,0.155635
199.000000,248.865997,0.040536,0.145400
200.000000,248.865997,0.017196,0.137231
201.000000,248.865997,-0.006249,0.115752
202.000000,248.865997,-0.029656,0.102617
203.000000,248.865997,-0.052881,0.086714
204.000000,248.865997,-0.075784,0.068809
205.000000,248.865997,-0.098223,0.054254
206.000000,248.865997,-0.120062,0.036271
207.000000,248.865997,-0.141169,0.017019
208.000000,248.865997,-0.161411,0.001350
209.000000,248.865997,-0.180668,-0.019212
210.000000,248.865997,-0.198824,-0.039078
211.000000,248.865997,-0.215760,-0.051333
212.000000,248.865997,-0.231381,-0.077815
213.000000,248.865997,-0.245589,-0.092815
214.000000,248.865997,-0.258293,-0.104104
215.000000,248.865997,-0.269424,-0.125844
216.000000,248.865997,-0.278905,-0.136725
217.000000,248.865997,-0.286682,-0.144147
218.000000,248.865997,-0.292714,-0.164746
219.000000,248.865997,-0.296947,-0.170954
220.000000,248.865997,-0.299372,-0.180469
221.000000,248.865997,-0.299969,-0.197408
222.000000,248.865997,-0.298729,-0.204069
223.000000,248.865997,-0.295669,-0.205618
224.000000,248.865997,-0.290799,-0.222336
225.000000,248.865997,-0.284152,-0.223344
226.000000,248.865997,-0.275774,-0.223706
227.000000,248.865997,-0.265704,-0.234624
228.000000,248.865997,-0.254014,-0.232805
229.000000,248.865997,-0.240775,-0.232099
230.000000,248.865997,-0.226059,-0.227930
231.000000,248.865997,-0.209967,-0.222918
232.000000,248.865997,-0.192590,-0.225337
233.000000,248.865997,-0.174035,-0.218263
234.000000,248.865997,-0.154420,-0.208124
235.000000,248.865997,-0.133859,-0.197261
236.000000,248.865997,-0.112481,-0.192602
237.000000,248.865997,-0.090417,-0.173396
238.000000,248.865997,-0.067798,-0.163852
239.000000,248.865997,-0.044766,-0.149013
240.000000,248.865997,-0.021461,-0.130026
241.000000,248.865997,0.001975,-0.122490
242.000000,248.865997,0.025400,-0.105717
243.000000,248.865997,0.048669,-0.087024
244.000000,248.865997,0.071640,-0.075020
245.000000,248.865997,0.094176,-0.055640
246.000000,248.865997,0.116133,-0.030400
247.000000,248.865997,0.137383,-0.024123
248.000000,248.865997,0.157793,-0.002517
249.000000,248.865997,0.177237,0.016630
250.000000,248.865997,0.195602,0.030113
251.000000,248.865997,0.212769,0.041599
252.000000,248.865997,0.228636,0.066500
253.000000,248.865997,0.243112,0.087997
254.000000,248.865997,0.256093,0.105430
255.000000,248.865997,0.267515,0.111184
256.000000,248.865997,0.277304,0.130546
257.000000,248.865997,0.285394,0.151172
258.000000,248.865997,0.291745,0.154595
259.000000,248.865997,0.296311,0.173315
260.000000,248.865997,0.299065,0.188508
261.000000,248.865997,0.299999,0.188897
262.000000,248.865997,0.299091,0.197717
263.000000,248.865997,0.296360,0.212456
264.000000,248.865997,0.291822,0.216199
265.000000,248.865997,0.285493,0.222705
266.000000,248.865997,0.277426,0.234484
267.000000,248.865997,0.267663,0.232193
268.000000,248.865997,0.256262,0.234525
269.000000,248.865997,0.243300,0.226631
270.000000,248.865997,0.228847,0.226906
271.000000,248.865997,0.212997,0.229384
272.000000,248.865997,0.195849,0.218118
273.000000,248.865997,0.177499,0.216258
274.000000,248.865997,0.158068,0.211810
275.000000,248.865997,0.137671,0.199238
276.000000,248.865997,0.116432,0.191550
277.000000,248.865997,0.094483,0.182634
278.000000,248.865997,0.071955,0.162782
279.000000,248.865997,0.048988,0.154040
280.000000,248.865997,0.025723,0.142445
281.000000,248.865997,0.002299,0.121186
282.000000,248.865997,-0.021138,0.106937
283.000000,248.865997,-0.044446,0.096235
284.000000,248.865997,-0.067482,0.072003
285.000000,248.865997,-0.090107,0.060874
286.000000,248.865997,-0.112181,0.045265
287.000000,248.865997,-0.133568,-0.005463
288.000000,248.865997,-0.154143,0.010578
289.000000,248.865997,-0.173771,-0.006424
290.000000,248.865997,-0.192340,-0.028444
291.000000,248.865997,-0.209736,-0.045826
292.000000,248.865997,-0.225846,-0.067034
293.000000,248.865997,-0.240580,-0.082768
294.000000,248.865997,-0.253843,-0.093236
295.000000,248.865997,-0.265553,-0.121083
296.000000,248.865997,-0.275646,-0.130471
297.000000,248.865997,-0.284048,-0.137600
298.000000,248.865997,-0.290718,-0.160059
299.000000,248.865997,-0.295615,-0.169020
300.000000,248.865997,-0.298699,-0.174142
301.000000,248.865997,-0.299964,-0.192721
302.000000,248.865997,-0.299394,-0.202209
303.000000,248.865997,-0.296993,-0.205838
304.000000,248.865997,-0.292783,-0.217796
305.000000,248.865997,-0.286778,-0.224384
306.000000,248.865997,-0.279023,-0.223706
307.000000,248.865997,-0.269568,-0.229864
308.000000,248.865997,-0.258458,-0.230945
309.000000,248.865997,-0.245774,-0.229126
310.000000,248.865997,-0.231588,-0.233584
311.000000,248.865997,-0.215985,-0.224851
312.000000,248.865997,-0.199066,-0.225717
313.000000,248.865997,-0.180927,-0.216403
314.000000,248.865997,-0.161684,-0.205297
315.000000,248.865997,-0.141456,-0.201055
316.000000,248.865997,-0.120359,-0.193422
317.000000,248.865997,-0.098529,-0.172429
318.000000,248.865997,-0.076097,-0.178514
319.000000,248.865997,-0.053200,-0.153919
320.000000,248.865997,-0.029978,-0.135973
321.000000,248.865997,-0.006573,-0.125170
322.000000,248.865997,0.016873,-0.111370
323.000000,248.865997,0.040215,-0.087244
324.000000,248.865997,0.063311,-0.077554
325.000000,248.865997,0.086021,-0.062714
326.000000,248.865997,0.108206,-0.043934
327.000000,248.865997,0.129728,-0.027331
328.000000,248.865997,0.150459,-0.005504
329.000000,248.865997,0.170271,-0.026125
330.000000,248.865997,0.189040,0.023859
331.000000,248.865997,0.206659,0.050373
332.000000,248.865997,0.223010,0.060228
333.000000,248.865997,0.238001,0.086430
334.000000,248.865997,0.251541,0.101696
335.000000,248.865997,0.263537,0.111432
336.000000,248.865997,0.273929,0.127119
337.000000,248.865997,0.282646,0.146325
338.000000,248.865997,0.289633,0.150728
339.000000,248.865997,0.294856,0.166241
340.000000,248.865997,0.298273,0.184334
341.000000,248.865997,0.299868,0.188297
342.000000,248.865997,0.299638,0.197190
343.000000,248.865997,0.297566,0.215429
344.000000,248.865997,0.293683,0.211658
345.000000,248.865997,0.288006,0.223818
346.000000,248.865997,0.280564,0.228157
347.000000,248.865997,0.271415,0.230773
348.000000,248.865997,0.260603,0.238245
349.000000,248.865997,0.248199,0.231492
350.000000,248.865997,0.234284,0.230099
351.000000,248.865997,0.218930,0.234658
352.000000,248.865997,0.202242,0.220065
353.000000,248.865997,0.184320,0.217885
354.000000,248.865997,0.165268,0.214769
355.000000,248.865997,0.145209,0.200804
356.000000,248.865997,0.124263,0.195110
357.000000,248.865997,0.102556,0.186721
358.000000,248.865997,0.080225,0.168582
359.000000,248.865997,0.057401,0.152547
360.000000,248.865997,0.034228,0.147571
361.000000,248.865997,0.010846,0.126019
362.000000,248.865997,-0.012603,0.114744
363.000000,248.865997,-0.035975,0.099062
364.000000,248.865997,-0.059127,0.230539
365.000000,248.865997,-0.081917,0.067421
366.000000,248.865997,-0.104208,0.027951
367.000000,248.865997,-0.125861,0.009432
368.000000,248.865997,-0.146745,-0.005124
369.000000,248.865997,-0.166736,-0.015711
370.000000,248.865997,-0.185702,-0.046591
371.000000,248.865997,-0.203538,-0.046280
372.000000,248.865997,-0.220130,-0.064767
373.000000,248.865997,-0.235374,-0.081434
374.000000,248.865997,-0.249185,-0.091463
375.000000,248.865997,-0.261470,-0.117129
376.000000,248.865997,-0.272157,-0.125197
377.000000,248.865997,-0.281187,-0.134186
378.000000,248.865997,-0.288491,-0.154405
379.000000,248.865997,-0.294036,-0.163893
380.000000,248.865997,-0.297788,-0.171769
381.000000,248.865997,-0.299713,-0.190641
382.000000,248.865997,-0.299814,-0.196042
383.000000,248.865997,-0.298080,-0.204504
384.000000,248.865997,-0.294524,-0.212742
385.000000,248.865997,-0.289174,-0.217324
386.000000,248.865997,-0.282050,-0.222799
387.000000,248.865997,-0.273206,-0.233204
388.000000,248.865997,-0.262696,-0.226624
389.000000,248.865997,-0.250574,-0.235499
390.000000,248.865997,-0.236927,-0.232471
391.000000,248.865997,-0.221831,-0.227238
392.000000,248.865997,-0.205377,-0.233511
393.000000,248.865997,-0.187673,-0.220723
394.000000,248.865997,-0.168818,-0.208578
395.000000,248.865997,-0.148934,-0.202021
396.000000,248.865997,-0.128141,-0.198182
397.000000,248.865997,-0.106562,-0.180836
398.000000,248.865997,-0.084334,-0.174940
399.000000,248.865997,-0.061591,-0.159426
400.000000,248.865997,-0.038470,-0.141114
0.000000,259.908997,0.006115,-0.121830
1.000000,259.908997,0.030558,-0.108076
2.000000,259.908997,0.054798,-0.087377
3.000000,259.908997,0.078671,-0.069953
4.000000,259.908997,0.102021,-0.051613
5.000000,259.908997,0.124692,-0.028306
6.000000,259.908997,0.146529,-0.017503
7.000000,259.908997,0.167393,0.003957
8.000000,259.908997,0.187141,0.022797
9.000000,259.908997,0.205640,0.036207
10.000000,259.908997,0.222771,0.058414
11.000000,259.908997,0.238417,0.069561
12.000000,259.908997,0.252472,0.087177
13.000000,259.908997,0.264849,0.109150
14.000000,259.908997,0.275458,0.112751
15.000000,259.908997,0.284230,0.137240
16.000000,259.908997,0.291114,0.158466
17.000000,259.908997,0.296053,0.162635
18.000000,259.908997,0.299019,0.175175
19.000000,259.908997,0.299998,0.192081
20.000000,259.908997,0.298972,0.196030
21.000000,259.908997,0.295955,0.207530
22.000000,259.908997,0.290971,0.219969
23.000000,259.908997,0.284040,0.220592
24.000000,259.908997,0.275221,0.223451
25.000000,259.908997,0.264572,0.233884
26.000000,259.908997,0.252151,0.225279
27.000000,259.908997,0.238054,0.230072
28.000000,259.908997,0.222374,0.228977
29.000000,259.908997,0.205206,0.217619
30.000000,259.908997,0.186675,0.216831
31.000000,259.908997,0.166900,0.211342
32.000000,259.908997,0.146010,0.198271
33.000000,259.908997,0.124150,0.189149
34.000000,259.908997,0.101462,0.182254
35.000000,259.908997,0.078096,0.168875
36.000000,259.908997,0.054212,0.152987
37.000000,259.908997,0.029966,0.137212
38.000000,259.908997,0.005520,0.123706
39.000000,259.908997,-0.018963,0.113457
40.000000,259.908997,-0.043319,0.094090
41.000000,259.908997,-0.067386,0.080543
42.000000,259.908997,-0.091006,0.067014
43.000000,259.908997,-0.114017,0.040907
44.000000,259.908997,-0.136269,0.029046
45.000000,259.908997,-0.157615,0.014916
46.000000,259.908997,-0.177908,-0.013636
47.000000,259.908997,-0.197016,-0.033612
48.000000,259.908997,-0.214815,-0.045208
49.000000,259.908997,-0.231176,-0.069660
50.000000,259.908997,-0.246000,-0.088302
51.000000,259.908997,-0.259189,-0.103838
52.000000,259.908997,-0.270642,-0.119136
53.000000,259.908997,-0.280296,-0.131832
54.000000,259.908997,-0.288086,-0.142227
55.000000,259.908997,-0.293949,-0.161552
56.000000,259.908997,-0.297858,-0.174761
57.000000,259.908997,-0.299784,-0.184983
58.000000,259.908997,-0.299706,-0.202182
59.000000,259.908997,-0.297636,-0.200450
60.000000,259.908997,-0.293583,-0.215803
61.000000,259.908997,-0.287569,-0.220096
62.000000,259.908997,-0.279644,-0.218918
63.000000,259.908997,-0.269854,-0.229190
64.000000,259.908997,-0.258263,-0.227357
65.000000,259.908997,-0.244956,-0.226226
66.000000,259.908997,-0.230013,-0.233277
67.000000,259.908997,-0.213538,-0.222597
68.000000,259.908997,-0.195642,-0.208898
69.000000,259.908997,-0.176440,-0.220256
70.000000,259.908997,-0.156063,-0.211070
71.000000,259.908997,-0.134648,-0.197811
72.000000,259.908997,-0.112333,-0.197188
73.000000,259.908997,-0.089270,-0.175728
74.000000,259.908997,-0.065614,-0.159715
75.000000,259.908997,-0.041519,-0.152179
76.000000,259.908997,-0.017148,-0.137412
77.000000,259.908997,0.007338,-0.122059
78.000000,259.908997,0.031774,-0.110729
79.000000,259.908997,0.055999,-0.087789
80.000000,259.908997,0.079852,-0.068028
81.000000,259.908997,0.103170,-0.055086
82.000000,259.908997,0.125802,-0.033332
83.000000,259.908997,0.147597,-0.022144
84.000000,259.908997,0.168406,-0.001522
85.000000,259.908997,0.188095,0.019104
86.000000,259.908997,0.206531,0.034434
87.000000,259.908997,0.223587,0.056054
88.000000,259.908997,0.239157,0.079874
89.000000,259.908997,0.253133,0.087117
90.000000,259.908997,0.265419,0.110291
91.000000,259.908997,0.275941,0.128457
92.000000,259.908997,0.284621,0.138820
93.000000,259.908997,0.291404,0.156414
94.000000,259.908997,0.296250,0.171460
95.000000,259.908997,0.299117,0.174236
96.000000,259.908997,0.299991,0.187069
97.000000,259.908997,0.298871,0.201295
98.000000,259.908997,0.295753,0.204525
99.000000,259.908997,0.290667,0.212291
100.000000,259.908997,0.283648,0.226150
101.000000,259.908997,0.274732,0.224606
102.000000,259.908997,0.263988,0.227465
103.000000,259.908997,0.251490,0.225710
104.000000,259.908997,0.237308,0.229366
105.000000,259.908997,0.221549,0.226938
106.000000,259.908997,0.204315,0.220098
107.000000,259.908997,0.185715,0.213958
108.000000,259.908997,0.165881,0.209963
109.000000,259.908997,0.144942,0.196177
110.000000,259.908997,0.123034,0.190510
111.000000,259.908997,0.100309,0.183381
112.000000,259.908997,0.076916,0.165009
113.000000,259.908997,0.053008,0.157014
114.000000,259.908997,0.028749,0.147132
115.000000,259.908997,0.004297,0.125199
116.000000,259.908997,-0.020183,0.112064
117.000000,259.908997,-0.044529,0.097055
118.000000,259.908997,-0.068578,0.077656
119.000000,259.908997,-0.092169,0.060874
120.000000,259.908997,-0.115148,0.040898
121.000000,259.908997,-0.137358,-0.007630
122.000000,259.908997,-0.158652,0.004310
123.000000,259.908997,-0.178893,-0.016243
124.000000,259.908997,-0.197937,-0.027418
125.000000,259.908997,-0.215663,-0.042880
126.000000,259.908997,-0.231957,-0.070100
127.000000,259.908997,-0.246698,-0.083381
128.000000,259.908997,-0.259798,-0.095197
129.000000,259.908997,-0.271172,-0.120323
130.000000,259.908997,-0.280729,-0.134351
131.000000,259.908997,-0.288422,-0.144087
132.000000,259.908997,-0.294195,-0.164966
133.000000,259.908997,-0.298000,-0.174981
134.000000,259.908997,-0.299825,-0.181290
135.000000,259.908997,-0.299654,-0.197848
136.000000,259.908997,-0.297479,-0.203996
137.000000,259.908997,-0.293328,-0.202718
138.000000,259.908997,-0.287221,-0.219803
139.000000,259.908997,-0.279197,-0.225424
140.000000,259.908997,-0.269317,-0.223032
141.000000,259.908997,-0.257641,-0.230524
142.000000,259.908997,-0.244246,-0.227591
143.000000,259.908997,-0.229227,-0.221919
144.000000,259.908997,-0.212678,-0.231417
145.000000,259.908997,-0.194711,-0.215977
146.000000,259.908997,-0.175451,-0.213132
147.000000,259.908997,-0.155018,-0.208275
148.000000,259.908997,-0.133552,-0.199396
149.000000,259.908997,-0.111199,-0.191163
150.000000,259.908997,-0.088102,-0.179187
151.000000,259.908997,-0.064419,-0.161681
152.000000,259.908997,-0.040308,-0.153480
153.000000,259.908997,-0.015926,-0.137531
154.000000,259.908997,0.008560,-0.120845
155.000000,259.908997,0.032991,-0.108883
156.000000,259.908997,0.057200,-0.087395
157.000000,259.908997,0.081029,-0.065582
158.000000,259.908997,0.104319,-0.052392
159.000000,259.908997,0.126911,-0.035765
160.000000,259.908997,0.148660,-0.011418
161.000000,259.908997,0.169418,0.000131
162.000000,259.908997,0.189045,0.023305
163.000000,259.908997,0.207415,0.047872
164.000000,259.908997,0.224403,0.057942
165.000000,259.908997,0.239892,0.076575
166.000000,259.908997,0.253787,0.098168
167.000000,259.908997,0.265989,0.105412
168.000000,259.908997,0.276416,0.122185
169.000000,259.908997,0.285006,0.139851
170.000000,259.908997,0.291694,0.154668
171.000000,259.908997,0.296437,0.166901
172.000000,259.908997,0.299210,0.173801
173.000000,259.908997,0.299983,0.192384
174.000000,259.908997,0.298759,0.199842
175.000000,259.908997,0.295549,0.196910
176.000000,259.908997,0.290362,0.213725
177.000000,259.908997,0.283244,0.221403
178.000000,259.908997,0.274242,0.219332
179.000000,259.908997,0.263405,0.225545
180.000000,259.908997,0.250817,0.228610
181.000000,259.908997,0.236561,0.225059
182.000000,259.908997,0.220722,0.218105
183.000000,259.908997,0.203416,0.225403
184.000000,259.908997,0.184756,0.216725
185.000000,259.908997,0.164860,0.211177
186.000000,259.908997,0.143869,0.206055
187.000000,259.908997,0.121919,0.188897
188.000000,259.908997,0.099155,0.182309
189.000000,259.908997,0.075732,0.172500
190.000000,259.908997,0.051804,0.153775
191.000000,259.908997,0.027531,0.141459
192.000000,259.908997,0.003074,0.128677
193.000000,259.908997,-0.021403,0.108238
194.000000,259.908997,-0.045738,0.093683
195.000000,259.908997,-0.069768,0.071174
196.000000,259.908997,-0.093333,0.055555
197.000000,259.908997,-0.116275,0.041526
198.000000,259.908997,-0.138445,0.018779
199.000000,259.908997,-0.159690,0.004658
200.000000,259.908997,-0.179871,-0.009091
201.000000,259.908997,-0.198857,-0.036778
202.000000,259.908997,-0.216512,-0.053239
203.000000,259.908997,-0.232727,-0.063868
204.000000,259.908997,-0.247396,-0.090194
205.000000,259.908997,-0.260407,-0.101016
206.000000,259.908997,-0.271688,-0.113652
207.000000,259.908997,-0.281163,-0.131864
208.000000,259.908997,-0.288755,-0.147152
209.000000,259.908997,-0.294429,-0.160755
210.000000,259.908997,-0.298143,-0.177547
211.000000,259.908997,-0.299863,-0.184062
212.000000,259.908997,-0.299590,-0.187397
213.000000,259.908997,-0.297322,-0.206415
214.000000,259.908997,-0.293067,-0.212857
215.000000,259.908997,-0.286865,-0.214698
216.000000,259.908997,-0.278750,-0.224503
217.000000,259.908997,-0.268774,-0.226331
218.000000,259.908997,-0.257012,-0.231779
219.000000,259.908997,-0.243535,-0.236851
220.000000,259.908997,-0.228434,-0.226565
221.000000,259.908997,-0.211815,-0.224370
222.000000,259.908997,-0.193780,-0.222584
223.000000,259.908997,-0.174455,-0.208578
224.000000,259.908997,-0.153970,-0.210649
225.000000,259.908997,-0.132456,-0.199676
226.000000,259.908997,-0.110061,-0.182623
227.000000,259.908997,-0.086933,-0.175687
228.000000,259.908997,-0.063224,-0.161960
229.000000,259.908997,-0.039095,-0.147734
230.000000,259.908997,-0.014705,-0.131717
231.000000,259.908997,0.009783,-0.118811
232.000000,259.908997,0.034205,-0.099298
233.000000,259.908997,0.058401,-0.091981
234.000000,259.908997,0.082206,-0.068661
235.000000,259.908997,0.105464,-0.049441
236.000000,259.908997,0.128020,-0.037584
237.000000,259.908997,0.149720,-0.017691
238.000000,259.908997,0.170425,0.009483
239.000000,259.908997,0.189995,0.020959
240.000000,259.908997,0.208296,0.041526
241.000000,259.908997,0.225212,0.059353
242.000000,259.908997,0.240626,0.071783
243.000000,259.908997,0.254435,0.096363
244.000000,259.908997,0.266552,0.108243
245.000000,259.908997,0.276891,0.123339
246.000000,259.908997,0.285383,0.143819
247.000000,259.908997,0.291979,0.148400
248.000000,259.908997,0.296624,0.166182
249.000000,259.908997,0.299292,0.181301
250.000000,259.908997,0.299972,0.183243
251.000000,259.908997,0.298646,0.203150
252.000000,259.908997,0.295333,0.214843
253.000000,259.908997,0.290056,0.212712
254.000000,259.908997,0.282839,0.222865
255.000000,259.908997,0.273740,0.229870
256.000000,259.908997,0.262822,0.228253
257.000000,259.908997,0.250144,0.231112
258.000000,259.908997,0.235804,0.233884
259.000000,259.908997,0.219895,0.225866
260.000000,259.908997,0.202514,0.220991
261.000000,259.908997,0.183788,0.216203
262.000000,259.908997,0.163839,0.207264
263.000000,259.908997,0.142794,0.204236
264.000000,259.908997,0.120800,0.194290
265.000000,259.908997,0.098001,0.180696
266.000000,259.908997,0.074548,0.171560
267.000000,259.908997,0.050599,0.150128
268.000000,259.908997,0.026313,0.141546
269.000000,259.908997,0.001851,0.130917
270.000000,259.908997,-0.022623,0.106085
271.000000,259.908997,-0.046946,0.094736
272.000000,259.908997,-0.070956,0.081954
273.000000,259.908997,-0.094495,0.062789
274.000000,259.908997,-0.117402,0.040646
275.000000,259.908997,-0.139527,0.026150
276.000000,259.908997,-0.160725,-0.000469
277.000000,259.908997,-0.180849,-0.015318
278.000000,259.908997,-0.199768,-0.032553
279.000000,259.908997,-0.217360,-0.056272
280.000000,259.908997,-0.233497,-0.069188
281.000000,259.908997,-0.248081,-0.088783
282.000000,259.908997,-0.261017,-0.102482
283.000000,259.908997,-0.272204,-0.117565
284.000000,259.908997,-0.281583,-0.138498
285.000000,259.908997,-0.289089,-0.148252
286.000000,259.908997,-0.294660,-0.160361
287.000000,259.908997,-0.298273,-0.178953
288.000000,259.908997,-0.299900,-0.181221
289.000000,259.908997,-0.299523,-0.194677
290.000000,259.908997,-0.297155,-0.207982
291.000000,259.908997,-0.292806,-0.211143
292.000000,259.908997,-0.286503,-0.216339
293.000000,259.908997,-0.278295,-0.228063
294.000000,259.908997,-0.268231,-0.226918
295.000000,259.908997,-0.256377,-0.222886
296.000000,259.908997,-0.242819,-0.230963
297.000000,259.908997,-0.227641,-0.228104
298.000000,259.908997,-0.210944,-0.221246
299.000000,259.908997,-0.192846,-0.226950
300.000000,259.908997,-0.173460,-0.213897
301.000000,259.908997,-0.152917,-0.199671
302.000000,259.908997,-0.131359,-0.197935
303.000000,259.908997,-0.108922,-0.186449
304.000000,259.908997,-0.085761,-0.176516
305.000000,259.908997,-0.062029,-0.163119
306.000000,259.908997,-0.037882,-0.145233
307.000000,259.908997,-0.013483,-0.139652
308.000000,259.908997,0.011005,-0.112983
309.000000,259.908997,0.035420,-0.098743
310.000000,259.908997,0.059599,-0.086694
311.000000,259.908997,0.083382,-0.069454
312.000000,259.908997,0.106607,-0.044960
313.000000,259.908997,0.129124,-0.030890
314.000000,259.908997,0.150781,-0.009563
315.000000,259.908997,0.171429,0.009043
316.000000,259.908997,0.190939,0.019026
317.000000,259.908997,0.209176,0.042726
318.000000,259.908997,0.226016,0.064393
319.000000,259.908997,0.241354,0.074390
320.000000,259.908997,0.255083,0.095850
321.000000,259.908997,0.267109,0.116550
322.000000,259.908997,0.277360,0.124686
323.000000,259.908997,0.285759,0.130445
324.000000,259.908997,0.292254,0.155832
325.000000,259.908997,0.296806,0.172376
326.000000,259.908997,0.299375,0.180815
327.000000,259.908997,0.299950,0.193855
328.000000,259.908997,0.298531,0.199457
329.000000,259.908997,0.295116,0.209230
330.000000,259.908997,0.289737,0.217697
331.000000,259.908997,0.282433,0.221926
332.000000,259.908997,0.273237,0.228125
333.000000,259.908997,0.262226,0.226058
334.000000,259.908997,0.249471,0.223552
335.000000,259.908997,0.235045,0.231231
336.000000,259.908997,0.219058,0.224546
337.000000,259.908997,0.201613,0.223699
338.000000,259.908997,0.182820,0.222224
339.000000,259.908997,0.162811,0.205491
340.000000,259.908997,0.141719,0.203077
341.000000,259.908997,0.119679,0.195055
342.000000,259.908997,0.096844,0.177576
343.000000,259.908997,0.073363,0.165041
344.000000,259.908997,0.049393,0.156945
345.000000,259.908997,0.025094,0.139860
346.000000,259.908997,0.000628,0.129625
347.000000,259.908997,-0.023842,0.113123
348.000000,259.908997,-0.048154,0.093431
349.000000,259.908997,-0.072145,0.078215
350.000000,259.908997,-0.095654,0.061493
351.000000,259.908997,-0.118528,0.038594
352.000000,259.908997,-0.140610,0.021958
353.000000,259.908997,-0.161755,0.005029
354.000000,259.908997,-0.181825,-0.015203
355.000000,259.908997,-0.200679,-0.031472
356.000000,259.908997,-0.218198,-0.054660
357.000000,259.908997,-0.234266,-0.070947
358.000000,259.908997,-0.248767,-0.088036
359.000000,259.908997,-0.261613,-0.107522
360.000000,259.908997,-0.272721,-0.121024
361.000000,259.908997,-0.282002,-0.131580
362.000000,259.908997,-0.289409,-0.148898
363.000000,259.908997,-0.294891,-0.165227
364.000000,259.908997,-0.298400,-0.170876
365.000000,259.908997,-0.299927,-0.183947
366.000000,259.908997,-0.299455,-0.194109
367.000000,259.908997,-0.296983,-0.199598
368.000000,259.908997,-0.292537,-0.214676
369.000000,259.908997,-0.286140,-0.222157
370.000000,259.908997,-0.277834,-0.224146
371.000000,259.908997,-0.267681,-0.238491
372.000000,259.908997,-0.255742,-0.225145
373.000000,259.908997,-0.242097,-0.231238
374.000000,259.908997,-0.226843,-0.227710
375.000000,259.908997,-0.210074,-0.217498
376.000000,259.908997,-0.191906,-0.220623
377.000000,259.908997,-0.172461,-0.211569
378.000000,259.908997,-0.151865,-0.197197
379.000000,259.908997,-0.130257,-0.197935
380.000000,259.908997,-0.107783,-0.186508
381.000000,259.908997,-0.084588,-0.171242
382.000000,259.908997,-0.060831,-0.158125
383.000000,259.908997,-0.036669,-0.145146
0.000000,271.441986,0.015269,-0.118912
1.000000,271.441986,0.040732,-0.117143
2.000000,271.441986,0.065899,-0.084229
3.000000,271.441986,0.090588,-0.068633
4.000000,271.441986,0.114617,-0.048992
5.000000,271.441986,0.137813,-0.023606
6.000000,271.441986,0.160008,-0.012889
7.000000,271.441986,0.181040,0.008658
8.000000,271.441986,0.200756,0.032184
9.000000,271.441986,0.219013,0.044027
10.000000,271.441986,0.235678,0.066088
11.000000,271.441986,0.250631,0.088794
12.000000,271.441986,0.263762,0.098938
13.000000,271.441986,0.274977,0.118464
14.000000,271.441986,0.284193,0.132397
15.000000,271.441986,0.291343,0.147301
16.000000,271.441986,0.296377,0.162287
17.000000,271.441986,0.299257,0.175560
18.000000,271.441986,0.299962,0.182716
19.000000,271.441986,0.298487,0.194876
20.000000,271.441986,0.294843,0.203169
21.000000,271.441986,0.289056,0.210091
22.000000,271.441986,0.281169,0.220684
23.000000,271.441986,0.271237,0.219145
24.000000,271.441986,0.259333,0.223699
25.000000,271.441986,0.245544,0.176907
26.000000,271.441986,0.229972,0.219112
27.000000,271.441986,0.212728,0.230026
28.000000,271.441986,0.193938,0.228244
29.000000,271.441986,0.173739,0.213298
30.000000,271.441986,0.152277,0.210737
31.000000,271.441986,0.129709,0.202862
32.000000,271.441986,0.106198,0.182423
33.000000,271.441986,0.081915,0.175762
34.000000,271.441986,0.057037,0.163946
35.000000,271.441986,0.031745,0.145001
36.000000,271.441986,0.006222,0.133579
37.000000,271.441986,-0.019347,0.118556
38.000000,271.441986,-0.044775,0.097971
39.000000,271.441986,-0.069878,0.081115
40.000000,271.441986,-0.094473,0.067366
41.000000,271.441986,-0.118381,0.040600
42.000000,271.441986,-0.141430,0.026425
43.000000,271.441986,-0.163450,-0.059841
44.000000,271.441986,-0.184281,-0.014383
45.000000,271.441986,-0.203774,-0.024178
46.000000,271.441986,-0.221785,-0.048140
47.000000,271.441986,-0.238185,-0.065426
48.000000,271.441986,-0.252853,-0.080435
49.000000,271.441986,-0.265684,-0.105556
50.000000,271.441986,-0.276584,-0.116923
51.000000,271.441986,-0.285475,-0.134539
52.000000,271.441986,-0.292290,-0.151432
53.000000,271.441986,-0.296982,-0.156806
54.000000,271.441986,-0.299515,-0.168782
55.000000,271.441986,-0.299871,-0.188181
56.000000,271.441986,-0.298049,-0.197449
57.000000,271.441986,-0.294060,-0.203611
58.000000,271.441986,-0.287934,-0.215349
59.000000,271.441986,-0.279716,-0.216284
60.000000,271.441986,-0.269465,-0.222812
61.000000,271.441986,-0.257256,-0.228004
62.000000,271.441986,-0.243176,-0.224398
63.000000,271.441986,-0.227328,-0.229025
64.000000,271.441986,-0.209828,-0.225997
65.000000,271.441986,-0.190804,-0.216078
66.000000,271.441986,-0.170392,-0.216316
67.000000,271.441986,-0.148743,-0.206736
68.000000,271.441986,-0.126013,-0.195410
69.000000,271.441986,-0.102367,-0.188034
70.000000,271.441986,-0.077977,-0.172814
71.000000,271.441986,-0.053020,-0.151894
72.000000,271.441986,-0.027679,-0.145031
73.000000,271.441986,-0.002136,-0.130485
74.000000,271.441986,0.023423,-0.108525
75.000000,271.441986,0.048811,-0.098308
76.000000,271.441986,0.073845,-0.078708
77.000000,271.441986,0.098342,-0.057115
78.000000,271.441986,0.122124,-0.046679
79.000000,271.441986,0.145020,-0.022318
80.000000,271.441986,0.166861,-0.010204
81.000000,271.441986,0.187490,0.007118
82.000000,271.441986,0.206755,0.034218
83.000000,271.441986,0.224518,0.050941
84.000000,271.441986,0.240648,0.069982
85.000000,271.441986,0.255030,0.092615
86.000000,271.441986,0.267558,0.102878
87.000000,271.441986,0.278142,0.119518
88.000000,271.441986,0.286704,0.140365
89.000000,271.441986,0.293183,0.151841
90.000000,271.441986,0.297532,0.164674
91.000000,271.441986,0.299718,0.180834
92.000000,271.441986,0.299726,0.188297
93.000000,271.441986,0.297556,0.199416
94.000000,271.441986,0.293223,0.204122
95.000000,271.441986,0.286759,0.212698
96.000000,271.441986,0.278212,0.222705
97.000000,271.441986,0.267643,0.224890
98.000000,271.441986,0.255128,0.223566
99.000000,271.441986,0.240760,0.231258
100.000000,271.441986,0.224641,0.225710
101.000000,271.441986,0.206890,0.216565
102.000000,271.441986,0.187634,0.216144
103.000000,271.441986,0.167015,0.206344
104.000000,271.441986,0.145182,0.199224
105.000000,271.441986,0.122294,0.194482
106.000000,271.441986,0.098517,0.179596
107.000000,271.441986,0.074025,0.168862
108.000000,271.441986,0.048995,0.160313
109.000000,271.441986,0.023608,0.135173
110.000000,271.441986,-0.001950,0.125319
111.000000,271.441986,-0.027493,0.107849
112.000000,271.441986,-0.052837,0.088670
113.000000,271.441986,-0.077797,0.072855
114.000000,271.441986,-0.102192,0.059999
115.000000,271.441986,-0.125844,0.036587
116.000000,271.441986,-0.148581,0.015865
117.000000,271.441986,-0.170239,0.002115
118.000000,271.441986,-0.190660,-0.022790
119.000000,271.441986,-0.209695,-0.041066
120.000000,271.441986,-0.227207,-0.069288
121.000000,271.441986,-0.243067,-0.076660
122.000000,271.441986,-0.257159,-0.083995
123.000000,271.441986,-0.269382,-0.113744
124.000000,271.441986,-0.279648,-0.123690
125.000000,271.441986,-0.287881,-0.139373
126.000000,271.441986,-0.294022,-0.162212
127.000000,271.441986,-0.298027,-0.176227
128.000000,271.441986,-0.299866,-0.177409
129.000000,271.441986,-0.299525,-0.191461
130.000000,271.441986,-0.297008,-0.198342
131.000000,271.441986,-0.292332,-0.203758
132.000000,271.441986,-0.285532,-0.218396
133.000000,271.441986,-0.276657,-0.218584
134.000000,271.441986,-0.265771,-0.219092
135.000000,271.441986,-0.252954,-0.226877
136.000000,271.441986,-0.238298,-0.226698
137.000000,271.441986,-0.221911,-0.222886
138.000000,271.441986,-0.203911,-0.225397
139.000000,271.441986,-0.184429,-0.215991
140.000000,271.441986,-0.163606,-0.212137
141.000000,271.441986,-0.141594,-0.205682
142.000000,271.441986,-0.118552,-0.192116
143.000000,271.441986,-0.094649,-0.187841
144.000000,271.441986,-0.070059,-0.167967
145.000000,271.441986,-0.044959,-0.153814
146.000000,271.441986,-0.019533,-0.142644
147.000000,271.441986,0.006036,-0.126604
148.000000,271.441986,0.031560,-0.106944
149.000000,271.441986,0.056855,-0.093021
150.000000,271.441986,0.081736,-0.074008
151.000000,271.441986,0.106024,-0.051008
152.000000,271.441986,0.129541,-0.041305
153.000000,271.441986,0.152117,-0.025718
154.000000,271.441986,0.173587,0.006656
155.000000,271.441986,0.193796,-0.055686
156.000000,271.441986,0.212597,0.041980
157.000000,271.441986,0.229853,0.071907
158.000000,271.441986,0.245438,0.083397
159.000000,271.441986,0.259240,0.099804
160.000000,271.441986,0.271158,0.118410
161.000000,271.441986,0.281103,0.133987
162.000000,271.441986,0.289006,0.155080
163.000000,271.441986,0.294808,0.161046
164.000000,271.441986,0.298468,0.170442
165.000000,271.441986,0.299958,0.184389
166.000000,271.441986,0.299269,0.198322
167.000000,271.441986,0.296405,0.202138
168.000000,271.441986,0.291387,0.210430
169.000000,271.441986,0.284252,0.219823
170.000000,271.441986,0.275051,0.218879
171.000000,271.441986,0.263851,0.226498
172.000000,271.441986,0.250733,0.226824
173.000000,271.441986,0.235793,0.224752
174.000000,271.441986,0.219140,0.225825
175.000000,271.441986,0.200894,0.217784
176.000000,271.441986,0.181188,0.213285
177.000000,271.441986,0.160166,0.209143
178.000000,271.441986,0.137979,0.196777
179.000000,271.441986,0.114789,0.187976
180.000000,271.441986,0.090764,0.181887
181.000000,271.441986,0.066080,0.163895
182.000000,271.441986,0.040916,0.148900
183.000000,271.441986,0.015454,0.140584
184.000000,271.441986,-0.010119,0.120146
185.000000,271.441986,-0.035619,0.107831
186.000000,271.441986,-0.060860,0.092441
187.000000,271.441986,-0.085659,0.067316
188.000000,271.441986,-0.109835,0.049713
189.000000,271.441986,-0.133214,0.030911
190.000000,271.441986,-0.155623,0.010018
191.000000,271.441986,-0.176902,-0.008331
192.000000,271.441986,-0.196896,-0.029232
193.000000,271.441986,-0.215458,-0.047279
194.000000,271.441986,-0.232455,-0.064588
195.000000,271.441986,-0.247763,-0.084394
196.000000,271.441986,-0.261270,-0.099596
197.000000,271.441986,-0.272879,-0.112231
198.000000,271.441986,-0.282505,-0.132670
199.000000,271.441986,-0.290076,-0.148339
200.000000,271.441986,-0.295539,-0.155321
201.000000,271.441986,-0.298853,-0.174793
202.000000,271.441986,-0.299996,-0.182275
203.000000,271.441986,-0.298959,-0.191337
204.000000,271.441986,-0.295749,-0.201508
205.000000,271.441986,-0.290389,-0.208990
206.000000,271.441986,-0.282920,-0.216632
207.000000,271.441986,-0.273394,-0.225543
208.000000,271.441986,-0.261882,-0.227298
209.000000,271.441986,-0.248466,-0.228585
210.000000,271.441986,-0.233245,-0.231870
211.000000,271.441986,-0.216329,-0.218524
212.000000,271.441986,-0.197841,-0.227724
213.000000,271.441986,-0.177914,-0.208582
214.000000,271.441986,-0.156695,-0.207157
215.000000,271.441986,-0.134337,-0.199195
216.000000,271.441986,-0.111003,-0.188808
217.000000,271.441986,-0.086861,-0.172649
218.000000,271.441986,-0.062089,-0.171439
219.000000,271.441986,-0.036864,-0.150199
220.000000,271.441986,-0.011372,-0.130173
221.000000,271.441986,0.014202,-0.122636
222.000000,271.441986,0.039674,-0.099756
223.000000,271.441986,0.064856,-0.078763
224.000000,271.441986,0.089568,-0.067286
225.000000,271.441986,0.113628,-0.048653
226.000000,271.441986,0.136863,-0.027720
227.000000,271.441986,0.159102,-0.014310
228.000000,271.441986,0.180186,0.012878
229.000000,271.441986,0.199960,0.025885
230.000000,271.441986,0.218281,0.047514
231.000000,271.441986,0.235016,0.069414
232.000000,271.441986,0.250043,0.077643
233.000000,271.441986,0.263253,0.101297
234.000000,271.441986,0.274550,0.120957
235.000000,271.441986,0.283852,0.121786
236.000000,271.441986,0.291090,0.146600
237.000000,271.441986,0.296214,0.167373
238.000000,271.441986,0.299184,0.171482
239.000000,271.441986,0.299979,0.187216
240.000000,271.441986,0.298593,0.200402
241.000000,271.441986,0.295038,0.202211
242.000000,271.441986,0.289338,0.212364
243.000000,271.441986,0.281536,0.221683
244.000000,271.441986,0.271688,0.221779
245.000000,271.441986,0.259865,0.224785
246.000000,271.441986,0.246154,0.228024
247.000000,271.441986,0.230654,0.225793
248.000000,271.441986,0.213478,0.229238
249.000000,271.441986,0.194751,0.214151
250.000000,271.441986,0.174608,0.213885
251.000000,271.441986,0.153196,0.208396
252.000000,271.441986,0.130671,0.192764
253.000000,271.441986,0.107196,0.188356
254.000000,271.441986,0.082942,0.175194
255.000000,271.441986,0.058086,0.155488
256.000000,271.441986,0.032807,0.142880
257.000000,271.441986,0.007289,0.134037
258.000000,271.441986,-0.018282,0.110992
259.000000,271.441986,-0.043719,0.102324
260.000000,271.441986,-0.068839,0.085967
261.000000,271.441986,-0.093458,0.062629
262.000000,271.441986,-0.117398,0.044953
263.000000,271.441986,-0.140485,0.031951
264.000000,271.441986,-0.162551,0.003998
265.000000,271.441986,-0.183436,-0.014351
266.000000,271.441986,-0.202987,-0.029786
267.000000,271.441986,-0.221063,-0.054632
268.000000,271.441986,-0.237533,-0.067254
269.000000,271.441986,-0.252276,-0.086850
270.000000,271.441986,-0.265187,-0.105982
271.000000,271.441986,-0.276170,-0.115031
272.000000,271.441986,-0.285146,-0.148252
273.000000,271.441986,-0.292050,-0.152939
274.000000,271.441986,-0.296831,-0.160434
275.000000,271.441986,-0.299456,-0.177093
276.000000,271.441986,-0.299904,-0.186728
277.000000,271.441986,-0.298173,-0.193784
278.000000,271.441986,-0.294272,-0.209242
279.000000,271.441986,-0.288234,-0.214937
280.000000,271.441986,-0.280100,-0.210832
281.000000,271.441986,-0.269931,-0.224050
282.000000,271.441986,-0.257800,-0.222011
283.000000,271.441986,-0.243796,-0.220279
284.000000,271.441986,-0.228021,-0.224357
285.000000,271.441986,-0.210588,-0.223798
286.000000,271.441986,-0.191625,-0.224251
287.000000,271.441986,-0.171269,-0.216023
288.000000,271.441986,-0.149669,-0.205064
289.000000,271.441986,-0.126981,-0.202489
290.000000,271.441986,-0.103370,-0.188281
291.000000,271.441986,-0.079008,-0.170482
292.000000,271.441986,-0.054071,-0.162886
293.000000,271.441986,-0.028742,-0.138365
294.000000,271.441986,-0.003203,-0.123773
295.000000,271.441986,0.022359,-0.116236
296.000000,271.441986,0.047758,-0.096929
297.000000,271.441986,0.072810,-0.073109
298.000000,271.441986,0.097333,-0.058879
299.000000,271.441986,0.121149,-0.042179
300.000000,271.441986,0.144084,-0.020499
301.000000,271.441986,0.165971,-0.004936
302.000000,271.441986,0.186653,0.043620
303.000000,271.441986,0.205977,0.029165
304.000000,271.441986,0.223805,0.044541
305.000000,271.441986,0.240007,0.071568
306.000000,271.441986,0.254464,0.083310
307.000000,271.441986,0.267072,0.105018
308.000000,271.441986,0.277739,0.124824
309.000000,271.441986,0.286388,0.137560
310.000000,271.441986,0.292956,0.153147
311.000000,271.441986,0.297394,0.170346
312.000000,271.441986,0.299672,0.174309
313.000000,271.441986,0.299772,0.188856
314.000000,271.441986,0.297693,0.203228
315.000000,271.441986,0.293450,0.201098
316.000000,271.441986,0.287076,0.217051
317.000000,271.441986,0.278613,0.229123
318.000000,271.441986,0.268125,0.222219
319.000000,271.441986,0.255688,0.226045
320.000000,271.441986,0.241394,0.225078
321.000000,271.441986,0.225345,0.225705
322.000000,271.441986,0.207659,0.223571
323.000000,271.441986,0.188464,0.215525
324.000000,271.441986,0.167899,0.213125
325.000000,271.441986,0.146114,0.206142
326.000000,271.441986,0.123267,0.191284
327.000000,271.441986,0.099525,0.183729
328.000000,271.441986,0.075059,0.173920
329.000000,271.441986,0.050048,0.155635
330.000000,271.441986,0.024673,0.143993
331.000000,271.441986,-0.000882,0.128897
332.000000,271.441986,-0.026430,0.108985
333.000000,271.441986,-0.051786,0.092276
334.000000,271.441986,-0.076766,0.077414
335.000000,271.441986,-0.101189,0.055935
336.000000,271.441986,-0.124875,0.035726
337.000000,271.441986,-0.147654,0.021537
338.000000,271.441986,-0.169359,-0.004482
339.000000,271.441986,-0.189834,-0.019184
340.000000,271.441986,-0.208929,-0.034107
341.000000,271.441986,-0.226505,-0.056272
342.000000,271.441986,-0.242436,-0.072468
343.000000,271.441986,-0.256604,-0.100503
344.000000,271.441986,-0.268908,-0.111636
345.000000,271.441986,-0.279258,-0.121812
346.000000,271.441986,-0.287578,-0.143845
347.000000,271.441986,-0.293808,-0.153539
348.000000,271.441986,-0.297903,-0.162528
349.000000,271.441986,-0.299833,-0.181340
350.000000,271.441986,-0.299584,-0.193202
351.000000,271.441986,-0.297158,-0.197284
352.000000,271.441986,-0.292572,-0.208275
353.000000,271.441986,-0.285861,-0.215757
354.000000,271.441986,-0.277072,-0.212545
355.000000,271.441986,-0.266269,-0.226203
356.000000,271.441986,-0.253529,-0.229218
357.000000,271.441986,-0.238947,-0.223926
358.000000,271.441986,-0.222628,-0.223683
359.000000,271.441986,-0.204692,-0.219037
360.000000,271.441986,-0.185268,-0.213425
361.000000,271.441986,-0.164498,-0.211482
362.000000,271.441986,-0.142532,-0.202750
363.000000,271.441986,-0.119531,-0.194329
364.000000,271.441986,-0.095661,-0.178600
365.000000,271.441986,-0.071096,-0.167715
366.000000,271.441986,-0.046014,-0.158506
367.000000,271.441986,-0.020598,-0.137838
0.000000,283.485992,0.006658,-0.132230
1.000000,283.485992,0.033308,-0.109643
2.000000,283.485992,0.059692,-0.085897
3.000000,283.485992,0.085604,-0.075313
4.000000,283.485992,0.110839,-0.054293
5.000000,283.485992,0.135194,-0.030546
6.000000,283.485992,0.158476,0.025559
7.000000,283.485992,0.180504,0.006564
8.000000,283.485992,0.201102,0.023250
9.000000,283.485992,0.220105,0.035034
10.000000,283.485992,0.237360,0.057461
11.000000,283.485992,0.252737,0.079274
12.000000,283.485992,0.266113,0.094251
13.000000,283.485992,0.277376,0.117278
14.000000,283.485992,0.286439,0.133891
15.000000,283.485992,0.293234,0.144474
16.000000,283.485992,0.297708,0.159680
17.000000,283.485992,0.299817,0.172747
18.000000,283.485992,0.299549,0.181750
19.000000,283.485992,0.296910,0.194129
20.000000,283.485992,0.291920,0.202229
21.000000,283.485992,0.284610,0.199224
22.000000,283.485992,0.275045,0.220450
23.000000,283.485992,0.263303,0.216418
24.000000,283.485992,0.249476,0.222952
25.000000,283.485992,0.233665,0.228844
26.000000,283.485992,0.216004,0.220372
27.000000,283.485992,0.196633,0.215951
28.000000,283.485992,0.175705,0.215809
29.000000,283.485992,0.153379,0.203925
30.000000,283.485992,0.129839,0.196370
31.000000,283.485992,0.105272,0.189168
32.000000,283.485992,0.079870,0.168509
33.000000,283.485992,0.053833,0.159240
34.000000,283.485992,0.027370,0.149065
35.000000,283.485992,0.000691,0.126693
36.000000,283.485992,-0.025994,0.110804
37.000000,283.485992,-0.052473,0.097875
38.000000,283.485992,-0.078536,0.076176
39.000000,283.485992,-0.103977,0.059541
40.000000,283.485992,-0.128594,0.042892
41.000000,283.485992,-0.152189,0.018952
42.000000,283.485992,-0.174580,0.001717
43.000000,283.485992,-0.195588,-0.025979
44.000000,283.485992,-0.215045,-0.041318
45.000000,283.485992,-0.232795,-0.052227
46.000000,283.485992,-0.248702,-0.084435
47.000000,283.485992,-0.262640,-0.099509
48.000000,283.485992,-0.274493,-0.114371
49.000000,283.485992,-0.284169,-0.132757
50.000000,283.485992,-0.291595,-0.145352
51.000000,283.485992,-0.296713,-0.152334
52.000000,283.485992,-0.299473,-0.173226
53.000000,283.485992,-0.299860,-0.182641
54.000000,283.485992,-0.297872,-0.190664
55.000000,283.485992,-0.293527,-0.204409
56.000000,283.485992,-0.286848,-0.213077
57.000000,283.485992,-0.277897,-0.212692
58.000000,283.485992,-0.266746,-0.227697
59.000000,283.485992,-0.253483,-0.226404
60.000000,283.485992,-0.238204,-0.226226
61.000000,283.485992,-0.221039,-0.225103
62.000000,283.485992,-0.202124,-0.219271
63.000000,283.485992,-0.181608,-0.217443
64.000000,283.485992,-0.159648,-0.209036
65.000000,283.485992,-0.136425,-0.193170
66.000000,283.485992,-0.112121,-0.192354
67.000000,283.485992,-0.086929,-0.173927
68.000000,283.485992,-0.061046,-0.159335
69.000000,283.485992,-0.034680,-0.155518
70.000000,283.485992,-0.008039,-0.137998
71.000000,283.485992,0.018665,-0.119085
72.000000,283.485992,0.045222,-0.101882
73.000000,283.485992,0.071420,-0.082428
74.000000,283.485992,0.097052,-0.060015
75.000000,283.485992,0.121916,-0.048305
76.000000,283.485992,0.145811,0.005203
77.000000,283.485992,0.168551,-0.002278
78.000000,283.485992,0.189958,0.003632
79.000000,283.485992,0.209857,0.026059
80.000000,283.485992,0.228090,0.047139
81.000000,283.485992,0.244518,0.067389
82.000000,283.485992,0.259010,0.088922
83.000000,283.485992,0.271446,0.099483
84.000000,283.485992,0.281728,0.120806
85.000000,283.485992,0.289781,0.139279
86.000000,283.485992,0.295539,0.150114
87.000000,283.485992,0.298949,0.165435
88.000000,283.485992,0.299990,0.181667
89.000000,283.485992,0.298656,0.188530
90.000000,283.485992,0.294957,0.199503
91.000000,283.485992,0.288914,0.211196
92.000000,283.485992,0.280582,0.211512
93.000000,283.485992,0.270028,0.217431
94.000000,283.485992,0.257337,0.225550
95.000000,283.485992,0.242599,0.219259
96.000000,283.485992,0.225941,0.219511
97.000000,283.485992,0.207494,0.222723
98.000000,283.485992,0.187403,0.212039
99.000000,283.485992,0.165822,0.205743
100.000000,283.485992,0.142929,0.204048
101.000000,283.485992,0.118904,0.189190
102.000000,283.485992,0.093936,0.179775
103.000000,283.485992,0.068223,0.167446
104.000000,283.485992,0.041969,0.153174
105.000000,283.485992,0.015383,0.137652
106.000000,283.485992,-0.011325,0.116224
107.000000,283.485992,-0.037943,0.103391
108.000000,283.485992,-0.064261,0.090622
109.000000,283.485992,-0.090070,0.063069
110.000000,283.485992,-0.115165,0.049141
111.000000,283.485992,-0.139345,0.033605
112.000000,283.485992,-0.162422,0.006605
113.000000,283.485992,-0.184213,-0.010763
114.000000,283.485992,-0.204542,-0.025113
115.000000,283.485992,-0.223248,-0.051425
116.000000,283.485992,-0.240187,-0.066274
117.000000,283.485992,-0.255225,-0.082630
118.000000,283.485992,-0.268235,-0.110509
119.000000,283.485992,-0.279119,-0.122604
120.000000,283.485992,-0.287792,-0.130993
121.000000,283.485992,-0.294188,-0.158272
122.000000,283.485992,-0.298246,-0.161667
123.000000,283.485992,-0.299940,-0.171916
124.000000,283.485992,-0.299260,-0.192721
125.000000,283.485992,-0.296210,-0.199309
126.000000,283.485992,-0.290806,-0.203538
127.000000,283.485992,-0.283098,-0.214383
128.000000,283.485992,-0.273149,-0.219931
129.000000,283.485992,-0.261037,-0.228439
130.000000,283.485992,-0.246850,-0.227184
131.000000,283.485992,-0.230707,-0.222771
132.000000,283.485992,-0.212739,-0.229644
133.000000,283.485992,-0.193085,-0.223023
134.000000,283.485992,-0.171896,-0.213484
135.000000,283.485992,-0.149347,-0.207455
136.000000,283.485992,-0.125615,-0.194682
137.000000,283.485992,-0.100888,-0.179943
138.000000,283.485992,-0.075358,-0.173446
139.000000,283.485992,-0.049233,-0.164040
140.000000,283.485992,-0.022718,-0.136793
141.000000,283.485992,0.003978,-0.130224
142.000000,283.485992,0.030642,-0.108163
143.000000,283.485992,0.057063,-0.091037
144.000000,283.485992,0.083033,-0.078521
145.000000,283.485992,0.108344,-0.057280
146.000000,283.485992,0.132795,-0.032040
147.000000,283.485992,0.156194,-0.021223
148.000000,283.485992,0.178357,0.000457
149.000000,283.485992,0.199105,0.022430
150.000000,283.485992,0.218273,0.041347
151.000000,283.485992,0.235712,0.062661
152.000000,283.485992,0.251286,0.073808
153.000000,283.485992,0.264864,0.093944
154.000000,283.485992,0.276342,0.116137
155.000000,283.485992,0.285632,0.131073
156.000000,283.485992,0.292660,0.144753
157.000000,283.485992,0.297364,0.160840
158.000000,283.485992,0.299710,0.166869
159.000000,283.485992,0.299684,0.182016
160.000000,283.485992,0.297286,0.206962
161.000000,283.485992,0.292524,0.202664
162.000000,283.485992,0.285445,0.208131
163.000000,283.485992,0.276106,0.217363
164.000000,283.485992,0.264581,0.222672
165.000000,283.485992,0.250951,0.219951
166.000000,283.485992,0.235335,0.224656
167.000000,283.485992,0.217856,0.221632
168.000000,283.485992,0.198652,0.218018
169.000000,283.485992,0.177867,0.213202
170.000000,283.485992,0.155675,0.201391
171.000000,283.485992,0.132251,0.196883
172.000000,283.485992,0.107778,0.183308
173.000000,283.485992,0.082449,0.172962
174.000000,283.485992,0.056467,0.163914
175.000000,283.485992,0.030038,0.138866
176.000000,283.485992,0.003371,0.129506
177.000000,283.485992,-0.023323,0.119184
178.000000,283.485992,-0.049832,0.093958
179.000000,283.485992,-0.075947,0.085010
180.000000,283.485992,-0.101459,0.067087
181.000000,283.485992,-0.126166,0.037334
182.000000,283.485992,-0.149874,0.021459
183.000000,283.485992,-0.172395,0.004429
184.000000,283.485992,-0.193548,-0.023537
185.000000,283.485992,-0.213166,-0.040979
186.000000,283.485992,-0.231096,-0.054508
187.000000,283.485992,-0.247196,-0.076427
188.000000,283.485992,-0.261334,-0.090602
189.000000,283.485992,-0.273399,-0.106738
190.000000,283.485992,-0.283299,-0.132230
191.000000,283.485992,-0.290957,-0.143139
192.000000,283.485992,-0.296303,-0.154061
193.000000,283.485992,-0.299301,-0.173520
194.000000,283.485992,-0.299929,-0.188148
195.000000,283.485992,-0.298183,-0.190517
196.000000,283.485992,-0.294066,-0.204628
197.000000,283.485992,-0.287620,-0.211290
198.000000,283.485992,-0.278897,-0.219312
199.000000,283.485992,-0.267966,-0.222263
200.000000,283.485992,-0.254903,-0.222304
201.000000,283.485992,-0.239822,-0.218639
202.000000,283.485992,-0.222843,-0.226510
203.000000,283.485992,-0.204099,-0.219111
204.000000,283.485992,-0.183732,-0.213645
205.000000,283.485992,-0.161910,-0.212376
206.000000,283.485992,-0.138807,-0.203936
207.000000,283.485992,-0.114604,-0.196203
208.000000,283.485992,-0.089490,-0.174953
209.000000,283.485992,-0.063667,-0.165854
210.000000,283.485992,-0.037341,-0.152105
211.000000,283.485992,-0.010718,-0.137911
212.000000,283.485992,0.015990,-0.116845
213.000000,283.485992,0.042570,-0.105882
214.000000,283.485992,0.068814,-0.084935
215.000000,283.485992,0.094513,-0.062682
216.000000,283.485992,0.119461,-0.048979
217.000000,283.485992,0.143463,-0.028325
218.000000,283.485992,0.166329,-0.003538
219.000000,283.485992,0.187876,0.003925
220.000000,283.485992,0.207931,0.028812
221.000000,283.485992,0.226341,0.047725
222.000000,283.485992,0.242958,0.064722
223.000000,283.485992,0.257647,0.087969
224.000000,283.485992,0.270292,0.109182
225.000000,283.485992,0.280797,0.122753
226.000000,283.485992,0.289079,0.137739
227.000000,283.485992,0.295065,0.156945
228.000000,283.485992,0.298712,0.163675
229.000000,283.485992,0.299994,0.178588
230.000000,283.485992,0.298901,0.193708
231.000000,283.485992,0.295431,0.198564
232.000000,283.485992,0.289622,0.204030
233.000000,283.485992,0.281520,0.214916
234.000000,283.485992,0.271189,0.218659
235.000000,283.485992,0.258701,0.223745
236.000000,283.485992,0.244165,0.226677
237.000000,283.485992,0.227696,0.222072
238.000000,283.485992,0.209423,0.221284
239.000000,283.485992,0.189486,0.210797
240.000000,283.485992,0.168048,0.208231
241.000000,283.485992,0.145280,0.203489
242.000000,283.485992,0.121361,0.187623
243.000000,283.485992,0.096477,0.178909
244.000000,283.485992,0.070829,0.170960
245.000000,283.485992,0.044621,0.154141
246.000000,283.485992,0.018059,0.140053
247.000000,283.485992,-0.008647,0.127270
248.000000,283.485992,-0.035283,0.105412
249.000000,283.485992,-0.061641,0.089303
250.000000,283.485992,-0.087510,0.075700
251.000000,283.485992,-0.112684,0.048421
252.000000,283.485992,-0.136966,0.032679
253.000000,283.485992,-0.160164,0.013203
254.000000,283.485992,-0.182090,-0.009462
255.000000,283.485992,-0.202572,-0.026318
256.000000,283.485992,-0.221450,-0.043421
257.000000,283.485992,-0.238575,-0.069806
258.000000,283.485992,-0.253805,-0.084728
259.000000,283.485992,-0.267022,-0.099224
260.000000,283.485992,-0.278126,-0.119063
261.000000,283.485992,-0.287028,-0.134805
262.000000,283.485992,-0.293649,-0.146094
263.000000,283.485992,-0.297943,-0.167353
264.000000,283.485992,-0.299878,-0.173648
265.000000,283.485992,-0.299440,-0.181436
266.000000,283.485992,-0.296620,-0.198081
267.000000,283.485992,-0.291451,-0.206910
268.000000,283.485992,-0.283975,-0.211551
269.000000,283.485992,-0.274250,-0.218030
270.000000,283.485992,-0.262344,-0.222171
271.000000,283.485992,-0.248362,-0.230317
272.000000,283.485992,-0.232413,-0.227490
273.000000,283.485992,-0.214622,-0.218025
274.000000,283.485992,-0.195126,-0.220623
275.000000,283.485992,-0.174085,-0.212096
276.000000,283.485992,-0.151666,-0.201444
277.000000,283.485992,-0.128045,-0.195621
278.000000,283.485992,-0.103406,-0.183608
279.000000,283.485992,-0.077949,-0.166409
280.000000,283.485992,-0.051875,-0.161406
281.000000,283.485992,-0.025389,-0.146713
282.000000,283.485992,0.001298,-0.124373
283.000000,283.485992,0.027975,-0.114829
284.000000,283.485992,0.054431,-0.096196
285.000000,283.485992,0.080454,-0.075556
286.000000,283.485992,0.105840,-0.058879
287.000000,283.485992,0.130387,-0.036086
288.000000,283.485992,0.153902,-0.022978
289.000000,283.485992,0.176195,-0.003529
290.000000,283.485992,0.197091,0.021051
291.000000,283.485992,0.216426,0.033760
292.000000,283.485992,0.234048,0.060375
293.000000,283.485992,0.249811,0.081441
294.000000,283.485992,0.263593,0.091204
295.000000,283.485992,0.275288,0.113264
296.000000,283.485992,0.284805,0.134184
297.000000,283.485992,0.292057,0.142614
298.000000,283.485992,0.296996,0.158494
299.000000,283.485992,0.299583,0.177187
300.000000,283.485992,0.299799,0.185617
301.000000,283.485992,0.297630,0.194876
302.000000,283.485992,0.293105,0.203989
303.000000,283.485992,0.286259,0.211131
304.000000,283.485992,0.277146,0.217037
305.000000,283.485992,0.265830,0.205084
306.000000,283.485992,0.252409,0.224812
307.000000,283.485992,0.236990,0.228404
308.000000,283.485992,0.219692,0.218366
309.000000,283.485992,0.200649,0.218631
310.000000,283.485992,0.180018,0.219236
311.000000,283.485992,0.157961,0.207645
312.000000,283.485992,0.134652,0.198010
313.000000,283.485992,0.110273,0.196461
314.000000,283.485992,0.085022,0.172376
315.000000,283.485992,0.059097,0.162287
316.000000,283.485992,0.032704,0.152038
317.000000,283.485992,0.006051,0.130706
318.000000,283.485992,-0.020650,0.113631
319.000000,283.485992,-0.047188,0.103016
320.000000,283.485992,-0.073351,0.079897
321.000000,283.485992,-0.098932,0.064448
322.000000,283.485992,-0.123729,0.050259
323.000000,283.485992,-0.147548,0.022893
324.000000,283.485992,-0.170194,0.003577
325.000000,283.485992,-0.191491,-0.018011
326.000000,283.485992,-0.211272,-0.039238
327.000000,283.485992,-0.229380,-0.054467
328.000000,283.485992,-0.245667,-0.076001
329.000000,283.485992,-0.260005,-0.092815
330.000000,283.485992,-0.272285,-0.105378
331.000000,283.485992,-0.282410,-0.125757
332.000000,283.485992,-0.290290,-0.139258
333.000000,283.485992,-0.295870,-0.148174
334.000000,283.485992,-0.299108,-0.171293
335.000000,283.485992,-0.299978,-0.182421
336.000000,283.485992,-0.298462,-0.191484
337.000000,283.485992,-0.294583,-0.203662
338.000000,283.485992,-0.288371,-0.208610
339.000000,283.485992,-0.279877,-0.210832
340.000000,283.485992,-0.269156,-0.218249
341.000000,283.485992,-0.256305,-0.220077
342.000000,283.485992,-0.241424,-0.225933
343.000000,283.485992,-0.224631,-0.226510
344.000000,283.485992,-0.206052,-0.219931
345.000000,283.485992,-0.185842,-0.212298
346.000000,283.485992,-0.164161,-0.207835
347.000000,283.485992,-0.141179,-0.200963
348.000000,283.485992,-0.117074,-0.197302
349.000000,283.485992,-0.092044,-0.183434
350.000000,283.485992,-0.066284,-0.165415
351.000000,283.485992,-0.039999,-0.154112
0.000000,296.065002,0.006611,-0.123759
1.000000,296.065002,0.034439,-0.116089
2.000000,296.065002,0.061969,-0.094835
3.000000,296.065002,0.088962,-0.071762
4.000000,296.065002,0.115189,-0.052465
5.000000,296.065002,0.140417,-0.033832
6.000000,296.065002,0.164432,-0.008972
7.000000,296.065002,0.187027,0.001171
8.000000,296.065002,0.208002,0.023525
9.000000,296.065002,0.227185,0.048838
10.000000,296.065002,0.244396,0.060695
11.000000,296.065002,0.259500,0.080896
12.000000,296.065002,0.272358,0.104422
13.000000,296.065002,0.282861,0.120292
14.000000,296.065002,0.290923,0.140933
15.000000,296.065002,0.296463,0.153839
16.000000,296.065002,0.299449,0.166942
17.000000,296.065002,0.299837,0.176421
18.000000,296.065002,0.297638,0.188535
19.000000,296.065002,0.292866,0.202431
20.000000,296.065002,0.285560,0.206843
21.000000,296.065002,0.275790,0.205730
22.000000,296.065002,0.263628,0.217225
23.000000,296.065002,0.249195,0.222604
24.000000,296.065002,0.232602,0.217765
25.000000,296.065002,0.214000,0.219745
26.000000,296.065002,0.193550,0.218270
27.000000,296.065002,0.171423,0.207498
28.000000,296.065002,0.147819,0.209024
29.000000,296.065002,0.122932,0.198395
30.000000,296.065002,0.096986,0.176550
31.000000,296.065002,0.070199,0.167428
32.000000,296.065002,0.042807,0.161939
33.000000,296.065002,0.015044,0.137634
34.000000,296.065002,-0.012849,0.122932
35.000000,296.065002,-0.040631,0.109182
36.000000,296.065002,-0.068061,0.084350
37.000000,296.065002,-0.094904,0.070468
38.000000,296.065002,-0.120925,0.046713
39.000000,296.065002,-0.145901,0.028620
40.000000,296.065002,-0.169618,0.008177
41.000000,296.065002,-0.191864,-0.017297
42.000000,296.065002,-0.212456,-0.032778
43.000000,296.065002,-0.231208,-0.051581
44.000000,296.065002,-0.247963,-0.074860
45.000000,296.065002,-0.262576,-0.092902
46.000000,296.065002,-0.274914,-0.105391
47.000000,296.065002,-0.284883,-0.124717
48.000000,296.065002,-0.292380,-0.141719
49.000000,296.065002,-0.297356,-0.152274
50.000000,296.065002,-0.299759,-0.170473
51.000000,296.065002,-0.299570,-0.182421
52.000000,296.065002,-0.296795,-0.185903
53.000000,296.065002,-0.291448,-0.200088
54.000000,296.065002,-0.283589,-0.210396
55.000000,296.065002,-0.273271,-0.212765
56.000000,296.065002,-0.260594,-0.220549
57.000000,296.065002,-0.245665,-0.222831
58.000000,296.065002,-0.228610,-0.217818
59.000000,296.065002,-0.209583,-0.221823
60.000000,296.065002,-0.188738,-0.214497
61.000000,296.065002,-0.166266,-0.208944
62.000000,296.065002,-0.142354,-0.200995
63.000000,296.065002,-0.117212,-0.191222
64.000000,296.065002,-0.091058,-0.184708
65.000000,296.065002,-0.064115,-0.169607
66.000000,296.065002,-0.036620,-0.153447
67.000000,296.065002,-0.008807,-0.146438
68.000000,296.065002,0.019082,-0.123191
69.000000,296.065002,0.046806,-0.100631
70.000000,296.065002,0.074126,-0.089814
71.000000,296.065002,0.100805,-0.066787
72.000000,296.065002,0.126611,-0.042894
73.000000,296.065002,0.151325,-0.030070
74.000000,296.065002,0.174728,-0.002430
75.000000,296.065002,0.196622,0.021683
76.000000,296.065002,0.216817,0.031240
77.000000,296.065002,0.235135,0.049947
78.000000,296.065002,0.251426,0.078307
79.000000,296.065002,0.265535,0.089417
80.000000,296.065002,0.277356,0.115638
81.000000,296.065002,0.286774,0.131504
82.000000,296.065002,0.293715,0.139640
83.000000,296.065002,0.298119,0.157307
84.000000,296.065002,0.299940,0.175327
85.000000,296.065002,0.299177,0.177883
86.000000,296.065002,0.295818,0.194056
87.000000,296.065002,0.289908,0.206729
88.000000,296.065002,0.281489,0.216125
89.000000,296.065002,0.270636,0.215484
90.000000,296.065002,0.257448,0.213757
91.000000,296.065002,0.242028,0.212098
92.000000,296.065002,0.224521,0.217257
93.000000,296.065002,0.205069,0.214778
94.000000,296.065002,0.183846,0.214398
95.000000,296.065002,0.161035,0.209276
96.000000,296.065002,0.136829,0.194404
97.000000,296.065002,0.111444,0.188943
98.000000,296.065002,0.085091,0.179134
99.000000,296.065002,0.058005,0.157788
100.000000,296.065002,0.030417,0.147933
101.000000,296.065002,0.002567,0.136117
102.000000,296.065002,-0.025307,0.114492
103.000000,296.065002,-0.052960,0.097637
104.000000,296.065002,-0.080158,0.087681
105.000000,296.065002,-0.106660,0.060329
106.000000,296.065002,-0.132242,0.040119
107.000000,296.065002,-0.156680,0.022723
108.000000,296.065002,-0.179763,-0.005302
109.000000,296.065002,-0.201295,-0.017618
110.000000,296.065002,-0.221081,-0.041781
111.000000,296.065002,-0.238962,-0.062893
112.000000,296.065002,-0.254772,-0.081388
113.000000,296.065002,-0.268383,-0.107471
114.000000,296.065002,-0.279674,-0.118623
115.000000,296.065002,-0.288543,-0.128712
116.000000,296.065002,-0.294926,-0.147693
117.000000,296.065002,-0.298749,-0.164159
118.000000,296.065002,-0.299997,-0.175448
119.000000,296.065002,-0.298647,-0.189642
120.000000,296.065002,-0.294716,-0.194902
121.000000,296.065002,-0.288241,-0.202397
122.000000,296.065002,-0.279268,-0.218836
123.000000,296.065002,-0.267889,-0.224150
124.000000,296.065002,-0.254185,-0.216618
125.000000,296.065002,-0.238289,-0.224343
126.000000,296.065002,-0.220332,-0.219917
127.000000,296.065002,-0.200469,-0.212985
128.000000,296.065002,-0.178876,-0.213036
129.000000,296.065002,-0.155732,-0.208536
130.000000,296.065002,-0.131246,-0.200784
131.000000,296.065002,-0.105623,-0.189074
132.000000,296.065002,-0.079088,-0.173194
133.000000,296.065002,-0.051869,-0.155101
134.000000,296.065002,-0.024201,-0.149498
135.000000,296.065002,0.003676,-0.132872
136.000000,296.065002,0.031520,-0.112245
137.000000,296.065002,0.059093,-0.110436
138.000000,296.065002,0.086155,-0.080642
139.000000,296.065002,0.112471,-0.053761
140.000000,296.065002,0.137817,-0.039531
141.000000,296.065002,0.161968,-0.015464
142.000000,296.065002,0.184724,0.002583
143.000000,296.065002,0.205877,0.023039
144.000000,296.065002,0.225254,0.046360
145.000000,296.065002,0.242683,0.058354
146.000000,296.065002,0.258013,0.082930
147.000000,296.065002,0.271117,0.103556
148.000000,296.065002,0.281869,0.113305
149.000000,296.065002,0.290192,0.135673
150.000000,296.065002,0.296001,0.157413
151.000000,296.065002,0.299253,0.161288
152.000000,296.065002,0.299920,0.178369
153.000000,296.065002,0.297990,0.189094
154.000000,296.065002,0.293492,0.194477
155.000000,296.065002,0.286445,0.205450
156.000000,296.065002,0.276930,0.218036
157.000000,296.065002,0.265018,0.213752
158.000000,296.065002,0.250815,0.226058
159.000000,296.065002,0.234447,0.222723
160.000000,296.065002,0.216047,0.216872
161.000000,296.065002,0.195785,0.215791
162.000000,296.065002,0.173825,0.211489
163.000000,296.065002,0.150365,0.203705
164.000000,296.065002,0.125605,0.190936
165.000000,296.065002,0.099758,0.183587
166.000000,296.065002,0.073051,0.168875
167.000000,296.065002,0.045710,0.157073
168.000000,296.065002,0.017975,0.138665
169.000000,296.065002,-0.009915,0.124453
170.000000,296.065002,-0.037720,0.109824
171.000000,296.065002,-0.065199,0.084103
172.000000,296.065002,-0.092113,0.074889
173.000000,296.065002,-0.118234,0.051326
174.000000,296.065002,-0.143329,0.024240
175.000000,296.065002,-0.167187,0.005171
176.000000,296.065002,-0.189599,-0.003744
177.000000,296.065002,-0.210372,-0.032751
178.000000,296.065002,-0.229329,-0.049899
179.000000,296.065002,-0.246298,-0.065289
180.000000,296.065002,-0.261144,-0.092728
181.000000,296.065002,-0.273726,-0.108017
182.000000,296.065002,-0.283946,-0.117679
183.000000,296.065002,-0.291711,-0.141311
184.000000,296.065002,-0.296951,-0.159807
185.000000,296.065002,-0.299631,-0.162615
186.000000,296.065002,-0.299711,-0.194215
187.000000,296.065002,-0.297208,-0.196262
188.000000,296.065002,-0.292131,-0.197884
189.000000,296.065002,-0.284530,-0.209842
190.000000,296.065002,-0.274471,-0.216284
191.000000,296.065002,-0.262035,-0.215871
192.000000,296.065002,-0.247341,-0.221530
193.000000,296.065002,-0.230500,-0.213251
194.000000,296.065002,-0.211672,-0.220636
195.000000,296.065002,-0.191012,-0.219903
196.000000,296.065002,-0.168700,-0.209691
197.000000,296.065002,-0.144933,-0.208642
198.000000,296.065002,-0.119909,-0.191342
199.000000,296.065002,-0.093852,-0.177936
200.000000,296.065002,-0.066981,-0.172040
201.000000,296.065002,-0.039532,-0.155486
202.000000,296.065002,-0.011741,-0.137394
203.000000,296.065002,0.016152,-0.125390
204.000000,296.065002,0.043905,-0.103930
205.000000,296.065002,0.071277,-0.080257
206.000000,296.065002,0.098035,-0.077554
207.000000,296.065002,0.123944,-0.054146
208.000000,296.065002,0.148782,-0.027839
209.000000,296.065002,0.172334,-0.006503
210.000000,296.065002,0.194394,0.018297
211.000000,296.065002,0.214779,0.027199
212.000000,296.065002,0.233300,0.048174
213.000000,296.065002,0.249810,0.078321
214.000000,296.065002,0.264158,0.089797
215.000000,296.065002,0.276221,0.108211
216.000000,296.065002,0.285901,0.129204
217.000000,296.065002,0.293102,0.140607
218.000000,296.065002,0.297777,0.156940
219.000000,296.065002,0.299871,0.174360
220.000000,296.065002,0.299377,0.173123
221.000000,296.065002,0.296294,0.189676
222.000000,296.065002,0.290647,0.208662
223.000000,296.065002,0.282494,0.208392
224.000000,296.065002,0.271890,0.215938
225.000000,296.065002,0.258942,0.221830
226.000000,296.065002,0.243752,0.219025
227.000000,296.065002,0.226456,0.220771
228.000000,296.065002,0.207204,0.209029
229.000000,296.065002,0.186157,0.213445
230.000000,296.065002,0.163505,0.210650
231.000000,296.065002,0.139435,0.202949
232.000000,296.065002,0.114163,0.188663
233.000000,296.065002,0.087903,0.175001
234.000000,296.065002,0.060883,0.159414
235.000000,296.065002,0.033337,0.150934
236.000000,296.065002,0.005502,0.137112
237.000000,296.065002,-0.022380,0.113599
238.000000,296.065002,-0.050068,0.101151
239.000000,296.065002,-0.077324,0.084048
240.000000,296.065002,-0.103911,0.058322
241.000000,296.065002,-0.129600,0.044894
242.000000,296.065002,-0.154170,0.025930
243.000000,296.065002,-0.177404,-0.000762
244.000000,296.065002,-0.199107,-0.022071
245.000000,296.065002,-0.219087,-0.035160
246.000000,296.065002,-0.237174,-0.062366
247.000000,296.065002,-0.253212,-0.077361
248.000000,296.065002,-0.267057,-0.090597
249.000000,296.065002,-0.278600,-0.118023
250.000000,296.065002,-0.287726,-0.129972
251.000000,296.065002,-0.294371,-0.139327
252.000000,296.065002,-0.298469,-0.161992
253.000000,296.065002,-0.299985,-0.174981
254.000000,296.065002,-0.298914,-0.183003
255.000000,296.065002,-0.295250,-0.197628
256.000000,296.065002,-0.289042,-0.208683
257.000000,296.065002,-0.280328,-0.210158
258.000000,296.065002,-0.269194,-0.219583
259.000000,296.065002,-0.255734,-0.219477
260.000000,296.065002,-0.240060,-0.218419
261.000000,296.065002,-0.222316,-0.221076
262.000000,296.065002,-0.202643,-0.217324
263.000000,296.065002,-0.181224,-0.214318
264.000000,296.065002,-0.158235,-0.200995
265.000000,296.065002,-0.133879,-0.199103
266.000000,296.065002,-0.108367,-0.191516
267.000000,296.065002,-0.081916,-0.178820
268.000000,296.065002,-0.054758,-0.162134
269.000000,296.065002,-0.027126,-0.150992
270.000000,296.065002,0.000740,-0.136125
271.000000,296.065002,0.028600,-0.111558
272.000000,296.065002,0.056212,-0.100315
273.000000,296.065002,0.083339,-0.078841
274.000000,296.065002,0.109744,-0.059928
275.000000,296.065002,0.135203,-0.043985
276.000000,296.065002,0.159490,-0.016871
277.000000,296.065002,0.182400,0.005616
278.000000,296.065002,0.203733,0.018439
279.000000,296.065002,0.223303,0.043620
280.000000,296.065002,0.240948,0.065580
281.000000,296.065002,0.256502,0.080336
282.000000,296.065002,0.269845,0.096963
283.000000,296.065002,0.280852,0.119450
284.000000,296.065002,0.289431,0.129520
285.000000,296.065002,0.295512,0.149340
286.000000,296.065002,0.299031,0.159566
287.000000,296.065002,0.299974,0.172742
288.000000,296.065002,0.298315,0.194129
289.000000,296.065002,0.294082,0.194056
290.000000,296.065002,0.287306,0.205844
291.000000,296.065002,0.278044,0.211223
292.000000,296.065002,0.266384,0.212332
293.000000,296.065002,0.252413,0.219378
294.000000,296.065002,0.236267,0.231964
295.000000,296.065002,0.218074,0.217765
296.000000,296.065002,0.197998,0.217504
297.000000,296.065002,0.176211,0.219896
298.000000,296.065002,0.152898,0.205565
299.000000,296.065002,0.128267,0.193923
300.000000,296.065002,0.102522,0.188201
301.000000,296.065002,0.075895,0.167469
302.000000,296.065002,0.048610,0.157307
303.000000,296.065002,0.020905,0.150325
304.000000,296.065002,-0.006981,0.125579
305.000000,296.065002,-0.034805,0.110804
306.000000,296.065002,-0.062330,0.094448
307.000000,296.065002,-0.089315,0.070889
308.000000,296.065002,-0.115529,0.056040
309.000000,296.065002,-0.140743,0.041251
310.000000,296.065002,-0.164740,0.012185
311.000000,296.065002,-0.187317,-0.008170
312.000000,296.065002,-0.208268,-0.028306
313.000000,296.065002,-0.227425,-0.048012
314.000000,296.065002,-0.244610,-0.065467
315.000000,296.065002,-0.259684,-0.090029
316.000000,296.065002,-0.272514,-0.106803
317.000000,296.065002,-0.282984,-0.118091
318.000000,296.065002,-0.291015,-0.140931
319.000000,296.065002,-0.296520,-0.156952
320.000000,296.065002,-0.299469,-0.163788
321.000000,296.065002,-0.299826,-0.179040
322.000000,296.065002,-0.297591,-0.190975
323.000000,296.065002,-0.292787,-0.197137
324.000000,296.065002,-0.285446,-0.211175
325.000000,296.065002,-0.275644,-0.210396
326.000000,296.065002,-0.263452,-0.214698
327.000000,296.065002,-0.248987,-0.216756
328.000000,296.065002,-0.232369,-0.219404
329.000000,296.065002,-0.213741,-0.213585
330.000000,296.065002,-0.193268,-0.220403
331.000000,296.065002,-0.171120,-0.210850
332.000000,296.065002,-0.147496,-0.202118
333.000000,296.065002,-0.122595,-0.198975
334.000000,296.065002,-0.096635,-0.181015
335.000000,296.065002,-0.069840,-0.167362
336.000000,296.065002,-0.042440,-0.153439
0.000000,309.203003,0.017111,-0.125243
1.000000,309.203003,0.046078,-0.107650
2.000000,309.203003,0.074611,-0.086497
3.000000,309.203003,0.102441,-0.069893
4.000000,309.203003,0.129304,-0.046573
5.000000,309.203003,0.154949,-0.030198
6.000000,309.203003,0.179134,-0.008070
7.000000,309.203003,0.201629,0.014197
8.000000,309.203003,0.222223,0.040014
9.000000,309.203003,0.240721,0.056728
10.000000,309.203003,0.256948,0.079654
11.000000,309.203003,0.270753,0.092624
12.000000,309.203003,0.282006,0.110291
13.000000,309.203003,0.290600,0.135751
14.000000,309.203003,0.296454,0.141134
15.000000,309.203003,0.299514,0.162374
16.000000,309.203003,0.299749,0.178900
17.000000,309.203003,0.297159,0.183097
18.000000,309.203003,0.291768,0.195930
19.000000,309.203003,0.283625,0.206802
20.000000,309.203003,0.272808,0.206751
21.000000,309.203003,0.259416,0.212437
22.000000,309.203003,0.243579,0.220863
23.000000,309.203003,0.225446,0.214339
24.000000,309.203003,0.205187,0.219511
25.000000,309.203003,0.182994,0.212236
26.000000,309.203003,0.159076,0.203398
27.000000,309.203003,0.133659,0.195242
28.000000,309.203003,0.106981,0.185241
29.000000,309.203003,0.079294,0.169769
30.000000,309.203003,0.050860,0.163240
31.000000,309.203003,0.021946,0.143933
32.000000,309.203003,-0.007176,0.132626
33.000000,309.203003,-0.036229,0.116870
34.000000,309.203003,-0.064941,0.090691
35.000000,309.203003,-0.093040,0.069455
36.000000,309.203003,-0.120262,0.062693
37.000000,309.203003,-0.146350,0.028633
38.000000,309.203003,-0.171058,0.012071
39.000000,309.203003,-0.194154,-0.001898
40.000000,309.203003,-0.215419,-0.031711
41.000000,309.203003,-0.234654,-0.046706
42.000000,309.203003,-0.251676,-0.066856
43.000000,309.203003,-0.266327,-0.102248
44.000000,309.203003,-0.278463,-0.107123
45.000000,309.203003,-0.287974,-0.116039
46.000000,309.203003,-0.294770,-0.142498
47.000000,309.203003,-0.298787,-0.156380
48.000000,309.203003,-0.299986,-0.166335
49.000000,309.203003,-0.298358,-0.186174
50.000000,309.203003,-0.293917,-0.190755
51.000000,309.203003,-0.286706,-0.196844
52.000000,309.203003,-0.276791,-0.210736
53.000000,309.203003,-0.264266,-0.214570
54.000000,309.203003,-0.249251,-0.218639
55.000000,309.203003,-0.231885,-0.220476
56.000000,309.203003,-0.212330,-0.217397
57.000000,309.203003,-0.190774,-0.214245
58.000000,309.203003,-0.167419,-0.210736
59.000000,309.203003,-0.142487,-0.203263
60.000000,309.203003,-0.116211,-0.193449
61.000000,309.203003,-0.088839,-0.177634
62.000000,309.203003,-0.060630,-0.165634
63.000000,309.203003,-0.031849,-0.155459
64.000000,309.203003,-0.002768,-0.140445
65.000000,309.203003,0.026339,-0.115878
66.000000,309.203003,0.055198,-0.103582
67.000000,309.203003,0.083538,-0.086062
68.000000,309.203003,0.111088,-0.064322
69.000000,309.203003,0.137591,-0.042651
70.000000,309.203003,0.162797,-0.020518
71.000000,309.203003,0.186468,-0.032915
72.000000,309.203003,0.208380,0.019919
73.000000,309.203003,0.228329,0.044220
74.000000,309.203003,0.246124,0.072214
75.000000,309.203003,0.261600,0.084290
76.000000,309.203003,0.274609,0.101503
77.000000,309.203003,0.285029,0.122364
78.000000,309.203003,0.292763,0.143800
79.000000,309.203003,0.297735,0.151800
80.000000,309.203003,0.299898,0.166347
81.000000,309.203003,0.299234,0.168875
82.000000,309.203003,0.295748,0.193236
83.000000,309.203003,0.289474,0.194936
84.000000,309.203003,0.280472,0.205551
85.000000,309.203003,0.268825,0.216437
86.000000,309.203003,0.254644,0.215378
87.000000,309.203003,0.238062,0.217592
88.000000,309.203003,0.219236,0.218650
89.000000,309.203003,0.198343,0.212112
90.000000,309.203003,0.175579,0.212524
91.000000,309.203003,0.151160,0.208296
92.000000,309.203003,0.125314,0.191211
93.000000,309.203003,0.098287,0.181049
94.000000,309.203003,0.070334,0.174813
95.000000,309.203003,0.041718,0.153848
96.000000,309.203003,0.012709,0.144960
97.000000,309.203003,-0.016420,0.125997
98.000000,309.203003,-0.045395,0.100358
99.000000,309.203003,-0.073941,0.093990
100.000000,309.203003,-0.101791,0.071160
101.000000,309.203003,-0.128681,0.048715
102.000000,309.203003,-0.154358,0.026425
103.000000,309.203003,-0.178579,0.005249
104.000000,309.203003,-0.201115,-0.019963
105.000000,309.203003,-0.221756,-0.036452
106.000000,309.203003,-0.240305,-0.062494
107.000000,309.203003,-0.256589,-0.076440
108.000000,309.203003,-0.270454,-0.094950
109.000000,309.203003,-0.281769,-0.117056
110.000000,309.203003,-0.290428,-0.136271
111.000000,309.203003,-0.296348,-0.143180
112.000000,309.203003,-0.299475,-0.165699
113.000000,309.203003,-0.299779,-0.179201
114.000000,309.203003,-0.297257,-0.183063
115.000000,309.203003,-0.291929,-0.196514
116.000000,309.203003,-0.283849,-0.202796
117.000000,309.203003,-0.273092,-0.208811
118.000000,309.203003,-0.259761,-0.219216
119.000000,309.203003,-0.243981,-0.221631
120.000000,309.203003,-0.225901,-0.215958
121.000000,309.203003,-0.205691,-0.217956
122.000000,309.203003,-0.183543,-0.207423
123.000000,309.203003,-0.159663,-0.203098
124.000000,309.203003,-0.134279,-0.200542
125.000000,309.203003,-0.107628,-0.187562
126.000000,309.203003,-0.079962,-0.172443
127.000000,309.203003,-0.051542,-0.169960
128.000000,309.203003,-0.022636,-0.150286
129.000000,309.203003,0.006484,-0.129133
130.000000,309.203003,0.035542,-0.114683
131.000000,309.203003,0.064264,-0.096123
132.000000,309.203003,0.092381,-0.079982
133.000000,309.203003,0.119627,-0.062306
134.000000,309.203003,0.145745,-0.033639
135.000000,309.203003,0.170490,-0.018543
136.000000,309.203003,0.193627,0.008745
137.000000,309.203003,0.214939,0.030704
138.000000,309.203003,0.234225,0.044628
139.000000,309.203003,0.251300,0.070115
140.000000,309.203003,0.266005,0.090141
141.000000,309.203003,0.278203,0.101765
142.000000,309.203003,0.287777,0.125538
143.000000,309.203003,0.294639,0.144598
144.000000,309.203003,0.298723,0.155708
145.000000,309.203003,0.299991,0.171588
146.000000,309.203003,0.298430,0.186487
147.000000,309.203003,0.294057,0.192017
148.000000,309.203003,0.286910,0.201950
149.000000,309.203003,0.277059,0.213949
150.000000,309.203003,0.264596,0.208831
151.000000,309.203003,0.249635,0.213697
152.000000,309.203003,0.232321,0.217243
153.000000,309.203003,0.212817,0.214778
154.000000,309.203003,0.191306,0.216290
155.000000,309.203003,0.167992,0.204277
156.000000,309.203003,0.143095,0.196837
157.000000,309.203003,0.116848,0.191348
158.000000,309.203003,0.089500,0.172829
159.000000,309.203003,0.061308,0.165435
160.000000,309.203003,0.032538,0.154879
161.000000,309.203003,0.003460,0.133313
162.000000,309.203003,-0.025650,0.117805
163.000000,309.203003,-0.054518,0.106209
164.000000,309.203003,-0.082872,0.076909
165.000000,309.203003,-0.110444,0.059687
166.000000,309.203003,-0.136975,0.046012
167.000000,309.203003,-0.162214,0.017913
168.000000,309.203003,-0.185925,-0.001550
169.000000,309.203003,-0.207882,-0.017159
170.000000,309.203003,-0.227880,-0.045185
171.000000,309.203003,-0.245729,-0.067328
172.000000,309.203003,-0.261262,-0.086850
173.000000,309.203003,-0.274332,-0.101809
174.000000,309.203003,-0.284815,-0.121871
175.000000,309.203003,-0.292610,-0.141426
176.000000,309.203003,-0.297646,-0.154419
177.000000,309.203003,-0.299877,-0.165634
178.000000,309.203003,-0.299280,-0.187081
179.000000,309.203003,-0.295862,-0.192968
180.000000,309.203003,-0.289655,-0.197710
181.000000,309.203003,-0.280717,-0.208055
182.000000,309.203003,-0.269132,-0.209576
183.000000,309.203003,-0.255011,-0.214552
184.000000,309.203003,-0.238485,-0.220476
185.000000,309.203003,-0.219710,-0.218804
186.000000,309.203003,-0.198863,-0.209865
187.000000,309.203003,-0.176139,-0.213929
188.000000,309.203003,-0.151756,-0.207350
189.000000,309.203003,-0.125942,-0.193197
190.000000,309.203003,-0.098941,-0.185954
191.000000,309.203003,-0.071007,-0.169107
192.000000,309.203003,-0.042403,-0.154355
193.000000,309.203003,-0.013400,-0.142204
194.000000,309.203003,0.015729,-0.127071
195.000000,309.203003,0.044711,-0.108218
196.000000,309.203003,0.073271,-0.091541
197.000000,309.203003,0.101140,-0.064281
198.000000,309.203003,0.128056,-0.053853
199.000000,309.203003,0.153763,-0.029278
200.000000,309.203003,0.178021,-0.000684
201.000000,309.203003,0.200600,0.009812
202.000000,309.203003,0.221288,0.030686
203.000000,309.203003,0.239889,0.059193
204.000000,309.203003,0.256229,0.069776
205.000000,309.203003,0.270154,0.092583
206.000000,309.203003,0.281532,0.114250
207.000000,309.203003,0.290255,0.126766
208.000000,309.203003,0.296243,0.144213
209.000000,309.203003,0.299437,0.162306
210.000000,309.203003,0.299805,0.169842
211.000000,309.203003,0.297347,0.186395
212.000000,309.203003,0.292085,0.200255
213.000000,309.203003,0.284070,0.205184
214.000000,309.203003,0.273376,0.208263
215.000000,309.203003,0.260106,0.212410
216.000000,309.203003,0.244383,0.217459
217.000000,309.203003,0.226356,0.220611
218.000000,309.203003,0.206196,0.211324
219.000000,309.203003,0.184091,0.210165
220.000000,309.203003,0.160250,0.206609
221.000000,309.203003,0.134899,0.194097
222.000000,309.203003,0.108274,0.188650
223.000000,309.203003,0.080628,0.186428
224.000000,309.203003,0.052223,0.158095
225.000000,309.203003,0.023326,0.143333
226.000000,309.203003,-0.005792,0.131064
227.000000,309.203003,-0.034854,0.109132
228.000000,309.203003,-0.063588,0.092876
229.000000,309.203003,-0.091723,0.080460
230.000000,309.203003,-0.118993,0.052361
231.000000,309.203003,-0.145141,0.034686
232.000000,309.203003,-0.169921,0.017216
233.000000,309.203003,-0.193100,-0.009696
234.000000,309.203003,-0.214455,-0.029232
235.000000,309.203003,-0.233789,-0.046600
236.000000,309.203003,-0.250919,-0.074800
237.000000,309.203003,-0.265682,-0.087056
238.000000,309.203003,-0.277942,-0.113877
239.000000,309.203003,-0.287580,-0.128538
240.000000,309.203003,-0.294508,-0.139680
241.000000,309.203003,-0.298659,-0.160352
242.000000,309.203003,-0.299995,-0.169914
243.000000,309.203003,-0.298502,-0.179869
244.000000,309.203003,-0.294196,-0.193468
245.000000,309.203003,-0.287114,-0.204889
246.000000,309.203003,-0.277323,-0.207111
247.000000,309.203003,-0.264918,-0.219363
248.000000,309.203003,-0.250016,-0.218291
249.000000,309.203003,-0.232757,-0.214552
250.000000,309.203003,-0.213303,-0.220330
251.000000,309.203003,-0.191839,-0.212857
252.000000,309.203003,-0.168566,-0.201824
253.000000,309.203003,-0.143703,-0.200688
254.000000,309.203003,-0.117486,-0.194929
255.000000,309.203003,-0.090161,-0.179709
256.000000,309.203003,-0.061986,-0.168626
257.000000,309.203003,-0.033226,-0.154240
258.000000,309.203003,-0.004152,-0.139552
259.000000,309.203003,0.024960,-0.120497
260.000000,309.203003,0.053837,-0.099944
261.000000,309.203003,0.082206,-0.085581
262.000000,309.203003,0.109800,-0.063213
263.000000,309.203003,0.136359,-0.037680
264.000000,309.203003,0.161632,-0.022923
265.000000,309.203003,0.185382,-0.001170
266.000000,309.203003,0.207384,0.026297
267.000000,309.203003,0.227431,0.039341
268.000000,309.203003,0.245334,0.056114
269.000000,309.203003,0.260923,0.085074
270.000000,309.203003,0.274050,0.101018
271.000000,309.203003,0.284593,0.118464
272.000000,309.203003,0.292454,0.134564
273.000000,309.203003,0.297557,0.147594
274.000000,309.203003,0.299856,0.165627
275.000000,309.203003,0.299327,0.176935
276.000000,309.203003,0.295976,0.190523
277.000000,309.203003,0.289835,0.202229
278.000000,309.203003,0.280962,0.196603
279.000000,309.203003,0.269440,0.207631
280.000000,309.203003,0.255377,0.218283
281.000000,309.203003,0.238905,0.216052
282.000000,309.203003,0.220179,0.217738
283.000000,309.203003,0.199378,0.219236
284.000000,309.203003,0.176698,0.206765
285.000000,309.203003,0.152352,0.206431
286.000000,309.203003,0.126569,0.200709
287.000000,309.203003,0.099594,0.179069
288.000000,309.203003,0.071679,0.171748
289.000000,309.203003,0.043089,0.159186
290.000000,309.203003,0.014092,0.138747
291.000000,309.203003,-0.015038,0.124718
292.000000,309.203003,-0.044027,0.108669
293.000000,309.203003,-0.072600,0.090237
294.000000,309.203003,-0.100488,0.068988
295.000000,309.203003,-0.127428,0.048018
296.000000,309.203003,-0.153167,0.025280
297.000000,309.203003,-0.177462,0.005597
298.000000,309.203003,-0.200084,-0.010612
299.000000,309.203003,-0.220820,-0.079634
300.000000,309.203003,-0.239474,-0.053253
301.000000,309.203003,-0.255870,-0.065069
302.000000,309.203003,-0.269854,-0.091454
303.000000,309.203003,-0.281294,-0.108163
304.000000,309.203003,-0.290083,-0.124373
305.000000,309.203003,-0.296133,-0.142424
306.000000,309.203003,-0.299391,-0.161740
307.000000,309.203003,-0.299827,-0.174816
308.000000,309.203003,-0.297436,-0.186627
309.000000,309.203003,-0.292241,-0.195676
310.000000,309.203003,-0.284291,-0.203744
311.000000,309.203003,-0.273661,-0.210662
312.000000,309.203003,-0.260450,-0.214877
313.000000,309.203003,-0.244785,-0.225878
314.000000,309.203003,-0.226812,-0.220417
315.000000,309.203003,-0.206700,-0.211918
316.000000,309.203003,-0.184638,-0.210736
317.000000,309.203003,-0.160835,-0.207556
318.000000,309.203003,-0.135515,-0.197197
319.000000,309.203003,-0.108918,-0.190641
320.000000,309.203003,-0.081294,-0.174527
321.000000,309.203003,-0.052904,-0.158075
322.000000,309.203003,-0.024015,-0.149498
0.000000,322.923004,0.009991,-0.131305
1.000000,322.923004,0.040305,-0.110238
2.000000,322.923004,0.070204,-0.089755
3.000000,322.923004,0.099381,-0.074168
4.000000,322.923004,0.127538,-0.050861
5.000000,322.923004,0.154383,-0.037218
6.000000,322.923004,0.179638,-0.011070
7.000000,322.923004,0.203047,0.014023
8.000000,322.923004,0.224370,0.030187
9.000000,322.923004,0.243385,0.060947
10.000000,322.923004,0.259894,0.075201
11.000000,322.923004,0.273733,0.090751
12.000000,322.923004,0.284760,0.114657
13.000000,322.923004,0.292854,0.125772
14.000000,322.923004,0.297936,0.144387
15.000000,322.923004,0.299958,0.162040
16.000000,322.923004,0.298899,0.171336
17.000000,322.923004,0.294757,0.188650
18.000000,322.923004,0.287588,0.201529
19.000000,322.923004,0.277464,0.203778
20.000000,322.923004,0.264487,0.211704
21.000000,322.923004,0.248785,0.218929
22.000000,322.923004,0.230528,0.214265
23.000000,322.923004,0.209902,0.221591
24.000000,322.923004,0.187117,0.215429
25.000000,322.923004,0.162405,0.202211
26.000000,322.923004,0.136025,0.196516
27.000000,322.923004,0.108247,0.188948
28.000000,322.923004,0.079355,0.179816
29.000000,322.923004,0.049646,0.163401
30.000000,322.923004,0.019428,0.139719
31.000000,322.923004,-0.010990,0.126239
32.000000,322.923004,-0.041295,0.112944
33.000000,322.923004,-0.071176,0.090123
34.000000,322.923004,-0.100325,0.074596
35.000000,322.923004,-0.128443,0.053186
36.000000,322.923004,-0.155238,0.025559
37.000000,322.923004,-0.180437,0.007544
38.000000,322.923004,-0.203784,-0.008885
39.000000,322.923004,-0.225033,-0.032457
40.000000,322.923004,-0.243965,-0.056226
41.000000,322.923004,-0.260392,-0.076596
42.000000,322.923004,-0.274143,-0.097561
43.000000,322.923004,-0.285071,-0.115311
44.000000,322.923004,-0.293067,-0.130100
45.000000,322.923004,-0.298053,-0.148458
46.000000,322.923004,-0.299977,-0.161594
47.000000,322.923004,-0.298808,-0.173102
48.000000,322.923004,-0.294568,-0.190494
49.000000,322.923004,-0.287303,-0.196643
50.000000,322.923004,-0.277085,-0.205604
51.000000,322.923004,-0.264011,-0.211629
52.000000,322.923004,-0.248225,-0.215097
53.000000,322.923004,-0.229889,-0.219037
54.000000,322.923004,-0.209188,-0.215730
55.000000,322.923004,-0.186333,-0.209311
56.000000,322.923004,-0.161564,-0.210882
57.000000,322.923004,-0.135136,-0.197435
58.000000,322.923004,-0.107315,-0.186783
59.000000,322.923004,-0.078391,-0.178587
60.000000,322.923004,-0.048661,-0.163967
61.000000,322.923004,-0.018432,-0.143194
62.000000,322.923004,0.011988,-0.132977
63.000000,322.923004,0.042284,-0.107196
64.000000,322.923004,0.072146,-0.091637
65.000000,322.923004,0.101266,-0.075020
66.000000,322.923004,0.129343,-0.054600
67.000000,322.923004,0.156091,-0.027573
68.000000,322.923004,0.181236,-0.010136
69.000000,322.923004,0.204515,0.012511
70.000000,322.923004,0.225690,0.034045
71.000000,322.923004,0.244545,0.053328
72.000000,322.923004,0.260889,0.078582
73.000000,322.923004,0.274546,0.095516
74.000000,322.923004,0.285379,0.108385
75.000000,322.923004,0.293280,0.130285
76.000000,322.923004,0.298169,0.145986
77.000000,322.923004,0.299983,0.156441
78.000000,322.923004,0.298716,0.177741
79.000000,322.923004,0.294380,0.181750
80.000000,322.923004,0.287017,0.196090
81.000000,322.923004,0.276697,0.208603
82.000000,322.923004,0.263534,0.208392
83.000000,322.923004,0.247665,0.216391
84.000000,322.923004,0.229246,0.218856
85.000000,322.923004,0.208468,0.216579
86.000000,322.923004,0.185549,0.211177
87.000000,322.923004,0.160723,0.209409
88.000000,322.923004,0.134241,0.191357
89.000000,322.923004,0.106380,0.182016
90.000000,322.923004,0.077425,0.175927
91.000000,322.923004,0.047675,0.158242
92.000000,322.923004,0.017433,0.146000
93.000000,322.923004,-0.012987,0.135371
94.000000,322.923004,-0.043274,0.107725
95.000000,322.923004,-0.073117,0.089229
96.000000,322.923004,-0.102206,0.075700
97.000000,322.923004,-0.130245,0.047381
98.000000,322.923004,-0.156946,0.025019
99.000000,322.923004,-0.182032,0.008736
100.000000,322.923004,-0.205244,-0.013183
101.000000,322.923004,-0.226348,-0.036966
102.000000,322.923004,-0.245126,-0.056661
103.000000,322.923004,-0.261380,-0.083134
104.000000,322.923004,-0.274945,-0.099696
105.000000,322.923004,-0.285687,-0.117551
106.000000,322.923004,-0.293493,-0.136564
107.000000,322.923004,-0.298273,-0.151047
108.000000,322.923004,-0.299989,-0.169360
109.000000,322.923004,-0.298624,-0.178834
110.000000,322.923004,-0.294188,-0.185890
111.000000,322.923004,-0.286721,-0.201128
112.000000,322.923004,-0.276308,-0.203029
113.000000,322.923004,-0.263058,-0.204871
114.000000,322.923004,-0.247100,-0.214896
115.000000,322.923004,-0.228598,-0.210250
116.000000,322.923004,-0.207749,-0.209865
117.000000,322.923004,-0.184765,-0.217503
118.000000,322.923004,-0.159877,-0.209063
119.000000,322.923004,-0.133346,-0.195951
120.000000,322.923004,-0.105446,-0.188414
121.000000,322.923004,-0.076461,-0.176255
122.000000,322.923004,-0.046688,-0.162075
123.000000,322.923004,-0.016436,-0.147052
124.000000,322.923004,0.013985,-0.127305
125.000000,322.923004,0.044262,-0.118957
126.000000,322.923004,0.074084,-0.092068
127.000000,322.923004,0.103144,-0.068688
128.000000,322.923004,0.131145,-0.050385
129.000000,322.923004,0.157796,-0.028238
130.000000,322.923004,0.182823,-0.004491
131.000000,322.923004,0.205971,0.009359
132.000000,322.923004,0.227004,0.033879
133.000000,322.923004,0.245699,0.059633
134.000000,322.923004,0.261867,0.075210
135.000000,322.923004,0.275344,0.097343
136.000000,322.923004,0.285994,0.120343
137.000000,322.923004,0.293694,0.127879
138.000000,322.923004,0.298377,0.148446
139.000000,322.923004,0.299996,0.167813
140.000000,322.923004,0.298529,0.173562
141.000000,322.923004,0.293987,0.173155
142.000000,322.923004,0.286425,0.205189
143.000000,322.923004,0.275920,0.204511
144.000000,322.923004,0.262576,0.210710
145.000000,322.923004,0.246529,0.209991
146.000000,322.923004,0.227950,0.217371
147.000000,322.923004,0.207029,0.218137
148.000000,322.923004,0.183975,0.205345
149.000000,322.923004,0.159030,0.206651
150.000000,322.923004,0.132451,0.197735
151.000000,322.923004,0.104511,0.181896
152.000000,322.923004,0.075493,0.173082
153.000000,322.923004,0.045700,0.163199
154.000000,322.923004,0.015438,0.143947
155.000000,322.923004,-0.014984,0.126125
156.000000,322.923004,-0.045251,0.108142
157.000000,322.923004,-0.075052,0.088744
158.000000,322.923004,-0.104083,0.071068
159.000000,322.923004,-0.132043,0.047665
160.000000,322.923004,-0.158644,0.020213
161.000000,322.923004,-0.183615,0.004910
162.000000,322.923004,-0.206700,-0.022305
163.000000,322.923004,-0.227655,-0.042738
164.000000,322.923004,-0.246270,-0.055741
165.000000,322.923004,-0.262354,-0.081641
166.000000,322.923004,-0.275744,-0.099449
167.000000,322.923004,-0.286290,-0.115058
168.000000,322.923004,-0.293895,-0.138264
169.000000,322.923004,-0.298481,-0.151619
170.000000,322.923004,-0.299998,-0.157035
171.000000,322.923004,-0.298425,-0.184094
172.000000,322.923004,-0.293786,-0.191429
173.000000,322.923004,-0.286129,-0.199891
174.000000,322.923004,-0.275526,-0.209549
175.000000,322.923004,-0.262089,-0.212197
176.000000,322.923004,-0.245959,-0.215331
177.000000,322.923004,-0.227302,-0.219743
178.000000,322.923004,-0.206303,-0.211757
179.000000,322.923004,-0.183184,-0.214703
180.000000,322.923004,-0.158182,-0.205842
181.000000,322.923004,-0.131556,-0.194663
182.000000,322.923004,-0.103572,-0.188781
183.000000,322.923004,-0.074526,-0.174454
184.000000,322.923004,-0.044713,-0.156508
185.000000,322.923004,-0.014441,-0.147858
186.000000,322.923004,0.015981,-0.128771
187.000000,322.923004,0.046237,-0.105698
188.000000,322.923004,0.076019,-0.092275
189.000000,322.923004,0.105019,-0.064487
190.000000,322.923004,0.132938,-0.038880
191.000000,322.923004,0.159491,-0.030671
192.000000,322.923004,0.184406,-0.009210
193.000000,322.923004,0.207421,0.015136
194.000000,322.923004,0.228303,0.033087
195.000000,322.923004,0.246839,0.057154
196.000000,322.923004,0.262841,0.077427
197.000000,322.923004,0.276132,0.099304
198.000000,322.923004,0.286586,0.118378
199.000000,322.923004,0.294096,0.125832
200.000000,322.923004,0.298582,0.147140
201.000000,322.923004,0.299992,0.162640
202.000000,322.923004,0.298321,0.175129
203.000000,322.923004,0.293585,0.192443
204.000000,322.923004,0.285827,0.201455
205.000000,322.923004,0.275127,0.205638
206.000000,322.923004,0.261602,0.208204
207.000000,322.923004,0.245388,0.218856
208.000000,322.923004,0.226647,0.213078
209.000000,322.923004,0.205575,0.213257
210.000000,322.923004,0.182392,0.212382
211.000000,322.923004,0.157334,0.199311
212.000000,322.923004,0.130655,0.196516
213.000000,322.923004,0.102633,0.189094
214.000000,322.923004,0.073557,0.168055
215.000000,322.923004,0.043724,0.158113
216.000000,322.923004,0.013442,0.141798
217.000000,322.923004,-0.016979,0.120586
218.000000,322.923004,-0.047226,0.110570
219.000000,322.923004,-0.076986,0.088849
220.000000,322.923004,-0.105954,0.068942
221.000000,322.923004,-0.133834,0.049466
222.000000,322.923004,-0.160339,0.021853
223.000000,322.923004,-0.185192,0.003531
224.000000,322.923004,-0.208141,-0.015432
225.000000,322.923004,-0.228951,-0.044878
226.000000,322.923004,-0.247410,-0.063667
227.000000,322.923004,-0.263317,-0.075263
228.000000,322.923004,-0.276520,-0.106262
229.000000,322.923004,-0.286882,-0.119910
230.000000,322.923004,-0.294293,-0.125706
231.000000,322.923004,-0.298674,-0.154098
232.000000,322.923004,-0.299986,-0.167087
233.000000,322.923004,-0.298217,-0.179723
234.000000,322.923004,-0.293377,-0.190875
235.000000,322.923004,-0.285519,-0.196643
236.000000,322.923004,-0.274728,-0.209045
237.000000,322.923004,-0.261114,-0.216023
238.000000,322.923004,-0.244810,-0.214277
239.000000,322.923004,-0.225989,-0.216165
240.000000,322.923004,-0.204847,-0.214236
241.000000,322.923004,-0.181600,-0.209677
242.000000,322.923004,-0.156481,-0.212610
243.000000,322.923004,-0.129754,-0.196468
244.000000,322.923004,-0.101695,-0.180822
245.000000,322.923004,-0.072589,-0.175980
246.000000,322.923004,-0.042736,-0.155999
247.000000,322.923004,-0.012444,-0.144454
248.000000,322.923004,0.017976,-0.126577
249.000000,322.923004,0.048211,-0.108236
250.000000,322.923004,0.077950,-0.082630
251.000000,322.923004,0.106888,-0.073380
252.000000,322.923004,0.134728,-0.048346
253.000000,322.923004,0.161180,-0.022886
254.000000,322.923004,0.185975,-0.009009
255.000000,322.923004,0.208859,0.020492
256.000000,322.923004,0.229598,0.042745
257.000000,322.923004,0.247969,0.056902
258.000000,322.923004,0.263793,0.078289
259.000000,322.923004,0.276908,0.104862
260.000000,322.923004,0.287174,0.116279
261.000000,322.923004,0.294482,0.138633
262.000000,322.923004,0.298766,0.155905
263.000000,322.923004,0.299980,0.165082
264.000000,322.923004,0.298106,0.178062
265.000000,322.923004,0.293164,0.192521
266.000000,322.923004,0.285211,0.191124
267.000000,322.923004,0.274329,0.205437
268.000000,322.923004,0.260618,0.210637
269.000000,322.923004,0.244230,0.212171
270.000000,322.923004,0.225332,0.217550
271.000000,322.923004,0.204119,0.210165
272.000000,322.923004,0.180801,0.210078
273.000000,322.923004,0.155626,0.209349
274.000000,322.923004,0.128853,0.191958
275.000000,322.923004,0.100754,0.181209
276.000000,322.923004,0.071618,0.174447
277.000000,322.923004,0.041746,0.156455
278.000000,322.923004,0.011445,0.141166
279.000000,322.923004,-0.018974,0.127417
280.000000,322.923004,-0.049198,0.103771
281.000000,322.923004,-0.078916,0.087589
282.000000,322.923004,-0.107823,0.072200
283.000000,322.923004,-0.135620,0.044174
284.000000,322.923004,-0.162022,0.022778
285.000000,322.923004,-0.186760,0.005089
286.000000,322.923004,-0.209579,-0.018103
287.000000,322.923004,-0.230237,-0.040392
288.000000,322.923004,-0.248530,-0.059548
289.000000,322.923004,-0.264270,-0.144679
290.000000,322.923004,-0.277292,-0.099550
291.000000,322.923004,-0.287458,-0.117757
292.000000,322.923004,-0.294671,-0.133664
293.000000,322.923004,-0.298858,-0.143913
294.000000,322.923004,-0.299967,-0.163926
295.000000,322.923004,-0.297989,-0.176974
296.000000,322.923004,-0.292951,-0.186490
297.000000,322.923004,-0.284904,-0.197861
298.000000,322.923004,-0.273920,-0.204143
299.000000,322.923004,-0.260121,-0.204651
300.000000,322.923004,-0.243649,-0.216902
301.000000,322.923004,-0.224674,-0.216123
302.000000,322.923004,-0.203382,-0.208151
303.000000,322.923004,-0.180002,-0.213709
304.000000,322.923004,-0.154773,-0.203483
305.000000,322.923004,-0.127951,-0.190370
306.000000,322.923004,-0.099812,-0.185807
307.000000,322.923004,-0.070647,-0.175728
308.000000,322.923004,-0.040757,-0.156581
0.000000,337.252014,0.015431,-0.129491
1.000000,337.252014,0.047028,-0.109318
2.000000,337.252014,0.078097,-0.093489
3.000000,337.252014,0.108292,-0.069687
4.000000,337.252014,0.137270,-0.050848
5.000000,337.252014,0.164709,-0.022557
6.000000,337.252014,0.190304,-0.002956
7.000000,337.252014,0.213759,0.023470
8.000000,337.252014,0.234820,0.038520
9.000000,337.252014,0.253250,0.059687
10.000000,337.252014,0.268834,0.086114
11.000000,337.252014,0.281408,0.100651
12.000000,337.252014,0.290823,0.108797
13.000000,337.252014,0.296976,0.145418
14.000000,337.252014,0.299804,0.152881
15.000000,337.252014,0.299262,0.168014
16.000000,337.252014,0.295367,0.182254
17.000000,337.252014,0.288164,0.194244
18.000000,337.252014,0.277721,0.203050
19.000000,337.252014,0.264168,0.204397
20.000000,337.252014,0.247653,0.213211
21.000000,337.252014,0.228357,0.215763
22.000000,337.252014,0.206504,0.207558
23.000000,337.252014,0.182332,0.206577
24.000000,337.252014,0.156116,0.203169
25.000000,337.252014,0.128151,0.192471
26.000000,337.252014,0.098746,0.185662
27.000000,337.252014,0.068235,0.174740
28.000000,337.252014,0.036959,0.153555
29.000000,337.252014,0.005268,0.138486
30.000000,337.252014,-0.026482,0.125177
31.000000,337.252014,-0.057936,0.103551
32.000000,337.252014,-0.088738,0.084689
33.000000,337.252014,-0.118547,0.065433
34.000000,337.252014,-0.147025,0.039414
35.000000,337.252014,-0.173854,0.022031
36.000000,337.252014,-0.198737,-0.002558
37.000000,337.252014,-0.221385,-0.031051
38.000000,337.252014,-0.241554,-0.054233
39.000000,337.252014,-0.259015,-0.076628
40.000000,337.252014,-0.273566,-0.087675
41.000000,337.252014,-0.285054,-0.106931
42.000000,337.252014,-0.293343,-0.129477
43.000000,337.252014,-0.298341,-0.143492
44.000000,337.252014,-0.299998,-0.154781
45.000000,337.252014,-0.298284,-0.174940
46.000000,337.252014,-0.293228,-0.183755
47.000000,337.252014,-0.284887,-0.190737
48.000000,337.252014,-0.273343,-0.204409
49.000000,337.252014,-0.258738,-0.213223
50.000000,337.252014,-0.241233,-0.207038
51.000000,337.252014,-0.221017,-0.212816
52.000000,337.252014,-0.198328,-0.210030
53.000000,337.252014,-0.173412,-0.201458
54.000000,337.252014,-0.146551,-0.206122
55.000000,337.252014,-0.118048,-0.195002
56.000000,337.252014,-0.088219,-0.179049
57.000000,337.252014,-0.057402,-0.166766
58.000000,337.252014,-0.025941,-0.151706
59.000000,337.252014,0.005811,-0.143226
60.000000,337.252014,0.037498,-0.119150
61.000000,337.252014,0.068765,-0.093383
62.000000,337.252014,0.099259,-0.083368
63.000000,337.252014,0.128642,-0.057180
64.000000,337.252014,0.156580,-0.036626
65.000000,337.252014,0.182763,-0.015716
66.000000,337.252014,0.206900,0.010298
67.000000,337.252014,0.228709,0.036124
68.000000,337.252014,0.247958,0.051995
69.000000,337.252014,0.264427,0.077029
70.000000,337.252014,0.277925,0.106956
71.000000,337.252014,0.288312,0.112852
72.000000,337.252014,0.295463,0.133345
73.000000,337.252014,0.299299,0.153972
74.000000,337.252014,0.299784,0.162475
75.000000,337.252014,0.296900,0.179995
76.000000,337.252014,0.290688,0.190661
77.000000,337.252014,0.281222,0.195284
78.000000,337.252014,0.268592,0.190262
79.000000,337.252014,0.252956,0.200017
80.000000,337.252014,0.234483,0.212098
81.000000,337.252014,0.213377,0.223731
82.000000,337.252014,0.189882,0.207251
83.000000,337.252014,0.164255,0.201890
84.000000,337.252014,0.136786,0.198408
85.000000,337.252014,0.107785,0.186964
86.000000,337.252014,0.077572,0.176215
87.000000,337.252014,0.046491,0.164620
88.000000,337.252014,0.014888,0.145148
89.000000,337.252014,-0.016882,0.130972
90.000000,337.252014,-0.048462,0.112903
91.000000,337.252014,-0.079499,0.086664
92.000000,337.252014,-0.109644,0.065941
93.000000,337.252014,-0.138561,0.050552
94.000000,337.252014,-0.165922,0.021413
95.000000,337.252014,-0.191422,0.003884
96.000000,337.252014,-0.214779,-0.021846
97.000000,337.252014,-0.235721,-0.045551
98.000000,337.252014,-0.254023,-0.063974
99.000000,337.252014,-0.269479,-0.079803
100.000000,337.252014,-0.281906,-0.104855
101.000000,337.252014,-0.291177,-0.122678
102.000000,337.252014,-0.297180,-0.137980
103.000000,337.252014,-0.299849,-0.160586
104.000000,337.252014,-0.299160,-0.166881
105.000000,337.252014,-0.295110,-0.191690
106.000000,337.252014,-0.287752,-0.193995
107.000000,337.252014,-0.277173,-0.198209
108.000000,337.252014,-0.263475,-0.210836
109.000000,337.252014,-0.246829,-0.210003
110.000000,337.252014,-0.227414,-0.212664
111.000000,337.252014,-0.205446,-0.215042
112.000000,337.252014,-0.181177,-0.212170
113.000000,337.252014,-0.154874,-0.198690
114.000000,337.252014,-0.126834,-0.196148
115.000000,337.252014,-0.097374,-0.183388
116.000000,337.252014,-0.066819,-0.166482
117.000000,337.252014,-0.035516,-0.156939
118.000000,337.252014,-0.003815,-0.142246
119.000000,337.252014,0.027929,-0.119539
120.000000,337.252014,0.059360,-0.110436
121.000000,337.252014,0.090126,-0.082502
122.000000,337.252014,0.119879,-0.057628
123.000000,337.252014,0.148291,-0.046078
124.000000,337.252014,0.175037,-0.015464
125.000000,337.252014,0.199820,0.002729
126.000000,337.252014,0.222366,0.024826
127.000000,337.252014,0.242412,0.051193
128.000000,337.252014,0.259743,0.064448
129.000000,337.252014,0.274163,0.088510
130.000000,337.252014,0.285502,0.110850
131.000000,337.252014,0.293644,0.127366
132.000000,337.252014,0.298492,0.144973
133.000000,337.252014,0.299989,0.163066
134.000000,337.252014,0.298128,0.169783
135.000000,337.252014,0.292918,0.186043
136.000000,337.252014,0.284424,0.195128
137.000000,337.252014,0.272746,0.198418
138.000000,337.252014,0.257999,0.212891
139.000000,337.252014,0.240365,0.215136
140.000000,337.252014,0.220035,0.207045
141.000000,337.252014,0.197234,0.207750
142.000000,337.252014,0.172225,0.210669
143.000000,337.252014,0.145282,0.197451
144.000000,337.252014,0.116710,0.193616
145.000000,337.252014,0.086831,0.178227
146.000000,337.252014,0.055975,0.166869
147.000000,337.252014,0.024493,0.154027
148.000000,337.252014,-0.007264,0.130170
149.000000,337.252014,-0.038939,0.110465
150.000000,337.252014,-0.070177,0.095616
151.000000,337.252014,-0.100630,0.070995
152.000000,337.252014,-0.129951,0.053168
153.000000,337.252014,-0.157818,0.033618
154.000000,337.252014,-0.183913,0.005345
155.000000,337.252014,-0.207945,-0.014543
156.000000,337.252014,-0.229650,-0.031573
157.000000,337.252014,-0.248772,-0.059319
158.000000,337.252014,-0.265108,-0.077655
159.000000,337.252014,-0.278473,-0.086717
160.000000,337.252014,-0.288708,-0.121816
161.000000,337.252014,-0.295711,-0.141645
162.000000,337.252014,-0.299397,-0.149594
163.000000,337.252014,-0.299721,-0.170473
164.000000,337.252014,-0.296690,-0.180781
165.000000,337.252014,-0.290326,-0.183296
166.000000,337.252014,-0.280708,-0.201875
167.000000,337.252014,-0.267946,-0.205490
168.000000,337.252014,-0.252171,-0.207038
169.000000,337.252014,-0.233573,-0.216389
170.000000,337.252014,-0.212356,-0.214717
171.000000,337.252014,-0.188753,-0.207185
172.000000,337.252014,-0.163038,-0.209916
173.000000,337.252014,-0.135492,-0.200436
174.000000,337.252014,-0.106426,-0.188863
175.000000,337.252014,-0.076168,-0.177107
176.000000,337.252014,-0.045055,-0.161827
177.000000,337.252014,-0.013437,-0.148939
178.000000,337.252014,0.018332,-0.133518
179.000000,337.252014,0.049895,-0.107458
180.000000,337.252014,0.080899,-0.093021
181.000000,337.252014,0.110996,-0.070654
182.000000,337.252014,0.139846,-0.041254
183.000000,337.252014,0.167131,-0.029997
184.000000,337.252014,0.192539,-0.003923
185.000000,337.252014,0.215788,0.021610
186.000000,337.252014,0.236620,0.039121
187.000000,337.252014,0.254793,0.060214
188.000000,337.252014,0.270111,0.084927
189.000000,337.252014,0.282404,0.099538
190.000000,337.252014,0.291521,0.124865
191.000000,337.252014,0.297375,0.142665
192.000000,337.252014,0.299893,0.159208
193.000000,337.252014,0.299044,0.168834
194.000000,337.252014,0.294847,0.182034
195.000000,337.252014,0.287339,0.192090
196.000000,337.252014,0.276609,0.200676
197.000000,337.252014,0.262782,0.203709
198.000000,337.252014,0.245999,0.208744
199.000000,337.252014,0.226462,0.214123
200.000000,337.252014,0.204387,0.207571
201.000000,337.252014,0.180015,0.207104
202.000000,337.252014,0.153628,0.209496
203.000000,337.252014,0.125517,0.191504
204.000000,337.252014,0.095997,0.185296
205.000000,337.252014,0.065403,0.171020
206.000000,337.252014,0.034073,0.154301
207.000000,337.252014,0.002362,0.137519
208.000000,337.252014,-0.029376,0.132924
209.000000,337.252014,-0.060783,0.099685
210.000000,337.252014,-0.091510,0.079549
211.000000,337.252014,-0.121211,0.060966
212.000000,337.252014,-0.149550,0.034800
213.000000,337.252014,-0.176215,0.014298
214.000000,337.252014,-0.200902,-0.002791
215.000000,337.252014,-0.223335,-0.026730
216.000000,337.252014,-0.243268,-0.051260
217.000000,337.252014,-0.260466,-0.073962
218.000000,337.252014,-0.274746,-0.094968
219.000000,337.252014,-0.285949,-0.110271
220.000000,337.252014,-0.293936,-0.136564
221.000000,337.252014,-0.298633,-0.150786
222.000000,337.252014,-0.299981,-0.159848
223.000000,337.252014,-0.297959,-0.178880
224.000000,337.252014,-0.292603,-0.189335
225.000000,337.252014,-0.283960,-0.189770
226.000000,337.252014,-0.272133,-0.206562
227.000000,337.252014,-0.257259,-0.208536
228.000000,337.252014,-0.239492,-0.208078
229.000000,337.252014,-0.219043,-0.218909
230.000000,337.252014,-0.196140,-0.209870
231.000000,337.252014,-0.171032,-0.202424
232.000000,337.252014,-0.144009,-0.198975
233.000000,337.252014,-0.115371,-0.192469
234.000000,337.252014,-0.085438,-0.175343
235.000000,337.252014,-0.054548,-0.167133
236.000000,337.252014,-0.023045,-0.152000
237.000000,337.252014,0.008716,-0.132019
238.000000,337.252014,0.040380,-0.116616
239.000000,337.252014,0.071589,-0.100516
240.000000,337.252014,0.101997,-0.079982
241.000000,337.252014,0.131261,-0.057839
242.000000,337.252014,0.159051,-0.029992
243.000000,337.252014,0.185060,-0.024284
244.000000,337.252014,0.208992,0.009111
245.000000,337.252014,0.230578,0.038965
246.000000,337.252014,0.249584,0.055568
247.000000,337.252014,0.265785,0.081056
248.000000,337.252014,0.279007,0.103162
249.000000,337.252014,0.289104,0.115679
250.000000,337.252014,0.295951,0.133726
251.000000,337.252014,0.299484,0.153899
252.000000,337.252014,0.299659,0.163148
253.000000,337.252014,0.296468,0.177095
254.000000,337.252014,0.289959,0.192888
255.000000,337.252014,0.280193,0.200351
256.000000,337.252014,0.267285,0.205890
257.000000,337.252014,0.251385,0.214843
258.000000,337.252014,0.232658,0.211292
259.000000,337.252014,0.211325,0.212877
260.000000,337.252014,0.187625,0.212630
261.000000,337.252014,0.161815,0.201244
262.000000,337.252014,0.134194,0.199709
263.000000,337.252014,0.105067,0.181608
264.000000,337.252014,0.074761,0.170209
265.000000,337.252014,0.043618,0.159740
266.000000,337.252014,0.011985,0.137533
267.000000,337.252014,-0.019782,0.125332
268.000000,337.252014,-0.051328,0.111583
269.000000,337.252014,-0.082297,0.081684
270.000000,337.252014,-0.112344,0.068401
271.000000,337.252014,-0.141132,0.055546
272.000000,337.252014,-0.168334,0.019846
273.000000,337.252014,-0.193651,0.000910
274.000000,337.252014,-0.216796,-0.020059
275.000000,337.252014,-0.237507,-0.045625
276.000000,337.252014,-0.255560,-0.066127
277.000000,337.252014,-0.270740,-0.082483
278.000000,337.252014,-0.282887,-0.110656
279.000000,337.252014,-0.291865,-0.121564
280.000000,337.252014,-0.297562,-0.137907
281.000000,337.252014,-0.299926,-0.161406
282.000000,337.252014,-0.298928,-0.171568
283.000000,337.252014,-0.294573,-0.187649
284.000000,337.252014,-0.286919,-0.193555
285.000000,337.252014,-0.276045,-0.190549
286.000000,337.252014,-0.262073,-0.212009
287.000000,337.252014,-0.245168,-0.214176
288.000000,337.252014,-0.225506,-0.212224
289.000000,337.252014,-0.203319,-0.216009
290.000000,337.252014,-0.178854,-0.208010
291.000000,337.252014,-0.152377,-0.194604
292.000000,337.252014,-0.124196,-0.196075
293.000000,337.252014,-0.094620,-0.183242
294.000000,337.252014,-0.063983,-0.166115
295.000000,337.252014,-0.032629,-0.157012
0.000000,352.217010,0.002773,-0.140725
1.000000,352.217010,0.035882,-0.119791
2.000000,352.217010,0.068553,-0.104810
3.000000,352.217010,0.100384,-0.084935
4.000000,352.217010,0.130988,-0.055154
5.000000,352.217010,0.159990,-0.039211
6.000000,352.217010,0.187035,-0.011937
7.000000,352.217010,0.211793,0.014183
8.000000,352.217010,0.233960,0.029967
9.000000,352.217010,0.253265,0.055381
10.000000,352.217010,0.269473,0.081954
11.000000,352.217010,0.282384,0.092991
12.000000,352.217010,0.291842,0.116091
13.000000,352.217010,0.297730,0.137758
14.000000,352.217010,0.299977,0.150801
15.000000,352.217010,0.298554,0.165348
16.000000,352.217010,0.293479,0.184554
17.000000,352.217010,0.284814,0.194551
18.000000,352.217010,0.272666,0.199416
19.000000,352.217010,0.257182,0.207095
20.000000,352.217010,0.238553,0.209051
21.000000,352.217010,0.217006,0.211017
22.000000,352.217010,0.192805,0.210243
23.000000,352.217010,0.166246,0.204438
24.000000,352.217010,0.137653,0.196356
25.000000,352.217010,0.107377,0.183495
26.000000,352.217010,0.075787,0.172669
27.000000,352.217010,0.043271,0.157660
28.000000,352.217010,0.010225,0.140873
29.000000,352.217010,-0.022945,0.128086
30.000000,352.217010,-0.055835,0.111143
31.000000,352.217010,-0.088043,0.085697
32.000000,352.217010,-0.119173,0.069968
33.000000,352.217010,-0.148845,0.050112
34.000000,352.217010,-0.176697,0.022453
35.000000,352.217010,-0.202388,-0.000950
36.000000,352.217010,-0.225603,-0.017306
37.000000,352.217010,-0.246058,-0.049052
38.000000,352.217010,-0.263504,-0.069627
39.000000,352.217010,-0.277727,-0.088957
40.000000,352.217010,-0.288553,-0.115269
41.000000,352.217010,-0.295850,-0.129445
42.000000,352.217010,-0.299528,-0.144087
43.000000,352.217010,-0.299543,-0.164379
44.000000,352.217010,-0.295893,-0.174394
45.000000,352.217010,-0.288625,-0.177643
46.000000,352.217010,-0.277826,-0.197788
47.000000,352.217010,-0.263629,-0.203116
48.000000,352.217010,-0.246207,-0.212197
49.000000,352.217010,-0.225774,-0.210369
50.000000,352.217010,-0.202580,-0.208637
51.000000,352.217010,-0.176907,-0.207396
52.000000,352.217010,-0.149071,-0.202942
53.000000,352.217010,-0.119411,-0.186856
54.000000,352.217010,-0.088291,-0.183347
55.000000,352.217010,-0.056091,-0.167980
56.000000,352.217010,-0.023205,-0.147061
57.000000,352.217010,0.009965,-0.137737
58.000000,352.217010,0.043013,-0.117317
59.000000,352.217010,0.075535,-0.092751
60.000000,352.217010,0.107134,-0.081421
61.000000,352.217010,0.137422,-0.054160
62.000000,352.217010,0.166029,-0.022799
63.000000,352.217010,0.192605,-0.011483
64.000000,352.217010,0.216826,0.014811
65.000000,352.217010,0.238394,0.037806
66.000000,352.217010,0.257047,0.054354
67.000000,352.217010,0.272556,0.081308
68.000000,352.217010,0.284731,0.099611
69.000000,352.217010,0.293423,0.119752
70.000000,352.217010,0.298527,0.142605
71.000000,352.217010,0.299979,0.152515
72.000000,352.217010,0.297762,0.174502
73.000000,352.217010,0.291903,0.185227
74.000000,352.217010,0.282473,0.188077
75.000000,352.217010,0.269588,0.202990
76.000000,352.217010,0.253406,0.212602
77.000000,352.217010,0.234124,0.212258
78.000000,352.217010,0.211978,0.206930
79.000000,352.217010,0.187240,0.209556
80.000000,352.217010,0.160211,0.201684
81.000000,352.217010,0.131223,0.193309
82.000000,352.217010,0.100630,0.182574
83.000000,352.217010,0.068806,0.158594
84.000000,352.217010,0.036141,0.154906
85.000000,352.217010,0.003034,0.142160
86.000000,352.217010,-0.030111,0.123779
87.000000,352.217010,-0.062887,0.107423
88.000000,352.217010,-0.094894,0.079663
89.000000,352.217010,-0.125740,0.062455
90.000000,352.217010,-0.155048,0.043052
91.000000,352.217010,-0.182459,0.011146
92.000000,352.217010,-0.207639,-0.007863
93.000000,352.217010,-0.230279,-0.025786
94.000000,352.217010,-0.250103,-0.066906
95.000000,352.217010,-0.266867,-0.070741
96.000000,352.217010,-0.280367,-0.089177
97.000000,352.217010,-0.290438,-0.117349
98.000000,352.217010,-0.296957,-0.134805
99.000000,352.217010,-0.299843,-0.148554
100.000000,352.217010,-0.299062,-0.164979
101.000000,352.217010,-0.294623,-0.177895
102.000000,352.217010,-0.286580,-0.185523
103.000000,352.217010,-0.275032,-0.199428
104.000000,352.217010,-0.260120,-0.200890
105.000000,352.217010,-0.242027,-0.212183
106.000000,352.217010,-0.220973,-0.208889
107.000000,352.217010,-0.197216,-0.209091
108.000000,352.217010,-0.171047,-0.208569
109.000000,352.217010,-0.142786,-0.198929
110.000000,352.217010,-0.112778,-0.184483
111.000000,352.217010,-0.081392,-0.181340
112.000000,352.217010,-0.049009,-0.165827
113.000000,352.217010,-0.016027,-0.140294
114.000000,352.217010,0.017151,-0.133871
115.000000,352.217010,0.050119,-0.114270
116.000000,352.217010,0.082475,-0.087097
117.000000,352.217010,0.113821,-0.072120
118.000000,352.217010,0.143776,-0.041886
119.000000,352.217010,0.171972,-0.024146
120.000000,352.217010,0.198064,-0.009696
121.000000,352.217010,0.221734,0.015631
122.000000,352.217010,0.242692,0.039286
123.000000,352.217010,0.260681,0.063362
124.000000,352.217010,0.275482,0.089055
125.000000,352.217010,0.286914,0.100491
126.000000,352.217010,0.294836,0.125259
127.000000,352.217010,0.299152,0.148932
128.000000,352.217010,0.299809,0.153261
129.000000,352.217010,0.296798,0.172275
130.000000,352.217010,0.290158,0.190368
131.000000,352.217010,0.279968,0.189864
132.000000,352.217010,0.266355,0.199050
133.000000,352.217010,0.249483,0.211562
134.000000,352.217010,0.229559,0.207425
135.000000,352.217010,0.206828,0.208204
136.000000,352.217010,0.181566,0.207769
137.000000,352.217010,0.154084,0.194551
138.000000,352.217010,0.124717,0.190863
139.000000,352.217010,0.093825,0.189168
140.000000,352.217010,0.061785,0.165975
141.000000,352.217010,0.028990,0.154627
142.000000,352.217010,-0.004160,0.136498
143.000000,352.217010,-0.037259,0.119692
144.000000,352.217010,-0.069902,0.099556
145.000000,352.217010,-0.101690,0.073661
146.000000,352.217010,-0.132234,0.055555
147.000000,352.217010,-0.161161,0.032432
148.000000,352.217010,-0.188117,0.005244
149.000000,352.217010,-0.212771,-0.015817
150.000000,352.217010,-0.234823,-0.033506
151.000000,352.217010,-0.254003,-0.064373
152.000000,352.217010,-0.270076,-0.081595
153.000000,352.217010,-0.282846,-0.096911
154.000000,352.217010,-0.292156,-0.122110
155.000000,352.217010,-0.297893,-0.137925
156.000000,352.217010,-0.299986,-0.147954
157.000000,352.217010,-0.298409,-0.171220
158.000000,352.217010,-0.293183,-0.181455
159.000000,352.217010,-0.284371,-0.188584
160.000000,352.217010,-0.272081,-0.197041
161.000000,352.217010,-0.256462,-0.206090
162.000000,352.217010,-0.237707,-0.210305
163.000000,352.217010,-0.216044,-0.213049
164.000000,352.217010,-0.191739,-0.207217
165.000000,352.217010,-0.165089,-0.210470
166.000000,352.217010,-0.136419,-0.201889
167.000000,352.217010,-0.106081,-0.188176
168.000000,352.217010,-0.074445,-0.179421
169.000000,352.217010,-0.041899,-0.159120
170.000000,352.217010,-0.008840,-0.143033
171.000000,352.217010,0.024327,-0.132011
172.000000,352.217010,0.057197,-0.109203
173.000000,352.217010,0.089367,-0.083670
174.000000,352.217010,0.120444,-0.072413
175.000000,352.217010,0.150047,-0.044626
176.000000,352.217010,0.177816,-0.016412
177.000000,352.217010,0.203409,-0.000762
178.000000,352.217010,0.226515,0.024198
179.000000,352.217010,0.246850,0.054126
180.000000,352.217010,0.264166,0.073116
181.000000,352.217010,0.278250,0.088102
182.000000,352.217010,0.288932,0.115610
183.000000,352.217010,0.296079,0.128173
184.000000,352.217010,0.299605,0.150893
185.000000,352.217010,0.299466,0.156427
186.000000,352.217010,0.295664,0.173622
187.000000,352.217010,0.288246,0.193955
188.000000,352.217010,0.277303,0.192544
189.000000,352.217010,0.262967,0.197350
190.000000,352.217010,0.245415,0.209189
191.000000,352.217010,0.224862,0.204598
192.000000,352.217010,0.201558,0.207091
193.000000,352.217010,0.175788,0.209409
194.000000,352.217010,0.147868,0.197451
195.000000,352.217010,0.118140,0.194216
196.000000,352.217010,0.086966,0.181800
197.000000,352.217010,0.054729,0.161215
198.000000,352.217010,0.021822,0.150907
199.000000,352.217010,-0.011351,0.138124
200.000000,352.217010,-0.044386,0.114405
201.000000,352.217010,-0.076877,0.094869
202.000000,352.217010,-0.108428,0.078202
203.000000,352.217010,-0.138653,0.051234
204.000000,352.217010,-0.167182,0.027745
205.000000,352.217010,-0.193666,-0.001522
206.000000,352.217010,-0.217781,-0.019230
207.000000,352.217010,-0.239233,-0.040053
208.000000,352.217010,-0.257758,-0.062293
209.000000,352.217010,-0.273131,-0.086575
210.000000,352.217010,-0.285162,-0.102257
211.000000,352.217010,-0.293706,-0.128363
212.000000,352.217010,-0.298657,-0.139785
213.000000,352.217010,-0.299956,-0.152348
214.000000,352.217010,-0.297585,-0.174940
215.000000,352.217010,-0.291575,-0.186142
216.000000,352.217010,-0.281998,-0.194237
217.000000,352.217010,-0.268973,-0.208202
218.000000,352.217010,-0.252657,-0.206236
219.000000,352.217010,-0.233251,-0.210012
220.000000,352.217010,-0.210992,-0.214236
221.000000,352.217010,-0.186152,-0.208623
222.000000,352.217010,-0.159035,-0.206937
223.000000,352.217010,-0.129974,-0.199062
224.000000,352.217010,-0.099322,-0.181775
225.000000,352.217010,-0.067455,-0.169593
226.000000,352.217010,-0.034764,-0.158886
227.000000,352.217010,-0.001647,-0.139226
228.000000,352.217010,0.031490,-0.125024
229.000000,352.217010,0.064241,-0.104956
230.000000,352.217010,0.096207,-0.084036
231.000000,352.217010,0.126997,-0.063859
232.000000,352.217010,0.156232,-0.040979
233.000000,352.217010,0.183558,-0.012546
234.000000,352.217010,0.208637,0.003998
235.000000,352.217010,0.231165,0.030072
236.000000,352.217010,0.250866,0.057246
237.000000,352.217010,0.267498,0.072603
238.000000,352.217010,0.280858,0.094283
239.000000,352.217010,0.290783,0.118936
240.000000,352.217010,0.297152,0.127353
241.000000,352.217010,0.299886,0.150073
242.000000,352.217010,0.298951,0.164981
243.000000,352.217010,0.294361,0.177196
244.000000,352.217010,0.286169,0.193809
245.000000,352.217010,0.274478,0.191870
246.000000,352.217010,0.259429,0.202184
247.000000,352.217010,0.241207,0.208149
248.000000,352.217010,0.220035,0.208098
249.000000,352.217010,0.196171,0.207017
250.000000,352.217010,0.169908,0.209556
251.000000,352.217010,0.141567,0.201024
252.000000,352.217010,0.111494,0.189896
253.000000,352.217010,0.080057,0.177333
254.000000,352.217010,0.047641,0.159208
255.000000,352.217010,0.014642,0.148827
256.000000,352.217010,-0.018536,0.135297
257.000000,352.217010,-0.051487,0.107798
258.000000,352.217010,-0.083808,0.088629
259.000000,352.217010,-0.115104,0.076374
260.000000,352.217010,-0.144992,0.044994
261.000000,352.217010,-0.173107,0.023598
262.000000,352.217010,-0.199104,-0.001591
263.000000,352.217010,-0.222666,-0.022717
264.000000,352.217010,-0.243505,-0.045533
265.000000,352.217010,-0.261365,-0.077288
266.000000,352.217010,-0.276028,-0.089608
267.000000,352.217010,-0.287315,-0.106330
268.000000,352.217010,-0.295087,-0.133371
269.000000,352.217010,-0.299251,-0.144605
270.000000,352.217010,-0.299754,-0.161328
271.000000,352.217010,-0.296590,-0.176887
272.000000,352.217010,-0.289799,-0.190229
273.000000,352.217010,-0.279464,-0.191630
274.000000,352.217010,-0.265710,-0.202915
275.000000,352.217010,-0.248706,-0.205929
276.000000,352.217010,-0.228660,-0.207038
277.000000,352.217010,-0.205818,-0.211102
278.000000,352.217010,-0.180458,-0.204669
279.000000,352.217010,-0.152891,-0.198924
280.000000,352.217010,-0.123453,-0.192955
281.000000,352.217010,-0.092506,-0.184662
282.000000,352.217010,-0.060427,-0.168709
0.000000,367.845001,0.005078,-0.141018
1.000000,367.845001,0.039631,-0.122384
2.000000,367.845001,0.073654,-0.100558
3.000000,367.845001,0.106695,-0.079034
4.000000,367.845001,0.138314,-0.052593
5.000000,367.845001,0.168085,-0.025040
6.000000,367.845001,0.195617,-0.011483
7.000000,367.845001,0.220536,0.017564
8.000000,367.845001,0.242516,0.032913
9.000000,367.845001,0.261261,0.059495
10.000000,367.845001,0.276517,0.084515
11.000000,367.845001,0.288092,0.101311
12.000000,367.845001,0.295815,0.123692
13.000000,367.845001,0.299598,0.146325
14.000000,367.845001,0.299382,0.156308
15.000000,367.845001,0.295171,0.176362
16.000000,367.845001,0.287029,0.188874
17.000000,367.845001,0.275049,0.192910
18.000000,367.845001,0.259407,0.201950
19.000000,367.845001,0.240300,0.207915
20.000000,367.845001,0.217990,0.205565
21.000000,367.845001,0.192773,0.204924
22.000000,367.845001,0.164981,0.202335
23.000000,367.845001,0.134993,0.189790
24.000000,367.845001,0.103199,0.183422
25.000000,367.845001,0.070031,0.176073
26.000000,367.845001,0.035929,0.157641
27.000000,367.845001,0.001347,0.141753
28.000000,367.845001,-0.033253,0.124077
29.000000,367.845001,-0.067408,0.103478
30.000000,367.845001,-0.100666,0.084455
31.000000,367.845001,-0.132579,0.062327
32.000000,367.845001,-0.162725,0.036807
33.000000,367.845001,-0.190700,0.012951
34.000000,367.845001,-0.216129,-0.013751
35.000000,367.845001,-0.238681,-0.037231
36.000000,367.845001,-0.258041,-0.057601
37.000000,367.845001,-0.273964,-0.084321
38.000000,367.845001,-0.286231,-0.099669
39.000000,367.845001,-0.294678,-0.114018
40.000000,367.845001,-0.299200,-0.141604
41.000000,367.845001,-0.299722,-0.155926
42.000000,367.845001,-0.296254,-0.162908
43.000000,367.845001,-0.288828,-0.181940
44.000000,367.845001,-0.277552,-0.197082
45.000000,367.845001,-0.262575,-0.193197
46.000000,367.845001,-0.244091,-0.211322
47.000000,367.845001,-0.222357,-0.204450
48.000000,367.845001,-0.197650,-0.208445
49.000000,367.845001,-0.170311,-0.203075
50.000000,367.845001,-0.140698,-0.196423
51.000000,367.845001,-0.109209,-0.197476
52.000000,367.845001,-0.076264,-0.172127
53.000000,367.845001,-0.042299,-0.158561
54.000000,367.845001,-0.007772,-0.147959
55.000000,367.845001,0.026859,-0.128757
56.000000,367.845001,0.061132,-0.103444
57.000000,367.845001,0.094590,-0.088408
58.000000,367.845001,0.126785,-0.066567
59.000000,367.845001,0.157291,-0.034413
60.000000,367.845001,0.185695,-0.022117
61.000000,367.845001,0.211625,0.009171
62.000000,367.845001,0.234731,0.030911
63.000000,367.845001,0.254705,0.050355
64.000000,367.845001,0.271285,0.075608
65.000000,367.845001,0.284240,0.098095
66.000000,367.845001,0.293409,0.113745
67.000000,367.845001,0.298660,0.134532
68.000000,367.845001,0.299928,0.152946
69.000000,367.845001,0.297198,0.161362
70.000000,367.845001,0.290498,0.180215
71.000000,367.845001,0.279931,0.188989
72.000000,367.845001,0.265620,0.196997
73.000000,367.845001,0.247772,0.206316
74.000000,367.845001,0.226617,0.200937
75.000000,367.845001,0.202438,0.206284
76.000000,367.845001,0.175562,0.208456
77.000000,367.845001,0.146340,0.197084
78.000000,367.845001,0.115169,0.186556
79.000000,367.845001,0.082459,0.183147
80.000000,367.845001,0.048651,0.161962
81.000000,367.845001,0.014193,0.146820
82.000000,367.845001,-0.020453,0.131357
83.000000,367.845001,-0.054828,0.110538
84.000000,367.845001,-0.088470,0.089963
85.000000,367.845001,-0.120933,0.067673
86.000000,367.845001,-0.151782,0.044394
87.000000,367.845001,-0.180606,0.021358
88.000000,367.845001,-0.207024,-0.005577
89.000000,367.845001,-0.230675,-0.029044
90.000000,367.845001,-0.251254,-0.048960
91.000000,367.845001,-0.268477,-0.075941
92.000000,367.845001,-0.282121,-0.094382
93.000000,367.845001,-0.292002,-0.110884
94.000000,367.845001,-0.297985,-0.133797
95.000000,367.845001,-0.300000,-0.148632
96.000000,367.845001,-0.298003,-0.157548
97.000000,367.845001,-0.292037,-0.179260
98.000000,367.845001,-0.282174,-0.194696
99.000000,367.845001,-0.268546,-0.194984
100.000000,367.845001,-0.251340,-0.205595
101.000000,367.845001,-0.230774,-0.206530
102.000000,367.845001,-0.207136,-0.201458
103.000000,367.845001,-0.180730,-0.206708
104.000000,367.845001,-0.151916,-0.197522
105.000000,367.845001,-0.121075,-0.192450
106.000000,367.845001,-0.088618,-0.181340
107.000000,367.845001,-0.054981,-0.167394
108.000000,367.845001,-0.020608,-0.148628
109.000000,367.845001,0.014038,-0.133871
110.000000,367.845001,0.048498,-0.117991
111.000000,367.845001,0.082310,-0.095944
112.000000,367.845001,0.115026,-0.069586
113.000000,367.845001,0.146204,-0.047013
114.000000,367.845001,0.175436,-0.030826
115.000000,367.845001,0.202324,-0.007689
116.000000,367.845001,0.226515,0.019791
117.000000,367.845001,0.247685,0.038860
118.000000,367.845001,0.265548,0.063362
119.000000,367.845001,0.279875,0.090609
120.000000,367.845001,0.290459,0.106085
121.000000,367.845001,0.297176,0.125625
122.000000,367.845001,0.299925,0.146545
123.000000,367.845001,0.298674,0.158315
124.000000,367.845001,0.293443,0.175688
125.000000,367.845001,0.284289,0.192741
126.000000,367.845001,0.271351,0.196938
127.000000,367.845001,0.254787,0.200837
128.000000,367.845001,0.234827,0.202935
129.000000,367.845001,0.211736,0.204818
130.000000,367.845001,0.185817,0.202023
131.000000,367.845001,0.157424,0.200402
132.000000,367.845001,0.126925,0.190684
133.000000,367.845001,0.094737,0.182309
134.000000,367.845001,0.061284,0.171460
135.000000,367.845001,0.027014,0.154668
136.000000,367.845001,-0.007617,0.137886
137.000000,367.845001,-0.042146,0.120943
138.000000,367.845001,-0.076113,0.097224
139.000000,367.845001,-0.109064,0.080369
140.000000,367.845001,-0.140561,0.052073
141.000000,367.845001,-0.170183,0.028913
142.000000,367.845001,-0.197533,0.004310
143.000000,367.845001,-0.222253,-0.018850
144.000000,367.845001,-0.244001,-0.044832
145.000000,367.845001,-0.262499,-0.058435
146.000000,367.845001,-0.277494,-0.088774
147.000000,367.845001,-0.288786,-0.108530
148.000000,367.845001,-0.296230,-0.123846
149.000000,367.845001,-0.299716,-0.148225
150.000000,367.845001,-0.299211,-0.159573
151.000000,367.845001,-0.294708,-0.168342
152.000000,367.845001,-0.286277,-0.185427
153.000000,367.845001,-0.274028,-0.188075
154.000000,367.845001,-0.258120,-0.198104
155.000000,367.845001,-0.238775,-0.209535
156.000000,367.845001,-0.216237,-0.201989
157.000000,367.845001,-0.190820,-0.206365
158.000000,367.845001,-0.162855,-0.210502
159.000000,367.845001,-0.132718,-0.194329
160.000000,367.845001,-0.100812,-0.173849
161.000000,367.845001,-0.067559,-0.176873
162.000000,367.845001,-0.033407,-0.159133
163.000000,367.845001,0.001192,-0.132400
164.000000,367.845001,0.035775,-0.126357
165.000000,367.845001,0.069881,-0.104003
166.000000,367.845001,0.103053,-0.079657
167.000000,367.845001,0.134854,-0.066159
168.000000,367.845001,0.164851,-0.038079
169.000000,367.845001,0.192653,-0.009119
170.000000,367.845001,0.217884,0.010692
171.000000,367.845001,0.240207,0.033939
172.000000,367.845001,0.259330,0.056160
173.000000,367.845001,0.274987,0.076089
174.000000,367.845001,0.286983,0.102457
175.000000,367.845001,0.295144,0.114758
176.000000,367.845001,0.299372,0.137166
177.000000,367.845001,0.299606,0.164867
178.000000,367.845001,0.295841,0.166649
179.000000,367.845001,0.288136,0.179935
180.000000,367.845001,0.276578,0.192228
181.000000,367.845001,0.261337,0.195517
182.000000,367.845001,0.242607,0.203663
183.000000,367.845001,0.220641,0.207842
184.000000,367.845001,0.195735,0.204818
185.000000,367.845001,0.168213,0.203957
186.000000,367.845001,0.138451,0.198468
187.000000,367.845001,0.106840,0.180329
188.000000,367.845001,0.073804,0.179761
189.000000,367.845001,0.039784,0.157806
190.000000,367.845001,0.005233,0.145134
191.000000,367.845001,-0.029388,0.128338
192.000000,367.845001,-0.063616,0.095231
193.000000,367.845001,-0.096996,0.085830
194.000000,367.845001,-0.129082,0.064333
195.000000,367.845001,-0.159446,0.034654
196.000000,367.845001,-0.187685,0.016245
197.000000,367.845001,-0.213416,-0.007625
198.000000,367.845001,-0.236305,-0.009110
199.000000,367.845001,-0.256037,-0.054966
200.000000,367.845001,-0.272357,-0.076830
201.000000,367.845001,-0.285044,-0.106042
202.000000,367.845001,-0.293925,-0.122751
203.000000,367.845001,-0.298893,-0.137467
204.000000,367.845001,-0.299863,-0.157379
205.000000,367.845001,-0.296841,-0.172374
206.000000,367.845001,-0.289855,-0.178243
207.000000,367.845001,-0.279003,-0.200308
208.000000,367.845001,-0.264433,-0.199836
209.000000,367.845001,-0.246330,-0.203831
210.000000,367.845001,-0.224947,-0.209476
211.000000,367.845001,-0.200557,-0.204610
212.000000,367.845001,-0.173495,-0.208903
213.000000,367.845001,-0.144119,-0.201522
214.000000,367.845001,-0.112819,-0.183796
215.000000,367.845001,-0.080016,-0.182454
216.000000,367.845001,-0.046144,-0.165667
217.000000,367.845001,-0.011657,-0.142887
218.000000,367.845001,0.022986,-0.131264
219.000000,367.845001,0.057322,-0.106303
220.000000,367.845001,0.090894,-0.086497
221.000000,367.845001,0.123252,-0.069586
222.000000,367.845001,0.153968,-0.044553
223.000000,367.845001,0.182627,-0.019986
224.000000,367.845001,0.208852,0.003178
225.000000,367.845001,0.232292,0.024638
226.000000,367.845001,0.252630,0.047139
227.000000,367.845001,0.269605,0.069909
228.000000,367.845001,0.282973,0.096276
229.000000,367.845001,0.292574,0.109791
230.000000,367.845001,0.298269,0.130913
231.000000,367.845001,0.299985,0.148712
232.000000,367.845001,0.297703,0.160775
233.000000,367.845001,0.291444,0.176742
234.000000,367.845001,0.281304,0.191335
235.000000,367.845001,0.267404,0.192617
236.000000,367.845001,0.249942,0.202624
237.000000,367.845001,0.229145,0.212236
238.000000,367.845001,0.205289,0.204964
239.000000,367.845001,0.178700,0.207457
240.000000,367.845001,0.149720,0.202262
241.000000,367.845001,0.118748,0.187110
242.000000,367.845001,0.086189,0.176948
243.000000,367.845001,0.052482,0.165059
244.000000,367.845001,0.018074,0.144474
245.000000,367.845001,-0.016574,0.128805
246.000000,367.845001,-0.051002,0.115583
247.000000,367.845001,-0.084749,0.089344
248.000000,367.845001,-0.117366,0.069882
249.000000,367.845001,-0.148418,0.049219
250.000000,367.845001,-0.177488,0.026540
251.000000,367.845001,-0.204195,0.000750
252.000000,367.845001,-0.228171,-0.029759
253.000000,367.845001,-0.249109,-0.048612
254.000000,367.845001,-0.266721,-0.064954
255.000000,367.845001,-0.280775,-0.093855
256.000000,367.845001,-0.291088,-0.110229
257.000000,367.845001,-0.297510,-0.126512
258.000000,367.845001,-0.299972,-0.152618
259.000000,367.845001,-0.298425,-0.165300
260.000000,367.845001,-0.292901,-0.171389
261.000000,367.845001,-0.283470,-0.191974
262.000000,367.845001,-0.270255,-0.196482
263.000000,367.845001,-0.253441,-0.199891
264.000000,367.845001,-0.233238,-0.209755
265.000000,367.845001,-0.209929,-0.210763
266.000000,367.845001,-0.183817,-0.201824
267.000000,367.845001,-0.155254,-0.205888
268.000000,367.845001,-0.124621,-0.198269
269.000000,367.845001,-0.092324,-0.179210
270.000000,367.845001,-0.058797,-0.172260
0.000000,384.167999,0.025208,-0.124831
1.000000,384.167999,0.061015,-0.103985
2.000000,384.167999,0.095935,-0.089008
3.000000,384.167999,0.129459,-0.067548
4.000000,384.167999,0.161100,-0.036054
5.000000,384.167999,0.190399,-0.018763
6.000000,384.167999,0.216925,0.004631
7.000000,384.167999,0.240295,0.034704
8.000000,384.167999,0.260169,0.055188
9.000000,384.167999,0.276259,0.075755
10.000000,384.167999,0.288332,0.102049
11.000000,384.167999,0.296211,0.118506
12.000000,384.167999,0.299776,0.138326
13.000000,384.167999,0.298980,0.153940
14.000000,384.167999,0.293835,0.169389
15.000000,384.167999,0.284417,0.184742
16.000000,384.167999,0.270862,0.188650
17.000000,384.167999,0.253367,0.197730
18.000000,384.167999,0.232182,0.207269
19.000000,384.167999,0.207619,0.191797
20.000000,384.167999,0.180037,0.208511
21.000000,384.167999,0.149837,0.246144
22.000000,384.167999,0.117457,0.188224
23.000000,384.167999,0.083368,0.173682
24.000000,384.167999,0.048065,0.164766
25.000000,384.167999,0.012063,0.146641
26.000000,384.167999,-0.024114,0.128145
27.000000,384.167999,-0.059941,0.111936
28.000000,384.167999,-0.094895,0.087717
29.000000,384.167999,-0.128470,0.064681
30.000000,384.167999,-0.160175,0.044752
31.000000,384.167999,-0.189548,0.011819
32.000000,384.167999,-0.216164,-0.003323
33.000000,384.167999,-0.239636,-0.025860
34.000000,384.167999,-0.259623,-0.055745
35.000000,384.167999,-0.275834,-0.079822
36.000000,384.167999,-0.288029,-0.095797
37.000000,384.167999,-0.296032,-0.119883
38.000000,384.167999,-0.299729,-0.137412
39.000000,384.167999,-0.299067,-0.156581
40.000000,384.167999,-0.294056,-0.171600
41.000000,384.167999,-0.284767,-0.179975
42.000000,384.167999,-0.271333,-0.193316
43.000000,384.167999,-0.253949,-0.200102
44.000000,384.167999,-0.232873,-0.199556
45.000000,384.167999,-0.208409,-0.209022
46.000000,384.167999,-0.180914,-0.205316
47.000000,384.167999,-0.150788,-0.191763
48.000000,384.167999,-0.118466,-0.193614
49.000000,384.167999,-0.084420,-0.177501
50.000000,384.167999,-0.049147,-0.159335
51.000000,384.167999,-0.013159,-0.152252
52.000000,384.167999,0.023021,-0.130265
53.000000,384.167999,0.058866,-0.111498
54.000000,384.167999,0.093855,-0.091541
55.000000,384.167999,0.127477,-0.069114
56.000000,384.167999,0.159244,-0.039627
57.000000,384.167999,0.188696,-0.022717
58.000000,384.167999,0.215403,0.001350
59.000000,384.167999,0.238977,0.023644
60.000000,384.167999,0.259073,0.055555
61.000000,384.167999,0.275398,0.079608
62.000000,384.167999,0.287717,0.092817
63.000000,384.167999,0.295851,0.117072
64.000000,384.167999,0.299682,0.138665
65.000000,384.167999,0.299155,0.149834
66.000000,384.167999,0.294274,0.165128
67.000000,384.167999,0.285108,0.187908
68.000000,384.167999,0.271796,0.190757
69.000000,384.167999,0.254531,0.195110
70.000000,384.167999,0.233563,0.205015
71.000000,384.167999,0.209199,0.197084
72.000000,384.167999,0.181790,0.204850
73.000000,384.167999,0.151734,0.203008
74.000000,384.167999,0.119471,0.184137
75.000000,384.167999,0.085472,0.181562
76.000000,384.167999,0.050228,0.167666
77.000000,384.167999,0.014255,0.147521
78.000000,384.167999,-0.021927,0.133565
79.000000,384.167999,-0.057790,0.111436
80.000000,384.167999,-0.092811,0.090150
81.000000,384.167999,-0.126482,0.071054
82.000000,384.167999,-0.158314,0.031433
83.000000,384.167999,-0.187843,0.018119
84.000000,384.167999,-0.214640,-0.001431
85.000000,384.167999,-0.238311,-0.029250
86.000000,384.167999,-0.258515,-0.050046
87.000000,384.167999,-0.274960,-0.071909
88.000000,384.167999,-0.287405,-0.098602
89.000000,384.167999,-0.295670,-0.118284
90.000000,384.167999,-0.299634,-0.130026
91.000000,384.167999,-0.299234,-0.152838
92.000000,384.167999,-0.294481,-0.168507
93.000000,384.167999,-0.285446,-0.175563
94.000000,384.167999,-0.272259,-0.194128
95.000000,384.167999,-0.255112,-0.197215
96.000000,384.167999,-0.234254,-0.199891
97.000000,384.167999,-0.209983,-0.208569
98.000000,384.167999,-0.182659,-0.204816
99.000000,384.167999,-0.152678,-0.190590
100.000000,384.167999,-0.120477,-0.190787
101.000000,384.167999,-0.086523,-0.181381
102.000000,384.167999,-0.051310,-0.165295
103.000000,384.167999,-0.015350,-0.153965
104.000000,384.167999,0.020833,-0.133618
105.000000,384.167999,0.056713,-0.111572
106.000000,384.167999,0.091767,-0.096375
107.000000,384.167999,0.125488,-0.069041
108.000000,384.167999,0.157384,-0.047787
109.000000,384.167999,0.186987,-0.031564
110.000000,384.167999,0.213869,0.001424
111.000000,384.167999,0.237642,0.027291
112.000000,384.167999,0.257957,0.053621
113.000000,384.167999,0.274521,0.080502
114.000000,384.167999,0.287093,0.088877
115.000000,384.167999,0.295482,0.114098
116.000000,384.167999,0.299574,0.137478
117.000000,384.167999,0.299308,0.147828
118.000000,384.167999,0.294689,0.165055
119.000000,384.167999,0.285784,0.184041
120.000000,384.167999,0.272722,0.186217
121.000000,384.167999,0.255687,0.197190
122.000000,384.167999,0.234934,0.205089
123.000000,384.167999,0.210763,0.203031
124.000000,384.167999,0.183528,0.200383
125.000000,384.167999,0.153622,0.193635
126.000000,384.167999,0.121482,0.186890
127.000000,384.167999,0.087573,0.176728
128.000000,384.167999,0.052390,0.170566
129.000000,384.167999,0.016445,0.150201
130.000000,384.167999,-0.019739,0.134166
131.000000,384.167999,-0.055635,0.117823
132.000000,384.167999,-0.090724,0.090824
133.000000,384.167999,-0.124491,0.068754
134.000000,384.167999,-0.156446,0.043006
135.000000,384.167999,-0.186126,0.020213
136.000000,384.167999,-0.213099,-0.001710
137.000000,384.167999,-0.236972,-0.051086
138.000000,384.167999,-0.257399,-0.053679
139.000000,384.167999,-0.274078,-0.068175
140.000000,384.167999,-0.286769,-0.095848
141.000000,384.167999,-0.295288,-0.114550
142.000000,384.167999,-0.299513,-0.128899
143.000000,384.167999,-0.299382,-0.153805
144.000000,384.167999,-0.294896,-0.166193
145.000000,384.167999,-0.286116,-0.176002
146.000000,384.167999,-0.273173,-0.188488
147.000000,384.167999,-0.256257,-0.197082
148.000000,384.167999,-0.235614,-0.199451
149.000000,384.167999,-0.211544,-0.206035
150.000000,384.167999,-0.184396,-0.204523
151.000000,384.167999,-0.154564,-0.194164
152.000000,384.167999,-0.122483,-0.194141
153.000000,384.167999,-0.088621,-0.174688
154.000000,384.167999,-0.053469,-0.163802
155.000000,384.167999,-0.017540,-0.153892
156.000000,384.167999,0.018644,-0.137865
157.000000,384.167999,0.054558,-0.118178
158.000000,384.167999,0.089677,-0.096008
159.000000,384.167999,0.123491,-0.072175
160.000000,384.167999,0.155509,-0.054206
161.000000,384.167999,0.185265,-0.025557
162.000000,384.167999,0.212328,0.005336
163.000000,384.167999,0.236299,0.019479
164.000000,384.167999,0.256831,0.047500
165.000000,384.167999,0.273627,0.072960
166.000000,384.167999,0.286444,0.092918
167.000000,384.167999,0.295094,0.113411
168.000000,384.167999,0.299452,0.132251
169.000000,384.167999,0.299452,0.148868
170.000000,384.167999,0.295092,0.168394
171.000000,384.167999,0.286441,0.184554
172.000000,384.167999,0.273624,0.190684
173.000000,384.167999,0.256827,0.197116
174.000000,384.167999,0.236294,0.204122
175.000000,384.167999,0.212322,0.199457
176.000000,384.167999,0.185259,0.201496
177.000000,384.167999,0.155502,0.199068
178.000000,384.167999,0.123483,0.190377
179.000000,384.167999,0.089668,0.181255
180.000000,384.167999,0.054549,0.164134
181.000000,384.167999,0.018636,0.149674
182.000000,384.167999,-0.017549,0.134812
183.000000,384.167999,-0.053478,0.109278
184.000000,384.167999,-0.088629,0.090810
185.000000,384.167999,-0.122491,0.075421
186.000000,384.167999,-0.154572,0.042694
187.000000,384.167999,-0.184403,0.022865
188.000000,384.167999,-0.211550,0.003682
189.000000,384.167999,-0.235619,-0.031564
190.000000,384.167999,-0.256261,-0.040086
191.000000,384.167999,-0.273177,-0.068496
192.000000,384.167999,-0.286119,-0.098748
193.000000,384.167999,-0.294898,-0.116351
194.000000,384.167999,-0.299382,-0.134787
195.000000,384.167999,-0.299513,-0.156339
196.000000,384.167999,-0.295287,-0.169327
197.000000,384.167999,-0.286766,-0.178389
198.000000,384.167999,-0.274074,-0.191461
199.000000,384.167999,-0.257395,-0.198723
200.000000,384.167999,-0.236967,-0.205838
201.000000,384.167999,-0.213093,-0.208582
202.000000,384.167999,-0.186119,-0.201710
203.000000,384.167999,-0.156439,-0.204743
204.000000,384.167999,-0.124483,-0.193188
205.000000,384.167999,-0.090716,-0.179475
206.000000,384.167999,-0.055627,-0.169740
207.000000,384.167999,-0.019730,-0.153319
208.000000,384.167999,0.016454,-0.133293
209.000000,384.167999,0.052398,-0.115709
210.000000,384.167999,0.087581,-0.094469
211.000000,384.167999,0.121490,-0.069829
212.000000,384.167999,0.153630,-0.058499
213.000000,384.167999,0.183534,-0.023124
214.000000,384.167999,0.210769,0.001222
215.000000,384.167999,0.234939,0.019392
216.000000,384.167999,0.255692,0.047326
217.000000,384.167999,0.272725,0.070147
218.000000,384.167999,0.285786,0.092977
219.000000,384.167999,0.294690,0.117777
220.000000,384.167999,0.299308,0.132113
221.000000,384.167999,0.299573,0.149367
222.000000,384.167999,0.295481,0.170067
223.000000,384.167999,0.287091,0.176623
224.000000,384.167999,0.274518,0.194230
225.000000,384.167999,0.257953,0.207856
226.000000,384.167999,0.237636,0.201171
227.000000,384.167999,0.213863,0.201950
228.000000,384.167999,0.186980,0.205982
229.000000,384.167999,0.157376,0.194477
230.000000,384.167999,0.125480,0.189823
231.000000,384.167999,0.091759,0.179120
232.000000,384.167999,0.056704,0.163002
233.000000,384.167999,0.020824,0.149867
234.000000,384.167999,-0.015359,0.136191
235.000000,384.167999,-0.051319,0.110918
236.000000,384.167999,-0.086531,0.094356
237.000000,384.167999,-0.120485,0.084327
238.000000,384.167999,-0.152686,0.046181
239.000000,384.167999,-0.182666,0.024638
240.000000,384.167999,-0.209989,-0.002604
241.000000,384.167999,-0.234259,-0.025544
242.000000,384.167999,-0.255116,-0.050454
243.000000,384.167999,-0.272262,-0.075840
244.000000,384.167999,-0.285448,-0.095055
245.000000,384.167999,-0.294483,-0.113272
246.000000,384.167999,-0.299234,-0.139891
247.000000,384.167999,-0.299634,-0.150419
248.000000,384.167999,-0.295669,-0.162982
249.000000,384.167999,-0.287402,-0.182014
250.000000,384.167999,-0.274956,-0.187782
251.000000,384.167999,-0.258511,-0.193051
252.000000,384.167999,-0.238306,-0.203882
253.000000,384.167999,-0.214634,-0.207570
254.000000,384.167999,-0.187837,-0.198777
255.000000,384.167999,-0.158307,-0.204262
256.000000,384.167999,-0.126474,-0.192922
257.000000,384.167999,-0.092803,-0.182916
258.000000,384.167999,-0.057781,-0.169520
259.000000,384.167999,-0.021919,-0.156320
0.000000,401.213989,0.028567,-0.130865
1.000000,401.213989,0.065883,-0.099137
2.000000,401.213989,0.102152,-0.087074
3.000000,401.213989,0.136800,-0.061674
4.000000,401.213989,0.169280,-0.043980
5.000000,401.213989,0.199073,-0.019450
6.000000,401.213989,0.225705,0.011824
7.000000,401.213989,0.248758,0.030553
8.000000,401.213989,0.267867,0.057474
9.000000,401.213989,0.282721,0.090448
10.000000,401.213989,0.293089,0.094484
11.000000,401.213989,0.298810,0.124059
12.000000,401.213989,0.299793,0.151379
13.000000,401.213989,0.296011,0.159515
14.000000,401.213989,0.287536,0.170635
15.000000,401.213989,0.274502,0.188728
16.000000,401.213989,0.257111,0.193217
17.000000,401.213989,0.235637,0.198757
18.000000,401.213989,0.210427,0.208662
19.000000,401.213989,0.181881,0.198871
20.000000,401.213989,0.150445,0.196076
21.000000,401.213989,0.116623,0.192741
22.000000,401.213989,0.080952,0.176696
23.000000,401.213989,0.043996,0.157761
24.000000,401.213989,0.006341,0.151072
25.000000,401.213989,-0.031414,0.125506
26.000000,401.213989,-0.068670,0.109911
27.000000,401.213989,-0.104838,0.091768
28.000000,401.213989,-0.139340,0.061369
29.000000,401.213989,-0.171633,0.040940
30.000000,401.213989,-0.201204,0.017963
31.000000,401.213989,-0.227581,-0.013636
32.000000,401.213989,-0.250345,-0.035751
33.000000,401.213989,-0.269140,-0.055241
34.000000,401.213989,-0.283668,-0.083368
35.000000,401.213989,-0.293687,-0.107371
36.000000,401.213989,-0.299049,-0.135598
37.000000,401.213989,-0.299670,-0.148252
38.000000,401.213989,-0.295536,-0.157681
39.000000,401.213989,-0.286707,-0.173446
40.000000,401.213989,-0.273333,-0.183448
41.000000,401.213989,-0.255625,-0.187530
42.000000,401.213989,-0.233857,-0.198535
43.000000,401.213989,-0.208378,-0.201169
44.000000,401.213989,-0.179595,-0.190517
45.000000,401.213989,-0.147964,-0.195035
46.000000,401.213989,-0.113982,-0.192249
47.000000,401.213989,-0.078193,-0.172516
48.000000,401.213989,-0.041163,-0.166239
49.000000,401.213989,-0.003480,-0.146786
50.000000,401.213989,0.034258,-0.124446
51.000000,401.213989,0.071452,-0.113189
52.000000,401.213989,0.107514,-0.086002
53.000000,401.213989,0.141869,-0.057468
54.000000,401.213989,0.173971,-0.037231
55.000000,401.213989,0.203315,-0.006324
56.000000,401.213989,0.229436,0.006445
57.000000,401.213989,0.251911,0.037540
58.000000,401.213989,0.270391,0.065827
59.000000,401.213989,0.284583,0.079897
60.000000,401.213989,0.294261,0.107918
61.000000,401.213989,0.299264,0.133671
62.000000,401.213989,0.299521,0.144181
63.000000,401.213989,0.295030,0.161628
64.000000,401.213989,0.285855,0.175634
65.000000,401.213989,0.272142,0.186437
66.000000,401.213989,0.254113,0.194436
67.000000,401.213989,0.232056,0.207242
68.000000,401.213989,0.206312,0.197451
69.000000,401.213989,0.177295,0.199343
70.000000,401.213989,0.145467,0.196828
71.000000,401.213989,0.111332,0.183463
72.000000,401.213989,0.075427,0.177095
73.000000,401.213989,0.038327,0.163799
74.000000,401.213989,0.000620,0.142087
75.000000,401.213989,-0.037099,0.125451
76.000000,401.213989,-0.074227,0.100450
77.000000,401.213989,-0.110179,0.086503
78.000000,401.213989,-0.144384,0.061374
79.000000,401.213989,-0.176295,0.026246
80.000000,401.213989,-0.205409,0.006284
81.000000,401.213989,-0.231266,0.003183
82.000000,401.213989,-0.253457,-0.044951
83.000000,401.213989,-0.271619,-0.067460
84.000000,401.213989,-0.285473,-0.088430
85.000000,401.213989,-0.294802,-0.112223
86.000000,401.213989,-0.299453,-0.131158
87.000000,401.213989,-0.299347,-0.142901
88.000000,401.213989,-0.294495,-0.161772
89.000000,401.213989,-0.284974,-0.175581
90.000000,401.213989,-0.270927,-0.187617
91.000000,401.213989,-0.252581,-0.195928
92.000000,401.213989,-0.230230,-0.198942
93.000000,401.213989,-0.204228,-0.200404
94.000000,401.213989,-0.174980,-0.196895
95.000000,401.213989,-0.142958,-0.194782
96.000000,401.213989,-0.108669,-0.188336
97.000000,401.213989,-0.072655,-0.177780
98.000000,401.213989,-0.035488,-0.157740
99.000000,401.213989,0.002242,-0.148472
100.000000,401.213989,0.039936,-0.130398
101.000000,401.213989,0.076997,-0.101511
102.000000,401.213989,0.112835,-0.075080
103.000000,401.213989,0.146883,-0.058380
104.000000,401.213989,0.178604,-0.030767
105.000000,401.213989,0.207486,-0.012143
106.000000,401.213989,0.233077,0.015498
107.000000,401.213989,0.254973,0.044005
108.000000,401.213989,0.272824,0.060695
109.000000,401.213989,0.286340,0.084689
110.000000,401.213989,0.295317,0.114909
111.000000,401.213989,0.299611,0.128773
112.000000,401.213989,0.299148,0.149120
113.000000,401.213989,0.293936,0.165659
114.000000,401.213989,0.284064,0.175423
115.000000,401.213989,0.269688,0.186835
116.000000,401.213989,0.251027,0.190982
117.000000,401.213989,0.228384,0.198784
118.000000,401.213989,0.202120,0.200149
119.000000,401.213989,0.172650,0.192283
120.000000,401.213989,0.140436,0.192823
121.000000,401.213989,0.105997,0.189268
122.000000,401.213989,0.069876,0.173196
123.000000,401.213989,0.032646,0.158068
124.000000,401.213989,-0.005102,0.142752
125.000000,401.213989,-0.042769,0.119106
126.000000,401.213989,-0.079759,0.102030
127.000000,401.213989,-0.115481,0.084634
128.000000,401.213989,-0.149371,0.054221
129.000000,401.213989,-0.180892,0.019805
130.000000,401.213989,-0.209546,0.008516
131.000000,401.213989,-0.234869,-0.021590
132.000000,401.213989,-0.256467,-0.043366
133.000000,401.213989,-0.273999,-0.063809
134.000000,401.213989,-0.287184,-0.092361
135.000000,401.213989,-0.295807,-0.111751
136.000000,401.213989,-0.299740,-0.131112
137.000000,401.213989,-0.298920,-0.156572
138.000000,401.213989,-0.293353,-0.163541
139.000000,401.213989,-0.283131,-0.183681
140.000000,401.213989,-0.268420,-0.188794
141.000000,401.213989,-0.249452,-0.194356
142.000000,401.213989,-0.226520,-0.205082
143.000000,401.213989,-0.199996,-0.202722
144.000000,401.213989,-0.170301,-0.192363
145.000000,401.213989,-0.137903,-0.194141
146.000000,401.213989,-0.103315,-0.182421
147.000000,401.213989,-0.067090,-0.167082
148.000000,401.213989,-0.029800,-0.160879
149.000000,401.213989,0.007963,-0.141499
150.000000,401.213989,0.045599,-0.117752
151.000000,401.213989,0.082512,-0.101428
152.000000,401.213989,0.118118,-0.077815
153.000000,401.213989,0.151846,-0.052575
154.000000,401.213989,0.183166,-0.034464
155.000000,401.213989,0.211581,-0.008463
156.000000,401.213989,0.236640,0.026297
157.000000,401.213989,0.257940,0.046488
158.000000,401.213989,0.275150,0.067128
159.000000,401.213989,0.287997,0.086568
160.000000,401.213989,0.296272,0.111578
161.000000,401.213989,0.299844,0.135719
162.000000,401.213989,0.298661,0.144066
163.000000,401.213989,0.292743,0.165668
164.000000,401.213989,0.282174,0.180421
165.000000,401.213989,0.267129,0.184650
166.000000,401.213989,0.247848,0.197203
167.000000,401.213989,0.224636,0.204136
168.000000,401.213989,0.197855,0.198124
169.000000,401.213989,0.167937,0.199797
170.000000,401.213989,0.135356,0.194455
171.000000,401.213989,0.100626,0.179670
172.000000,401.213989,0.064298,0.171001
173.000000,401.213989,0.026952,0.159479
174.000000,401.213989,-0.010822,0.139640
175.000000,401.213989,-0.048425,0.119211
176.000000,401.213989,-0.085259,0.101888
177.000000,401.213989,-0.120741,0.072749
178.000000,401.213989,-0.154308,0.048000
179.000000,401.213989,-0.185424,0.027644
180.000000,401.213989,-0.213598,-0.000835
181.000000,401.213989,-0.238387,-0.020224
182.000000,401.213989,-0.259392,-0.048987
183.000000,401.213989,-0.276278,-0.076807
184.000000,401.213989,-0.288783,-0.093003
185.000000,401.213989,-0.296709,-0.121491
186.000000,401.213989,-0.299923,-0.137604
187.000000,401.213989,-0.298377,-0.149787
188.000000,401.213989,-0.292101,-0.169886
189.000000,401.213989,-0.281193,-0.180548
190.000000,401.213989,-0.265816,-0.187676
191.000000,401.213989,-0.246224,-0.199868
192.000000,401.213989,-0.222728,-0.200349
193.000000,401.213989,-0.195697,-0.191484
194.000000,401.213989,-0.165558,-0.201128
195.000000,401.213989,-0.132795,-0.194549
196.000000,401.213989,-0.097926,-0.179356
197.000000,401.213989,-0.061501,-0.173153
198.000000,401.213989,-0.024101,-0.157566
199.000000,401.213989,0.013681,-0.134640
200.000000,401.213989,0.051247,-0.127017
201.000000,401.213989,0.087998,-0.101690
202.000000,401.213989,0.123354,-0.072582
203.000000,401.213989,0.156753,-0.055599
204.000000,401.213989,0.187666,-0.025878
205.000000,401.213989,0.215598,0.005016
206.000000,401.213989,0.240111,0.021106
207.000000,401.213989,0.260817,0.050533
208.000000,401.213989,0.277382,0.075421
209.000000,401.213989,0.289544,0.092904
210.000000,401.213989,0.297115,0.116664
211.000000,401.213989,0.299975,0.126372
212.000000,401.213989,0.298069,0.147434
213.000000,401.213989,0.291435,0.171634
214.000000,401.213989,0.280180,0.177736
215.000000,401.213989,0.264480,0.192063
216.000000,401.213989,0.244579,0.204355
217.000000,401.213989,0.220799,0.197011
218.000000,401.213989,0.193519,0.199723
219.000000,401.213989,0.163166,0.198322
220.000000,401.213989,0.130224,0.188443
221.000000,401.213989,0.095216,0.184535
222.000000,401.213989,0.058699,0.167666
223.000000,401.213989,0.021248,0.148781
224.000000,401.213989,-0.016538,0.135645
225.000000,401.213989,-0.054063,0.108857
226.000000,401.213989,-0.090730,0.093050
227.000000,401.213989,-0.125956,0.074541
228.000000,401.213989,-0.159185,0.047968
229.000000,401.213989,-0.189889,0.026746
230.000000,401.213989,-0.217580,0.002056
231.000000,401.213989,-0.241815,-0.030964
232.000000,401.213989,-0.262217,-0.053693
233.000000,401.213989,-0.278461,-0.071836
234.000000,401.213989,-0.290281,-0.100535
235.000000,401.213989,-0.297496,-0.121331
236.000000,401.213989,-0.299994,-0.134640
237.000000,401.213989,-0.297735,-0.148912
238.000000,401.213989,-0.290744,-0.169927
239.000000,401.213989,-0.279143,-0.188510
240.000000,401.213989,-0.263116,-0.192955
241.000000,401.213989,-0.242913,-0.191282
242.000000,401.213989,-0.218853,-0.202910
243.000000,401.213989,-0.191323,-0.203895
244.000000,401.213989,-0.160759,-0.197770
245.000000,401.213989,-0.127641,-0.195369
246.000000,401.213989,-0.092499,-0.182028
247.000000,401.213989,-0.055890,-0.165121
248.000000,401.213989,-0.018394,-0.157906
0.000000,419.016998,0.013666,-0.136766
1.000000,419.016998,0.052883,-0.124497
2.000000,419.016998,0.091187,-0.099816
3.000000,419.016998,0.127912,-0.069522
4.000000,419.016998,0.162422,-0.052099
5.000000,419.016998,0.194123,-0.025424
6.000000,419.016998,0.222468,0.005616
7.000000,419.016998,0.246959,0.025280
8.000000,419.016998,0.267177,0.052467
9.000000,419.016998,0.282774,0.082321
10.000000,419.016998,0.293481,0.091570
11.000000,419.016998,0.299102,0.122932
12.000000,419.016998,0.299550,0.144378
13.000000,419.016998,0.294819,0.156528
14.000000,419.016998,0.284984,0.177242
15.000000,419.016998,0.270215,0.186721
16.000000,419.016998,0.250773,0.192310
17.000000,419.016998,0.226994,0.198670
18.000000,419.016998,0.199283,0.195096
19.000000,419.016998,0.168125,0.194537
20.000000,419.016998,0.134059,0.192695
21.000000,419.016998,0.097674,0.177296
22.000000,419.016998,0.059596,0.170502
23.000000,419.016998,0.020488,0.158013
24.000000,419.016998,-0.018974,0.130706
25.000000,419.016998,-0.058108,0.118552
26.000000,419.016998,-0.096236,0.102195
27.000000,419.016998,-0.132699,0.070449
28.000000,419.016998,-0.166868,0.047647
29.000000,419.016998,-0.198147,0.024290
30.000000,419.016998,-0.225996,-0.006929
31.000000,419.016998,-0.249938,-0.031152
32.000000,419.016998,-0.269557,-0.051155
33.000000,419.016998,-0.284504,-0.080454
34.000000,419.016998,-0.294532,-0.103857
35.000000,419.016998,-0.299466,-0.116712
36.000000,419.016998,-0.299217,-0.141764
37.000000,419.016998,-0.293787,-0.163160
38.000000,419.016998,-0.283276,-0.171169
39.000000,419.016998,-0.267867,-0.183507
40.000000,419.016998,-0.247817,-0.187942
41.000000,419.016998,-0.223480,-0.197169
42.000000,419.016998,-0.195278,-0.197128
43.000000,419.016998,-0.163699,-0.195689
44.000000,419.016998,-0.129282,-0.193848
45.000000,419.016998,-0.092631,-0.185968
46.000000,419.016998,-0.054377,-0.162675
47.000000,419.016998,-0.015182,-0.155225
48.000000,419.016998,0.024276,-0.135905
49.000000,419.016998,0.063314,-0.114985
50.000000,419.016998,0.101257,-0.095028
51.000000,419.016998,0.137446,-0.064634
52.000000,419.016998,0.171257,-0.038134
53.000000,419.016998,0.202107,-0.020037
54.000000,419.016998,0.229460,0.008424
55.000000,419.016998,0.252838,0.036564
56.000000,419.016998,0.271843,0.061222
57.000000,419.016998,0.286148,0.082682
58.000000,419.016998,0.295498,0.109182
59.000000,419.016998,0.299733,0.119853
60.000000,419.016998,0.298784,0.145106
61.000000,419.016998,0.292669,0.166993
62.000000,419.016998,0.281483,0.173856
63.000000,419.016998,0.265428,0.188549
64.000000,419.016998,0.244782,0.194235
65.000000,419.016998,0.219902,0.195284
66.000000,419.016998,0.191212,0.196576
67.000000,419.016998,0.159215,0.190189
68.000000,419.016998,0.124466,0.188957
69.000000,419.016998,0.087561,0.176554
70.000000,419.016998,0.049140,0.161728
71.000000,419.016998,0.009870,0.156881
72.000000,419.016998,-0.029571,0.137025
73.000000,419.016998,-0.068500,0.105191
74.000000,419.016998,-0.106244,0.092130
75.000000,419.016998,-0.142150,0.070266
76.000000,419.016998,-0.175598,0.036440
77.000000,419.016998,-0.206003,0.015045
78.000000,419.016998,-0.232845,-0.007039
79.000000,419.016998,-0.255661,-0.039898
80.000000,419.016998,-0.274051,-0.061147
81.000000,419.016998,-0.287697,-0.085457
82.000000,419.016998,-0.296367,-0.111476
83.000000,419.016998,-0.299912,-0.130792
84.000000,419.016998,-0.298261,-0.139753
85.000000,419.016998,-0.291451,-0.165726
86.000000,419.016998,-0.279600,-0.174848
87.000000,419.016998,-0.262913,-0.192895
88.000000,419.016998,-0.241670,-0.195209
89.000000,419.016998,-0.216248,-0.195263
90.000000,419.016998,-0.187087,-0.202021
91.000000,419.016998,-0.154687,-0.196102
92.000000,419.016998,-0.119608,-0.181583
93.000000,419.016998,-0.082462,-0.179333
94.000000,419.016998,-0.043889,-0.163527
95.000000,419.016998,-0.004556,-0.145654
96.000000,419.016998,0.034856,-0.135511
97.000000,419.016998,0.073665,-0.105717
98.000000,419.016998,0.111200,-0.081883
99.000000,419.016998,0.146808,-0.067580
100.000000,419.016998,0.179877,-0.035559
101.000000,419.016998,0.209836,-0.012504
102.000000,419.016998,0.236162,0.012245
103.000000,419.016998,0.258400,0.044559
104.000000,419.016998,0.276169,0.061295
105.000000,419.016998,0.289162,0.088657
106.000000,419.016998,0.297145,0.114190
107.000000,419.016998,0.299988,0.126473
108.000000,419.016998,0.297644,0.149880
109.000000,419.016998,0.290150,0.171020
110.000000,419.016998,0.277629,0.169036
111.000000,419.016998,0.260307,0.179995
112.000000,419.016998,0.238484,0.200709
113.000000,419.016998,0.212532,0.195898
114.000000,419.016998,0.182900,0.199503
115.000000,419.016998,0.150106,0.197208
116.000000,419.016998,0.114716,0.185470
117.000000,419.016998,0.077338,0.175762
118.000000,419.016998,0.038623,0.164239
119.000000,419.016998,-0.000760,0.141794
120.000000,419.016998,-0.040131,0.125012
121.000000,419.016998,-0.078806,0.104569
122.000000,419.016998,-0.116118,0.089637
123.000000,419.016998,-0.151422,0.061694
124.000000,419.016998,-0.184105,0.033605
125.000000,419.016998,-0.213600,0.007192
126.000000,419.016998,-0.239402,-0.021058
127.000000,419.016998,-0.261064,-0.051013
128.000000,419.016998,-0.278202,-0.072880
129.000000,419.016998,-0.290528,-0.092430
130.000000,419.016998,-0.297830,-0.118169
131.000000,419.016998,-0.299979,-0.134351
132.000000,419.016998,-0.296931,-0.148174
133.000000,419.016998,-0.288749,-0.170693
134.000000,419.016998,-0.275574,-0.180181
135.000000,419.016998,-0.257626,-0.185976
136.000000,419.016998,-0.235219,-0.201201
137.000000,419.016998,-0.208745,-0.195589
138.000000,419.016998,-0.178661,-0.196244
139.000000,419.016998,-0.145481,-0.193468
140.000000,419.016998,-0.109785,-0.186215
141.000000,419.016998,-0.072190,-0.169836
142.000000,419.016998,-0.033346,-0.161479
143.000000,419.016998,0.006076,-0.143959
144.000000,419.016998,0.045392,-0.122586
145.000000,419.016998,0.083924,-0.105236
146.000000,419.016998,0.121002,-0.080875
147.000000,419.016998,0.155986,-0.058847
148.000000,419.016998,0.188272,-0.028677
149.000000,419.016998,0.217303,-0.001724
150.000000,419.016998,0.242568,0.016272
151.000000,419.016998,0.263638,0.046680
152.000000,419.016998,0.280148,0.074074
153.000000,419.016998,0.291811,0.099991
154.000000,419.016998,0.298420,0.118845
155.000000,419.016998,0.299868,0.135678
156.000000,419.016998,0.296130,0.150201
157.000000,419.016998,0.287264,0.173082
158.000000,419.016998,0.273426,0.183660
159.000000,419.016998,0.254861,0.186130
160.000000,419.016998,0.231887,0.191449
161.000000,419.016998,0.204895,0.194409
162.000000,419.016998,0.174360,0.188810
163.000000,419.016998,0.140809,0.193295
164.000000,419.016998,0.104821,0.181076
165.000000,419.016998,0.067018,0.170649
166.000000,419.016998,0.028057,0.161733
167.000000,419.016998,-0.011390,0.135027
168.000000,419.016998,-0.050640,0.120412
169.000000,419.016998,-0.089013,0.102269
170.000000,419.016998,-0.125847,0.073569
171.000000,419.016998,-0.160505,0.051734
172.000000,419.016998,-0.192381,0.026297
173.000000,419.016998,-0.220930,-0.002315
174.000000,419.016998,-0.245659,-0.026391
175.000000,419.016998,-0.266136,-0.045501
176.000000,419.016998,-0.282004,-0.079854
177.000000,419.016998,-0.292995,-0.095962
178.000000,419.016998,-0.298920,-0.117679
179.000000,419.016998,-0.299668,-0.139378
180.000000,419.016998,-0.295229,-0.158767
181.000000,419.016998,-0.285686,-0.169909
182.000000,419.016998,-0.271201,-0.185807
183.000000,419.016998,-0.252017,-0.190096
184.000000,419.016998,-0.228474,-0.195864
185.000000,419.016998,-0.200981,-0.202475
186.000000,419.016998,-0.170009,-0.197536
187.000000,419.016998,-0.136092,-0.192496
188.000000,419.016998,-0.099823,-0.184254
189.000000,419.016998,-0.061827,-0.170688
190.000000,419.016998,-0.022760,-0.162313
191.000000,419.016998,0.016700,-0.143418
192.000000,419.016998,0.055871,-0.125092
193.000000,419.016998,0.094077,-0.100008
194.000000,419.016998,0.130653,-0.075268
195.000000,419.016998,0.164968,-0.046614
196.000000,419.016998,0.196431,-0.022263
197.000000,419.016998,0.224494,0.002697
198.000000,419.016998,0.248670,0.033884
199.000000,419.016998,0.268545,0.051321
200.000000,419.016998,0.283776,0.079255
201.000000,419.016998,0.294093,0.105609
202.000000,419.016998,0.299320,0.122299
203.000000,419.016998,0.299371,0.138999
204.000000,419.016998,0.294244,0.160533
205.000000,419.016998,0.284018,0.168656
206.000000,419.016998,0.268881,0.184228
207.000000,419.016998,0.249094,0.188915
208.000000,419.016998,0.224996,0.194830
209.000000,419.016998,0.197001,0.201176
210.000000,419.016998,0.165600,0.193657
211.000000,419.016998,0.131335,0.191550
212.000000,419.016998,0.094795,0.182781
213.000000,419.016998,0.056615,0.167176
214.000000,419.016998,0.017456,0.153074
215.000000,419.016998,-0.022005,0.136864
216.000000,419.016998,-0.061085,0.110699
217.000000,419.016998,-0.099109,0.093770
218.000000,419.016998,-0.135418,0.073914
219.000000,419.016998,-0.169384,0.041801
220.000000,419.016998,-0.200416,0.015278
221.000000,419.016998,-0.227983,-0.004432
222.000000,419.016998,-0.251607,-0.032164
223.000000,419.016998,-0.270874,-0.058247
224.000000,419.016998,-0.285452,-0.080843
225.000000,419.016998,-0.295095,-0.110143
226.000000,419.016998,-0.299634,-0.121945
227.000000,419.016998,-0.298980,-0.151120
228.000000,419.016998,-0.293157,-0.163573
229.000000,419.016998,-0.282264,-0.174115
230.000000,419.016998,-0.266484,-0.190875
231.000000,419.016998,-0.246091,-0.199515
232.000000,419.016998,-0.221442,-0.194150
233.000000,419.016998,-0.192964,-0.196134
234.000000,419.016998,-0.161142,-0.196322
235.000000,419.016998,-0.126533,-0.182769
236.000000,419.016998,-0.089737,-0.182087
237.000000,419.016998,-0.051387,-0.167614
0.000000,437.609985,0.020034,-0.140207
1.000000,437.609985,0.060867,-0.115723
2.000000,437.609985,0.100551,-0.088609
3.000000,437.609985,0.138339,-0.070388
4.000000,437.609985,0.173513,-0.051365
5.000000,437.609985,0.205414,-0.017045
6.000000,437.609985,0.233440,0.001231
7.000000,437.609985,0.257062,0.033893
8.000000,437.609985,0.275832,0.067834
9.000000,437.609985,0.289393,0.082123
10.000000,437.609985,0.297495,0.112004
11.000000,437.609985,0.299985,0.132704
12.000000,437.609985,0.296815,0.146407
13.000000,437.609985,0.288043,0.163707
14.000000,437.609985,0.273831,0.182547
15.000000,437.609985,0.254454,0.184430
16.000000,437.609985,0.230277,0.192049
17.000000,437.609985,0.201756,0.200255
18.000000,437.609985,0.169425,0.190830
19.000000,437.609985,0.133896,0.189003
20.000000,437.609985,0.095841,0.183514
21.000000,437.609985,0.055978,0.170135
22.000000,437.609985,0.015059,0.156253
23.000000,437.609985,-0.026145,0.130212
24.000000,437.609985,-0.066855,0.112545
25.000000,437.609985,-0.106303,0.092922
26.000000,437.609985,-0.143746,0.062615
27.000000,437.609985,-0.178478,0.042740
28.000000,437.609985,-0.209840,0.021477
29.000000,437.609985,-0.237240,-0.012363
30.000000,437.609985,-0.260165,-0.041565
31.000000,437.609985,-0.278182,-0.056808
32.000000,437.609985,-0.290951,-0.089668
33.000000,437.609985,-0.298225,-0.105410
34.000000,437.609985,-0.299871,-0.124446
35.000000,437.609985,-0.295860,-0.153658
36.000000,437.609985,-0.286267,-0.165460
37.000000,437.609985,-0.271274,-0.173629
38.000000,437.609985,-0.251157,-0.186334
39.000000,437.609985,-0.226301,-0.192102
40.000000,437.609985,-0.197176,-0.193257
41.000000,437.609985,-0.164331,-0.184034
42.000000,437.609985,-0.128385,-0.183182
43.000000,437.609985,-0.090014,-0.186888
44.000000,437.609985,-0.049945,-0.171453
45.000000,437.609985,-0.008934,-0.152980
46.000000,437.609985,0.032245,-0.136638
47.000000,437.609985,0.072817,-0.112016
48.000000,437.609985,0.112013,-0.085590
49.000000,437.609985,0.149095,-0.068620
50.000000,437.609985,0.183365,-0.036132
51.000000,437.609985,0.214175,-0.005091
52.000000,437.609985,0.240946,0.014119
53.000000,437.609985,0.263164,0.040720
54.000000,437.609985,0.280417,0.070940
55.000000,437.609985,0.292380,0.089637
56.000000,437.609985,0.298827,0.103744
57.000000,437.609985,0.299637,0.137978
58.000000,437.609985,0.294786,0.154741
59.000000,437.609985,0.284374,0.170841
60.000000,437.609985,0.268597,0.181727
61.000000,437.609985,0.247753,0.188063
62.000000,437.609985,0.222234,0.196649
63.000000,437.609985,0.192516,0.188049
64.000000,437.609985,0.159168,0.192003
65.000000,437.609985,0.122817,0.191202
66.000000,437.609985,0.084149,0.172742
67.000000,437.609985,0.043892,0.164981
68.000000,437.609985,0.002807,0.149665
69.000000,437.609985,-0.038331,0.126326
70.000000,437.609985,-0.078746,0.110437
71.000000,437.609985,-0.117676,0.089541
72.000000,437.609985,-0.154385,0.057722
73.000000,437.609985,-0.188178,0.034173
74.000000,437.609985,-0.218421,0.012383
75.000000,437.609985,-0.244543,-0.023377
76.000000,437.609985,-0.266052,-0.043586
77.000000,437.609985,-0.282540,-0.070649
78.000000,437.609985,-0.293692,-0.098748
79.000000,437.609985,-0.299304,-0.116351
80.000000,437.609985,-0.299269,-0.134713
81.000000,437.609985,-0.293588,-0.154552
82.000000,437.609985,-0.282366,-0.165607
83.000000,437.609985,-0.265812,-0.175489
84.000000,437.609985,-0.244243,-0.190641
85.000000,437.609985,-0.218067,-0.194182
86.000000,437.609985,-0.187777,-0.190957
87.000000,437.609985,-0.153942,-0.193848
88.000000,437.609985,-0.117200,-0.184368
89.000000,437.609985,-0.078248,-0.177382
90.000000,437.609985,-0.037819,-0.163866
91.000000,437.609985,0.003323,-0.145393
92.000000,437.609985,0.044403,-0.127177
93.000000,437.609985,0.084644,-0.105469
94.000000,437.609985,0.123288,-0.081723
95.000000,437.609985,0.159606,-0.062439
96.000000,437.609985,0.192913,-0.030185
97.000000,437.609985,0.222579,0.001896
98.000000,437.609985,0.248042,0.024166
99.000000,437.609985,0.268826,0.046153
100.000000,437.609985,0.284538,0.075554
101.000000,437.609985,0.294883,0.088377
102.000000,437.609985,0.299660,0.118245
103.000000,437.609985,0.298780,0.142665
104.000000,437.609985,0.292264,0.153481
105.000000,437.609985,0.280234,0.172568
106.000000,437.609985,0.262918,0.183514
107.000000,437.609985,0.240636,0.191050
108.000000,437.609985,0.213813,0.194876
109.000000,437.609985,0.182956,0.194675
110.000000,437.609985,0.148648,0.186730
111.000000,437.609985,0.111535,0.183335
112.000000,437.609985,0.072316,0.172468
113.000000,437.609985,0.031732,0.161055
114.000000,437.609985,-0.009450,0.142999
115.000000,437.609985,-0.050454,0.116412
116.000000,437.609985,-0.090507,0.107551
117.000000,437.609985,-0.128850,0.080254
118.000000,437.609985,-0.164761,0.047908
119.000000,437.609985,-0.197564,0.026966
120.000000,437.609985,-0.226640,0.004356
121.000000,437.609985,-0.251441,-0.026057
122.000000,437.609985,-0.271492,-0.052960
123.000000,437.609985,-0.286420,-0.076010
124.000000,437.609985,-0.295945,-0.105442
125.000000,437.609985,-0.299887,-0.122151
126.000000,437.609985,-0.298172,-0.140367
127.000000,437.609985,-0.290822,-0.161026
128.000000,437.609985,-0.277987,-0.172901
129.000000,437.609985,-0.259908,-0.176163
130.000000,437.609985,-0.236925,-0.194508
131.000000,437.609985,-0.209472,-0.201243
132.000000,437.609985,-0.178062,-0.192304
133.000000,437.609985,-0.143293,-0.192735
134.000000,437.609985,-0.105821,-0.183475
135.000000,437.609985,-0.066352,-0.172635
136.000000,437.609985,-0.025631,-0.160073
137.000000,437.609985,0.015574,-0.138173
138.000000,437.609985,0.056485,-0.125917
139.000000,437.609985,0.096330,-0.099289
140.000000,437.609985,0.134358,-0.071222
141.000000,437.609985,0.169851,-0.054486
142.000000,437.609985,0.202136,-0.023111
143.000000,437.609985,0.230607,0.005176
144.000000,437.609985,0.254728,0.023126
145.000000,437.609985,0.274043,0.055601
146.000000,437.609985,0.288187,0.087608
147.000000,437.609985,0.296888,0.100651
148.000000,437.609985,0.299988,0.127545
149.000000,437.609985,0.297429,0.145491
150.000000,437.609985,0.289259,0.159208
151.000000,437.609985,0.275629,0.174868
152.000000,437.609985,0.256794,0.187527
153.000000,437.609985,0.233115,0.186964
154.000000,437.609985,0.205038,0.189149
155.000000,437.609985,0.173093,0.195715
156.000000,437.609985,0.137880,0.188443
157.000000,437.609985,0.100064,0.179922
158.000000,437.609985,0.060361,0.170507
159.000000,437.609985,0.019519,0.151314
160.000000,437.609985,-0.021692,0.138692
161.000000,437.609985,-0.062493,0.116164
162.000000,437.609985,-0.102114,0.094237
163.000000,437.609985,-0.139809,0.072388
164.000000,437.609985,-0.174866,0.038081
165.000000,437.609985,-0.206624,0.015732
166.000000,437.609985,-0.234482,-0.004271
167.000000,437.609985,-0.257912,-0.036251
168.000000,437.609985,-0.276477,-0.061880
169.000000,437.609985,-0.289827,-0.078910
170.000000,437.609985,-0.297709,-0.112443
171.000000,437.609985,-0.299969,-0.130118
172.000000,437.609985,-0.296567,-0.146621
173.000000,437.609985,-0.287570,-0.168319
174.000000,437.609985,-0.273149,-0.175801
175.000000,437.609985,-0.253574,-0.180250
176.000000,437.609985,-0.229211,-0.191608
177.000000,437.609985,-0.200521,-0.195002
178.000000,437.609985,-0.168049,-0.193637
179.000000,437.609985,-0.132407,-0.191168
180.000000,437.609985,-0.094267,-0.177821
181.000000,437.609985,-0.054345,-0.169048
182.000000,437.609985,-0.013399,-0.153232
183.000000,437.609985,0.027800,-0.132079
184.000000,437.609985,0.068474,-0.120103
185.000000,437.609985,0.107857,-0.097062
186.000000,437.609985,0.145203,-0.062975
187.000000,437.609985,0.179809,-0.046738
188.000000,437.609985,0.211022,-0.015377
189.000000,437.609985,0.238254,0.015663
190.000000,437.609985,0.260993,0.037700
191.000000,437.609985,0.278800,0.059394
192.000000,437.609985,0.291347,0.090654
193.000000,437.609985,0.298398,0.110025
194.000000,437.609985,0.299820,0.134239
195.000000,437.609985,0.295586,0.153078
196.000000,437.609985,0.285767,0.160028
197.000000,437.609985,0.270557,0.176128
198.000000,437.609985,0.250243,0.187908
199.000000,437.609985,0.225208,0.195810
200.000000,437.609985,0.195924,0.197176
201.000000,437.609985,0.162938,0.189502
202.000000,437.609985,0.126879,0.179143
203.000000,437.609985,0.088427,0.181622
204.000000,437.609985,0.048307,0.158127
205.000000,437.609985,0.007274,0.148107
206.000000,437.609985,-0.033896,0.133992
207.000000,437.609985,-0.074426,0.106658
208.000000,437.609985,-0.113552,0.087969
209.000000,437.609985,-0.150536,0.065813
210.000000,437.609985,-0.184680,0.036001
211.000000,437.609985,-0.215335,0.009991
212.000000,437.609985,-0.241928,-0.014552
213.000000,437.609985,-0.263956,-0.046445
214.000000,437.609985,-0.281005,-0.068734
215.000000,437.609985,-0.292752,-0.089030
216.000000,437.609985,-0.298969,-0.117950
217.000000,437.609985,-0.299546,-0.140459
218.000000,437.609985,-0.294472,-0.153901
219.000000,437.609985,-0.283843,-0.166093
220.000000,437.609985,-0.267856,-0.182582
221.000000,437.609985,-0.246811,-0.191809
222.000000,437.609985,-0.221110,-0.192661
223.000000,437.609985,-0.191239,-0.193683
224.000000,437.609985,-0.157759,-0.190201
225.000000,437.609985,-0.121301,-0.188735
226.000000,437.609985,-0.082552,-0.175476
227.000000,437.609985,-0.042247,-0.169506
0.000000,457.028015,0.008395,-0.145105
1.000000,457.028015,0.051218,-0.123850
2.000000,457.028015,0.092985,-0.094450
3.000000,457.028015,0.132839,-0.077847
4.000000,457.028015,0.169962,-0.050353
5.000000,457.028015,0.203584,-0.021246
6.000000,457.028015,0.233016,-0.000455
7.000000,457.028015,0.257656,0.030013
8.000000,457.028015,0.276992,0.061493
9.000000,457.028015,0.290624,0.082650
10.000000,457.028015,0.298279,0.104257
11.000000,457.028015,0.299799,0.129864
12.000000,457.028015,0.295140,0.143434
13.000000,457.028015,0.284412,0.164001
14.000000,457.028015,0.267834,0.179193
15.000000,457.028015,0.245739,0.184576
16.000000,457.028015,0.218588,0.193089
17.000000,457.028015,0.186941,0.197808
18.000000,457.028015,0.151445,0.202738
19.000000,457.028015,0.112831,0.185869
20.000000,457.028015,0.071897,0.170081
21.000000,457.028015,0.029483,0.158301
22.000000,457.028015,-0.013538,0.141959
23.000000,457.028015,-0.056281,0.117232
24.000000,457.028015,-0.097866,0.098544
25.000000,457.028015,-0.137435,0.078321
26.000000,457.028015,-0.174176,0.045828
27.000000,457.028015,-0.207335,0.023846
28.000000,457.028015,-0.236226,-0.002264
29.000000,457.028015,-0.260252,-0.037144
30.000000,457.028015,-0.278926,-0.059127
31.000000,457.028015,-0.291863,-0.081356
32.000000,457.028015,-0.298785,-0.110509
33.000000,457.028015,-0.299562,-0.123044
34.000000,457.028015,-0.294178,-0.141040
35.000000,457.028015,-0.282735,-0.166386
36.000000,457.028015,-0.265473,-0.175874
37.000000,457.028015,-0.242752,-0.180030
38.000000,457.028015,-0.215033,-0.191461
39.000000,457.028015,-0.182887,-0.183915
40.000000,457.028015,-0.146979,-0.181070
41.000000,457.028015,-0.108048,-0.185661
42.000000,457.028015,-0.066890,-0.173428
43.000000,457.028015,-0.024357,-0.157914
44.000000,457.028015,0.018678,-0.140798
45.000000,457.028015,0.061328,-0.119938
46.000000,457.028015,0.102715,-0.097309
47.000000,457.028015,0.141990,-0.072793
48.000000,457.028015,0.178342,-0.042940
49.000000,457.028015,0.211022,-0.027491
50.000000,457.028015,0.239362,0.004205
51.000000,457.028015,0.262778,0.038892
52.000000,457.028015,0.280779,0.058982
53.000000,457.028015,0.293006,0.088496
54.000000,457.028015,0.299206,0.113209
55.000000,457.028015,0.299243,0.132053
56.000000,457.028015,0.293122,0.150540
57.000000,457.028015,0.280973,0.163726
58.000000,457.028015,0.263040,0.176023
59.000000,457.028015,0.239690,0.189076
60.000000,457.028015,0.211411,0.197502
61.000000,457.028015,0.178783,0.183610
62.000000,457.028015,0.142470,0.186469
63.000000,457.028015,0.103229,0.183660
64.000000,457.028015,0.061863,0.167909
65.000000,457.028015,0.019223,0.154173
66.000000,457.028015,-0.023812,0.139631
67.000000,457.028015,-0.066357,0.117759
68.000000,457.028015,-0.107537,0.095763
69.000000,457.028015,-0.146502,0.067554
70.000000,457.028015,-0.182453,0.041860
71.000000,457.028015,-0.214653,0.020905
72.000000,457.028015,-0.242429,-0.017883
73.000000,457.028015,-0.265218,-0.041185
74.000000,457.028015,-0.282553,-0.059548
75.000000,457.028015,-0.294068,-0.094955
76.000000,457.028015,-0.299532,-0.113217
77.000000,457.028015,-0.298835,-0.128533
78.000000,457.028015,-0.291987,-0.151652
79.000000,457.028015,-0.279126,-0.168434
80.000000,457.028015,-0.260524,-0.172662
81.000000,457.028015,-0.236564,-0.198301
82.000000,457.028015,-0.207728,-0.187782
83.000000,457.028015,-0.174621,-0.184643
84.000000,457.028015,-0.137922,-0.189674
85.000000,457.028015,-0.098382,-0.184648
86.000000,457.028015,-0.056818,-0.165369
87.000000,457.028015,-0.014085,-0.153365
88.000000,457.028015,0.028939,-0.134658
89.000000,457.028015,0.071366,-0.108525
90.000000,457.028015,0.112325,-0.092435
91.000000,457.028015,0.150974,-0.066214
92.000000,457.028015,0.186512,-0.042046
93.000000,457.028015,0.218213,-0.015877
94.000000,457.028015,0.245427,0.017184
95.000000,457.028015,0.267586,0.035753
96.000000,457.028015,0.284237,0.065808
97.000000,457.028015,0.295044,0.094842
98.000000,457.028015,0.299776,0.116426
99.000000,457.028015,0.298336,0.137299
100.000000,457.028015,0.290760,0.154279
101.000000,457.028015,0.277203,0.164115
102.000000,457.028015,0.257934,0.181415
103.000000,457.028015,0.233360,0.191848
104.000000,457.028015,0.203987,0.190084
105.000000,457.028015,0.170411,0.191376
106.000000,457.028015,0.133329,0.190294
107.000000,457.028015,0.093505,0.178323
108.000000,457.028015,0.051756,0.165774
109.000000,457.028015,0.008941,0.118904
110.000000,457.028015,-0.034057,0.131366
111.000000,457.028015,-0.076355,0.117997
112.000000,457.028015,-0.117080,0.086357
113.000000,457.028015,-0.155397,0.061048
114.000000,457.028015,-0.190518,0.043052
115.000000,457.028015,-0.221714,0.010106
116.000000,457.028015,-0.248347,-0.018057
117.000000,457.028015,-0.269874,-0.038207
118.000000,457.028015,-0.285845,-0.069660
119.000000,457.028015,-0.295929,-0.094776
120.000000,457.028015,-0.299928,-0.113212
121.000000,457.028015,-0.297757,-0.143098
122.000000,457.028015,-0.289450,-0.155193
123.000000,457.028015,-0.275190,-0.163728
124.000000,457.028015,-0.255271,-0.183127
125.000000,457.028015,-0.230093,-0.184808
126.000000,457.028015,-0.200180,-0.191030
127.000000,457.028015,-0.166151,-0.194068
128.000000,457.028015,-0.128701,-0.182288
129.000000,457.028015,-0.088601,-0.179549
130.000000,457.028015,-0.046679,-0.170560
131.000000,457.028015,-0.003796,-0.148366
132.000000,457.028015,0.039165,-0.133137
133.000000,457.028015,0.081320,-0.108150
134.000000,457.028015,0.121803,-0.082836
135.000000,457.028015,0.159777,-0.065193
136.000000,457.028015,0.194462,-0.036732
137.000000,457.028015,0.225149,-0.003758
138.000000,457.028015,0.251201,0.018513
139.000000,457.028015,0.272080,0.047867
140.000000,457.028015,0.287363,0.079494
141.000000,457.028015,0.296735,0.094104
142.000000,457.028015,0.299993,0.118391
143.000000,457.028015,0.297080,0.144598
144.000000,457.028015,0.288058,0.158242
145.000000,457.028015,0.273102,0.172481
146.000000,457.028015,0.252526,0.183221
147.000000,457.028015,0.226757,0.189557
148.000000,457.028015,0.196319,0.190482
149.000000,457.028015,0.161840,0.185415
150.000000,457.028015,0.124032,0.182409
151.000000,457.028015,0.083672,0.180128
152.000000,457.028015,0.041588,0.158828
153.000000,457.028015,-0.001351,0.145867
154.000000,457.028015,-0.044263,0.132044
155.000000,457.028015,-0.086262,0.102071
156.000000,457.028015,-0.126487,0.083209
157.000000,457.028015,-0.164110,0.062313
158.000000,457.028015,-0.198355,0.026246
159.000000,457.028015,-0.228515,0.000984
160.000000,457.028015,-0.253976,-0.021026
161.000000,457.028015,-0.274212,-0.052992
162.000000,457.028015,-0.288798,-0.074534
163.000000,457.028015,-0.297444,-0.098478
164.000000,457.028015,-0.299973,-0.127470
165.000000,457.028015,-0.296322,-0.152806
166.000000,457.028015,-0.286574,-0.157181
167.000000,457.028015,-0.270933,-0.175613
168.000000,457.028015,-0.249713,-0.184588
169.000000,457.028015,-0.223352,-0.190503
170.000000,457.028015,-0.192398,-0.193028
171.000000,457.028015,-0.157485,-0.185042
172.000000,457.028015,-0.119327,-0.190462
173.000000,457.028015,-0.078716,-0.177414
174.000000,457.028015,-0.036485,-0.158867
175.000000,457.028015,0.006497,-0.149352
176.000000,457.028015,0.049346,-0.127571
177.000000,457.028015,0.091179,-0.102038
178.000000,457.028015,0.131136,-0.087808
179.000000,457.028015,0.168392,-0.048859
180.000000,457.028015,0.202185,-0.027046
181.000000,457.028015,0.231820,-0.001802
182.000000,457.028015,0.256677,0.027919
183.000000,457.028015,0.276255,0.056952
184.000000,457.028015,0.290152,0.076763
185.000000,457.028015,0.298071,0.104697
186.000000,457.028015,0.299857,0.128604
187.000000,457.028015,0.295476,0.140974
188.000000,457.028015,0.285013,0.161540
189.000000,457.028015,0.268680,0.174300
190.000000,457.028015,0.246823,0.180856
191.000000,457.028015,0.219887,0.191449
192.000000,457.028015,0.188420,0.190629
193.000000,457.028015,0.153079,0.188737
194.000000,457.028015,0.114589,0.185108
195.000000,457.028015,0.073738,0.166195
196.000000,457.028015,0.031371,0.157101
197.000000,457.028015,-0.011642,0.145358
198.000000,457.028015,-0.054416,0.120819
199.000000,457.028015,-0.096068,0.100990
200.000000,457.028015,-0.135745,0.079127
201.000000,457.028015,-0.172630,0.048934
202.000000,457.028015,-0.205957,0.020552
203.000000,457.028015,-0.235049,0.000329
204.000000,457.028015,-0.259306,-0.036397
205.000000,457.028015,-0.278222,-0.059214
206.000000,457.028015,-0.291413,-0.080770
207.000000,457.028015,-0.298610,-0.106569
208.000000,457.028015,-0.299660,-0.127071
209.000000,457.028015,-0.294540,-0.150167
210.000000,457.028015,-0.283363,-0.163193
211.000000,457.028015,-0.266356,-0.172915
212.000000,457.028015,-0.243860,-0.187635
213.000000,457.028015,-0.216350,-0.192515
214.000000,457.028015,-0.184390,-0.192496
215.000000,457.028015,-0.148631,-0.190274
216.000000,457.028015,-0.109814,-0.183374
217.000000,457.028015,-0.068739,-0.171155
0.000000,477.307007,0.022086,-0.144431
1.000000,477.307007,0.066532,-0.121390
2.000000,477.307007,0.109485,-0.087230
3.000000,477.307007,0.149982,-0.072560
4.000000,477.307007,0.187113,-0.042912
5.000000,477.307007,0.220045,-0.005472
6.000000,477.307007,0.248035,0.017913
7.000000,477.307007,0.270460,0.042200
8.000000,477.307007,0.286817,0.072127
9.000000,477.307007,0.296740,0.089784
10.000000,477.307007,0.299996,0.117424
11.000000,477.307007,0.296520,0.140584
12.000000,477.307007,0.286392,0.151241
13.000000,477.307007,0.269838,0.173961
14.000000,477.307007,0.247227,0.178034
15.000000,477.307007,0.219064,0.183156
16.000000,477.307007,0.185986,0.187949
17.000000,477.307007,0.148736,0.178236
18.000000,477.307007,0.108148,0.185383
19.000000,477.307007,0.065130,0.177434
20.000000,477.307007,0.020652,0.150655
21.000000,477.307007,-0.024289,0.139906
22.000000,477.307007,-0.068686,0.121690
23.000000,477.307007,-0.111542,0.093958
24.000000,477.307007,-0.151892,0.070628
25.000000,477.307007,-0.188834,0.042071
26.000000,477.307007,-0.221539,0.010106
27.000000,477.307007,-0.249274,-0.009797
28.000000,477.307007,-0.271412,-0.031367
29.000000,477.307007,-0.287456,-0.067433
30.000000,477.307007,-0.297052,-0.094776
31.000000,477.307007,-0.299982,-0.110532
32.000000,477.307007,-0.296181,-0.140564
33.000000,477.307007,-0.285727,-0.155486
34.000000,477.307007,-0.268862,-0.165515
35.000000,477.307007,-0.245965,-0.184021
36.000000,477.307007,-0.217549,-0.183988
37.000000,477.307007,-0.184249,-0.183370
38.000000,477.307007,-0.146812,-0.187594
39.000000,477.307007,-0.106081,-0.178935
40.000000,477.307007,-0.062971,-0.169735
41.000000,477.307007,-0.018447,-0.155606
42.000000,477.307007,0.026492,-0.136532
43.000000,477.307007,0.070835,-0.121771
44.000000,477.307007,0.113589,-0.094455
45.000000,477.307007,0.153795,-0.064381
46.000000,477.307007,0.190549,-0.047778
47.000000,477.307007,0.223024,-0.013957
48.000000,477.307007,0.250494,0.037572
49.000000,477.307007,0.272345,0.040014
50.000000,477.307007,0.288085,0.074275
51.000000,477.307007,0.297355,0.104569
52.000000,477.307007,0.299951,0.114272
53.000000,477.307007,0.295817,0.134619
54.000000,477.307007,0.285046,0.156725
55.000000,477.307007,0.267878,0.166722
56.000000,477.307007,0.244693,0.180742
57.000000,477.307007,0.216019,0.188274
58.000000,477.307007,0.182498,0.185030
59.000000,477.307007,0.144882,0.186849
60.000000,477.307007,0.104012,0.184627
61.000000,477.307007,0.060807,0.164189
62.000000,477.307007,0.016239,0.154627
63.000000,477.307007,-0.028693,0.135151
64.000000,477.307007,-0.072983,0.113819
65.000000,477.307007,-0.115633,0.093389
66.000000,477.307007,-0.155688,0.069533
67.000000,477.307007,-0.192249,0.038594
68.000000,477.307007,-0.224498,0.012804
69.000000,477.307007,-0.251707,-0.034872
70.000000,477.307007,-0.273264,-0.046679
71.000000,477.307007,-0.288690,-0.068088
72.000000,477.307007,-0.297639,-0.096769
73.000000,477.307007,-0.299910,-0.115957
74.000000,477.307007,-0.295443,-0.128065
75.000000,477.307007,-0.284347,-0.157539
76.000000,477.307007,-0.266872,-0.166647
77.000000,477.307007,-0.243409,-0.173996
78.000000,477.307007,-0.214482,-0.182000
79.000000,477.307007,-0.180738,-0.190155
80.000000,477.307007,-0.142940,-0.185303
81.000000,477.307007,-0.101935,-0.183727
82.000000,477.307007,-0.058642,-0.165167
83.000000,477.307007,-0.014032,-0.157488
84.000000,477.307007,0.030893,-0.138791
85.000000,477.307007,0.075124,-0.113011
86.000000,477.307007,0.117670,-0.087683
87.000000,477.307007,0.157575,-0.065353
88.000000,477.307007,0.193941,-0.036159
89.000000,477.307007,0.225956,-0.021411
90.000000,477.307007,0.252901,0.023053
91.000000,477.307007,0.274172,0.051340
92.000000,477.307007,0.289285,0.067421
93.000000,477.307007,0.297906,0.093564
94.000000,477.307007,0.299842,0.116650
95.000000,477.307007,0.295052,0.135467
96.000000,477.307007,0.283639,0.159708
97.000000,477.307007,0.265856,0.174080
98.000000,477.307007,0.242108,0.178029
99.000000,477.307007,0.212928,0.187889
100.000000,477.307007,0.178971,0.191848
101.000000,477.307007,0.140994,0.182570
102.000000,477.307007,0.099853,0.180522
103.000000,477.307007,0.056472,0.171606
104.000000,477.307007,0.011823,0.155488
105.000000,477.307007,-0.033091,0.136026
106.000000,477.307007,-0.077262,0.115509
107.000000,477.307007,-0.119699,0.086957
108.000000,477.307007,-0.159450,0.061841
109.000000,477.307007,-0.195624,0.038805
110.000000,477.307007,-0.227406,0.004745
111.000000,477.307007,-0.254082,-0.022158
112.000000,477.307007,-0.275058,-0.046761
113.000000,477.307007,-0.289862,-0.078887
114.000000,477.307007,-0.298163,-0.097090
115.000000,477.307007,-0.299766,-0.118925
116.000000,477.307007,-0.294642,-0.140945
117.000000,477.307007,-0.282908,-0.152000
118.000000,477.307007,-0.264826,-0.171934
119.000000,477.307007,-0.240799,-0.185367
120.000000,477.307007,-0.211365,-0.186242
121.000000,477.307007,-0.177190,-0.191562
122.000000,477.307007,-0.139038,-0.186055
123.000000,477.307007,-0.097767,-0.173762
124.000000,477.307007,-0.054300,-0.167793
125.000000,477.307007,-0.009614,-0.152206
126.000000,477.307007,0.035287,-0.134260
127.000000,477.307007,0.079396,-0.113336
128.000000,477.307007,0.121724,-0.085769
129.000000,477.307007,0.161318,-0.059049
130.000000,477.307007,0.197292,-0.040118
131.000000,477.307007,0.228840,-0.009957
132.000000,477.307007,0.255254,0.024437
133.000000,477.307007,0.275935,0.045668
134.000000,477.307007,0.290423,0.072855
135.000000,477.307007,0.298394,0.101742
136.000000,477.307007,0.299671,0.119619
137.000000,477.307007,0.294223,0.141973
138.000000,477.307007,0.282165,0.156826
139.000000,477.307007,0.263778,0.171849
140.000000,477.307007,0.239472,0.182735
141.000000,477.307007,0.209793,0.180769
142.000000,477.307007,0.175403,0.185676
143.000000,477.307007,0.137075,0.186735
144.000000,477.307007,0.095673,0.178483
145.000000,477.307007,0.052124,0.170342
146.000000,477.307007,0.007405,0.153166
147.000000,477.307007,-0.037481,0.131833
148.000000,477.307007,-0.081525,0.110437
149.000000,477.307007,-0.123740,0.088501
150.000000,477.307007,-0.163179,0.058688
151.000000,477.307007,-0.198955,0.036179
152.000000,477.307007,-0.230263,0.006802
153.000000,477.307007,-0.256405,-0.019437
154.000000,477.307007,-0.276794,-0.049240
155.000000,477.307007,-0.290973,-0.073036
156.000000,477.307007,-0.298616,-0.103215
157.000000,477.307007,-0.299558,-0.126325
158.000000,477.307007,-0.293779,-0.140367
159.000000,477.307007,-0.281408,-0.162226
160.000000,477.307007,-0.262721,-0.173354
161.000000,477.307007,-0.238134,-0.182976
162.000000,477.307007,-0.208205,-0.191768
163.000000,477.307007,-0.173604,-0.191369
164.000000,477.307007,-0.135107,-0.189088
165.000000,477.307007,-0.093576,-0.179874
166.000000,477.307007,-0.049946,-0.160068
167.000000,477.307007,-0.005195,-0.155518
168.000000,477.307007,0.039673,-0.133678
169.000000,477.307007,0.083651,-0.104351
170.000000,477.307007,0.125750,-0.058513
171.000000,477.307007,0.165027,-0.061733
172.000000,477.307007,0.200602,-0.032333
173.000000,477.307007,0.231676,-0.008203
174.000000,477.307007,0.257548,0.020405
175.000000,477.307007,0.277638,0.051592
176.000000,477.307007,0.291499,0.071109
177.000000,477.307007,0.298819,0.098076
178.000000,477.307007,0.299436,0.122510
179.000000,477.307007,0.293324,0.140461
180.000000,477.307007,0.280632,0.159387
181.000000,477.307007,0.261644,0.171987
182.000000,477.307007,0.236785,0.181076
183.000000,477.307007,0.206610,0.188842
184.000000,477.307007,0.171796,0.181635
185.000000,477.307007,0.133128,0.177796
186.000000,477.307007,0.091473,0.179528
187.000000,477.307007,0.047765,0.159795
188.000000,477.307007,0.002984,0.146834
189.000000,477.307007,-0.041863,0.134418
190.000000,477.307007,-0.085771,0.107052
191.000000,477.307007,-0.127755,0.087223
192.000000,477.307007,-0.166871,0.061566
193.000000,477.307007,-0.202240,0.027887
194.000000,477.307007,-0.233071,0.003664
195.000000,477.307007,-0.258673,-0.024966
196.000000,477.307007,-0.278471,-0.055599
197.000000,477.307007,-0.292015,-0.079822
198.000000,477.307007,-0.299005,-0.100338
199.000000,477.307007,-0.299287,-0.129271
200.000000,477.307007,-0.292853,-0.144046
201.000000,477.307007,-0.279848,-0.166707
202.000000,477.307007,-0.260556,-0.176081
203.000000,477.307007,-0.235419,-0.187443
204.000000,477.307007,-0.205000,-0.191227
205.000000,477.307007,-0.169981,-0.197362
206.000000,477.307007,-0.131145,-0.180689
207.000000,477.307007,-0.089365,-0.176800
208.000000,477.307007,-0.045581,-0.163073
0.000000,498.487000,0.018449,-0.136560
1.000000,498.487000,0.064923,-0.127103
2.000000,498.487000,0.109808,-0.097616
3.000000,498.487000,0.152006,-0.074841
4.000000,498.487000,0.190486,-0.046385
5.000000,498.487000,0.224300,-0.012065
6.000000,498.487000,0.252625,0.010839
7.000000,498.487000,0.274768,0.037907
8.000000,498.487000,0.290189,0.074381
9.000000,498.487000,0.298504,0.091057
10.000000,498.487000,0.299511,0.119298
11.000000,498.487000,0.293191,0.142078
12.000000,498.487000,0.279697,0.153788
13.000000,498.487000,0.259356,0.172275
14.000000,498.487000,0.232663,0.181814
15.000000,498.487000,0.200279,0.182276
16.000000,498.487000,0.162995,0.187449
17.000000,498.487000,0.121721,0.184481
18.000000,498.487000,0.077465,0.168289
19.000000,498.487000,0.031315,0.159987
20.000000,498.487000,-0.015601,0.145491
21.000000,498.487000,-0.062137,0.125946
22.000000,498.487000,-0.107150,0.101797
23.000000,498.487000,-0.149540,0.078894
24.000000,498.487000,-0.188272,0.046034
25.000000,498.487000,-0.222398,0.020918
26.000000,498.487000,-0.251077,-0.007478
27.000000,498.487000,-0.273610,-0.038945
28.000000,498.487000,-0.289449,-0.068601
29.000000,498.487000,-0.298207,-0.093869
30.000000,498.487000,-0.299662,-0.116630
31.000000,498.487000,-0.293781,-0.137293
32.000000,498.487000,-0.280713,-0.157085
33.000000,498.487000,-0.260777,-0.170060
34.000000,498.487000,-0.234456,-0.173102
35.000000,498.487000,-0.202394,-0.188400
36.000000,498.487000,-0.165381,-0.182788
37.000000,498.487000,-0.124321,-0.172136
38.000000,498.487000,-0.080218,-0.172713
39.000000,498.487000,-0.034150,-0.159733
40.000000,498.487000,0.012752,-0.140000
41.000000,498.487000,0.059343,-0.125990
42.000000,498.487000,0.104482,-0.101103
43.000000,498.487000,0.147062,-0.071396
44.000000,498.487000,0.186042,-0.049725
45.000000,498.487000,0.220471,-0.022611
46.000000,498.487000,0.249507,0.012190
47.000000,498.487000,0.272430,0.036734
48.000000,498.487000,0.288686,0.070541
49.000000,498.487000,0.297879,0.089743
50.000000,498.487000,0.299784,0.115738
51.000000,498.487000,0.294348,0.138825
52.000000,498.487000,0.281706,0.142481
53.000000,498.487000,0.262172,0.164848
54.000000,498.487000,0.236224,0.181154
55.000000,498.487000,0.204492,0.180036
56.000000,498.487000,0.167753,0.186629
57.000000,498.487000,0.126910,0.187908
58.000000,498.487000,0.082962,0.173489
59.000000,498.487000,0.036983,0.162961
60.000000,498.487000,-0.009902,0.148465
61.000000,498.487000,-0.056544,0.124013
62.000000,498.487000,-0.101803,0.104477
63.000000,498.487000,-0.144571,0.091328
64.000000,498.487000,-0.183798,0.048715
65.000000,498.487000,-0.218527,0.022705
66.000000,498.487000,-0.247909,-0.005545
67.000000,498.487000,-0.271226,-0.038565
68.000000,498.487000,-0.287899,-0.063388
69.000000,498.487000,-0.297527,-0.092343
70.000000,498.487000,-0.299875,-0.109849
71.000000,498.487000,-0.294887,-0.133339
72.000000,498.487000,-0.282676,-0.156206
73.000000,498.487000,-0.263547,-0.169240
74.000000,498.487000,-0.237969,-0.181349
75.000000,498.487000,-0.206569,-0.186467
76.000000,498.487000,-0.170111,-0.182935
77.000000,498.487000,-0.129489,-0.174216
78.000000,498.487000,-0.085698,-0.178807
79.000000,498.487000,-0.039811,-0.165680
80.000000,498.487000,0.007051,-0.139327
81.000000,498.487000,0.053741,-0.126283
82.000000,498.487000,0.099115,-0.103930
83.000000,498.487000,0.142064,-0.073856
84.000000,498.487000,0.181537,-0.054632
85.000000,498.487000,0.216564,-0.022905
86.000000,498.487000,0.246291,0.003902
87.000000,498.487000,0.269992,0.032267
88.000000,498.487000,0.287088,0.064961
89.000000,498.487000,0.297150,0.086316
90.000000,498.487000,0.299942,0.108971
91.000000,498.487000,0.295395,0.137565
92.000000,498.487000,0.283620,0.145074
93.000000,498.487000,0.264899,0.164175
94.000000,498.487000,0.239695,0.191202
95.000000,498.487000,0.208626,0.180563
96.000000,498.487000,0.172453,0.186189
97.000000,498.487000,0.132056,0.185974
98.000000,498.487000,0.088428,0.169256
99.000000,498.487000,0.042636,0.160734
100.000000,498.487000,-0.004200,0.152785
101.000000,498.487000,-0.050933,0.129593
102.000000,498.487000,-0.096419,0.107904
103.000000,498.487000,-0.139545,0.084181
104.000000,498.487000,-0.179257,0.049681
105.000000,498.487000,-0.214583,0.022632
106.000000,498.487000,-0.244652,-0.003318
107.000000,498.487000,-0.268735,-0.035811
108.000000,498.487000,-0.286244,-0.060561
109.000000,498.487000,-0.296749,-0.083949
110.000000,498.487000,-0.299983,-0.111856
111.000000,498.487000,-0.295878,-0.130279
112.000000,498.487000,-0.284534,-0.155033
113.000000,498.487000,-0.266228,-0.166253
114.000000,498.487000,-0.241400,-0.173675
115.000000,498.487000,-0.210666,-0.181707
116.000000,498.487000,-0.174777,-0.188882
117.000000,498.487000,-0.134612,-0.182916
118.000000,498.487000,-0.091150,-0.180374
119.000000,498.487000,-0.045457,-0.164260
120.000000,498.487000,0.001348,-0.145127
121.000000,498.487000,0.048120,-0.131791
122.000000,498.487000,0.093715,-0.106157
123.000000,498.487000,0.137014,-0.078763
124.000000,498.487000,0.176961,-0.058426
125.000000,498.487000,0.212578,-0.028412
126.000000,498.487000,0.242993,0.005909
127.000000,498.487000,0.267456,0.027433
128.000000,498.487000,0.285376,0.057154
129.000000,498.487000,0.296313,0.087388
130.000000,498.487000,0.300000,0.103171
131.000000,498.487000,0.296337,0.131398
132.000000,498.487000,0.285424,0.135513
133.000000,498.487000,0.267527,0.162828
134.000000,498.487000,0.243085,0.183161
135.000000,498.487000,0.212688,0.182803
136.000000,498.487000,0.177087,0.183582
137.000000,498.487000,0.137153,0.186868
138.000000,498.487000,0.093863,0.171936
139.000000,498.487000,0.048274,0.162521
140.000000,498.487000,0.001504,0.152565
141.000000,498.487000,-0.045302,0.128553
142.000000,498.487000,-0.091001,0.108051
143.000000,498.487000,-0.134472,0.086187
144.000000,498.487000,-0.174650,0.055115
145.000000,498.487000,-0.210555,0.030965
146.000000,498.487000,-0.241308,0.001002
147.000000,498.487000,-0.266155,-0.026877
148.000000,498.487000,-0.284484,-0.054907
149.000000,498.487000,-0.295852,-0.084742
150.000000,498.487000,-0.299982,-0.109849
151.000000,498.487000,-0.296771,-0.128798
152.000000,498.487000,-0.286290,-0.155606
153.000000,498.487000,-0.268805,-0.164466
154.000000,498.487000,-0.244743,-0.171815
155.000000,498.487000,-0.214692,-0.184767
156.000000,498.487000,-0.179382,-0.183081
157.000000,498.487000,-0.139683,-0.179796
158.000000,498.487000,-0.096567,-0.180447
159.000000,498.487000,-0.051087,-0.166794
160.000000,498.487000,-0.004356,-0.142300
161.000000,498.487000,0.042481,-0.129184
162.000000,498.487000,0.088278,-0.111737
163.000000,498.487000,0.131917,-0.082263
164.000000,498.487000,0.172325,-0.062746
165.000000,498.487000,0.208514,-0.031092
166.000000,498.487000,0.239601,-0.001531
167.000000,498.487000,0.264826,0.024153
168.000000,498.487000,0.283569,0.053947
169.000000,498.487000,0.295367,0.076722
170.000000,498.487000,0.299939,0.105324
171.000000,498.487000,0.297172,0.130271
172.000000,498.487000,0.287132,0.140080
173.000000,498.487000,0.270060,0.160074
174.000000,498.487000,0.246380,0.177274
175.000000,498.487000,0.216672,0.171496
176.000000,498.487000,0.181662,0.183656
177.000000,498.487000,0.142201,0.193341
178.000000,498.487000,0.099262,0.172596
179.000000,498.487000,0.053895,0.166754
180.000000,498.487000,0.007208,0.155085
181.000000,498.487000,-0.039656,0.131673
182.000000,498.487000,-0.085549,0.114744
183.000000,498.487000,-0.129348,0.091548
184.000000,498.487000,-0.169983,0.056228
185.000000,498.487000,-0.206456,0.035126
186.000000,498.487000,-0.237874,0.001543
187.000000,498.487000,-0.263472,-0.027931
188.000000,498.487000,-0.282624,-0.053427
189.000000,498.487000,-0.294857,-0.085375
190.000000,498.487000,-0.299871,-0.101309
191.000000,498.487000,-0.297547,-0.124652
192.000000,498.487000,-0.287944,-0.147478
193.000000,498.487000,-0.271292,-0.165007
194.000000,498.487000,-0.247996,-0.168562
195.000000,498.487000,-0.218634,-0.185281
196.000000,498.487000,-0.183921,-0.186508
197.000000,498.487000,-0.144708,-0.181216
198.000000,498.487000,-0.101950,-0.183420
199.000000,498.487000,-0.056697,-0.170367
0.000000,520.606018,0.044786,-0.129825
1.000000,520.606018,0.092487,-0.104658
2.000000,520.606018,0.137722,-0.084174
3.000000,520.606018,0.179279,-0.057954
4.000000,520.606018,0.216050,-0.030519
5.000000,520.606018,0.247058,0.000938
6.000000,520.606018,0.271470,0.032285
7.000000,520.606018,0.288634,0.057181
8.000000,520.606018,0.298100,0.087690
9.000000,520.606018,0.299606,0.113150
10.000000,520.606018,0.293114,0.127586
11.000000,520.606018,0.278803,0.149954
12.000000,520.606018,0.257049,0.164780
13.000000,520.606018,0.228432,0.225032
14.000000,520.606018,0.193721,0.182016
15.000000,520.606018,0.153839,0.181287
16.000000,520.606018,0.109850,0.170076
17.000000,520.606018,0.062930,0.162521
18.000000,520.606018,0.014330,0.153825
19.000000,520.606018,-0.034652,0.133093
20.000000,520.606018,-0.082710,0.114598
21.000000,520.606018,-0.128561,0.093408
22.000000,520.606018,-0.170977,0.059875
23.000000,520.606018,-0.208833,0.031859
24.000000,520.606018,-0.241117,0.006363
25.000000,520.606018,-0.266960,-0.028077
26.000000,520.606018,-0.285682,-0.051260
27.000000,520.606018,-0.296781,-0.092416
28.000000,520.606018,-0.299952,-0.107169
29.000000,520.606018,-0.295121,-0.122471
30.000000,520.606018,-0.282417,-0.152105
31.000000,520.606018,-0.262168,-0.164393
32.000000,520.606018,-0.234926,-0.166981
33.000000,520.606018,-0.201416,-0.181120
34.000000,520.606018,-0.162524,-0.181368
35.000000,520.606018,-0.119298,-0.164462
36.000000,520.606018,-0.072889,-0.169360
37.000000,520.606018,-0.024532,-0.156453
38.000000,520.606018,0.024478,-0.135680
39.000000,520.606018,0.072837,-0.121670
40.000000,520.606018,0.119249,-0.094703
41.000000,520.606018,0.162479,-0.062769
42.000000,520.606018,0.201376,-0.045478
43.000000,520.606018,0.234892,-0.010924
44.000000,520.606018,0.262142,0.026224
45.000000,520.606018,0.282399,0.044248
46.000000,520.606018,0.295112,0.075082
47.000000,520.606018,0.299951,0.101316
48.000000,520.606018,0.296788,0.119019
49.000000,520.606018,0.285698,0.145239
50.000000,520.606018,0.266984,0.155594
51.000000,520.606018,0.241149,0.170882
52.000000,520.606018,0.208872,0.181095
53.000000,520.606018,0.171022,0.183509
54.000000,520.606018,0.128609,0.180316
55.000000,520.606018,0.082762,0.175427
56.000000,520.606018,0.034706,0.156308
57.000000,520.606018,-0.014276,0.144227
58.000000,520.606018,-0.062877,0.131811
59.000000,520.606018,-0.109799,0.100724
60.000000,520.606018,-0.153793,0.073308
61.000000,520.606018,-0.193680,0.049512
62.000000,520.606018,-0.228397,0.016126
63.000000,520.606018,-0.257021,-0.012784
64.000000,520.606018,-0.278783,-0.035907
65.000000,520.606018,-0.293102,-0.069073
66.000000,520.606018,-0.299603,-0.097163
67.000000,520.606018,-0.298106,-0.119218
68.000000,520.606018,-0.288649,-0.140578
69.000000,520.606018,-0.271493,-0.180795
70.000000,520.606018,-0.247089,-0.176901
71.000000,520.606018,-0.216087,-0.173927
72.000000,520.606018,-0.179322,-0.173235
73.000000,520.606018,-0.137770,-0.179920
74.000000,520.606018,-0.092539,-0.169020
75.000000,520.606018,-0.044839,-0.156434
76.000000,520.606018,0.004057,-0.149645
77.000000,520.606018,0.052845,-0.128478
78.000000,520.606018,0.100223,-0.098258
79.000000,520.606018,0.144927,-0.082534
80.000000,520.606018,0.185760,-0.046866
81.000000,520.606018,0.221637,-0.018273
82.000000,520.606018,0.251601,0.003031
83.000000,520.606018,0.274844,0.035579
84.000000,520.606018,0.290755,0.064026
85.000000,520.606018,0.298908,0.090677
86.000000,520.606018,0.299076,0.114437
87.000000,520.606018,0.291267,0.132732
88.000000,520.606018,0.275687,0.148781
89.000000,520.606018,0.252741,0.174254
90.000000,520.606018,0.223053,0.171469
91.000000,520.606018,0.187415,0.182029
92.000000,520.606018,0.146769,0.183161
93.000000,520.606018,0.102209,0.172903
94.000000,520.606018,0.054921,0.168262
95.000000,520.606018,0.006166,0.155772
96.000000,520.606018,-0.042752,0.129446
97.000000,520.606018,-0.090531,0.115798
98.000000,520.606018,-0.135891,0.089541
99.000000,520.606018,-0.177626,0.054441
100.000000,520.606018,-0.214622,0.025092
101.000000,520.606018,-0.245885,0.007769
102.000000,520.606018,-0.270587,-0.032384
103.000000,520.606018,-0.288072,-0.060254
104.000000,520.606018,-0.297861,-0.077049
105.000000,520.606018,-0.299702,-0.117056
106.000000,520.606018,-0.293549,-0.131685
107.000000,520.606018,-0.279554,-0.148101
108.000000,520.606018,-0.258100,-0.166093
109.000000,520.606018,-0.229762,-0.172534
110.000000,520.606018,-0.195286,-0.182976
111.000000,520.606018,-0.155599,-0.186114
112.000000,520.606018,-0.111761,-0.177015
113.000000,520.606018,-0.064938,-0.172420
114.000000,520.606018,-0.016383,-0.154653
115.000000,520.606018,0.032610,-0.134919
116.000000,520.606018,0.080732,-0.118463
117.000000,520.606018,0.126699,-0.095055
118.000000,520.606018,0.169286,-0.057775
119.000000,520.606018,0.207353,-0.036471
120.000000,520.606018,0.239885,-0.005637
121.000000,520.606018,0.266018,0.027264
122.000000,520.606018,0.285049,0.051248
123.000000,520.606018,0.296469,0.078289
124.000000,520.606018,0.299981,0.107469
125.000000,520.606018,0.295485,0.123193
126.000000,520.606018,0.283100,0.144799
127.000000,520.606018,0.263163,0.162759
128.000000,520.606018,0.236200,0.172069
129.000000,520.606018,0.202931,0.180655
130.000000,520.606018,0.164249,0.180082
131.000000,520.606018,0.121183,0.174676
132.000000,520.606018,0.074880,0.170081
133.000000,520.606018,0.026580,0.155021
134.000000,520.606018,-0.022429,0.137460
135.000000,520.606018,-0.070840,0.123784
136.000000,520.606018,-0.117360,0.088377
137.000000,520.606018,-0.160749,0.073762
138.000000,520.606018,-0.199844,0.048325
139.000000,520.606018,-0.233608,0.009285
140.000000,520.606018,-0.261139,-0.014117
141.000000,520.606018,-0.281695,-0.041634
142.000000,520.606018,-0.294736,-0.073673
143.000000,520.606018,-0.299913,-0.102583
144.000000,520.606018,-0.297078,-0.119906
145.000000,520.606018,-0.286318,-0.148385
146.000000,520.606018,-0.267920,-0.160480
147.000000,520.606018,-0.242363,-0.165515
148.000000,520.606018,-0.210342,-0.180607
149.000000,520.606018,-0.172710,-0.178788
150.000000,520.606018,-0.130462,-0.181542
151.000000,520.606018,-0.084735,-0.170793
152.000000,520.606018,-0.036747,-0.160728
153.000000,520.606018,0.012222,-0.149792
154.000000,520.606018,0.060865,-0.130764
155.000000,520.606018,0.107886,-0.098244
156.000000,520.606018,0.152023,-0.079854
157.000000,520.606018,0.192105,-0.047746
158.000000,520.606018,0.227062,-0.014772
159.000000,520.606018,0.255953,0.005932
160.000000,520.606018,0.278015,0.026805
161.000000,520.606018,0.292662,0.073093
162.000000,520.606018,0.299490,0.097898
163.000000,520.606018,0.298327,0.119358
164.000000,520.606018,0.289206,0.141551
165.000000,520.606018,0.272360,0.155855
166.000000,520.606018,0.248247,0.168307
167.000000,520.606018,0.217511,0.179821
168.000000,520.606018,0.180966,0.180549
169.000000,520.606018,0.139591,0.183775
170.000000,520.606018,0.094493,0.170415
171.000000,520.606018,0.046871,0.161641
172.000000,520.606018,-0.002002,0.151466
173.000000,520.606018,-0.050821,0.126473
174.000000,520.606018,-0.098283,0.106277
175.000000,520.606018,-0.143122,0.088735
176.000000,520.606018,-0.184143,0.049241
177.000000,520.606018,-0.220248,0.023979
178.000000,520.606018,-0.250472,-0.002572
179.000000,520.606018,-0.274015,-0.038258
180.000000,520.606018,-0.290243,-0.060913
181.000000,520.606018,-0.298722,-0.034074
182.000000,520.606018,-0.299232,-0.118023
183.000000,520.606018,-0.291754,-0.143286
184.000000,520.606018,-0.276486,-0.156141
185.000000,520.606018,-0.253843,-0.174427
186.000000,520.606018,-0.224424,-0.186522
187.000000,520.606018,-0.189012,-0.189289
188.000000,520.606018,-0.148559,-0.178074
189.000000,520.606018,-0.104140,-0.176268
190.000000,520.606018,-0.056940,-0.178074
191.000000,520.606018,-0.008221,-0.157626
0.000000,543.706970,0.003966,-0.143006
1.000000,543.706970,0.054898,-0.133005
2.000000,543.706970,0.104232,-0.105909
3.000000,543.706970,0.150531,-0.074942
4.000000,543.706970,0.192450,-0.053372
5.000000,543.706970,0.228766,-0.020504
6.000000,543.706970,0.258425,0.014403
7.000000,543.706970,0.280562,0.036807
8.000000,543.706970,0.294534,0.070482
9.000000,543.706970,0.299933,0.098622
10.000000,543.706970,0.296603,0.114639
11.000000,543.706970,0.284641,0.141459
12.000000,543.706970,0.264394,0.163126
13.000000,543.706970,0.236452,0.172376
14.000000,543.706970,0.201626,0.178955
15.000000,543.706970,0.160931,0.187381
16.000000,543.706970,0.115553,0.172903
17.000000,543.706970,0.066812,0.168541
18.000000,543.706970,0.016127,0.161119
19.000000,543.706970,-0.035027,0.139640
20.000000,543.706970,-0.085162,0.115564
21.000000,543.706970,-0.132819,0.096088
22.000000,543.706970,-0.176609,0.060695
23.000000,543.706970,-0.215260,0.032152
24.000000,543.706970,-0.247647,0.004736
25.000000,543.706970,-0.272825,-0.025397
26.000000,543.706970,-0.290063,-0.054087
27.000000,543.706970,-0.298856,-0.088449
28.000000,543.706970,-0.298951,-0.108883
29.000000,543.706970,-0.290345,-0.129179
30.000000,543.706970,-0.273289,-0.152472
31.000000,543.706970,-0.248279,-0.162986
32.000000,543.706970,-0.216043,-0.167215
33.000000,543.706970,-0.177519,-0.182527
34.000000,543.706970,-0.133829,-0.178174
35.000000,543.706970,-0.086243,-0.166555
36.000000,543.706970,-0.036147,-0.160586
37.000000,543.706970,0.015001,-0.144999
38.000000,543.706970,0.065714,-0.120432
39.000000,543.706970,0.114513,-0.104782
40.000000,543.706970,0.159978,-0.075808
41.000000,543.706970,0.200788,-0.040960
42.000000,543.706970,0.235753,-0.016843
43.000000,543.706970,0.263856,0.019498
44.000000,543.706970,0.284281,0.040207
45.000000,543.706970,0.296431,0.073629
46.000000,543.706970,0.299954,0.102663
47.000000,543.706970,0.294747,0.125726
48.000000,543.706970,0.280961,0.144007
49.000000,543.706970,0.258998,0.161499
50.000000,543.706970,0.229497,0.164789
51.000000,543.706970,0.193315,0.178295
52.000000,543.706970,0.151506,0.181360
53.000000,543.706970,0.105287,0.172303
54.000000,543.706970,0.056005,0.167355
55.000000,543.706970,0.005093,0.154865
56.000000,543.706970,-0.045967,0.135013
57.000000,543.706970,-0.095690,0.111611
58.000000,543.706970,-0.142627,0.084121
59.000000,543.706970,-0.185413,0.053548
60.000000,543.706970,-0.222803,0.030512
61.000000,543.706970,-0.253709,0.000310
62.000000,543.706970,-0.277232,-0.034771
63.000000,543.706970,-0.292684,-0.058187
64.000000,543.706970,-0.299616,-0.092769
65.000000,543.706970,-0.297827,-0.114023
66.000000,543.706970,-0.287371,-0.131712
67.000000,543.706970,-0.268550,-0.157832
68.000000,543.706970,-0.241914,-0.169240
69.000000,543.706970,-0.208237,-0.169749
70.000000,543.706970,-0.168500,-0.177547
71.000000,543.706970,-0.123858,-0.173194
72.000000,543.706970,-0.075611,-0.167155
73.000000,543.706970,-0.025164,-0.162959
74.000000,543.706970,0.026017,-0.137632
75.000000,543.706970,0.076440,-0.114999
76.000000,543.706970,0.124639,-0.097635
77.000000,543.706970,0.169209,-0.065907
78.000000,543.706970,0.208854,-0.034867
79.000000,543.706970,0.242420,-0.010736
80.000000,543.706970,0.268930,0.022778
81.000000,543.706970,0.287614,0.051152
82.000000,543.706970,0.297927,0.074976
83.000000,543.706970,0.299568,0.105210
84.000000,543.706970,0.292491,0.124952
85.000000,543.706970,0.276901,0.145647
86.000000,543.706970,0.253252,0.165013
87.000000,543.706970,0.222232,0.169929
88.000000,543.706970,0.184742,0.182996
89.000000,543.706970,0.141875,0.182854
90.000000,543.706970,0.094879,0.172303
91.000000,543.706970,0.045122,0.160807
92.000000,543.706970,-0.005948,0.150998
93.000000,543.706970,-0.056845,0.125726
94.000000,543.706970,-0.106087,0.105517
95.000000,543.706970,-0.152242,0.081427
96.000000,543.706970,-0.193966,0.038901
97.000000,543.706970,-0.230045,0.019805
98.000000,543.706970,-0.259429,-0.004358
99.000000,543.706970,-0.281262,-0.040498
100.000000,543.706970,-0.294909,-0.066581
101.000000,543.706970,-0.299970,-0.091550
102.000000,543.706970,-0.296300,-0.122783
103.000000,543.706970,-0.284007,-0.137779
104.000000,543.706970,-0.263448,-0.154487
105.000000,543.706970,-0.235222,-0.170560
106.000000,543.706970,-0.200150,-0.172988
107.000000,543.706970,-0.159253,-0.182582
108.000000,543.706970,-0.113720,-0.178674
109.000000,543.706970,-0.064877,-0.161987
110.000000,543.706970,-0.014146,-0.159546
111.000000,543.706970,0.036997,-0.136871
112.000000,543.706970,0.087064,-0.108438
113.000000,543.706970,0.134596,-0.092275
114.000000,543.706970,0.178210,-0.067754
115.000000,543.706970,0.216637,-0.029946
116.000000,543.706970,0.248759,-0.001875
117.000000,543.706970,0.273640,0.027552
118.000000,543.706970,0.290558,0.059926
119.000000,543.706970,0.299019,0.081083
120.000000,543.706970,0.298777,0.111697
121.000000,543.706970,0.289840,0.135971
122.000000,543.706970,0.272466,0.149908
123.000000,543.706970,0.247163,0.164821
124.000000,543.706970,0.214666,0.176073
125.000000,543.706970,0.175919,0.176550
126.000000,543.706970,0.132052,0.177915
127.000000,543.706970,0.084342,0.164312
128.000000,543.706970,0.034178,0.157495
129.000000,543.706970,-0.016981,0.143320
130.000000,543.706970,-0.067646,0.125557
131.000000,543.706970,-0.116341,0.098864
132.000000,543.706970,-0.161651,0.073148
133.000000,543.706970,-0.202256,0.042246
134.000000,543.706970,-0.236975,0.012845
135.000000,543.706970,-0.264797,-0.013544
136.000000,543.706970,-0.284912,-0.052566
137.000000,543.706970,-0.296734,-0.077641
138.000000,543.706970,-0.299917,-0.099050
139.000000,543.706970,-0.294372,-0.126870
140.000000,543.706970,-0.280259,-0.139918
141.000000,543.706970,-0.257990,-0.153901
142.000000,543.706970,-0.228211,-0.170399
143.000000,543.706970,-0.191791,-0.176094
144.000000,543.706970,-0.149789,-0.174669
145.000000,543.706970,-0.103428,-0.179627
146.000000,543.706970,-0.054056,-0.162633
147.000000,543.706970,-0.003110,-0.143721
148.000000,543.706970,0.047927,-0.133724
149.000000,543.706970,0.097569,-0.110697
150.000000,543.706970,0.144370,-0.080550
151.000000,543.706970,0.186969,-0.055452
152.000000,543.706970,0.224126,-0.025512
153.000000,543.706970,0.254760,0.005616
154.000000,543.706970,0.277979,0.030333
155.000000,543.706970,0.293108,0.064888
156.000000,543.706970,0.299706,0.087356
157.000000,543.706970,0.297581,0.113658
158.000000,543.706970,0.286795,0.136452
159.000000,543.706970,0.267662,0.148268
160.000000,543.706970,0.240739,0.165742
161.000000,543.706970,0.206809,0.173934
162.000000,543.706970,0.166858,0.176770
163.000000,543.706970,0.122050,0.176742
164.000000,543.706970,0.073691,0.167973
165.000000,543.706970,0.023187,0.153775
166.000000,543.706970,-0.027991,0.133359
167.000000,543.706970,-0.078355,0.121910
168.000000,543.706970,-0.126438,0.093137
169.000000,543.706970,-0.170841,0.065941
170.000000,543.706970,-0.210272,0.040431
171.000000,543.706970,-0.243583,0.004965
172.000000,543.706970,-0.269806,-0.020151
173.000000,543.706970,-0.288176,-0.048928
174.000000,543.706970,-0.298157,-0.083427
175.000000,543.706970,-0.299459,-0.100430
176.000000,543.706970,-0.292045,-0.125633
177.000000,543.706970,-0.276131,-0.151505
178.000000,543.706970,-0.252181,-0.162340
179.000000,543.706970,-0.220892,-0.168489
180.000000,543.706970,-0.183173,-0.183054
181.000000,543.706970,-0.140123,-0.180795
182.000000,543.706970,-0.092995,-0.173529
0.000000,567.833008,0.047525,-0.124405
1.000000,567.833008,0.099330,-0.112717
2.000000,567.833008,0.147986,-0.087308
3.000000,567.833008,0.191940,-0.054921
4.000000,567.833008,0.229808,-0.029264
5.000000,567.833008,0.260377,0.002491
6.000000,567.833008,0.282686,0.041192
7.000000,567.833008,0.296020,0.064049
8.000000,567.833008,0.299960,0.095337
9.000000,567.833008,0.294380,0.120943
10.000000,567.833008,0.279456,0.139934
11.000000,567.833008,0.255664,0.158347
12.000000,567.833008,0.223755,0.171606
13.000000,567.833008,0.184748,0.170062
14.000000,567.833008,0.139873,0.175601
15.000000,567.833008,0.090563,0.180554
16.000000,567.833008,0.038375,0.159868
17.000000,567.833008,-0.015030,0.147920
18.000000,567.833008,-0.067957,0.118785
19.000000,567.833008,-0.118728,0.102571
20.000000,567.833008,-0.165730,0.077808
21.000000,567.833008,-0.207472,0.041274
22.000000,567.833008,-0.242630,-0.024605
23.000000,567.833008,-0.270086,-0.009852
24.000000,567.833008,-0.288972,-0.044731
25.000000,567.833008,-0.298683,-0.072968
26.000000,567.833008,-0.298919,-0.094084
27.000000,567.833008,-0.289662,-0.129330
28.000000,567.833008,-0.271219,-0.141426
29.000000,567.833008,-0.244158,-0.152201
30.000000,567.833008,-0.209357,-0.170473
31.000000,567.833008,-0.167904,-0.174981
32.000000,567.833008,-0.121127,-0.165295
33.000000,567.833008,-0.070503,-0.168539
34.000000,567.833008,-0.017643,-0.153699
35.000000,567.833008,0.035778,-0.126086
36.000000,567.833008,0.088063,-0.112443
37.000000,567.833008,0.137554,-0.089415
38.000000,567.833008,0.182677,-0.058155
39.000000,567.833008,0.222006,-0.032457
40.000000,567.833008,0.254283,0.000310
41.000000,567.833008,0.278497,0.034704
42.000000,567.833008,0.293863,0.057195
43.000000,567.833008,0.299912,0.086169
44.000000,567.833008,0.296432,0.108243
45.000000,567.833008,0.283552,0.131746
46.000000,567.833008,0.261666,0.154906
47.000000,567.833008,0.231480,0.164175
48.000000,567.833008,0.193945,0.171835
49.000000,567.833008,0.150255,0.182121
50.000000,567.833008,0.101796,0.169929
51.000000,567.833008,0.050106,0.161481
52.000000,567.833008,-0.003174,0.153459
53.000000,567.833008,-0.056354,0.128700
54.000000,567.833008,-0.107746,0.106937
55.000000,567.833008,-0.155715,0.084181
56.000000,567.833008,-0.198747,0.047674
57.000000,567.833008,-0.235465,0.021518
58.000000,567.833008,-0.264716,-0.004432
59.000000,567.833008,-0.285559,-0.042812
60.000000,567.833008,-0.297344,-0.068821
61.000000,567.833008,-0.299688,-0.101323
62.000000,567.833008,-0.292522,-0.122943
63.000000,567.833008,-0.276072,-0.137733
64.000000,567.833008,-0.250859,-0.163779
65.000000,567.833008,-0.217685,-0.166707
66.000000,567.833008,-0.177600,-0.169295
67.000000,567.833008,-0.131882,-0.175980
68.000000,567.833008,-0.081974,-0.166193
69.000000,567.833008,-0.029467,-0.155468
70.000000,567.833008,0.023976,-0.141838
71.000000,567.833008,0.076659,-0.121858
72.000000,567.833008,0.126907,-0.091491
73.000000,567.833008,0.173130,-0.070773
74.000000,567.833008,0.213854,-0.040159
75.000000,567.833008,0.247794,-0.003538
76.000000,567.833008,0.273868,0.017913
77.000000,567.833008,0.291250,0.054034
78.000000,567.833008,0.299389,0.081061
79.000000,567.833008,0.298023,0.103551
80.000000,567.833008,0.287203,0.129845
81.000000,567.833008,0.267261,0.155172
82.000000,567.833008,0.238844,0.162548
83.000000,567.833008,0.202839,0.176568
84.000000,567.833008,0.160403,0.169508
85.000000,567.833008,0.112871,0.173402
86.000000,567.833008,0.061759,0.169627
87.000000,567.833008,0.008686,0.146041
88.000000,567.833008,-0.044663,0.131059
89.000000,567.833008,-0.096593,0.117530
90.000000,567.833008,-0.145458,0.083690
91.000000,567.833008,-0.189707,0.056421
92.000000,567.833008,-0.227934,0.031511
93.000000,567.833008,-0.258928,-0.007529
94.000000,567.833008,-0.281701,-0.040379
95.000000,567.833008,-0.295539,-0.060162
96.000000,567.833008,-0.299989,-0.093241
97.000000,567.833008,-0.294928,-0.116497
98.000000,567.833008,-0.280495,-0.139620
99.000000,567.833008,-0.257168,-0.153892
100.000000,567.833008,-0.225673,-0.164054
101.000000,567.833008,-0.187020,-0.171169
102.000000,567.833008,-0.142428,-0.177927
103.000000,567.833008,-0.093318,-0.170601
104.000000,567.833008,-0.041245,-0.164521
105.000000,567.833008,0.012137,-0.147872
106.000000,567.833008,0.065134,-0.123892
107.000000,567.833008,0.116063,-0.107169
108.000000,567.833008,0.163310,-0.075781
109.000000,567.833008,0.205370,-0.044814
110.000000,567.833008,0.240919,-0.016830
111.000000,567.833008,0.268812,0.014165
112.000000,567.833008,0.288183,0.048325
113.000000,567.833008,0.298398,0.069336
114.000000,567.833008,0.299150,0.105604
115.000000,567.833008,0.290402,0.134037
116.000000,567.833008,0.272441,0.143361
117.000000,567.833008,0.245830,0.162814
118.000000,567.833008,0.211419,0.174360
119.000000,567.833008,0.170297,0.172376
120.000000,567.833008,0.123769,0.176802
121.000000,567.833008,0.073315,0.169820
122.000000,567.833008,0.020532,0.152735
123.000000,567.833008,-0.032902,0.140933
124.000000,567.833008,-0.085290,0.118556
125.000000,567.833008,-0.134975,0.090677
126.000000,567.833008,-0.180371,0.060801
127.000000,567.833008,-0.220048,0.031158
128.000000,567.833008,-0.252735,0.003545
129.000000,567.833008,-0.277405,-0.026639
130.000000,567.833008,-0.293268,-0.062700
131.000000,567.833008,-0.299825,-0.087601
132.000000,567.833008,-0.296865,-0.108864
133.000000,567.833008,-0.284482,-0.139231
134.000000,567.833008,-0.263073,-0.151006
135.000000,567.833008,-0.233310,-0.159028
136.000000,567.833008,-0.196147,-0.174120
137.000000,567.833008,-0.152753,-0.172067
138.000000,567.833008,-0.104516,-0.169675
139.000000,567.833008,-0.052958,-0.167660
140.000000,567.833008,0.000279,-0.148866
141.000000,567.833008,0.053507,-0.121166
142.000000,567.833008,0.105038,-0.110509
143.000000,567.833008,0.153234,-0.085475
144.000000,567.833008,0.196567,-0.048781
145.000000,567.833008,0.233661,-0.020930
146.000000,567.833008,0.263339,0.009684
147.000000,567.833008,0.284660,0.041105
148.000000,567.833008,0.296943,0.062555
149.000000,567.833008,0.299807,0.096510
150.000000,567.833008,0.293149,0.121177
151.000000,567.833008,0.277195,0.140227
152.000000,567.833008,0.252434,0.158113
153.000000,567.833008,0.219669,0.165481
154.000000,567.833008,0.179925,0.173562
155.000000,567.833008,0.134476,0.173508
156.000000,567.833008,0.084756,0.164161
157.000000,567.833008,0.032347,0.160381
158.000000,567.833008,-0.021089,0.139572
159.000000,567.833008,-0.073855,0.115958
160.000000,567.833008,-0.124278,0.104564
161.000000,567.833008,-0.170755,0.071394
162.000000,567.833008,-0.211815,0.040014
163.000000,567.833008,-0.246149,0.010064
164.000000,567.833008,-0.272676,-0.014772
165.000000,567.833008,-0.290541,-0.053065
166.000000,567.833008,-0.299193,-0.080788
167.000000,567.833008,-0.298340,-0.101231
168.000000,567.833008,-0.288026,-0.129770
169.000000,567.833008,-0.268565,-0.146919
170.000000,567.833008,-0.240584,-0.158822
171.000000,567.833008,-0.204964,-0.174046
172.000000,567.833008,-0.162841,-0.176548
173.000000,567.833008,-0.115549,-0.171769
174.000000,567.833008,-0.064589,-0.169360
175.000000,567.833008,-0.011580,-0.157640
0.000000,593.028992,0.020894,-0.145838
1.000000,593.028992,0.075966,-0.122444
2.000000,593.028992,0.128410,-0.094157
3.000000,593.028992,0.176407,-0.071227
4.000000,593.028992,0.218299,-0.035179
5.000000,593.028992,0.252636,-0.004358
6.000000,593.028992,0.278232,0.023346
7.000000,593.028992,0.294199,0.055894
8.000000,593.028992,0.299980,0.088721
9.000000,593.028992,0.295379,0.107945
10.000000,593.028992,0.280556,0.131412
11.000000,593.028992,0.256024,0.153679
12.000000,593.028992,0.222633,0.161288
13.000000,593.028992,0.181535,0.170694
14.000000,593.028992,0.134153,0.169027
15.000000,593.028992,0.082128,0.162768
16.000000,593.028992,0.027262,0.164207
17.000000,593.028992,-0.028548,0.140813
18.000000,593.028992,-0.083371,0.118785
19.000000,593.028992,-0.135307,0.098342
20.000000,593.028992,-0.182560,0.062202
21.000000,593.028992,-0.223494,0.038653
22.000000,593.028992,-0.256695,0.008676
23.000000,593.028992,-0.281013,-0.030070
24.000000,593.028992,-0.295606,-0.058600
25.000000,593.028992,-0.299963,-0.082030
26.000000,593.028992,-0.293939,-0.117716
27.000000,593.028992,-0.277745,-0.136505
28.000000,593.028992,-0.251938,-0.146241
29.000000,593.028992,-0.217414,-0.165346
30.000000,593.028992,-0.175361,-0.172594
31.000000,593.028992,-0.127239,-0.167229
32.000000,593.028992,-0.074715,-0.168539
33.000000,593.028992,-0.019605,-0.157420
34.000000,593.028992,0.036183,-0.129806
35.000000,593.028992,0.090721,-0.116836
36.000000,593.028992,0.142116,-0.089869
37.000000,593.028992,0.188593,-0.058902
38.000000,593.028992,0.228544,-0.032091
39.000000,593.028992,0.260586,0.004177
40.000000,593.028992,0.283611,0.032478
41.000000,593.028992,0.296817,0.053695
42.000000,593.028992,0.299749,0.092263
43.000000,593.028992,0.292308,0.115198
44.000000,593.028992,0.274752,0.135233
45.000000,593.028992,0.247688,0.156753
46.000000,593.028992,0.212051,0.163075
47.000000,593.028992,0.169072,0.171528
48.000000,593.028992,0.120243,0.176454
49.000000,593.028992,0.067253,0.165975
50.000000,593.028992,0.011936,0.155300
51.000000,593.028992,-0.043795,0.141771
52.000000,593.028992,-0.098010,0.112852
53.000000,593.028992,-0.148832,0.092130
54.000000,593.028992,-0.194503,0.071526
55.000000,593.028992,-0.233444,0.024606
56.000000,593.028992,-0.264306,-0.005270
57.000000,593.028992,-0.286022,-0.036420
58.000000,593.028992,-0.297834,-0.071373
59.000000,593.028992,-0.299338,-0.095229
60.000000,593.028992,-0.290485,-0.116525
61.000000,593.028992,-0.271579,-0.141764
62.000000,593.028992,-0.243275,-0.151486
63.000000,593.028992,-0.206548,-0.172653
64.000000,593.028992,-0.162673,-0.171760
65.000000,593.028992,-0.113168,-0.166088
66.000000,593.028992,-0.059747,-0.163852
67.000000,593.028992,-0.004259,-0.151006
68.000000,593.028992,0.051378,-0.127186
69.000000,593.028992,0.105236,-0.118916
70.000000,593.028992,0.155451,-0.084202
71.000000,593.028992,0.200286,-0.059342
72.000000,593.028992,0.238191,-0.023830
73.000000,593.028992,0.267854,0.010138
74.000000,593.028992,0.288244,0.046905
75.000000,593.028992,0.298655,0.066949
76.000000,593.028992,0.298732,0.099570
77.000000,593.028992,0.288472,0.128003
78.000000,593.028992,0.268229,0.139640
79.000000,593.028992,0.238702,0.161174
80.000000,593.028992,0.200910,0.172426
81.000000,593.028992,0.156167,0.170149
82.000000,593.028992,0.106019,0.170108
83.000000,593.028992,0.052202,0.164019
84.000000,593.028992,-0.003421,0.143581
85.000000,593.028992,-0.058927,0.130885
86.000000,593.028992,-0.112392,0.108229
87.000000,593.028992,-0.161968,0.076470
88.000000,593.028992,-0.205938,0.044953
89.000000,593.028992,-0.242783,0.017097
90.000000,593.028992,-0.271226,-0.014983
91.000000,593.028992,-0.290276,-0.039806
92.000000,593.028992,-0.299282,-0.076394
93.000000,593.028992,-0.297931,-0.102262
94.000000,593.028992,-0.286270,-0.122485
95.000000,593.028992,-0.264703,-0.147785
96.000000,593.028992,-0.233971,-0.158973
97.000000,593.028992,-0.195141,-0.167962
98.000000,593.028992,-0.149558,-0.175013
99.000000,593.028992,-0.098800,-0.171774
100.000000,593.028992,-0.044623,-0.153461
101.000000,593.028992,0.011099,-0.145544
102.000000,593.028992,0.066437,-0.125271
103.000000,593.028992,0.119475,-0.093937
104.000000,593.028992,0.168379,-0.075094
105.000000,593.028992,0.211455,-0.046413
106.000000,593.028992,0.247215,-0.008825
107.000000,593.028992,0.274417,0.016213
108.000000,593.028992,0.292119,0.045860
109.000000,593.028992,0.299713,0.081134
110.000000,593.028992,0.296935,0.103478
111.000000,593.028992,0.283881,0.130519
112.000000,593.028992,0.261003,0.150325
113.000000,593.028992,0.229087,0.159428
114.000000,593.028992,0.189244,0.169801
115.000000,593.028992,0.142853,0.173100
116.000000,593.028992,0.091517,0.173342
117.000000,593.028992,0.037015,0.154993
118.000000,593.028992,-0.018770,0.133698
119.000000,593.028992,-0.073904,0.121919
120.000000,593.028992,-0.126480,0.100069
121.000000,593.028992,-0.174679,0.066335
122.000000,593.028992,-0.216834,0.040220
123.000000,593.028992,-0.251486,0.015457
124.000000,593.028992,-0.277429,-0.027844
125.000000,593.028992,-0.293771,-0.054806
126.000000,593.028992,-0.299947,-0.075849
127.000000,593.028992,-0.295744,-0.107975
128.000000,593.028992,-0.281306,-0.128844
129.000000,593.028992,-0.257130,-0.148027
130.000000,593.028992,-0.224053,-0.171293
131.000000,593.028992,-0.183223,-0.172301
132.000000,593.028992,-0.136053,-0.166935
133.000000,593.028992,-0.084174,-0.167279
134.000000,593.028992,-0.029382,-0.159060
135.000000,593.028992,0.026428,-0.134493
136.000000,593.028992,0.081322,-0.122857
137.000000,593.028992,0.133402,-0.094849
138.000000,593.028992,0.180866,-0.061949
139.000000,593.028992,0.222071,-0.039605
140.000000,593.028992,0.255589,-0.006164
141.000000,593.028992,0.280259,0.031057
142.000000,593.028992,0.295230,0.052801
143.000000,593.028992,0.299986,0.089289
144.000000,593.028992,0.294360,0.111611
145.000000,593.028992,0.278547,0.133240
146.000000,593.028992,0.253089,0.152387
147.000000,593.028992,0.218872,0.157073
148.000000,593.028992,0.177083,0.171982
149.000000,593.028992,0.129165,0.174681
150.000000,593.028992,0.076776,0.160409
151.000000,593.028992,0.021730,0.153307
152.000000,593.028992,-0.034069,0.137918
153.000000,593.028992,-0.088687,0.116719
154.000000,593.028992,-0.140237,0.090943
155.000000,593.028992,-0.186934,0.065360
156.000000,593.028992,-0.227163,0.032720
157.000000,593.028992,-0.259525,0.004337
158.000000,593.028992,-0.282906,-0.027500
159.000000,593.028992,-0.296497,-0.062366
160.000000,593.028992,-0.299828,-0.090836
161.000000,593.028992,-0.292783,-0.112245
162.000000,593.028992,-0.275603,-0.142278
163.000000,593.028992,-0.248882,-0.154080
164.000000,593.028992,-0.213549,-0.161048
165.000000,593.028992,-0.170826,-0.173606
166.000000,593.028992,-0.122192,-0.171788
167.000000,593.028992,-0.069328,-0.166088
0.000000,619.343018,0.031383,-0.128459
1.000000,619.343018,0.088476,-0.118990
2.000000,619.343018,0.142230,-0.092096
3.000000,619.343018,0.190618,-0.060309
4.000000,619.343018,0.231811,-0.036544
5.000000,619.343018,0.264254,0.000544
6.000000,619.343018,0.286724,0.035598
7.000000,619.343018,0.298374,0.062482
8.000000,619.343018,0.298765,0.092056
9.000000,619.343018,0.287881,0.118630
10.000000,619.343018,0.266134,0.138527
11.000000,619.343018,0.234342,0.151434
12.000000,619.343018,0.193703,0.170493
13.000000,619.343018,0.145756,0.171789
14.000000,619.343018,0.092308,0.168174
15.000000,619.343018,0.035378,0.160152
16.000000,619.343018,-0.022888,0.141867
17.000000,619.343018,-0.080291,0.123005
18.000000,619.343018,-0.134664,0.102635
19.000000,619.343018,-0.183953,0.063215
20.000000,619.343018,-0.226300,0.038172
21.000000,619.343018,-0.260107,0.001950
22.000000,619.343018,-0.284099,-0.025251
23.000000,619.343018,-0.297370,-0.052914
24.000000,619.343018,-0.299419,-0.089241
25.000000,619.343018,-0.290166,-0.113583
26.000000,619.343018,-0.269961,-0.134773
27.000000,619.343018,-0.239569,-0.156559
28.000000,619.343018,-0.200136,-0.160980
29.000000,619.343018,-0.153151,-0.161942
30.000000,619.343018,-0.100387,-0.166459
31.000000,619.343018,-0.043833,-0.159280
32.000000,619.343018,0.014375,-0.140294
33.000000,619.343018,0.072041,-0.126430
34.000000,619.343018,0.126987,-0.104296
35.000000,619.343018,0.177141,-0.067602
36.000000,619.343018,0.220610,-0.043545
37.000000,619.343018,0.255755,-0.009210
38.000000,619.343018,0.281249,0.026590
39.000000,619.343018,0.296125,0.058395
40.000000,619.343018,0.299825,0.083869
41.000000,619.343018,0.292211,0.113796
42.000000,619.343018,0.273570,0.130633
43.000000,619.343018,0.244606,0.135572
44.000000,619.343018,0.206411,0.161426
45.000000,619.343018,0.160426,0.167089
46.000000,619.343018,0.108384,0.171134
47.000000,619.343018,0.052253,0.166681
48.000000,619.343018,-0.005850,0.148927
49.000000,619.343018,-0.063732,0.132278
50.000000,619.343018,-0.119208,0.101765
51.000000,619.343018,-0.170187,0.077189
52.000000,619.343018,-0.214745,0.052499
53.000000,619.343018,-0.251194,0.012932
54.000000,619.343018,-0.278164,-0.013590
55.000000,619.343018,-0.294636,-0.042894
56.000000,619.343018,-0.299990,-0.082154
57.000000,619.343018,-0.294024,-0.106450
58.000000,619.343018,-0.276962,-0.125779
59.000000,619.343018,-0.249448,-0.150085
60.000000,619.343018,-0.212516,-0.156746
61.000000,619.343018,-0.167565,-0.157782
62.000000,619.343018,-0.116292,-0.168759
63.000000,619.343018,-0.060630,-0.160320
64.000000,619.343018,-0.002679,-0.145727
65.000000,619.343018,0.055372,-0.136478
66.000000,619.343018,0.111335,-0.110477
67.000000,619.343018,0.163095,-0.076756
68.000000,619.343018,0.208699,-0.051732
69.000000,619.343018,0.246427,-0.022231
70.000000,619.343018,0.274856,0.014170
71.000000,619.343018,0.292913,0.045814
72.000000,619.343018,0.299917,0.078729
73.000000,619.343018,0.295602,0.101242
74.000000,619.343018,0.280127,0.123486
75.000000,619.343018,0.254082,0.144492
76.000000,619.343018,0.218449,0.154201
77.000000,619.343018,0.174572,0.163135
78.000000,619.343018,0.124107,0.171634
79.000000,619.343018,0.068959,0.161522
80.000000,619.343018,0.011207,0.150261
81.000000,619.343018,-0.046967,0.137918
82.000000,619.343018,-0.103369,0.099231
83.000000,619.343018,-0.155869,0.086856
84.000000,619.343018,-0.202487,0.063880
85.000000,619.343018,-0.241465,0.022453
86.000000,619.343018,-0.271331,-0.010470
87.000000,619.343018,-0.290956,-0.035087
88.000000,619.343018,-0.299597,-0.070773
89.000000,619.343018,-0.296933,-0.099829
90.000000,619.343018,-0.283064,-0.116932
91.000000,619.343018,-0.258513,-0.145925
92.000000,619.343018,-0.224207,-0.157800
93.000000,619.343018,-0.181440,-0.161428
94.000000,619.343018,-0.131823,-0.170253
95.000000,619.343018,-0.077231,-0.164787
96.000000,619.343018,-0.019725,-0.147514
97.000000,619.343018,0.038524,-0.141384
98.000000,619.343018,0.095320,-0.116951
99.000000,619.343018,0.148520,-0.085677
100.000000,619.343018,0.196115,-0.062746
101.000000,619.343018,0.236308,-0.026185
102.000000,619.343018,0.267581,-0.000904
103.000000,619.343018,0.288756,0.033453
104.000000,619.343018,0.299034,0.069194
105.000000,619.343018,0.298029,0.092217
106.000000,619.343018,0.285776,0.119605
107.000000,619.343018,0.262740,0.142092
108.000000,619.343018,0.229785,0.152735
109.000000,619.343018,0.188157,0.163941
110.000000,619.343018,0.139430,0.171693
111.000000,619.343018,0.085441,0.165682
112.000000,619.343018,0.028228,0.160661
113.000000,619.343018,-0.030051,0.142665
114.000000,619.343018,-0.087196,0.115986
115.000000,619.343018,-0.141050,0.095703
116.000000,619.343018,-0.189580,0.064466
117.000000,619.343018,-0.230955,0.029747
118.000000,619.343018,-0.263615,-0.004450
119.000000,619.343018,-0.286327,-0.026753
120.000000,619.343018,-0.298234,-0.061926
121.000000,619.343018,-0.298888,-0.088009
122.000000,619.343018,-0.288257,-0.112905
123.000000,619.343018,-0.266747,-0.146378
124.000000,619.343018,-0.235172,-0.155500
125.000000,619.343018,-0.194723,-0.167774
126.000000,619.343018,-0.146925,-0.169373
127.000000,619.343018,-0.093583,-0.157447
128.000000,619.343018,-0.036708,-0.162973
129.000000,619.343018,0.021553,-0.143345
130.000000,619.343018,0.078999,-0.117065
131.000000,619.343018,0.133464,-0.098528
132.000000,619.343018,0.182892,-0.071474
133.000000,619.343018,0.225419,-0.034487
134.000000,619.343018,0.259440,-0.011542
135.000000,619.343018,0.283671,0.026659
136.000000,619.343018,0.297191,0.056659
137.000000,619.343018,0.299496,0.085550
138.000000,619.343018,0.290500,0.118698
139.000000,619.343018,0.270541,0.139018
140.000000,619.343018,0.240373,0.147461
141.000000,619.343018,0.201134,0.158581
142.000000,619.343018,0.154304,0.172206
143.000000,619.343018,0.101648,0.167089
144.000000,619.343018,0.045158,0.162361
145.000000,619.343018,-0.013037,0.148391
146.000000,619.343018,-0.070739,0.125346
147.000000,619.343018,-0.125772,0.101050
148.000000,619.343018,-0.176060,0.072887
149.000000,619.343018,-0.219703,0.038887
150.000000,619.343018,-0.255052,0.011457
151.000000,619.343018,-0.280776,-0.024605
152.000000,619.343018,-0.295904,-0.054499
153.000000,619.343018,-0.299866,-0.083569
154.000000,619.343018,-0.292513,-0.111329
155.000000,619.343018,-0.274121,-0.132491
156.000000,619.343018,-0.245382,-0.146167
157.000000,619.343018,-0.207380,-0.163779
158.000000,619.343018,-0.161554,-0.167540
159.000000,619.343018,-0.109631,-0.163582
160.000000,619.343018,-0.053571,-0.162739
0.000000,646.825012,0.024277,-0.141164
1.000000,646.825012,0.084122,-0.121564
2.000000,646.825012,0.140504,-0.089924
3.000000,646.825012,0.191104,-0.066833
4.000000,646.825012,0.233842,-0.033245
5.000000,646.825012,0.266954,0.004649
6.000000,646.825012,0.289087,0.031680
7.000000,646.825012,0.299314,0.064081
8.000000,646.825012,0.297234,0.093422
9.000000,646.825012,0.282914,0.116792
10.000000,646.825012,0.256958,0.145913
11.000000,646.825012,0.220425,0.150087
12.000000,646.825012,0.174822,0.162168
13.000000,646.825012,0.122026,0.169480
14.000000,646.825012,0.064206,0.157641
15.000000,646.825012,0.003746,0.149954
16.000000,646.825012,-0.056868,0.135458
17.000000,646.825012,-0.115144,0.110025
18.000000,646.825012,-0.168679,0.080676
19.000000,646.825012,-0.215274,0.053232
20.000000,646.825012,-0.253011,0.013752
21.000000,646.825012,-0.280334,-0.018511
22.000000,646.825012,-0.296126,-0.049368
23.000000,646.825012,-0.299725,-0.079400
24.000000,646.825012,-0.290999,-0.135479
25.000000,646.825012,-0.270289,-0.121986
26.000000,646.825012,-0.238463,-0.144284
27.000000,646.825012,-0.196820,-0.153846
28.000000,646.825012,-0.147080,-0.157108
29.000000,646.825012,-0.091287,-0.158125
30.000000,646.825012,-0.031737,-0.152440
31.000000,646.825012,0.029119,-0.137613
32.000000,646.825012,0.088775,-0.119443
33.000000,646.825012,0.144782,-0.093369
34.000000,646.825012,0.194825,-0.066155
35.000000,646.825012,0.236856,-0.029117
36.000000,646.825012,0.269137,0.003270
37.000000,646.825012,0.290344,0.032340
38.000000,646.825012,0.299605,-0.011364
39.000000,646.825012,0.296533,0.098709
40.000000,646.825012,0.281264,0.127820
41.000000,646.825012,0.254414,0.149134
42.000000,646.825012,0.217101,0.167226
43.000000,646.825012,0.170849,0.166209
44.000000,646.825012,0.117569,0.172422
45.000000,646.825012,0.059451,0.165513
46.000000,646.825012,-0.001114,0.147154
47.000000,646.825012,-0.061634,0.136626
48.000000,646.825012,-0.119615,0.117223
49.000000,646.825012,-0.172678,0.080263
50.000000,646.825012,-0.218630,0.051354
51.000000,646.825012,-0.255591,0.019897
52.000000,646.825012,-0.282028,-0.018470
53.000000,646.825012,-0.296864,-0.045973
54.000000,646.825012,-0.299482,-0.077563
55.000000,646.825012,-0.289775,-0.109996
56.000000,646.825012,-0.268147,-0.129165
57.000000,646.825012,-0.235480,-0.153099
58.000000,646.825012,-0.193129,-0.162313
59.000000,646.825012,-0.142823,-0.161548
60.000000,646.825012,-0.086645,-0.164819
61.000000,646.825012,-0.026900,-0.154799
62.000000,646.825012,0.033952,-0.132546
63.000000,646.825012,0.093407,-0.120616
64.000000,646.825012,0.149017,-0.093795
65.000000,646.825012,0.198498,-0.057028
66.000000,646.825012,0.239806,-0.032077
67.000000,646.825012,0.271252,0.005084
68.000000,646.825012,0.291528,0.044605
69.000000,646.825012,0.299814,0.070743
70.000000,646.825012,0.295758,0.096597
71.000000,646.825012,0.279534,0.125030
72.000000,646.825012,0.251807,0.139567
73.000000,646.825012,0.213715,0.153440
74.000000,646.825012,0.166833,0.166919
75.000000,646.825012,0.113081,0.160775
76.000000,646.825012,0.054679,0.159841
77.000000,646.825012,-0.005975,0.149212
78.000000,646.825012,-0.066382,0.124906
79.000000,646.825012,-0.124057,0.105370
80.000000,646.825012,-0.176628,0.082174
81.000000,646.825012,-0.221932,0.041948
82.000000,646.825012,-0.258099,0.016831
83.000000,646.825012,-0.283652,-0.016339
84.000000,646.825012,-0.297523,-0.054559
85.000000,646.825012,-0.299160,-0.084362
86.000000,646.825012,-0.288479,-0.110298
87.000000,646.825012,-0.265931,-0.135598
88.000000,646.825012,-0.232439,-0.150227
89.000000,646.825012,-0.189381,-0.165273
90.000000,646.825012,-0.138532,-0.169900
91.000000,646.825012,-0.081980,-0.163261
92.000000,646.825012,-0.022056,-0.157539
93.000000,646.825012,0.038777,-0.129738
94.000000,646.825012,0.098014,-0.112465
95.000000,646.825012,0.153216,-0.089228
96.000000,646.825012,0.202115,-0.060547
97.000000,646.825012,0.242696,-0.021026
98.000000,646.825012,0.273289,0.003632
99.000000,646.825012,0.292640,0.039153
100.000000,646.825012,0.299942,0.073020
101.000000,646.825012,0.294909,0.096257
102.000000,646.825012,0.277732,0.124118
103.000000,646.825012,0.249132,0.143045
104.000000,646.825012,0.210277,0.147154
105.000000,646.825012,0.162770,0.165187
106.000000,646.825012,0.108565,0.172147
107.000000,646.825012,0.049892,0.156455
108.000000,646.825012,-0.010833,0.150833
109.000000,646.825012,-0.071113,0.124311
110.000000,646.825012,-0.128468,0.099378
111.000000,646.825012,-0.180533,0.064654
112.000000,646.825012,-0.225172,0.042713
113.000000,646.825012,-0.260543,0.009858
114.000000,646.825012,-0.285193,-0.020032
115.000000,646.825012,-0.298110,-0.059159
116.000000,646.825012,-0.298754,-0.085462
117.000000,646.825012,-0.287112,-0.107251
118.000000,646.825012,-0.263645,-0.135057
119.000000,646.825012,-0.229337,-0.155633
120.000000,646.825012,-0.185587,-0.154061
121.000000,646.825012,-0.134202,-0.163852
122.000000,646.825012,-0.077294,-0.159280
123.000000,646.825012,-0.017205,-0.143340
124.000000,646.825012,0.043592,-0.140198
125.000000,646.825012,0.102594,-0.137192
126.000000,646.825012,0.157378,-0.087610
127.000000,646.825012,0.205679,-0.054792
128.000000,646.825012,0.245523,-0.020238
129.000000,646.825012,0.275258,0.002491
130.000000,646.825012,0.293669,0.042974
131.000000,646.825012,0.299995,0.073194
132.000000,646.825012,0.293975,0.093137
133.000000,646.825012,0.275861,0.122945
134.000000,646.825012,0.246389,0.149372
135.000000,646.825012,0.206785,0.159208
136.000000,646.825012,0.158665,0.166314
137.000000,646.825012,0.104020,0.168633
138.000000,646.825012,0.045093,0.155341
139.000000,646.825012,-0.015689,0.148460
140.000000,646.825012,-0.075826,0.130537
141.000000,646.825012,-0.132842,0.094851
142.000000,646.825012,-0.184394,0.071595
143.000000,646.825012,-0.228353,0.051592
144.000000,646.825012,-0.262921,0.006605
145.000000,646.825012,-0.286663,-0.028925
146.000000,646.825012,-0.298615,-0.056808
147.000000,646.825012,-0.298274,-0.089975
148.000000,646.825012,-0.285661,-0.117771
149.000000,646.825012,-0.261294,-0.136413
150.000000,646.825012,-0.226171,-0.153892
151.000000,646.825012,-0.181746,-0.162867
152.000000,646.825012,-0.129836,-0.168594
153.000000,646.825012,-0.072588,-0.164320
0.000000,675.526001,0.061153,-0.126292
1.000000,675.526001,0.121645,-0.110509
2.000000,675.526001,0.176676,-0.078475
3.000000,675.526001,0.223780,-0.039627
4.000000,675.526001,0.260847,-0.014676
5.000000,675.526001,0.286205,0.022338
6.000000,675.526001,0.298721,0.058139
7.000000,675.526001,0.297837,0.083837
8.000000,675.526001,0.283590,0.110804
9.000000,675.526001,0.256612,0.136937
10.000000,675.526001,0.218124,0.151621
11.000000,675.526001,0.169851,0.161247
12.000000,675.526001,0.113953,0.164546
13.000000,675.526001,0.052943,0.156895
14.000000,675.526001,-0.010442,0.146953
15.000000,675.526001,-0.073359,0.124265
16.000000,675.526001,-0.132983,0.099451
17.000000,675.526001,-0.186641,0.076035
18.000000,675.526001,-0.231928,0.038433
19.000000,675.526001,-0.266802,0.004424
20.000000,675.526001,-0.289707,-0.022126
21.000000,675.526001,-0.299617,-0.056932
22.000000,675.526001,-0.296078,-0.087922
23.000000,675.526001,-0.279254,-0.107925
24.000000,675.526001,-0.249904,-0.139524
25.000000,675.526001,-0.209340,-0.149306
26.000000,675.526001,-0.159380,-0.156068
27.000000,675.526001,-0.102270,-0.164599
28.000000,675.526001,-0.040572,-0.156013
29.000000,675.526001,0.022947,-0.136353
30.000000,675.526001,0.085436,-0.124130
31.000000,675.526001,0.144092,-0.092476
32.000000,675.526001,0.196283,-0.066988
33.000000,675.526001,0.239664,-0.035518
34.000000,675.526001,0.272294,0.000223
35.000000,675.526001,0.292711,0.026805
36.000000,675.526001,0.299984,0.066335
37.000000,675.526001,0.293801,0.098942
38.000000,675.526001,0.274439,0.116572
39.000000,675.526001,0.242759,0.138646
40.000000,675.526001,0.200186,0.159419
41.000000,675.526001,0.148633,0.157202
42.000000,675.526001,0.090411,0.177168
43.000000,675.526001,0.028130,0.157472
44.000000,675.526001,-0.035411,0.128113
45.000000,675.526001,-0.097365,0.114231
46.000000,675.526001,-0.154949,0.098988
47.000000,675.526001,-0.205579,0.056609
48.000000,675.526001,-0.246988,0.027846
49.000000,675.526001,-0.277315,-0.002572
50.000000,675.526001,-0.295194,-0.042578
51.000000,675.526001,-0.299831,-0.069481
52.000000,675.526001,-0.291019,-0.096984
53.000000,675.526001,-0.269140,-0.127177
54.000000,675.526001,-0.235189,-0.139432
55.000000,675.526001,-0.190688,-0.155647
56.000000,675.526001,-0.137627,-0.163046
57.000000,675.526001,-0.078392,-0.162574
58.000000,675.526001,-0.015640,-0.155166
59.000000,675.526001,0.047815,-0.133444
60.000000,675.526001,0.109123,-0.112671
61.000000,675.526001,0.165535,-0.085288
62.000000,675.526001,0.214522,-0.052580
63.000000,675.526001,0.253880,-0.014099
64.000000,675.526001,0.281846,0.011072
65.000000,675.526001,0.297169,0.048160
66.000000,675.526001,0.299158,0.083961
67.000000,675.526001,0.287720,0.101398
68.000000,675.526001,0.263375,0.130079
69.000000,675.526001,0.227215,0.151145
70.000000,675.526001,0.180854,0.155635
71.000000,675.526001,0.126380,0.162067
72.000000,675.526001,0.066238,0.162906
73.000000,675.526001,0.003122,0.149234
74.000000,675.526001,-0.060134,0.129772
75.000000,675.526001,-0.120692,0.108669
76.000000,675.526001,-0.175836,0.080263
77.000000,675.526001,-0.223086,0.051573
78.000000,675.526001,-0.260328,0.018797
79.000000,675.526001,-0.285893,-0.019523
80.000000,675.526001,-0.298625,-0.050747
81.000000,675.526001,-0.297958,-0.091922
82.000000,675.526001,-0.283925,-0.113056
83.000000,675.526001,-0.257153,-0.128739
84.000000,675.526001,-0.218837,-0.151872
85.000000,675.526001,-0.170706,-0.159046
86.000000,675.526001,-0.114916,-0.157475
87.000000,675.526001,-0.053967,-0.160059
88.000000,675.526001,0.009402,-0.144619
89.000000,675.526001,0.072350,-0.121019
90.000000,675.526001,0.132051,-0.102248
91.000000,675.526001,0.185825,-0.068501
92.000000,675.526001,0.231264,-0.037840
93.000000,675.526001,0.266328,-0.010429
94.000000,675.526001,0.289435,0.025912
95.000000,675.526001,0.299559,0.059999
96.000000,675.526001,0.296246,0.086664
97.000000,675.526001,0.279635,0.113704
98.000000,675.526001,0.250476,0.138798
99.000000,675.526001,0.210083,0.149761
100.000000,675.526001,0.160262,0.153514
101.000000,675.526001,0.103248,0.166919
102.000000,675.526001,0.041603,0.149908
103.000000,675.526001,-0.021909,0.145473
104.000000,675.526001,-0.084438,0.125777
105.000000,675.526001,-0.143177,0.099084
106.000000,675.526001,-0.195494,0.067934
107.000000,675.526001,-0.239039,0.033192
108.000000,675.526001,-0.271855,0.001011
109.000000,675.526001,-0.292476,-0.028059
110.000000,675.526001,-0.299978,-0.068107
111.000000,675.526001,-0.294010,-0.093122
112.000000,675.526001,-0.274855,-0.115132
113.000000,675.526001,-0.243370,-0.140257
114.000000,675.526001,-0.200961,-0.156820
115.000000,675.526001,-0.149535,-0.157621
116.000000,675.526001,-0.091402,-0.162593
117.000000,675.526001,-0.029166,-0.151473
118.000000,675.526001,0.034378,-0.136353
119.000000,675.526001,0.096379,-0.130677
120.000000,675.526001,0.154058,-0.092549
121.000000,675.526001,0.204821,-0.058448
122.000000,675.526001,0.246394,-0.029264
123.000000,675.526001,0.276915,0.007370
124.000000,675.526001,0.295010,0.040986
125.000000,675.526001,0.299863,0.071549
126.000000,675.526001,0.291266,0.102676
127.000000,675.526001,0.269603,0.116852
128.000000,675.526001,0.235834,0.144680
129.000000,675.526001,0.191488,0.159800
130.000000,675.526001,0.138552,0.160102
131.000000,675.526001,0.079396,0.164835
132.000000,675.526001,0.016679,0.152492
133.000000,675.526001,-0.046787,0.132420
134.000000,675.526001,-0.108154,0.112957
135.000000,675.526001,-0.164666,0.090728
136.000000,675.526001,-0.213791,0.053928
137.000000,675.526001,-0.253326,0.020112
138.000000,675.526001,-0.281489,-0.008079
139.000000,675.526001,-0.297023,-0.049198
140.000000,675.526001,-0.299233,-0.084728
141.000000,675.526001,-0.288016,-0.101524
142.000000,675.526001,-0.263871,-0.131864
143.000000,675.526001,-0.227890,-0.145746
144.000000,675.526001,-0.181685,-0.155381
145.000000,675.526001,-0.127324,-0.160292
146.000000,675.526001,-0.067251,-0.156247
147.000000,675.526001,-0.004162,-0.154900
0.000000,705.500977,0.017066,-0.152545
1.000000,705.500977,0.082489,-0.124377
2.000000,705.500977,0.143877,-0.097131
3.000000,705.500977,0.198227,-0.072267
4.000000,705.500977,0.242879,-0.035252
5.000000,705.500977,0.275649,0.003229
6.000000,705.500977,0.294934,0.055335
7.000000,705.500977,0.299787,0.069208
8.000000,705.500977,0.289973,0.097128
9.000000,705.500977,0.265974,0.117539
10.000000,705.500977,0.228962,0.137359
11.000000,705.500977,0.180749,0.150352
12.000000,705.500977,0.123694,0.155108
13.000000,705.500977,0.060587,0.158040
14.000000,705.500977,-0.005484,0.139086
15.000000,705.500977,-0.071287,0.126972
16.000000,705.500977,-0.133602,0.106603
17.000000,705.500977,-0.189381,0.075650
18.000000,705.500977,-0.235895,0.045113
19.000000,705.500977,-0.270868,0.019764
20.000000,705.500977,-0.292590,-0.050491
21.000000,705.500977,-0.299998,-0.059947
22.000000,705.500977,-0.292729,-0.082117
23.000000,705.500977,-0.271138,-0.120630
24.000000,705.500977,-0.236280,-0.131758
25.000000,705.500977,-0.189864,-0.145214
26.000000,705.500977,-0.134159,-0.160806
27.000000,705.500977,-0.071891,-0.156907
28.000000,705.500977,-0.006106,-0.144014
29.000000,705.500977,0.059977,-0.129784
30.000000,705.500977,0.123126,-0.103563
31.000000,705.500977,0.180252,-0.078223
32.000000,705.500977,0.228558,-0.051292
33.000000,705.500977,0.265684,-0.009751
34.000000,705.500977,0.289811,0.005625
35.000000,705.500977,0.299760,0.053461
36.000000,705.500977,0.295044,0.091575
37.000000,705.500977,0.275893,0.112265
38.000000,705.500977,0.243245,0.136713
39.000000,705.500977,0.198696,0.155026
40.000000,705.500977,0.144424,0.161068
41.000000,705.500977,0.083088,0.160661
42.000000,705.500977,0.017687,0.150998
43.000000,705.500977,-0.048579,0.133313
44.000000,705.500977,-0.112468,0.112884
45.000000,705.500977,-0.170855,0.089834
46.000000,705.500977,-0.220882,0.054295
47.000000,705.500977,-0.260104,0.019658
48.000000,705.500977,-0.286600,-0.007332
49.000000,705.500977,-0.299075,-0.052099
50.000000,705.500977,-0.296919,-0.077815
51.000000,705.500977,-0.280236,-0.113285
52.000000,705.500977,-0.249844,-0.134397
53.000000,705.500977,-0.207228,-0.146419
54.000000,705.500977,-0.154473,-0.159440
55.000000,705.500977,-0.094161,-0.152632
56.000000,705.500977,-0.029242,-0.147033
57.000000,705.500977,0.037108,-0.142511
58.000000,705.500977,0.101642,-0.117230
59.000000,705.500977,0.161203,-0.084330
60.000000,705.500977,0.212877,-0.062439
61.000000,705.500977,0.254136,-0.026391
62.000000,705.500977,0.282962,0.014770
63.000000,705.500977,0.297945,0.042988
64.000000,705.500977,0.298352,0.078215
65.000000,705.500977,0.284162,0.108289
66.000000,705.500977,0.256070,0.128406
67.000000,705.500977,0.215451,0.145400
68.000000,705.500977,0.164290,0.160446
69.000000,705.500977,0.105092,0.155635
70.000000,705.500977,0.040752,0.151273
71.000000,705.500977,-0.025582,0.139851
72.000000,705.500977,-0.090665,0.143668
73.000000,705.500977,-0.151311,0.093829
74.000000,705.500977,-0.204555,0.058560
75.000000,705.500977,-0.247791,0.027273
76.000000,705.500977,-0.278904,-0.005444
77.000000,705.500977,-0.296372,-0.042725
78.000000,705.500977,-0.299340,-0.071694
79.000000,705.500977,-0.287665,-0.098391
80.000000,705.500977,-0.261915,-0.125010
81.000000,705.500977,-0.223353,-0.146172
82.000000,705.500977,-0.173863,-0.149961
83.000000,705.500977,-0.115867,-0.157599
84.000000,705.500977,-0.052202,-0.152879
85.000000,705.500977,0.014017,-0.134713
86.000000,705.500977,0.079550,-0.127103
87.000000,705.500977,0.141192,-0.099096
88.000000,705.500977,0.195927,-0.066416
89.000000,705.500977,0.241075,-0.037671
90.000000,705.500977,0.274429,-0.003337
91.000000,705.500977,0.294356,0.032024
92.000000,705.500977,0.299883,0.060842
93.000000,705.500977,0.290739,0.079022
94.000000,705.500977,0.267371,0.115817
95.000000,705.500977,0.230922,0.138967
96.000000,705.500977,0.183176,0.156927
97.000000,705.500977,0.126469,0.158187
98.000000,705.500977,0.063574,0.158301
99.000000,705.500977,-0.002431,0.151553
100.000000,705.500977,-0.068317,0.128626
101.000000,705.500977,-0.130862,0.105544
102.000000,705.500977,-0.187004,0.080034
103.000000,705.500977,-0.233998,0.039414
104.000000,705.500977,-0.269544,0.008804
105.000000,705.500977,-0.291903,-0.020573
106.000000,705.500977,-0.299979,-0.060359
107.000000,705.500977,-0.293380,-0.089489
108.000000,705.500977,-0.272427,-0.110312
109.000000,705.500977,-0.238147,-0.141311
110.000000,705.500977,-0.192217,-0.149539
111.000000,705.500977,-0.136882,-0.150488
112.000000,705.500977,-0.074851,-0.159839
113.000000,705.500977,-0.009158,-0.142992
114.000000,705.500977,0.056983,-0.129646
115.000000,705.500977,0.120336,-0.110963
116.000000,705.500977,0.177802,-0.081842
117.000000,705.500977,0.226570,-0.052607
118.000000,705.500977,0.264254,-0.014236
119.000000,705.500977,0.289009,0.021871
120.000000,705.500977,0.299626,0.046007
121.000000,705.500977,0.295584,0.083823
122.000000,705.500977,0.277079,0.110030
123.000000,705.500977,0.245018,0.130693
124.000000,705.500977,0.200971,0.151360
125.000000,705.500977,0.147092,0.161866
126.000000,705.500977,0.086017,0.158915
127.000000,705.500977,0.020734,0.152254
128.000000,705.500977,-0.045563,0.137978
129.000000,705.500977,-0.109632,0.108912
130.000000,705.500977,-0.168336,0.087663
131.000000,705.500977,-0.218805,0.058139
132.000000,705.500977,-0.258570,0.016126
133.000000,705.500977,-0.285684,-0.014644
134.000000,705.500977,-0.298823,-0.047727
135.000000,705.500977,-0.297342,-0.082314
136.000000,705.500977,-0.281314,-0.106170
137.000000,705.500977,-0.251523,-0.136372
138.000000,705.500977,-0.209426,-0.144152
139.000000,705.500977,-0.157082,-0.148366
140.000000,705.500977,-0.097054,-0.161406
0.000000,736.806030,0.019368,-0.144431
1.000000,736.806030,0.087531,-0.127704
2.000000,736.806030,0.151026,-0.095330
3.000000,736.806030,0.206463,-0.069087
4.000000,736.806030,0.250887,-0.030038
5.000000,736.806030,0.281928,0.010830
6.000000,736.806030,0.297931,0.039121
7.000000,736.806030,0.298044,0.071522
8.000000,736.806030,0.282258,0.103309
9.000000,736.806030,0.251417,0.119472
10.000000,736.806030,0.207162,0.142573
11.000000,736.806030,0.151856,0.153078
12.000000,736.806030,0.088452,0.156075
13.000000,736.806030,0.020329,0.153206
14.000000,736.806030,-0.048877,0.138065
15.000000,736.806030,-0.115477,0.114025
16.000000,736.806030,-0.175919,0.085482
17.000000,736.806030,-0.226975,0.047161
18.000000,736.806030,-0.265923,0.021019
19.000000,736.806030,-0.290686,-0.014158
20.000000,736.806030,-0.299944,-0.055599
21.000000,736.806030,-0.293204,-0.092009
22.000000,736.806030,-0.270824,-0.098478
23.000000,736.806030,-0.233998,-0.133871
24.000000,736.806030,-0.184690,-0.146259
25.000000,736.806030,-0.125528,-0.153461
26.000000,736.806030,-0.059671,-0.151505
27.000000,736.806030,0.009368,-0.141059
28.000000,736.806030,0.077907,-0.119539
29.000000,736.806030,0.142291,-0.101209
30.000000,736.806030,0.199086,-0.077288
31.000000,736.806030,0.245263,-0.033227
32.000000,736.806030,0.278352,0.031547
33.000000,736.806030,0.296595,0.034086
34.000000,736.806030,0.299017,0.062913
35.000000,736.806030,0.285490,0.092084
36.000000,736.806030,0.256735,0.122171
37.000000,736.806030,0.214286,0.132612
38.000000,736.806030,0.160407,0.148327
39.000000,736.806030,0.097968,0.158393
40.000000,736.806030,0.030305,0.146481
41.000000,736.806030,-0.038974,0.133066
42.000000,736.806030,-0.106174,0.118717
43.000000,736.806030,-0.167711,0.087410
44.000000,736.806030,-0.220302,0.056494
45.000000,736.806030,-0.261144,0.030911
46.000000,736.806030,-0.288053,-0.016009
47.000000,736.806030,-0.299596,-0.061220
48.000000,736.806030,-0.295158,-0.073109
49.000000,736.806030,-0.274977,-0.105002
50.000000,736.806030,-0.240129,-0.126178
51.000000,736.806030,-0.192473,-0.137540
52.000000,736.806030,-0.134550,-0.157979
53.000000,736.806030,-0.069449,-0.151180
54.000000,736.806030,-0.000642,-0.143560
55.000000,736.806030,0.068197,-0.129930
56.000000,736.806030,0.133399,-0.100956
57.000000,736.806030,0.191485,-0.074576
58.000000,736.806030,0.239358,-0.043705
59.000000,736.806030,0.274464,-0.006031
60.000000,736.806030,0.294931,0.021986
61.000000,736.806030,0.299661,0.059115
62.000000,736.806030,0.288407,0.089862
63.000000,736.806030,0.261770,0.118959
64.000000,736.806030,0.221170,0.138573
65.000000,736.806030,0.168774,0.157926
66.000000,736.806030,0.107375,0.156308
67.000000,736.806030,0.040248,0.152180
68.000000,736.806030,-0.029027,0.145345
69.000000,736.806030,-0.096753,0.117612
70.000000,736.806030,-0.159317,0.098003
71.000000,736.806030,-0.213383,0.067440
72.000000,736.806030,-0.256068,0.025573
73.000000,736.806030,-0.285094,-0.008770
74.000000,736.806030,-0.298914,-0.043774
75.000000,736.806030,-0.296788,-0.077187
76.000000,736.806030,-0.278828,-0.101717
77.000000,736.806030,-0.245996,-0.138498
78.000000,736.806030,-0.200043,-0.145498
79.000000,736.806030,-0.143420,-0.148234
80.000000,736.806030,-0.079148,-0.158419
81.000000,736.806030,-0.010652,-0.145132
82.000000,736.806030,0.058412,-0.124812
83.000000,736.806030,0.124360,-0.110582
84.000000,736.806030,0.183673,0.042873
85.000000,736.806030,0.233190,-0.040447
86.000000,736.806030,0.270268,-0.032384
87.000000,736.806030,0.292930,0.006784
88.000000,736.806030,0.299968,0.046832
89.000000,736.806030,0.291006,0.078550
90.000000,736.806030,0.266516,0.105444
91.000000,736.806030,0.227811,0.129584
92.000000,736.806030,0.176955,0.145294
93.000000,736.806030,0.116661,0.150526
94.000000,736.806030,0.050144,0.149532
95.000000,736.806030,-0.019048,0.134207
96.000000,736.806030,-0.087225,0.122551
97.000000,736.806030,-0.150748,0.096936
98.000000,736.806030,-0.206230,0.065969
99.000000,736.806030,-0.250710,0.036899
100.000000,736.806030,-0.281818,-0.008377
101.000000,736.806030,-0.297894,-0.045199
102.000000,736.806030,-0.298081,-0.069215
103.000000,736.806030,-0.282368,-0.102395
104.000000,736.806030,-0.251592,-0.124231
105.000000,736.806030,-0.207393,-0.137907
106.000000,736.806030,-0.152133,-0.153365
107.000000,736.806030,-0.088758,-0.155560
108.000000,736.806030,-0.020650,-0.146767
109.000000,736.806030,0.048560,-0.138484
110.000000,736.806030,0.115181,-0.113157
111.000000,736.806030,0.175659,-0.079803
112.000000,736.806030,0.226764,-0.057092
113.000000,736.806030,0.265773,-0.015844
114.000000,736.806030,0.290606,0.016731
115.000000,736.806030,0.299938,0.052274
116.000000,736.806030,0.293272,0.085335
117.000000,736.806030,0.270963,0.107491
118.000000,736.806030,0.234201,0.129946
119.000000,736.806030,0.184942,0.154439
120.000000,736.806030,0.125819,0.152661
121.000000,736.806030,0.059986,0.149427
122.000000,736.806030,-0.009047,0.145725
123.000000,736.806030,-0.077597,0.124979
124.000000,736.806030,-0.142009,0.102617
125.000000,736.806030,-0.198847,0.075027
126.000000,736.806030,-0.245076,0.036587
127.000000,736.806030,-0.278231,0.005070
128.000000,736.806030,-0.296546,-0.030020
129.000000,736.806030,-0.299042,-0.066246
130.000000,736.806030,-0.285589,-0.094863
131.000000,736.806030,-0.256902,-0.124904
132.000000,736.806030,-0.214512,-0.140358
133.000000,736.806030,-0.160678,-0.147927
134.000000,736.806030,-0.098272,-0.160439
0.000000,769.500000,0.003301,-0.144326
1.000000,769.500000,0.075019,-0.122366
2.000000,769.500000,0.142374,-0.101135
3.000000,769.500000,0.201452,-0.072308
4.000000,769.500000,0.248808,-0.034940
5.000000,769.500000,0.281697,-0.006709
6.000000,769.500000,0.298207,0.034759
7.000000,769.500000,0.297370,0.070793
8.000000,769.500000,0.279238,0.094104
9.000000,769.500000,0.244870,0.124938
10.000000,769.500000,0.196260,0.142752
11.000000,769.500000,0.136234,0.151094
12.000000,769.500000,0.068287,0.158494
13.000000,769.500000,-0.003631,0.145665
14.000000,769.500000,-0.075338,0.126459
15.000000,769.500000,-0.142664,0.108037
16.000000,769.500000,-0.201696,0.068562
17.000000,769.500000,-0.248993,0.039400
18.000000,769.500000,-0.281810,0.008090
19.000000,769.500000,-0.298242,-0.034464
20.000000,769.500000,-0.297327,-0.067007
21.000000,769.500000,-0.279117,-0.093484
22.000000,769.500000,-0.244679,-0.123896
23.000000,769.500000,-0.196012,-0.137998
24.000000,769.500000,-0.135940,-0.143267
25.000000,769.500000,-0.067966,-0.153658
26.000000,769.500000,0.003961,-0.143579
27.000000,769.500000,0.075658,-0.119759
28.000000,769.500000,0.142954,-0.103889
29.000000,769.500000,0.201938,-0.066727
30.000000,769.500000,0.249178,-0.031367
31.000000,769.500000,0.281923,-0.004936
32.000000,769.500000,0.298276,0.031405
33.000000,769.500000,0.297285,0.064420
34.000000,769.500000,0.278997,0.100198
35.000000,769.500000,0.244487,0.124031
36.000000,769.500000,0.195761,0.135879
37.000000,769.500000,0.135646,0.150041
38.000000,769.500000,0.067644,0.152959
39.000000,769.500000,-0.004291,0.139040
40.000000,769.500000,-0.075978,0.128306
41.000000,769.500000,-0.143244,0.105476
42.000000,769.500000,-0.202182,0.071489
43.000000,769.500000,-0.249364,0.046607
44.000000,769.500000,-0.282036,0.006436
45.000000,769.500000,-0.298310,-0.038331
46.000000,769.500000,-0.297240,-0.066347
47.000000,769.500000,-0.278876,-0.091037
48.000000,769.500000,-0.244295,-0.122563
49.000000,769.500000,-0.195510,-0.141059
50.000000,769.500000,-0.135353,-0.143941
51.000000,769.500000,-0.067323,-0.153672
52.000000,769.500000,0.004621,-0.142626
53.000000,769.500000,0.076297,-0.127332
54.000000,769.500000,0.143534,-0.106349
55.000000,769.500000,0.202425,-0.069275
56.000000,769.500000,0.249546,-0.040745
57.000000,769.500000,0.282149,-0.005023
58.000000,769.500000,0.298345,0.036885
59.000000,769.500000,0.297193,0.065982
60.000000,769.500000,0.278755,0.103157
61.000000,769.500000,0.244103,0.127197
62.000000,769.500000,0.195259,0.139787
63.000000,769.500000,0.135059,0.149720
64.000000,769.500000,0.067001,0.155685
65.000000,769.500000,-0.004951,0.138894
66.000000,769.500000,-0.076617,0.124865
67.000000,769.500000,-0.143825,0.108289
68.000000,769.500000,-0.202668,0.071036
69.000000,769.500000,-0.249728,0.038479
70.000000,769.500000,-0.282263,0.005543
71.000000,769.500000,-0.298379,-0.036705
72.000000,769.500000,-0.297147,-0.064134
73.000000,769.500000,-0.278634,-0.100503
74.000000,769.500000,-0.243912,-0.123690
75.000000,769.500000,-0.195008,-0.136986
76.000000,769.500000,-0.134764,-0.150625
77.000000,769.500000,-0.066680,-0.153012
78.000000,769.500000,0.005281,-0.139680
79.000000,769.500000,0.076935,-0.127324
80.000000,769.500000,0.144115,-0.099903
81.000000,769.500000,0.202911,-0.066709
82.000000,769.500000,0.249910,-0.042431
83.000000,769.500000,0.282376,-0.002370
84.000000,769.500000,0.298414,0.037678
85.000000,769.500000,0.297100,0.066422
86.000000,769.500000,0.278513,0.100903
87.000000,769.500000,0.243720,0.121617
88.000000,769.500000,0.194756,0.136213
89.000000,769.500000,0.134468,0.149560
90.000000,769.500000,0.066358,0.149679
91.000000,769.500000,-0.005611,0.141794
92.000000,769.500000,-0.077254,0.124485
93.000000,769.500000,-0.144405,0.100816
94.000000,769.500000,-0.203155,0.076983
95.000000,769.500000,-0.250092,0.043519
96.000000,769.500000,-0.282488,-0.004496
97.000000,769.500000,-0.298448,-0.032631
98.000000,769.500000,-0.297054,-0.061335
99.000000,769.500000,-0.278388,-0.100902
100.000000,769.500000,-0.243528,-0.121551
101.000000,769.500000,-0.194505,-0.134186
102.000000,769.500000,-0.134173,-0.148898
103.000000,769.500000,-0.066036,-0.150799
104.000000,769.500000,0.005941,-0.141040
105.000000,769.500000,0.077573,-0.123457
106.000000,769.500000,0.144695,-0.103036
107.000000,769.500000,0.203398,-0.069316
108.000000,769.500000,0.250273,-0.039151
109.000000,769.500000,0.282597,0.004264
110.000000,769.500000,0.298482,0.036638
111.000000,769.500000,0.297008,0.067462
112.000000,769.500000,0.278264,0.098296
113.000000,769.500000,0.243336,0.120810
114.000000,769.500000,0.194254,0.137180
115.000000,769.500000,0.133877,0.151713
116.000000,769.500000,0.065715,0.146733
117.000000,769.500000,-0.006271,0.142673
118.000000,769.500000,-0.077891,0.130271
119.000000,769.500000,-0.144983,0.097224
120.000000,769.500000,-0.203641,0.073395
121.000000,769.500000,-0.250455,0.040445
122.000000,769.500000,-0.282707,-0.001129
123.000000,769.500000,-0.298517,-0.011130
124.000000,769.500000,-0.296961,-0.067969
125.000000,769.500000,-0.278139,-0.103289
126.000000,769.500000,-0.243145,-0.128478
127.000000,769.500000,-0.194002,-0.138434
128.000000,769.500000,-0.133581,-0.153585
0.000000,803.645020,0.042795,-0.132611
1.000000,803.645020,0.115610,-0.109891
2.000000,803.645020,0.181096,-0.087202
3.000000,803.645020,0.235098,-0.052859
4.000000,803.645020,0.274198,-0.016825
5.000000,803.645020,0.295905,0.015892
6.000000,803.645020,0.298859,0.057094
7.000000,803.645020,0.282857,0.091855
8.000000,803.645020,0.248924,0.112265
9.000000,803.645020,0.199208,0.134472
10.000000,803.645020,0.136859,0.152419
11.000000,803.645020,0.065836,0.149014
12.000000,803.645020,-0.009364,0.141533
13.000000,803.645020,-0.083970,0.128970
14.000000,803.645020,-0.153250,0.098938
15.000000,803.645020,-0.212815,0.070995
16.000000,803.645020,-0.258887,0.047125
17.000000,803.645020,-0.288541,-0.002255
18.000000,803.645020,-0.299908,-0.040612
19.000000,803.645020,-0.292249,-0.078415
20.000000,803.645020,-0.266068,-0.105529
21.000000,803.645020,-0.223013,-0.123292
22.000000,803.645020,-0.165820,-0.141485
23.000000,803.645020,-0.098113,-0.143712
24.000000,803.645020,-0.024185,-0.139973
25.000000,803.645020,0.051277,-0.135804
26.000000,803.645020,0.123486,-0.112617
27.000000,803.645020,0.187868,-0.079423
28.000000,803.645020,0.240336,-0.051805
29.000000,803.645020,0.277567,-0.014864
30.000000,803.645020,0.297200,0.026444
31.000000,803.645020,0.297985,0.058015
32.000000,803.645020,0.279884,0.092130
33.000000,803.645020,0.244028,0.122277
34.000000,803.645020,0.192706,0.133606
35.000000,803.645020,0.129162,0.146586
36.000000,803.645020,0.057430,0.148625
37.000000,803.645020,-0.017943,0.136360
38.000000,803.645020,-0.092178,0.121878
39.000000,803.645020,-0.160572,0.095103
40.000000,803.645020,-0.218779,0.067755
41.000000,803.645020,-0.263119,0.024171
42.000000,803.645020,-0.290774,-0.008289
43.000000,803.645020,-0.299993,-0.027184
44.000000,803.645020,-0.290194,-0.069962
45.000000,803.645020,-0.261990,-0.105529
46.000000,803.645020,-0.217181,-0.129591
47.000000,803.645020,-0.158595,-0.139620
48.000000,803.645020,-0.089958,-0.149792
49.000000,803.645020,-0.015616,-0.145146
50.000000,803.645020,0.059716,-0.126379
51.000000,803.645020,0.131263,-0.112443
52.000000,803.645020,0.194484,-0.079895
53.000000,803.645020,0.245380,-0.041414
54.000000,803.645020,0.280710,-0.010956
55.000000,803.645020,0.298247,0.027465
56.000000,803.645020,0.296872,0.065506
57.000000,803.645020,0.276674,0.092464
58.000000,803.645020,0.238936,0.120398
59.000000,803.645020,0.186044,0.133992
60.000000,803.645020,0.121360,0.147447
61.000000,803.645020,0.048979,0.155580
62.000000,803.645020,-0.026507,0.136699
63.000000,803.645020,-0.100312,0.118272
64.000000,803.645020,-0.167757,0.093142
65.000000,803.645020,-0.224568,0.058382
66.000000,803.645020,-0.267134,0.027859
67.000000,803.645020,-0.292770,-0.007245
68.000000,803.645020,-0.299836,-0.047192
69.000000,803.645020,-0.287896,-0.082195
70.000000,803.645020,-0.257701,-0.102198
71.000000,803.645020,-0.211165,-0.126723
72.000000,803.645020,-0.151244,-0.142246
73.000000,803.645020,-0.081729,-0.143721
74.000000,803.645020,-0.007034,-0.143245
75.000000,803.645020,0.068107,-0.124611
76.000000,803.645020,0.138930,-0.101905
77.000000,803.645020,0.200944,-0.082007
78.000000,803.645020,0.250216,-0.047379
79.000000,803.645020,0.283628,-0.001678
80.000000,803.645020,0.299049,0.029366
81.000000,803.645020,0.295517,0.071435
82.000000,803.645020,0.273241,0.095602
83.000000,803.645020,0.233644,0.119019
84.000000,803.645020,0.179233,0.138165
85.000000,803.645020,0.113456,0.144813
86.000000,803.645020,0.040487,0.145207
87.000000,803.645020,-0.035050,0.140832
88.000000,803.645020,-0.108365,0.110845
89.000000,803.645020,-0.174807,0.091250
90.000000,803.645020,-0.230167,0.067980
91.000000,803.645020,-0.270935,0.017619
92.000000,803.645020,-0.294520,-0.015744
93.000000,803.645020,-0.299439,-0.047434
94.000000,803.645020,-0.285362,-0.085288
95.000000,803.645020,-0.253200,-0.110550
96.000000,803.645020,-0.204979,-0.130026
97.000000,803.645020,-0.143764,-0.145105
98.000000,803.645020,-0.073434,-0.145146
99.000000,803.645020,0.001553,-0.134567
100.000000,803.645020,0.076443,-0.130224
101.000000,803.645020,0.146483,-0.106010
102.000000,803.645020,0.207238,-0.069536
103.000000,803.645020,0.254851,-0.040264
104.000000,803.645020,0.286306,-0.001697
105.000000,803.645020,0.299611,0.040285
106.000000,803.645020,0.293913,0.066789
107.000000,803.645020,0.269588,0.101050
108.000000,803.645020,0.228161,0.120224
109.000000,803.645020,0.172273,0.137180
110.000000,803.645020,0.105460,0.149106
111.000000,803.645020,0.031962,0.143466
112.000000,803.645020,-0.043564,0.133520
113.000000,803.645020,-0.116326,0.116504
114.000000,803.645020,-0.181717,0.082870
115.000000,803.645020,-0.235580,0.055161
116.000000,803.645020,-0.274511,0.022957
117.000000,803.645020,-0.296034,-0.019583
118.000000,803.645020,-0.298787,-0.055113
119.000000,803.645020,-0.282599,-0.079056
120.000000,803.645020,-0.248488,-0.118096
121.000000,803.645020,-0.198628,-0.133765
122.000000,803.645020,-0.136168,-0.142901
123.000000,803.645020,-0.065078,-0.153292
0.000000,839.304993,0.066971,-0.121124
1.000000,839.304993,0.140872,-0.106170
2.000000,839.304993,0.205034,-0.079574
3.000000,839.304993,0.255025,-0.040113
4.000000,839.304993,0.287387,-0.008422
5.000000,839.304993,0.299884,0.032693
6.000000,839.304993,0.291652,0.071247
7.000000,839.304993,0.263261,0.097604
8.000000,839.304993,0.216672,0.124352
9.000000,839.304993,0.155106,0.142591
10.000000,839.304993,0.082819,0.143287
11.000000,839.304993,0.004807,0.142133
12.000000,839.304993,-0.073537,0.130610
13.000000,839.304993,-0.146798,0.103551
14.000000,839.304993,-0.209913,0.075535
15.000000,839.304993,-0.258516,0.046978
16.000000,839.304993,-0.289253,0.000425
17.000000,839.304993,-0.299991,-0.040612
18.000000,839.304993,-0.289999,-0.070342
19.000000,839.304993,-0.259955,-0.098308
20.000000,839.304993,-0.211948,-0.122018
21.000000,839.304993,-0.149285,-0.140486
22.000000,839.304993,-0.076308,-0.142365
23.000000,839.304993,0.001947,-0.137132
24.000000,839.304993,0.080067,-0.127704
25.000000,839.304993,0.152650,-0.103536
26.000000,839.304993,0.214687,-0.064235
27.000000,839.304993,0.261876,-0.039298
28.000000,839.304993,0.290973,0.000104
29.000000,839.304993,0.299947,0.046392
30.000000,839.304993,0.288197,0.070523
31.000000,839.304993,0.256518,0.106644
32.000000,839.304993,0.207115,0.133144
33.000000,839.304993,0.143390,0.140827
34.000000,839.304993,0.069757,0.143686
35.000000,839.304993,-0.008700,0.143705
36.000000,839.304993,-0.086554,0.125199
37.000000,839.304993,-0.158425,0.100903
38.000000,839.304993,-0.219347,0.068860
39.000000,839.304993,-0.265105,0.032413
40.000000,839.304993,-0.292540,-0.005357
41.000000,839.304993,-0.299752,-0.046193
42.000000,839.304993,-0.286246,-0.077114
43.000000,839.304993,-0.252953,-0.101644
44.000000,839.304993,-0.202175,-0.130897
45.000000,839.304993,-0.137422,-0.141338
46.000000,839.304993,-0.063170,-0.139987
47.000000,839.304993,0.015448,-0.139524
48.000000,839.304993,0.092998,-0.122151
49.000000,839.304993,0.164121,-0.081883
50.000000,839.304993,0.223898,-0.066833
51.000000,839.304993,0.268201,-0.027885
52.000000,839.304993,0.293961,0.013569
53.000000,839.304993,0.299407,0.042167
54.000000,839.304993,0.284151,0.082902
55.000000,839.304993,0.249260,0.107849
56.000000,839.304993,0.197134,0.124979
57.000000,839.304993,0.131386,0.141299
58.000000,839.304993,0.056552,0.140919
59.000000,839.304993,-0.022189,0.137693
60.000000,839.304993,-0.099395,0.124324
61.000000,839.304993,-0.169734,0.091484
62.000000,839.304993,-0.228335,0.061415
63.000000,839.304993,-0.271161,0.030704
64.000000,839.304993,-0.295234,-0.011029
65.000000,839.304993,-0.298909,-0.047893
66.000000,839.304993,-0.281913,-0.078090
67.000000,839.304993,-0.245439,-0.114669
68.000000,839.304993,-0.191993,-0.130411
69.000000,839.304993,-0.125280,-0.137467
70.000000,839.304993,-0.049905,-0.143464
71.000000,839.304993,0.028918,-0.131525
72.000000,839.304993,0.105742,-0.113212
73.000000,839.304993,0.175259,-0.092801
74.000000,839.304993,0.232658,-0.060254
75.000000,839.304993,0.273979,-0.022959
76.000000,839.304993,0.296358,0.012112
77.000000,839.304993,0.298255,0.046066
78.000000,839.304993,0.279534,0.090288
79.000000,839.304993,0.241491,0.110992
80.000000,839.304993,0.186756,0.133492
81.000000,839.304993,0.119111,0.142165
82.000000,839.304993,0.043234,0.139187
83.000000,839.304993,-0.035632,0.138019
84.000000,839.304993,-0.112036,0.109485
85.000000,839.304993,-0.180694,0.093037
86.000000,839.304993,-0.236864,0.061433
87.000000,839.304993,-0.276659,0.018219
88.000000,839.304993,-0.297334,-0.016490
89.000000,839.304993,-0.297451,-0.051374
90.000000,839.304993,-0.277013,-0.088847
91.000000,839.304993,-0.237422,-0.108017
92.000000,839.304993,-0.181425,-0.127346
93.000000,839.304993,-0.112882,-0.145178
94.000000,839.304993,-0.036540,-0.140312
95.000000,839.304993,0.042329,-0.125486
96.000000,839.304993,0.118274,-0.115416
97.000000,839.304993,0.186039,-0.090236
98.000000,839.304993,0.240951,-0.048108
99.000000,839.304993,0.279200,-0.022790
100.000000,839.304993,0.298158,0.022398
101.000000,839.304993,0.296498,0.018504
102.000000,839.304993,0.274351,0.087470
103.000000,839.304993,0.233234,0.122318
104.000000,839.304993,0.176000,0.133533
105.000000,839.304993,0.106597,0.149221
106.000000,839.304993,0.029828,0.147599
107.000000,839.304993,-0.049004,0.131907
108.000000,839.304993,-0.124449,0.112385
109.000000,839.304993,-0.191290,0.089028
110.000000,839.304993,-0.244911,0.047601
111.000000,839.304993,-0.281600,0.015571
112.000000,839.304993,-0.298827,-0.014772
113.000000,839.304993,-0.295396,-0.062293
114.000000,839.304993,-0.271547,-0.090455
115.000000,839.304993,-0.228928,-0.116112
116.000000,839.304993,-0.170485,-0.136771
117.000000,839.304993,-0.100257,-0.137632
118.000000,839.304993,-0.023099,-0.132106
0.000000,876.546997,0.074872,-0.127365
1.000000,876.546997,0.151043,-0.098331
2.000000,876.546997,0.215828,-0.071666
3.000000,876.546997,0.264354,-0.035779
4.000000,876.546997,0.292956,0.003682
5.000000,876.546997,0.299486,0.040674
6.000000,876.546997,0.283448,0.078055
7.000000,876.546997,0.246049,0.101723
8.000000,876.546997,0.190113,0.123999
9.000000,876.546997,0.119847,0.141432
10.000000,876.546997,0.040554,0.136360
11.000000,876.546997,-0.041797,0.131352
12.000000,876.546997,-0.120999,0.116856
13.000000,876.546997,-0.191081,0.084364
14.000000,876.546997,-0.246766,0.053447
15.000000,876.546997,-0.283857,0.019603
16.000000,876.546997,-0.299555,-0.025310
17.000000,876.546997,-0.292687,-0.056080
18.000000,876.546997,-0.263756,-0.086277
19.000000,876.546997,-0.214956,-0.120923
20.000000,876.546997,-0.149954,-0.132725
21.000000,876.546997,-0.073655,-0.132707
22.000000,876.546997,0.008194,-0.139084
23.000000,876.546997,0.089426,-0.120378
24.000000,876.546997,0.163921,-0.099417
25.000000,876.546997,0.226061,-0.069820
26.000000,876.546997,0.271172,-0.031032
27.000000,876.546997,0.295841,0.006504
28.000000,876.546997,0.298224,0.044234
29.000000,876.546997,0.278131,0.082715
30.000000,876.546997,0.237082,0.105118
31.000000,876.546997,0.178168,0.130752
32.000000,876.546997,0.105826,0.144978
33.000000,876.546997,0.025513,0.138674
34.000000,876.546997,-0.056724,0.133872
35.000000,876.546997,-0.134689,0.114836
36.000000,876.546997,-0.202500,0.080556
37.000000,876.546997,-0.255056,0.047927
38.000000,876.546997,-0.288390,0.009043
39.000000,876.546997,-0.299993,-0.032091
40.000000,876.546997,-0.288993,-0.117491
41.000000,876.546997,-0.256212,-0.098510
42.000000,876.546997,-0.204131,-0.113570
43.000000,876.546997,-0.136661,-0.127832
44.000000,876.546997,-0.058897,-0.139158
45.000000,876.546997,0.023306,-0.129504
46.000000,876.546997,0.103753,-0.109625
47.000000,876.546997,0.176382,-0.091674
48.000000,876.546997,0.235718,-0.058907
49.000000,876.546997,0.277296,-0.017672
50.000000,876.546997,0.297973,0.014119
51.000000,876.546997,0.296205,0.054781
52.000000,876.546997,0.272107,0.092515
53.000000,876.546997,0.227511,0.113672
54.000000,876.546997,0.165769,0.135879
55.000000,876.546997,0.091537,0.144525
56.000000,876.546997,0.010407,0.138380
57.000000,876.546997,-0.071507,0.127325
58.000000,876.546997,-0.148035,0.111863
59.000000,876.546997,-0.213404,0.073789
60.000000,876.546997,-0.262697,0.038113
61.000000,876.546997,-0.292189,0.005616
62.000000,876.546997,-0.299669,-0.042798
63.000000,876.546997,-0.284564,-0.072234
64.000000,876.546997,-0.248018,-0.104498
65.000000,876.546997,-0.192784,-0.127924
66.000000,876.546997,-0.123020,-0.135185
67.000000,876.546997,-0.043989,-0.142772
68.000000,876.546997,0.038359,-0.131131
69.000000,876.546997,0.117816,-0.116231
70.000000,876.546997,0.188394,-0.090794
71.000000,876.546997,0.244777,-0.052419
72.000000,876.546997,0.282715,-0.010892
73.000000,876.546997,0.299348,0.019479
74.000000,876.546997,0.293428,0.059848
75.000000,876.546997,0.265391,0.094828
76.000000,876.546997,0.217363,0.113232
77.000000,876.546997,0.152949,0.134106
78.000000,876.546997,0.077014,0.146912
79.000000,876.546997,-0.004726,0.133020
80.000000,876.546997,-0.086109,0.124425
81.000000,876.546997,-0.161004,0.103529
82.000000,876.546997,-0.223765,0.070669
83.000000,876.546997,-0.269669,0.034539
84.000000,876.546997,-0.295246,-0.001385
85.000000,876.546997,-0.298582,-0.045185
86.000000,876.546997,-0.279412,-0.076175
87.000000,876.546997,-0.239192,-0.103985
88.000000,876.546997,-0.180947,-0.130077
89.000000,876.546997,-0.109066,-0.138159
90.000000,876.546997,-0.028968,-0.134846
91.000000,876.546997,0.053314,-0.130237
92.000000,876.546997,0.131580,-0.108484
93.000000,876.546997,0.199927,-0.086941
94.000000,876.546997,0.253213,-0.046692
95.000000,876.546997,0.287414,-0.006571
96.000000,876.546997,0.299961,0.027286
97.000000,876.546997,0.289904,0.062001
98.000000,876.546997,0.258000,0.098622
99.000000,876.546997,0.206659,0.117026
100.000000,876.546997,0.139740,0.137519
101.000000,876.546997,0.062295,0.147278
102.000000,876.546997,-0.019846,0.132727
103.000000,876.546997,-0.100491,0.121305
104.000000,876.546997,-0.173563,0.099808
105.000000,876.546997,-0.233557,0.064196
106.000000,876.546997,-0.275953,0.046506
107.000000,876.546997,-0.297551,-0.008079
108.000000,876.546997,-0.296735,-0.058426
109.000000,876.546997,-0.273549,-0.086369
110.000000,876.546997,-0.229759,-0.111265
111.000000,876.546997,-0.168649,-0.133944
112.000000,876.546997,-0.094835,-0.140239
113.000000,876.546997,-0.013873,-0.141920
0.000000,915.442017,0.065318,-0.117491
1.000000,915.442017,0.145686,-0.111256
2.000000,915.442017,0.214088,-0.074360
3.000000,915.442017,0.264904,-0.034693
4.000000,915.442017,0.293959,-0.007236
5.000000,915.442017,0.298873,0.038053
6.000000,915.442017,0.279229,0.077721
7.000000,915.442017,0.236656,0.109658
8.000000,915.442017,0.174637,0.124425
9.000000,915.442017,0.098277,0.138724
10.000000,915.442017,0.013843,0.133313
11.000000,915.442017,-0.071727,0.127472
12.000000,915.442017,-0.151407,0.112229
13.000000,915.442017,-0.218647,0.072223
14.000000,915.442017,-0.267933,0.041906
15.000000,915.442017,-0.295202,0.004869
16.000000,915.442017,-0.298229,-0.038271
17.000000,915.442017,-0.276755,-0.072688
18.000000,915.442017,-0.232550,-0.105071
19.000000,915.442017,-0.169243,-0.123910
20.000000,915.442017,-0.092032,-0.131772
21.000000,915.442017,-0.007263,-0.144825
22.000000,915.442017,0.078103,-0.126370
23.000000,915.442017,0.157055,-0.098084
24.000000,915.442017,0.223103,-0.074800
25.000000,915.442017,0.270827,-0.035165
26.000000,915.442017,0.296305,0.007929
27.000000,915.442017,0.297442,0.037334
28.000000,915.442017,0.274151,0.073909
29.000000,915.442017,0.228334,0.108069
30.000000,915.442017,0.163767,0.125286
31.000000,915.442017,0.085743,0.137592
32.000000,915.442017,0.000679,0.139984
33.000000,915.442017,-0.084441,0.121186
34.000000,915.442017,-0.162625,0.104477
35.000000,915.442017,-0.227453,0.068113
36.000000,915.442017,-0.273593,0.034420
37.000000,915.442017,-0.297267,-0.003717
38.000000,915.442017,-0.296513,-0.044213
39.000000,915.442017,-0.271410,-0.080981
40.000000,915.442017,-0.224009,-0.104470
41.000000,915.442017,-0.158209,-0.130970
42.000000,915.442017,-0.079414,-0.137311
43.000000,915.442017,0.005905,-0.126879
44.000000,915.442017,0.090740,-0.127997
45.000000,915.442017,0.168118,-0.098482
46.000000,915.442017,0.231691,-0.060602
47.000000,915.442017,0.276228,-0.028517
48.000000,915.442017,0.298078,0.009244
49.000000,915.442017,0.295443,0.053452
50.000000,915.442017,0.268537,0.080336
51.000000,915.442017,0.219578,0.109164
52.000000,915.442017,0.152577,0.125777
53.000000,915.442017,0.073047,0.137180
54.000000,915.442017,-0.012486,0.135352
55.000000,915.442017,-0.096993,0.125557
56.000000,915.442017,-0.173531,0.095144
57.000000,915.442017,-0.235816,0.063994
58.000000,915.442017,-0.278732,0.031305
59.000000,915.442017,-0.298748,-0.002402
60.000000,915.442017,-0.294232,-0.050367
61.000000,915.442017,-0.265537,-0.091569
62.000000,915.442017,-0.215038,-0.114536
63.000000,915.442017,-0.146871,-0.126572
64.000000,915.442017,-0.066642,-0.140138
65.000000,915.442017,0.019062,-0.133078
66.000000,915.442017,0.103199,-0.115205
67.000000,915.442017,0.178862,-0.095628
68.000000,915.442017,0.239828,-0.061733
69.000000,915.442017,0.281101,-0.017672
70.000000,915.442017,0.299276,0.014192
71.000000,915.442017,0.292873,0.058047
72.000000,915.442017,0.262411,0.090728
73.000000,915.442017,0.210394,0.104385
74.000000,915.442017,0.141097,0.127179
75.000000,915.442017,0.060207,0.145418
76.000000,915.442017,-0.025628,0.130413
77.000000,915.442017,-0.109356,0.122785
78.000000,915.442017,-0.184104,0.095195
79.000000,915.442017,-0.243726,0.058835
80.000000,915.442017,-0.283330,0.024272
81.000000,915.442017,-0.299662,-0.016632
82.000000,915.442017,-0.291375,-0.059392
83.000000,915.442017,-0.259160,-0.086969
84.000000,915.442017,-0.205649,-0.112978
85.000000,915.442017,-0.135252,-0.131571
86.000000,915.442017,-0.053742,-0.137045
87.000000,915.442017,0.032181,-0.135565
88.000000,915.442017,0.115462,-0.116250
89.000000,915.442017,0.189256,-0.088476
90.000000,915.442017,0.247509,-0.060959
91.000000,915.442017,0.285425,-0.018864
92.000000,915.442017,0.299902,0.024524
93.000000,915.442017,0.289738,0.057429
94.000000,915.442017,0.255779,0.091543
95.000000,915.442017,0.200807,0.120943
96.000000,915.442017,0.129341,0.130413
97.000000,915.442017,0.047252,0.132686
98.000000,915.442017,-0.038719,0.133437
99.000000,915.442017,-0.121512,0.108838
100.000000,915.442017,-0.194319,0.090416
101.000000,915.442017,-0.251169,0.065360
102.000000,915.442017,-0.287384,0.014119
103.000000,915.442017,-0.299994,-0.026772
104.000000,915.442017,-0.287963,-0.021713
105.000000,915.442017,-0.252275,-0.092801
106.000000,915.442017,-0.195870,-0.120818
107.000000,915.442017,-0.123369,-0.135373
108.000000,915.442017,-0.040739,-0.139231
0.000000,956.062988,0.036344,-0.134338
1.000000,956.062988,0.122819,-0.113510
2.000000,956.062988,0.198300,-0.083583
3.000000,956.062988,0.256022,-0.054032
4.000000,956.062988,0.290823,-0.009197
5.000000,956.062988,0.299583,0.030544
6.000000,956.062988,0.281520,0.062936
7.000000,956.062988,0.238251,0.097490
8.000000,956.062988,0.173648,0.123170
9.000000,956.062988,0.093498,0.132347
10.000000,956.062988,0.004976,0.134986
11.000000,956.062988,-0.083992,0.122203
12.000000,956.062988,-0.165438,0.100198
13.000000,956.062988,-0.232074,0.073075
14.000000,956.062988,-0.277926,0.036271
15.000000,956.062988,-0.298901,-0.007689
16.000000,956.062988,-0.293103,-0.045606
17.000000,956.062988,-0.261071,-0.083015
18.000000,956.062988,-0.205656,-0.107843
19.000000,956.062988,-0.131832,-0.123672
20.000000,956.062988,-0.046201,-0.133504
21.000000,956.062988,0.043565,-0.077302
22.000000,956.062988,0.129430,-0.106651
23.000000,956.062988,0.203708,-0.087881
24.000000,956.062988,0.259744,-0.053546
25.000000,956.062988,0.292525,-0.009558
26.000000,956.062988,0.299113,0.022380
27.000000,956.062988,0.278920,0.060727
28.000000,956.062988,0.233753,0.097275
29.000000,956.062988,0.167655,0.114932
30.000000,956.062988,0.086548,0.129625
31.000000,956.062988,-0.002310,0.132177
32.000000,956.062988,-0.090962,0.118945
33.000000,956.062988,-0.171467,0.098810
34.000000,956.062988,-0.236623,0.060288
35.000000,956.062988,-0.280587,0.040747
36.000000,956.062988,-0.299436,-0.013705
37.000000,956.062988,-0.291464,-0.055745
38.000000,956.062988,-0.257405,-0.081521
39.000000,956.062988,-0.200290,-0.103458
40.000000,956.062988,-0.125248,-0.130810
41.000000,956.062988,-0.038988,-0.130631
42.000000,956.062988,0.050761,-0.121692
43.000000,956.062988,0.135965,-0.113263
44.000000,956.062988,0.208997,-0.082502
45.000000,956.062988,0.263313,-0.045061
46.000000,956.062988,0.294055,-0.011849
47.000000,956.062988,0.298467,0.033792
48.000000,956.062988,0.276154,0.072800
49.000000,956.062988,0.229118,0.100724
50.000000,956.062988,0.161564,0.123371
51.000000,956.062988,0.079546,0.131824
52.000000,956.062988,-0.009595,0.129666
53.000000,956.062988,-0.097878,0.122331
54.000000,956.062988,-0.177395,0.095602
55.000000,956.062988,-0.241033,0.069836
56.000000,956.062988,-0.283082,0.029458
57.000000,956.062988,-0.299794,-0.021370
58.000000,956.062988,-0.289653,-0.055613
59.000000,956.062988,-0.253586,-0.083803
60.000000,956.062988,-0.194807,-0.114229
61.000000,956.062988,-0.118590,-0.128844
62.000000,956.062988,-0.031753,-0.128606
63.000000,956.062988,0.057927,-0.132011
64.000000,956.062988,0.142420,-0.108090
65.000000,956.062988,0.214162,-0.072143
66.000000,956.062988,0.266727,-0.046225
67.000000,956.062988,0.295411,0.000237
68.000000,956.062988,0.297644,0.045485
69.000000,956.062988,0.273226,0.073643
70.000000,956.062988,0.224347,0.097710
71.000000,956.062988,0.155377,0.123843
72.000000,956.062988,0.072498,0.130340
73.000000,956.062988,-0.016875,0.129625
74.000000,956.062988,-0.104737,0.119830
75.000000,956.062988,-0.183218,0.093504
76.000000,956.062988,-0.245300,0.060421
77.000000,956.062988,-0.285410,0.020011
78.000000,956.062988,-0.299975,-0.019217
79.000000,956.062988,-0.287671,-0.053047
80.000000,956.062988,-0.249618,-0.092929
81.000000,956.062988,-0.189209,-0.112529
82.000000,956.062988,-0.111863,-0.125825
83.000000,956.062988,-0.024498,-0.139538
84.000000,956.062988,0.065059,-0.124964
85.000000,956.062988,0.148790,-0.097790
86.000000,956.062988,0.219200,-0.080074
87.000000,956.062988,0.269983,-0.039705
88.000000,956.062988,0.296592,0.002789
89.000000,956.062988,0.296646,0.037407
90.000000,956.062988,0.270137,0.073455
91.000000,956.062988,0.219444,0.111189
92.000000,956.062988,0.149099,0.120439
93.000000,956.062988,0.065406,0.131559
94.000000,956.062988,-0.024144,0.133291
95.000000,956.062988,-0.111533,0.114332
96.000000,956.062988,-0.188933,0.090929
97.000000,956.062988,-0.249422,0.054987
98.000000,956.062988,-0.287570,0.016566
99.000000,956.062988,-0.299979,-0.016678
100.000000,956.062988,-0.285520,-0.062586
101.000000,956.062988,-0.245503,-0.092595
102.000000,956.062988,-0.183499,-0.107838
103.000000,956.062988,-0.105069,-0.131117
0.000000,998.486023,0.078893,-0.114151
1.000000,998.486023,0.164353,-0.105149
2.000000,998.486023,0.233774,-0.071621
3.000000,998.486023,0.280378,-0.029346
4.000000,998.486023,0.299624,0.005712
5.000000,998.486023,0.289622,0.046373
6.000000,998.486023,0.251362,0.095488
7.000000,998.486023,0.188564,0.106158
8.000000,998.486023,0.107368,0.124718
9.000000,998.486023,0.015692,0.131357
10.000000,998.486023,-0.077515,0.117759
11.000000,998.486023,-0.163158,0.100903
12.000000,998.486023,-0.232875,0.067014
13.000000,998.486023,-0.279872,0.034493
14.000000,998.486023,-0.299546,-0.005957
15.000000,998.486023,-0.289994,-0.051732
16.000000,998.486023,-0.252135,-0.084261
17.000000,998.486023,-0.189673,-0.102697
18.000000,998.486023,-0.108699,-0.125977
19.000000,998.486023,-0.017117,-0.126384
20.000000,998.486023,0.076136,-0.115585
21.000000,998.486023,0.161957,-0.100242
22.000000,998.486023,0.231977,-0.071708
23.000000,998.486023,0.279350,-0.029433
24.000000,998.486023,0.299467,0.006152
25.000000,998.486023,0.290354,0.047927
26.000000,998.486023,0.252906,0.084927
27.000000,998.486023,0.190777,0.109278
28.000000,998.486023,0.110028,0.122258
29.000000,998.486023,0.018542,0.125731
30.000000,998.486023,-0.074754,0.120132
31.000000,998.486023,-0.160756,0.104903
32.000000,998.486023,-0.231066,0.068429
33.000000,998.486023,-0.278828,0.038053
34.000000,998.486023,-0.299377,0.005849
35.000000,998.486023,-0.290709,-0.044205
36.000000,998.486023,-0.253673,-0.081375
37.000000,998.486023,-0.191875,-0.102345
38.000000,998.486023,-0.111356,-0.129257
39.000000,998.486023,-0.019966,-0.128625
40.000000,998.486023,0.073371,-0.114999
41.000000,998.486023,0.159547,-0.106715
42.000000,998.486023,0.230153,-0.073348
43.000000,998.486023,0.278299,-0.025346
44.000000,998.486023,0.299281,0.002505
45.000000,998.486023,0.291062,0.045173
46.000000,998.486023,0.254429,0.079374
47.000000,998.486023,0.192972,0.101311
48.000000,998.486023,0.112678,0.125218
49.000000,998.486023,0.021390,0.125126
50.000000,998.486023,-0.071986,0.123032
51.000000,998.486023,-0.158337,0.108536
52.000000,998.486023,-0.229237,0.069703
53.000000,998.486023,-0.277761,0.037013
54.000000,998.486023,-0.299185,0.001236
55.000000,998.486023,-0.291400,-0.045858
56.000000,998.486023,-0.255185,-0.080115
57.000000,998.486023,-0.194061,-0.101978
58.000000,998.486023,-0.114000,-0.123003
59.000000,998.486023,-0.022813,-0.129371
60.000000,998.486023,0.070600,-0.115892
61.000000,998.486023,0.157125,-0.103362
62.000000,998.486023,0.228311,-0.067167
63.000000,998.486023,0.277223,-0.033080
64.000000,998.486023,0.299071,-0.000982
65.000000,998.486023,0.291738,0.042653
66.000000,998.486023,0.255931,0.084854
67.000000,998.486023,0.195147,0.105558
68.000000,998.486023,0.115319,0.125232
69.000000,998.486023,0.024236,0.130170
70.000000,998.486023,-0.069213,0.121026
71.000000,998.486023,-0.155905,0.106177
72.000000,998.486023,-0.227386,0.066615
73.000000,998.486023,-0.276670,0.032340
74.000000,998.486023,-0.298957,0.000063
75.000000,998.486023,-0.292067,-0.044145
76.000000,998.486023,-0.256672,-0.078388
77.000000,998.486023,-0.196231,-0.097570
78.000000,998.486023,-0.116635,-0.124863
79.000000,998.486023,-0.025659,-0.128024
80.000000,998.486023,0.067822,-0.119085
81.000000,998.486023,0.154685,-0.105676
82.000000,998.486023,0.226450,-0.073275
83.000000,998.486023,0.276116,-0.030253
84.000000,998.486023,0.298836,0.002212
85.000000,998.486023,0.292388,0.044880
86.000000,998.486023,0.257411,0.079947
87.000000,998.486023,0.197305,0.102878
88.000000,998.486023,0.117950,0.128058
89.000000,998.486023,0.027080,0.132264
90.000000,998.486023,-0.066432,0.122666
91.000000,998.486023,-0.153460,0.105357
92.000000,998.486023,-0.225511,0.068768
93.000000,998.486023,-0.275557,0.038214
94.000000,998.486023,-0.298704,0.001250
95.000000,998.486023,-0.292709,-0.046078
96.000000,998.486023,-0.258137,-0.078094
97.000000,998.486023,-0.198380,-0.104938
98.000000,998.486023,-0.119259,-0.129257
99.000000,998.486023,-0.028501,-0.132491
0.000000,1042.791016,0.010172,-0.124025
1.000000,1042.791016,0.106106,-0.114431
2.000000,1042.791016,0.190755,-0.091702
3.000000,1042.791016,0.255114,-0.057601
4.000000,1042.791016,0.292334,-0.023523
5.000000,1042.791016,0.298463,0.020345
6.000000,1042.791016,0.272847,0.089175
7.000000,1042.791016,0.218203,0.090911
8.000000,1042.791016,0.140354,0.108284
9.000000,1042.791016,0.047575,0.125410
10.000000,1042.791016,-0.050265,0.115532
11.000000,1042.791016,-0.142757,0.107684
12.000000,1042.791016,-0.220067,0.086041
13.000000,1042.791016,-0.273967,0.043808
14.000000,1042.791016,-0.298725,0.006711
15.000000,1042.791016,-0.291712,-0.032113
16.000000,1042.791016,-0.253669,-0.077847
17.000000,1042.791016,-0.188641,-0.103256
18.000000,1042.791016,-0.103552,-0.119379
19.000000,1042.791016,-0.007447,-0.128363
20.000000,1042.791016,0.089450,-0.122971
21.000000,1042.791016,0.176832,-0.093484
22.000000,1042.791016,0.245409,-0.065880
23.000000,1042.791016,0.287877,-0.023738
24.000000,1042.791016,0.299725,0.009418
25.000000,1042.791016,0.279696,0.052875
26.000000,1042.791016,0.229914,0.090389
27.000000,1042.791016,0.155676,0.108518
28.000000,1042.791016,0.064881,0.123692
29.000000,1042.791016,-0.032816,0.128837
30.000000,1042.791016,-0.127022,0.112999
31.000000,1042.791016,-0.207717,0.087003
32.000000,1042.791016,-0.266322,0.050112
33.000000,1042.791016,-0.296592,0.008612
34.000000,1042.791016,-0.295317,-0.026098
35.000000,1042.791016,-0.262634,-0.063809
36.000000,1042.791016,-0.202011,-0.099055
37.000000,1042.791016,-0.119901,-0.116804
38.000000,1042.791016,-0.025040,-0.122952
39.000000,1042.791016,0.072487,-0.123237
40.000000,1042.791016,0.162301,-0.100590
41.000000,1042.791016,0.234853,-0.072702
42.000000,1042.791016,0.282428,-0.036265
43.000000,1042.791016,0.299955,0.008850
44.000000,1042.791016,0.285580,0.044380
45.000000,1042.791016,0.240832,0.083150
46.000000,1042.791016,0.170462,0.110543
47.000000,1042.791016,0.081963,0.119853
48.000000,1042.791016,-0.015254,0.127046
49.000000,1042.791016,-0.110849,0.118717
50.000000,1042.791016,-0.194652,0.090311
51.000000,1042.791016,-0.257752,0.059321
52.000000,1042.791016,-0.293438,0.021463
53.000000,1042.791016,-0.297906,-0.023977
54.000000,1042.791016,-0.270690,-0.061367
55.000000,1042.791016,-0.214685,-0.090817
56.000000,1042.791016,-0.135838,-0.113043
57.000000,1042.791016,-0.042546,-0.126178
58.000000,1042.791016,0.055272,-0.128020
59.000000,1042.791016,0.147211,-0.107536
60.000000,1042.791016,0.223490,-0.075501
61.000000,1042.791016,0.276000,-0.036787
62.000000,1042.791016,0.299152,0.001611
63.000000,1042.791016,0.290481,0.044719
64.000000,1042.791016,0.250915,0.069648
65.000000,1042.791016,0.184662,0.101984
66.000000,1042.791016,0.098763,0.126331
67.000000,1042.791016,0.002361,0.123105
68.000000,1042.791016,-0.094294,0.118038
69.000000,1042.791016,-0.180917,0.097595
70.000000,1042.791016,-0.248296,0.060402
71.000000,1042.791016,-0.289268,0.023392
72.000000,1042.791016,-0.299469,-0.011272
73.000000,1042.791016,-0.277814,-0.056932
74.000000,1042.791016,-0.226613,-0.087629
75.000000,1042.791016,-0.151308,-0.105025
76.000000,1042.791016,-0.059905,-0.126283
77.000000,1042.791016,0.037867,-0.121711
78.000000,1042.791016,0.131614,-0.106738
79.000000,1042.791016,0.211357,-0.084174
80.000000,1042.791016,0.268621,-0.046866
81.000000,1042.791016,0.297316,-0.003758
82.000000,1042.791016,0.294381,0.030700
83.000000,1042.791016,0.260135,0.068974
84.000000,1042.791016,0.198222,0.097930
85.000000,1042.791016,0.115223,0.119312
86.000000,1042.791016,0.019967,0.127444
87.000000,1042.791016,-0.077412,0.116279
88.000000,1042.791016,-0.166558,0.100184
89.000000,1042.791016,-0.237984,0.073781
90.000000,1042.791016,-0.284099,0.026246
91.000000,1042.791016,-0.299999,-0.008757
92.000000,1042.791016,-0.283982,-0.045428
93.000000,1042.791016,-0.237761,-0.085581
94.000000,1042.791016,-0.166253,-0.108690
0.000000,1089.062988,0.018253,-0.127438
1.000000,1089.062988,0.117658,-0.111865
2.000000,1089.062988,0.203423,-0.092801
3.000000,1089.062988,0.265607,-0.053267
4.000000,1089.062988,0.297002,-0.018685
5.000000,1089.062988,0.293968,0.022439
6.000000,1089.062988,0.256858,0.069487
7.000000,1089.062988,0.189972,0.092464
8.000000,1089.062988,0.101064,0.112692
9.000000,1089.062988,0.000438,0.124091
10.000000,1089.062988,-0.100237,0.112252
11.000000,1089.062988,-0.189291,0.096464
12.000000,1089.062988,-0.256403,0.066413
13.000000,1089.062988,-0.293792,0.017459
14.000000,1089.062988,-0.297125,-0.017691
15.000000,1089.062988,-0.266016,-0.051975
16.000000,1089.062988,-0.204069,-0.092728
17.000000,1089.062988,-0.118464,-0.111444
18.000000,1089.062988,-0.019127,-0.116786
19.000000,1089.062988,0.082426,-0.111856
20.000000,1089.062988,0.174424,-0.102216
21.000000,1089.062988,0.246202,-0.066182
22.000000,1089.062988,0.289441,-0.030977
23.000000,1089.062988,0.299128,0.017491
24.000000,1089.062988,0.274140,0.048820
25.000000,1089.062988,0.217372,0.081436
26.000000,1089.062988,0.135404,0.112857
27.000000,1089.062988,0.037741,0.121639
28.000000,1089.062988,-0.064296,0.121759
29.000000,1089.062988,-0.158879,0.105622
30.000000,1089.062988,-0.235046,0.073350
31.000000,1089.062988,-0.283966,0.042286
32.000000,1089.062988,-0.299969,0.000036
33.000000,1089.062988,-0.281200,-0.048525
34.000000,1089.062988,-0.229830,-0.083835
35.000000,1089.062988,-0.151818,-0.101231
36.000000,1089.062988,-0.056209,-0.120630
37.000000,1089.062988,0.045916,-0.120524
38.000000,1089.062988,0.142718,-0.102945
39.000000,1089.062988,0.222976,-0.079414
40.000000,1089.062988,0.277388,-0.039279
41.000000,1089.062988,0.299645,-0.002544
42.000000,1089.062988,0.287165,0.036353
43.000000,1089.062988,0.241394,0.077675
44.000000,1089.062988,0.167643,0.104051
45.000000,1089.062988,0.074458,0.118038
46.000000,1089.062988,-0.027357,0.128397
47.000000,1089.062988,-0.126002,0.106319
48.000000,1089.062988,-0.210040,0.087676
49.000000,1089.062988,-0.269732,0.056513
50.000000,1089.062988,-0.298156,0.008539
51.000000,1089.062988,-0.292013,-0.024531
52.000000,1089.062988,-0.252021,-0.063882
53.000000,1089.062988,-0.182816,-0.100388
54.000000,1089.062988,-0.092418,-0.116057
55.000000,1089.062988,0.008693,-0.119539
56.000000,1089.062988,0.108796,-0.119956
57.000000,1089.062988,0.196289,-0.094703
58.000000,1089.062988,0.261029,-0.056588
59.000000,1089.062988,0.295506,-0.018030
60.000000,1089.062988,0.295728,0.021065
61.000000,1089.062988,0.261670,0.059500
62.000000,1089.062988,0.197279,0.094837
63.000000,1089.062988,0.110019,0.119417
64.000000,1089.062988,0.010006,0.119912
65.000000,1089.062988,-0.091168,0.118565
66.000000,1089.062988,-0.181775,0.105489
67.000000,1089.062988,-0.251309,0.060856
68.000000,1089.062988,-0.291709,0.051088
69.000000,1089.062988,-0.298294,-0.013792
70.000000,1089.062988,-0.270301,-0.065793
71.000000,1089.062988,-0.210975,-0.092902
72.000000,1089.062988,-0.127193,-0.112085
73.000000,1089.062988,-0.028666,-0.126137
74.000000,1089.062988,0.073185,-0.118884
75.000000,1089.062988,0.166553,-0.098404
76.000000,1089.062988,0.240612,-0.074800
77.000000,1089.062988,0.286779,-0.034885
78.000000,1089.062988,0.299702,0.013643
79.000000,1089.062988,0.277883,0.046781
80.000000,1089.062988,0.223853,0.083269
81.000000,1089.062988,0.143873,0.115583
82.000000,1089.062988,0.047215,0.121406
83.000000,1089.062988,-0.054918,0.126785
84.000000,1089.062988,-0.150684,0.103717
85.000000,1089.062988,-0.228981,0.075489
86.000000,1089.062988,-0.280735,0.041806
87.000000,1089.062988,-0.299945,-0.002549
88.000000,1089.062988,-0.284386,-0.042899
89.000000,1089.062988,-0.235861,-0.074356
90.000000,1089.062988,-0.159994,-0.106335
0.000000,1137.386963,0.008489,-0.116309
1.000000,1137.386963,0.112839,-0.109877
2.000000,1137.386963,0.202934,-0.082410
3.000000,1137.386963,0.267394,-0.056199
4.000000,1137.386963,0.298076,-0.016064
5.000000,1137.386963,0.291104,0.027424
6.000000,1137.386963,0.247358,0.063889
7.000000,1137.386963,0.172361,0.101050
8.000000,1137.386963,0.075593,0.112431
9.000000,1137.386963,-0.030724,0.113365
10.000000,1137.386963,-0.133160,0.106910
11.000000,1137.386963,-0.218774,0.080556
12.000000,1137.386963,-0.276752,0.049141
13.000000,1137.386963,-0.299770,0.052966
14.000000,1137.386963,-0.284920,-0.036544
15.000000,1137.386963,-0.234075,-0.074974
16.000000,1137.386963,-0.153660,-0.098624
17.000000,1137.386963,-0.053835,-0.124203
18.000000,1137.386963,0.052790,-0.121638
19.000000,1137.386963,0.152746,-0.100718
20.000000,1137.386963,0.233407,-0.081714
21.000000,1137.386963,0.284583,-0.040539
22.000000,1137.386963,0.299810,0.006949
23.000000,1137.386963,0.277164,0.043354
24.000000,1137.386963,0.219501,0.078582
25.000000,1137.386963,0.134111,0.104289
26.000000,1137.386963,0.031781,0.115225
27.000000,1137.386963,-0.074564,0.117264
28.000000,1137.386963,-0.171489,0.094283
29.000000,1137.386963,-0.246752,0.067975
30.000000,1137.386963,-0.290844,0.033692
31.000000,1137.386963,-0.298196,-0.012816
32.000000,1137.386963,-0.267877,-0.052126
33.000000,1137.386963,-0.203716,-0.082616
34.000000,1137.386963,-0.113822,-0.110802
35.000000,1137.386963,-0.009551,-0.118797
36.000000,1137.386963,0.095927,-0.107778
37.000000,1137.386963,0.189287,-0.098001
38.000000,1137.386963,0.258736,-0.064560
39.000000,1137.386963,0.295501,-0.016632
40.000000,1137.386963,0.294938,0.020666
41.000000,1137.386963,0.257112,0.056787
42.000000,1137.386963,0.186808,0.094448
43.000000,1137.386963,0.092906,0.114772
44.000000,1137.386963,-0.012732,0.121278
45.000000,1137.386963,-0.116761,0.106177
46.000000,1137.386963,-0.206040,0.086577
47.000000,1137.386963,-0.269293,0.058620
48.000000,1137.386963,-0.298528,0.010912
49.000000,1137.386963,-0.290050,-0.029058
50.000000,1137.386963,-0.244929,-0.061408
51.000000,1137.386963,-0.168869,-0.095921
52.000000,1137.386963,-0.071477,-0.118124
53.000000,1137.386963,0.034944,-0.113798
54.000000,1137.386963,0.136950,-0.111022
55.000000,1137.386963,0.221657,-0.080261
56.000000,1137.386963,0.278364,-0.038880
57.000000,1137.386963,0.299908,-0.005009
58.000000,1137.386963,0.283562,0.065841
59.000000,1137.386963,0.231395,0.078674
60.000000,1137.386963,0.149998,0.096331
61.000000,1137.386963,0.049653,0.116898
62.000000,1137.386963,-0.056963,0.116123
63.000000,1137.386963,-0.156384,0.101384
64.000000,1137.386963,-0.236051,0.076635
65.000000,1137.386963,-0.285900,-0.007456
66.000000,1137.386963,-0.299631,-0.004129
67.000000,1137.386963,-0.275509,-0.030006
68.000000,1137.386963,-0.216584,-0.078214
69.000000,1137.386963,-0.130300,-0.103989
70.000000,1137.386963,-0.027556,-0.114618
71.000000,1137.386963,0.078669,-0.118770
72.000000,1137.386963,0.174956,-0.097823
73.000000,1137.386963,0.249143,-0.062842
74.000000,1137.386963,0.291858,-0.032751
75.000000,1137.386963,0.297701,0.016758
76.000000,1137.386963,0.265937,0.057026
77.000000,1137.386963,0.200578,0.087337
78.000000,1137.386963,0.109883,0.108651
79.000000,1137.386963,0.005307,0.123023
80.000000,1137.386963,-0.099940,0.110332
81.000000,1137.386963,-0.192562,0.094810
82.000000,1137.386963,-0.260861,0.073474
83.000000,1137.386963,-0.296206,0.018206
84.000000,1137.386963,-0.294129,-0.022905
85.000000,1137.386963,-0.254897,-0.058522
86.000000,1137.386963,-0.183466,-0.086401
0.000000,1187.855957,0.089812,-0.114197
1.000000,1187.855957,0.187986,-0.092970
2.000000,1187.855957,0.260281,-0.065353
3.000000,1187.855957,0.296754,-0.024252
4.000000,1187.855957,0.292369,0.017198
5.000000,1187.855957,0.247746,0.058001
6.000000,1187.855957,0.169018,0.092996
7.000000,1187.855957,0.067025,0.103551
8.000000,1187.855957,-0.044195,0.120792
9.000000,1187.855957,-0.149330,0.111203
10.000000,1187.855957,-0.233912,0.081610
11.000000,1187.855957,-0.286292,0.041760
12.000000,1187.855957,-0.299265,0.004869
13.000000,1187.855957,-0.271047,-0.044365
14.000000,1187.855957,-0.205513,-0.080042
15.000000,1187.855957,-0.111695,-0.099371
16.000000,1187.855957,-0.002499,-0.115650
17.000000,1187.855957,0.107041,-0.110930
18.000000,1187.855957,0.201846,-0.088710
19.000000,1187.855957,0.268864,-0.056653
20.000000,1187.855957,0.298880,-0.015185
21.000000,1187.855957,0.287745,0.028239
22.000000,1187.855957,0.237007,0.065662
23.000000,1187.855957,0.153644,0.101096
24.000000,1187.855957,0.049131,0.101778
25.000000,1187.855957,-0.062146,0.116471
26.000000,1187.855957,-0.164866,0.105989
27.000000,1187.855957,-0.244894,0.070963
28.000000,1187.855957,-0.291211,0.032459
29.000000,1187.855957,-0.297441,-0.002425
30.000000,1187.855957,-0.262733,-0.050018
31.000000,1187.855957,-0.191852,-0.084509
32.000000,1187.855957,-0.094567,-0.101905
33.000000,1187.855957,0.015736,-0.118243
34.000000,1187.855957,0.123873,-0.110917
35.000000,1187.855957,0.214961,-0.083597
36.000000,1187.855957,0.276454,-0.050912
37.000000,1187.855957,0.299900,-0.005944
38.000000,1187.855957,0.282057,0.036871
39.000000,1187.855957,0.225392,0.070055
40.000000,1187.855957,0.137702,0.099250
41.000000,1187.855957,0.031055,0.110172
42.000000,1187.855957,-0.079866,0.114098
43.000000,1187.855957,-0.179792,0.101316
44.000000,1187.855957,-0.254971,0.062189
45.000000,1187.855957,-0.295053,0.023539
46.000000,1187.855957,-0.294517,-0.009339
47.000000,1187.855957,-0.253448,-0.060726
48.000000,1187.855957,-0.177482,-0.088669
49.000000,1187.855957,-0.077091,-0.105025
50.000000,1187.855957,0.033913,-0.115416
51.000000,1187.855957,0.140248,-0.104150
52.000000,1187.855957,0.227281,-0.076083
53.000000,1187.855957,0.283023,-0.049418
54.000000,1187.855957,0.299812,-0.001023
55.000000,1187.855957,0.275326,0.091447
56.000000,1187.855957,0.212944,0.074316
57.000000,1187.855957,0.121251,0.095630
58.000000,1187.855957,0.012865,0.111423
59.000000,1187.855957,-0.097292,0.099025
60.000000,1187.855957,-0.194054,0.091836
61.000000,1187.855957,-0.264106,0.064393
62.000000,1187.855957,-0.297804,0.047881
63.000000,1187.855957,-0.290505,-0.020971
64.000000,1187.855957,-0.243224,-0.066695
65.000000,1187.855957,-0.162456,-0.099055
66.000000,1187.855957,-0.059330,-0.115397
67.000000,1187.855957,0.051965,-0.121477
68.000000,1187.855957,0.156105,-0.106803
69.000000,1187.855957,0.238762,-0.077095
70.000000,1187.855957,0.288545,-0.042198
71.000000,1187.855957,0.298615,0.001598
72.000000,1187.855957,0.267578,0.049892
73.000000,1187.855957,0.199709,0.077583
74.000000,1187.855957,0.104351,0.108797
75.000000,1187.855957,-0.005373,0.122277
76.000000,1187.855957,-0.114357,0.107052
77.000000,1187.855957,-0.207598,0.088409
78.000000,1187.855957,-0.272264,0.059852
79.000000,1187.855957,-0.299455,0.012185
80.000000,1187.855957,-0.285419,-0.026772
81.000000,1187.855957,-0.232102,-0.063135
82.000000,1187.855957,-0.146830,-0.092054
83.000000,1187.855957,-0.041349,-0.114871
0.000000,1240.564941,0.045601,-0.110257
1.000000,1240.564941,0.154839,-0.096251
2.000000,1240.564941,0.240855,-0.076734
3.000000,1240.564941,0.290744,-0.037786
4.000000,1240.564941,0.297028,0.007696
5.000000,1240.564941,0.258767,0.043061
6.000000,1240.564941,0.181696,0.084236
7.000000,1240.564941,0.077370,0.108903
8.000000,1240.564941,-0.038558,0.112618
9.000000,1240.564941,-0.148702,0.104390
10.000000,1240.564941,-0.236547,0.077569
11.000000,1240.564941,-0.288910,0.042667
12.000000,1240.564941,-0.297942,0.002056
13.000000,1240.564941,-0.262292,-0.045625
14.000000,1240.564941,-0.187305,-0.077435
15.000000,1240.564941,-0.084221,-0.094831
16.000000,1240.564941,0.031492,-0.112516
17.000000,1240.564941,0.142482,-0.101250
18.000000,1240.564941,0.232105,-0.073929
19.000000,1240.564941,0.286913,-0.045038
20.000000,1240.564941,0.298690,0.000530
21.000000,1240.564941,0.265670,0.043492
22.000000,1240.564941,0.192808,0.074009
23.000000,1240.564941,0.091025,0.105137
24.000000,1240.564941,-0.024409,0.110877
25.000000,1240.564941,-0.136182,0.106365
26.000000,1240.564941,-0.227532,0.082435
27.000000,1240.564941,-0.284756,0.044027
28.000000,1240.564941,-0.299269,0.008291
29.000000,1240.564941,-0.268900,-0.034180
30.000000,1240.564941,-0.198203,-0.077174
31.000000,1240.564941,-0.097778,-0.099903
32.000000,1240.564941,0.017313,-0.120552
33.000000,1240.564941,0.129805,-0.113336
34.000000,1240.564941,0.222831,-0.083249
35.000000,1240.564941,0.282439,-0.043054
36.000000,1240.564941,0.299680,-0.007016
37.000000,1240.564941,0.271978,0.041306
38.000000,1240.564941,0.203486,0.081061
39.000000,1240.564941,0.104476,0.102511
40.000000,1240.564941,-0.010206,0.114071
41.000000,1240.564941,-0.123356,0.106369
42.000000,1240.564941,-0.218005,0.086430
43.000000,1240.564941,-0.279961,0.054914
44.000000,1240.564941,-0.299923,0.005231
45.000000,1240.564941,-0.274903,-0.030464
46.000000,1240.564941,-0.208655,-0.062961
47.000000,1240.564941,-0.111114,-0.104929
48.000000,1240.564941,0.003094,-0.116190
49.000000,1240.564941,0.116837,-0.103604
50.000000,1240.564941,0.213057,-0.088554
51.000000,1240.564941,0.277325,-0.051540
52.000000,1240.564941,0.299997,-0.012912
53.000000,1240.564941,0.277674,0.030787
54.000000,1240.564941,0.213707,0.069955
55.000000,1240.564941,0.117690,0.104569
56.000000,1240.564941,0.004019,0.113965
57.000000,1240.564941,-0.110253,0.108490
58.000000,1240.564941,-0.207989,0.091328
59.000000,1240.564941,-0.274533,0.055701
60.000000,1240.564941,-0.299903,0.017711
61.000000,1240.564941,-0.280288,-0.031312
62.000000,1240.564941,-0.218639,-0.068633
63.000000,1240.564941,-0.124199,-0.096737
64.000000,1240.564941,-0.011131,-0.114303
65.000000,1240.564941,0.103606,-0.110830
66.000000,1240.564941,0.202804,-0.085150
67.000000,1240.564941,0.271587,-0.061326
68.000000,1240.564941,0.299640,-0.014864
69.000000,1240.564941,0.282746,0.032024
70.000000,1240.564941,0.223448,0.063815
71.000000,1240.564941,0.130639,0.098970
72.000000,1240.564941,0.018237,0.115509
73.000000,1240.564941,-0.096902,0.112252
74.000000,1240.564941,-0.197506,0.096583
75.000000,1240.564941,-0.268489,0.057520
76.000000,1240.564941,-0.299206,0.019392
77.000000,1240.564941,-0.285045,-0.094070
78.000000,1240.564941,-0.228132,-0.069454
79.000000,1240.564941,-0.137006,-0.087908
0.000000,1295.612061,0.097865,-0.101451
1.000000,1295.612061,0.202135,-0.094588
2.000000,1295.612061,0.273376,-0.056533
3.000000,1295.612061,0.299949,-0.012399
4.000000,1295.612061,0.277512,0.022599
5.000000,1295.612061,0.209731,0.068768
6.000000,1295.612061,0.107679,0.097055
7.000000,1295.612061,-0.011969,0.104371
8.000000,1295.612061,-0.129659,0.104477
9.000000,1295.612061,-0.226163,0.085821
10.000000,1295.612061,-0.285714,0.048334
11.000000,1295.612061,-0.298582,0.011017
12.000000,1295.612061,-0.262659,-0.049373
13.000000,1295.612061,-0.183817,-0.074507
14.000000,1295.612061,-0.074942,-0.094803
15.000000,1295.612061,0.046178,-0.111563
16.000000,1295.612061,0.159753,-0.101456
17.000000,1295.612061,0.247227,-0.070342
18.000000,1295.612061,0.294303,-0.039151
19.000000,1295.612061,0.293288,0.005304
20.000000,1295.612061,0.244353,0.051372
21.000000,1295.612061,0.155492,0.080190
22.000000,1295.612061,0.041224,0.109398
23.000000,1295.612061,-0.079781,0.111042
24.000000,1295.612061,-0.187750,0.094851
25.000000,1295.612061,-0.265039,0.064008
26.000000,1295.612061,-0.299022,0.025184
27.000000,1295.612061,-0.284147,-0.020330
28.000000,1295.612061,-0.222843,-0.060254
29.000000,1295.612061,-0.125127,-0.083377
30.000000,1295.612061,-0.006964,-0.108209
31.000000,1295.612061,0.112336,-0.104530
32.000000,1295.612061,0.213280,-0.091083
33.000000,1295.612061,0.279375,-0.053225
34.000000,1295.612061,0.299822,-0.006924
35.000000,1295.612061,0.271280,0.023992
36.000000,1295.612061,0.198408,0.070202
37.000000,1295.612061,0.093117,0.102209
38.000000,1295.612061,-0.027387,0.103185
39.000000,1295.612061,-0.143417,0.102850
40.000000,1295.612061,-0.236013,0.086421
41.000000,1295.612061,-0.290047,0.042914
42.000000,1295.612061,-0.296685,-0.000056
43.000000,1295.612061,-0.254845,-0.020999
44.000000,1295.612061,-0.171365,-0.083721
45.000000,1295.612061,-0.059885,-0.103930
46.000000,1295.612061,0.061380,-0.102051
47.000000,1295.612061,0.172618,-0.098982
48.000000,1295.612061,0.255648,-0.069334
49.000000,1295.612061,0.296905,-0.027866
50.000000,1295.612061,0.289650,0.005112
51.000000,1295.612061,0.235067,0.053727
52.000000,1295.612061,0.142076,0.086742
53.000000,1295.612061,0.025869,0.103991
54.000000,1295.612061,-0.094566,0.108110
55.000000,1295.612061,-0.199548,0.087369
56.000000,1295.612061,-0.271923,0.059188
57.000000,1295.612061,-0.299868,0.022531
58.000000,1295.612061,-0.278817,-0.028810
59.000000,1295.612061,-0.212208,-0.062467
60.000000,1295.612061,-0.110921,-0.086790
61.000000,1295.612061,0.008489,-0.113482
62.000000,1295.612061,0.126510,-0.107270
63.000000,1295.612061,0.223860,-0.077943
64.000000,1295.612061,0.284634,-0.051205
65.000000,1295.612061,0.298901,-0.004303
66.000000,1295.612061,0.264323,0.040505
67.000000,1295.612061,0.186556,0.071783
68.000000,1295.612061,0.078309,0.100390
69.000000,1295.612061,-0.042734,0.112976
70.000000,1295.612061,-0.156795,0.101325
71.000000,1295.612061,-0.245238,0.077249
72.000000,1295.612061,-0.293607,0.042071
73.000000,1295.612061,-0.294000,-0.008276
74.000000,1295.612061,-0.246356,-0.048053
75.000000,1295.612061,-0.158459,-0.079349
76.000000,1295.612061,-0.044670,-0.104636
0.000000,1353.102051,0.012203,-0.103142
1.000000,1353.102051,0.134735,-0.104150
2.000000,1353.102051,0.233281,-0.081737
3.000000,1353.102051,0.290307,-0.048232
4.000000,1353.102051,0.295660,-0.002223
5.000000,1353.102051,0.248383,0.041631
6.000000,1353.102051,0.156899,0.082636
7.000000,1353.102051,0.037485,0.104023
8.000000,1353.102051,-0.088600,0.101490
9.000000,1353.102051,-0.198917,0.087924
10.000000,1353.102051,-0.273824,0.065841
11.000000,1353.102051,-0.299992,0.017532
12.000000,1353.102051,-0.272768,-0.027271
13.000000,1353.102051,-0.196984,-0.060661
14.000000,1353.102051,-0.086143,-0.096888
15.000000,1353.102051,0.040033,-0.104736
16.000000,1353.102051,0.159081,-0.091404
17.000000,1353.102051,0.249816,-0.075987
18.000000,1353.102051,0.296084,-0.036145
19.000000,1353.102051,0.289647,0.013569
20.000000,1353.102051,0.231660,0.047674
21.000000,1353.102051,0.132433,0.084089
22.000000,1353.102051,0.009635,0.108289
23.000000,1353.102051,-0.114879,0.099978
24.000000,1353.102051,-0.218942,0.084909
25.000000,1353.102051,-0.284036,0.055106
26.000000,1353.102051,-0.298576,0.009125
27.000000,1353.102051,-0.259964,-0.029612
28.000000,1353.102051,-0.175084,-0.077215
29.000000,1353.102051,-0.059039,-0.098469
30.000000,1353.102051,0.067515,-0.103284
31.000000,1353.102051,0.182053,-0.097488
32.000000,1353.102051,0.264184,-0.067754
33.000000,1353.102051,0.299290,-0.022872
34.000000,1353.102051,0.281130,0.014485
35.000000,1353.102051,0.212922,0.063188
36.000000,1353.102051,0.106819,0.092515
37.000000,1353.102051,-0.018298,0.099465
38.000000,1353.102051,-0.140157,0.101650
39.000000,1353.102051,-0.237070,0.085074
40.000000,1353.102051,-0.291787,0.044994
41.000000,1353.102051,-0.294562,-0.003410
42.000000,1353.102051,-0.244911,-0.039540
43.000000,1353.102051,-0.151665,-0.079707
44.000000,1353.102051,-0.031422,-0.097836
45.000000,1353.102051,0.094413,-0.109817
46.000000,1353.102051,0.203442,-0.090355
47.000000,1353.102051,0.276259,-0.055067
48.000000,1353.102051,0.299909,-0.022717
49.000000,1353.102051,0.270167,0.029426
50.000000,1353.102051,0.192341,0.071481
51.000000,1353.102051,0.080280,0.096184
52.000000,1353.102051,-0.046072,0.105531
53.000000,1353.102051,-0.164224,0.101449
54.000000,1353.102051,-0.253144,0.073950
55.000000,1353.102051,-0.297003,0.036780
56.000000,1353.102051,-0.288002,-0.001678
57.000000,1353.102051,-0.227733,-0.052099
58.000000,1353.102051,-0.126929,-0.090309
59.000000,1353.102051,-0.003534,-0.100118
60.000000,1353.102051,0.120491,-0.107902
61.000000,1353.102051,0.223068,-0.075135
62.000000,1353.102051,0.285945,-0.045061
63.000000,1353.102051,0.297916,-0.010956
64.000000,1353.102051,0.256865,0.033792
65.000000,1353.102051,0.170093,0.076374
66.000000,1353.102051,0.053043,0.099158
67.000000,1353.102051,-0.073448,0.105737
68.000000,1353.102051,-0.186865,0.096569
69.000000,1353.102051,-0.267019,0.066115
70.000000,1353.102051,-0.299650,0.026925
71.000000,1353.102051,-0.278938,-0.024577
72.000000,1353.102051,-0.208579,-0.062247
0.000000,1413.141968,0.031336,-0.100709
1.000000,1413.141968,0.156445,-0.094963
2.000000,1413.141968,0.251225,-0.077540
3.000000,1413.141968,0.297298,-0.039559
4.000000,1413.141968,0.285728,0.012910
5.000000,1413.141968,0.218763,0.048421
6.000000,1413.141968,0.109387,0.085582
7.000000,1413.141968,-0.021197,0.105535
8.000000,1413.141968,-0.147673,0.084803
9.000000,1413.141968,-0.245518,0.077029
10.000000,1413.141968,-0.295760,0.045645
11.000000,1413.141968,-0.288663,-0.003515
12.000000,1413.141968,-0.225601,-0.094002
13.000000,1413.141968,-0.118801,-0.075336
14.000000,1413.141968,0.011033,-0.093108
15.000000,1413.141968,0.138728,-0.091963
16.000000,1413.141968,0.239526,-0.078722
17.000000,1413.141968,0.293885,-0.041992
18.000000,1413.141968,0.291268,0.007137
19.000000,1413.141968,0.232182,0.045933
20.000000,1413.141968,0.128079,0.083443
21.000000,1413.141968,-0.000856,0.104816
22.000000,1413.141968,-0.129624,0.101398
23.000000,1413.141968,-0.233260,0.086710
24.000000,1413.141968,-0.291674,0.051972
25.000000,1413.141968,-0.293541,0.001171
26.000000,1413.141968,-0.238493,-0.039266
27.000000,1413.141968,-0.137207,-0.071323
28.000000,1413.141968,-0.009321,-0.100682
29.000000,1413.141968,0.120371,-0.100503
30.000000,1413.141968,0.226728,-0.075043
31.000000,1413.141968,0.289130,-0.052011
32.000000,1413.141968,0.295470,-0.007410
33.000000,1413.141968,0.244527,0.039918
34.000000,1413.141968,0.146178,0.072383
35.000000,1413.141968,0.019488,0.096817
36.000000,1413.141968,-0.110981,0.110076
37.000000,1413.141968,-0.219935,0.085257
38.000000,1413.141968,-0.286245,0.057387
39.000000,1413.141968,-0.297059,0.017070
40.000000,1413.141968,-0.250282,-0.040338
41.000000,1413.141968,-0.154981,-0.070741
42.000000,1413.141968,-0.029633,-0.091637
43.000000,1413.141968,0.101462,-0.105002
44.000000,1413.141968,0.212884,-0.090015
45.000000,1413.141968,0.283033,-0.050495
46.000000,1413.141968,0.298309,-0.018176
47.000000,1413.141968,0.255751,0.038113
48.000000,1413.141968,0.163608,0.073107
49.000000,1413.141968,0.039743,0.090311
50.000000,1413.141968,-0.091826,0.102837
51.000000,1413.141968,-0.205591,0.091268
52.000000,1413.141968,-0.279497,0.059348
53.000000,1413.141968,-0.299217,0.020831
54.000000,1413.141968,-0.260925,-0.034785
55.000000,1413.141968,-0.172042,-0.067887
56.000000,1413.141968,-0.049807,-0.089896
57.000000,1413.141968,0.082084,-0.106729
58.000000,1413.141968,0.198062,-0.088962
59.000000,1413.141968,0.275642,-0.055095
60.000000,1413.141968,0.299779,-0.019950
61.000000,1413.141968,0.265794,0.024652
62.000000,1413.141968,0.180279,0.064246
63.000000,1413.141968,0.059814,0.087630
64.000000,1413.141968,-0.072249,0.103290
65.000000,1413.141968,-0.190307,0.098095
66.000000,1413.141968,-0.271465,0.061735
67.000000,1413.141968,-0.299992,0.026352
68.000000,1413.141968,-0.270359,-0.015666
69.000000,1413.141968,-0.188311,-0.067126
0.000000,1475.847046,0.033635,-0.091857
1.000000,1475.847046,0.163402,-0.096888
2.000000,1475.847046,0.258665,-0.074681
3.000000,1475.847046,0.299311,-0.027500
4.000000,1475.847046,0.276761,0.006312
5.000000,1475.847046,0.195773,0.053740
6.000000,1475.847046,0.073445,0.090654
7.000000,1475.847046,-0.064389,0.098731
8.000000,1475.847046,-0.188627,0.094223
9.000000,1475.847046,-0.273039,0.068640
10.000000,1475.847046,-0.299800,0.021853
11.000000,1475.847046,-0.263253,-0.020371
12.000000,1475.847046,-0.171123,-0.057262
13.000000,1475.847046,-0.042862,-0.056140
14.000000,1475.847046,0.094450,-0.098423
15.000000,1475.847046,0.211820,-0.089177
16.000000,1475.847046,0.284461,-0.065119
17.000000,1475.847046,0.297041,-0.018291
18.000000,1475.847046,0.246902,0.029284
19.000000,1475.847046,0.144631,0.067462
20.000000,1475.847046,0.011817,0.091823
21.000000,1475.847046,-0.123489,0.094269
22.000000,1475.847046,-0.232721,0.079956
23.000000,1475.847046,-0.292816,0.053713
24.000000,1475.847046,-0.291083,-0.001582
25.000000,1475.847046,-0.227884,-0.040292
26.000000,1475.847046,-0.116571,-0.070855
27.000000,1475.847046,0.019355,-0.096742
28.000000,1475.847046,0.151197,-0.095729
29.000000,1475.847046,0.251112,-0.072656
30.000000,1475.847046,0.298003,-0.036617
31.000000,1475.847046,0.281974,0.005158
32.000000,1475.847046,0.206407,0.053305
33.000000,1475.847046,0.087257,0.079590
34.000000,1475.847046,-0.050319,0.101050
35.000000,1475.847046,-0.177268,0.097275
36.000000,1475.847046,-0.266788,0.064929
37.000000,1475.847046,-0.299979,0.030512
38.000000,1475.847046,-0.269826,-0.015858
39.000000,1475.847046,-0.182699,-0.060593
40.000000,1475.847046,-0.056997,-0.086762
41.000000,1475.847046,0.080739,-0.100622
42.000000,1475.847046,0.201431,-0.092302
43.000000,1475.847046,0.279586,-0.060588
44.000000,1475.847046,0.298708,-0.023303
45.000000,1475.847046,0.254760,0.025692
46.000000,1475.847046,0.157020,0.070867
47.000000,1475.847046,0.026124,0.087571
48.000000,1475.847046,-0.110287,0.099510
49.000000,1475.847046,-0.223411,0.088281
50.000000,1475.847046,-0.289363,0.051468
51.000000,1475.847046,-0.294219,0.073322
52.000000,1475.847046,-0.236945,-0.031293
53.000000,1475.847046,-0.129643,-0.083721
54.000000,1475.847046,0.005032,-0.101396
55.000000,1475.847046,0.138646,-0.097364
56.000000,1475.847046,0.242986,-0.084614
57.000000,1475.847046,0.296016,-0.047233
58.000000,1475.847046,0.286544,0.029564
59.000000,1475.847046,0.216571,0.039341
60.000000,1475.847046,0.100869,0.075608
61.000000,1475.847046,-0.036134,0.098988
62.000000,1475.847046,-0.165505,0.088670
63.000000,1475.847046,-0.259930,0.069355
64.000000,1475.847046,-0.299473,0.032931
65.000000,1475.847046,-0.275783,-0.012743
66.000000,1475.847046,-0.193858,-0.058554
0.000000,1541.334961,0.017592,-0.090222
1.000000,1541.334961,0.154984,-0.094675
2.000000,1541.334961,0.256740,-0.071295
3.000000,1541.334961,0.299467,-0.040645
4.000000,1541.334961,0.273334,0.007911
5.000000,1541.334961,0.184359,0.056586
6.000000,1541.334961,0.052991,0.084130
7.000000,1541.334961,-0.090561,0.096597
8.000000,1541.334961,-0.213287,0.089834
9.000000,1541.334961,-0.286978,0.055935
10.000000,1541.334961,-0.294679,0.016905
11.000000,1541.334961,-0.234629,-0.030400
12.000000,1541.334961,-0.120630,-0.071373
13.000000,1541.334961,0.021105,-0.096709
14.000000,1541.334961,0.157988,-0.088724
15.000000,1541.334961,0.258543,-0.074800
16.000000,1541.334961,0.299656,-0.032585
17.000000,1541.334961,0.271865,0.007884
18.000000,1541.334961,0.181570,0.051981
19.000000,1541.334961,0.049522,0.087122
20.000000,1541.334961,-0.093911,0.093724
21.000000,1541.334961,-0.215748,0.087090
22.000000,1541.334961,-0.287984,0.063220
23.000000,1541.334961,-0.293999,0.009212
24.000000,1541.334961,-0.232419,-0.028984
25.000000,1541.334961,-0.117398,-0.060748
26.000000,1541.334961,0.024615,-0.099642
27.000000,1541.334961,0.160970,-0.094249
28.000000,1541.334961,0.260311,-0.070722
29.000000,1541.334961,0.299804,-0.034844
30.000000,1541.334961,0.270357,0.012438
31.000000,1541.334961,0.178755,-0.008912
32.000000,1541.334961,0.046047,0.084350
33.000000,1541.334961,-0.097248,0.105517
34.000000,1541.334961,-0.218180,0.094755
35.000000,1541.334961,-0.288949,0.060915
36.000000,1541.334961,-0.293279,0.020391
37.000000,1541.334961,-0.230177,-0.032952
38.000000,1541.334961,-0.114151,-0.076294
39.000000,1541.334961,0.028122,-0.087656
40.000000,1541.334961,0.163930,-0.094748
41.000000,1541.334961,0.262043,-0.070727
42.000000,1541.334961,0.299911,-0.026959
43.000000,1541.334961,0.268813,0.011746
44.000000,1541.334961,0.175915,0.057168
45.000000,1541.334961,0.042565,0.093715
46.000000,1541.334961,-0.100571,0.097078
47.000000,1541.334961,-0.220581,0.090563
48.000000,1541.334961,-0.289876,0.059179
49.000000,1541.334961,-0.292519,0.010472
50.000000,1541.334961,-0.227903,-0.032205
51.000000,1541.334961,-0.110888,-0.069536
52.000000,1541.334961,0.031625,-0.092655
53.000000,1541.334961,0.166867,-0.092329
54.000000,1541.334961,0.263738,-0.070768
55.000000,1541.334961,0.299976,-0.033584
56.000000,1541.334961,0.267232,0.015031
57.000000,1541.334961,0.173051,0.050474
58.000000,1541.334961,0.039077,0.080996
59.000000,1541.334961,-0.103880,0.100729
60.000000,1541.334961,-0.222952,0.083470
61.000000,1541.334961,-0.290762,0.054354
62.000000,1541.334961,-0.291718,0.015003
63.000000,1541.334961,-0.225598,-0.036998
0.000000,1609.728027,0.128829,-0.091935
1.000000,1609.728027,0.243947,-0.075483
2.000000,1609.728027,0.297996,-0.043545
3.000000,1609.728027,0.277446,-0.000056
4.000000,1609.728027,0.187441,0.050699
5.000000,1609.728027,0.050509,0.076616
6.000000,1609.728027,-0.099066,0.092423
7.000000,1609.728027,-0.223840,0.086114
8.000000,1609.728027,-0.292580,0.053768
9.000000,1609.728027,-0.288076,0.016305
10.000000,1609.728027,-0.211451,-0.035733
11.000000,1609.728027,-0.081894,-0.073760
12.000000,1609.728027,0.068163,-0.091450
13.000000,1609.728027,0.201158,-0.089315
14.000000,1609.728027,0.283795,-0.063580
15.000000,1609.728027,0.295384,-0.016018
16.000000,1609.728027,0.233029,0.024020
17.000000,1609.728027,0.112339,0.066615
18.000000,1609.728027,-0.036476,0.099222
19.000000,1609.728027,-0.176159,0.088744
20.000000,1609.728027,-0.271741,0.066088
21.000000,1609.728027,-0.299297,0.033064
22.000000,1609.728027,-0.251928,-0.019363
23.000000,1609.728027,-0.141492,-0.064194
24.000000,1609.728027,0.004368,-0.080550
25.000000,1609.728027,0.149132,-0.091761
26.000000,1609.728027,0.256563,-0.080642
27.000000,1609.728027,0.299767,-0.037827
28.000000,1609.728027,0.267929,0.009945
29.000000,1609.728027,0.169013,0.052160
30.000000,1609.728027,0.027789,0.080955
31.000000,1609.728027,-0.120391,0.092977
32.000000,1609.728027,-0.238434,0.081688
33.000000,1609.728027,-0.296788,0.044687
34.000000,1609.728027,-0.280840,0.000338
35.000000,1609.728027,-0.194590,-0.037520
36.000000,1609.728027,-0.059627,-0.077627
37.000000,1609.728027,0.090265,-0.093049
38.000000,1609.728027,0.217560,-0.079496
39.000000,1609.728027,0.290388,-0.057606
40.000000,1609.728027,0.290523,-0.014117
41.000000,1609.728027,0.217929,0.039245
42.000000,1609.728027,0.090779,0.069996
43.000000,1609.728027,-0.059098,0.081262
44.000000,1609.728027,-0.194179,0.093555
45.000000,1609.728027,-0.280650,0.065162
46.000000,1609.728027,-0.296864,0.027172
47.000000,1609.728027,-0.238763,-0.019239
48.000000,1609.728027,-0.120885,-0.062526
49.000000,1609.728027,0.027252,-0.085636
50.000000,1609.728027,0.168566,-0.092416
51.000000,1609.728027,0.267684,-0.070713
52.000000,1609.728027,0.299790,-0.029992
53.000000,1609.728027,0.256843,0.010385
54.000000,1609.728027,0.149600,0.053828
55.000000,1609.728027,0.004908,0.091342
56.000000,1609.728027,-0.141015,0.089051
57.000000,1609.728027,-0.251636,0.079855
58.000000,1609.728027,-0.299260,0.048472
59.000000,1609.728027,-0.271969,-0.005449
60.000000,1609.728027,-0.176594,-0.047453
61.000000,1609.728027,-0.037011,-0.074970
0.000000,1681.156006,0.080917,-0.092275
1.000000,1681.156006,0.215466,-0.114637
2.000000,1681.156006,0.291297,-0.052268
3.000000,1681.156006,0.287744,-0.010049
4.000000,1681.156006,0.205775,0.036413
5.000000,1681.156006,0.067729,0.079801
6.000000,1681.156006,-0.088775,0.089784
7.000000,1681.156006,-0.221086,0.087663
8.000000,1681.156006,-0.293146,0.061786
9.000000,1681.156006,-0.285320,0.011292
10.000000,1681.156006,-0.199738,-0.034285
11.000000,1681.156006,-0.059723,-0.065596
12.000000,1681.156006,0.096567,-0.090268
13.000000,1681.156006,0.226541,-0.080788
14.000000,1681.156006,0.294779,-0.053088
15.000000,1681.156006,0.282684,-0.009843
16.000000,1681.156006,0.193552,0.044206
17.000000,1681.156006,0.051673,0.075214
18.000000,1681.156006,-0.104288,0.089330
19.000000,1681.156006,-0.231830,0.083329
20.000000,1681.156006,-0.296194,0.049521
21.000000,1681.156006,-0.279839,0.006065
22.000000,1681.156006,-0.187222,-0.034620
23.000000,1681.156006,-0.043584,-0.074200
24.000000,1681.156006,0.111930,-0.089562
25.000000,1681.156006,0.236941,-0.078090
26.000000,1681.156006,0.297381,-0.053065
27.000000,1681.156006,0.276778,-0.003996
28.000000,1681.156006,0.180749,0.051372
29.000000,1681.156006,0.035463,0.076703
30.000000,1681.156006,-0.119488,0.091236
31.000000,1681.156006,-0.241876,0.084254
32.000000,1681.156006,-0.298347,0.044774
33.000000,1681.156006,-0.273514,0.004777
34.000000,1681.156006,-0.174143,-0.039701
35.000000,1681.156006,-0.027315,-0.076807
36.000000,1681.156006,0.126958,-0.091802
37.000000,1681.156006,0.246632,-0.078896
38.000000,1681.156006,0.299094,-0.047279
39.000000,1681.156006,0.270048,0.003417
40.000000,1681.156006,0.167408,0.040747
41.000000,1681.156006,0.019147,0.077862
42.000000,1681.156006,-0.134334,0.095735
43.000000,1681.156006,-0.251206,0.072236
44.000000,1681.156006,-0.299620,0.041847
45.000000,1681.156006,-0.266382,0.003682
46.000000,1681.156006,-0.160550,-0.051425
47.000000,1681.156006,-0.010964,-0.079515
48.000000,1681.156006,0.141609,-0.080770
49.000000,1681.156006,0.255591,-0.074200
50.000000,1681.156006,0.299919,-0.041652
51.000000,1681.156006,0.262513,0.007022
52.000000,1681.156006,0.153568,0.047074
53.000000,1681.156006,0.002773,0.079622
54.000000,1681.156006,-0.148777,0.091328
55.000000,1681.156006,-0.259782,0.072149
56.000000,1681.156006,-0.299992,0.038993
57.000000,1681.156006,-0.258448,-0.014291
58.000000,1681.156006,-0.146473,-0.053372
0.000000,1755.753052,0.007344,-0.076660
1.000000,1755.753052,0.163419,-0.085636
2.000000,1755.753052,0.271021,-0.073435
3.000000,1755.753052,0.298235,-0.036045
4.000000,1755.753052,0.236989,0.017697
5.000000,1755.753052,0.105450,0.048934
6.000000,1755.753052,-0.057366,0.085669
7.000000,1755.753052,-0.203166,0.077647
8.000000,1755.753052,-0.288705,0.056609
9.000000,1755.753052,-0.288610,0.020639
10.000000,1755.753052,-0.202911,-0.020646
11.000000,1755.753052,-0.057026,-0.064299
12.000000,1755.753052,0.105774,-0.087702
13.000000,1755.753052,0.237200,-0.076083
14.000000,1755.753052,0.298271,-0.054706
15.000000,1755.753052,0.270871,-0.001550
16.000000,1755.753052,0.163128,0.048912
17.000000,1755.753052,0.006998,0.075049
18.000000,1755.753052,-0.151208,0.089963
19.000000,1755.753052,-0.264565,0.076241
20.000000,1755.753052,-0.299448,0.033233
21.000000,1755.753052,-0.245511,-0.008931
22.000000,1755.753052,-0.118754,-0.057706
23.000000,1755.753052,0.043227,-0.048639
24.000000,1755.753052,0.192385,-0.082383
25.000000,1755.753052,0.284479,-0.075387
26.000000,1755.753052,0.292193,-0.030625
27.000000,1755.753052,0.213240,0.025491
28.000000,1755.753052,0.071038,0.060622
29.000000,1755.753052,-0.092235,0.085289
30.000000,1755.753052,-0.228150,0.080094
31.000000,1755.753052,-0.296393,0.049534
32.000000,1755.753052,-0.276723,0.009537
33.000000,1755.753052,-0.174974,-0.033153
34.000000,1755.753052,-0.021325,-0.073453
35.000000,1755.753052,0.138650,-0.090909
36.000000,1755.753052,0.257501,-0.074589
37.000000,1755.753052,0.299974,-0.041538
38.000000,1755.753052,0.253472,0.006257
39.000000,1755.753052,0.131786,0.051180
40.000000,1755.753052,-0.028989,0.076983
41.000000,1755.753052,-0.181164,0.084895
42.000000,1755.753052,-0.279603,0.062895
43.000000,1755.753052,-0.295109,0.025632
44.000000,1755.753052,-0.223082,-0.015492
45.000000,1755.753052,-0.084887,-0.066159
46.000000,1755.753052,0.078486,-0.083748
47.000000,1755.753052,0.218579,-0.079496
48.000000,1755.753052,0.293839,-0.054999
49.000000,1755.753052,0.281944,-0.013370
50.000000,1755.753052,0.186420,0.040138
51.000000,1755.753052,0.035603,0.069922
52.000000,1755.753052,-0.125776,0.087296
53.000000,1755.753052,-0.249848,0.085074
54.000000,1755.753052,-0.299813,0.041948
55.000000,1755.753052,-0.260851,-0.000876
0.000000,1833.661011,0.079284,-0.079515
1.000000,1833.661011,0.224093,-0.077343
2.000000,1833.661011,0.296572,-0.056346
3.000000,1833.661011,0.273326,-0.009430
4.000000,1833.661011,0.161858,0.039538
5.000000,1833.661011,-0.001853,0.069849
6.000000,1833.661011,-0.164965,0.083796
7.000000,1833.661011,-0.274832,0.074060
8.000000,1833.661011,-0.295991,0.030333
9.000000,1833.661011,-0.221613,-0.013238
10.000000,1833.661011,-0.075704,-0.056048
11.000000,1833.661011,0.094640,-0.081421
12.000000,1833.661011,0.234439,-0.078268
13.000000,1833.661011,0.298568,-0.055054
14.000000,1833.661011,0.266328,-0.006722
15.000000,1833.661011,0.148123,0.046273
16.000000,1833.661011,-0.017889,0.070848
17.000000,1833.661011,-0.178127,0.084483
18.000000,1833.661011,-0.280870,0.070367
19.000000,1833.661011,-0.292956,0.024620
20.000000,1833.661011,-0.210485,-0.019537
21.000000,1833.661011,-0.060075,-0.055988
22.000000,1833.661011,0.109725,-0.082754
23.000000,1833.661011,0.244108,-0.078328
24.000000,1833.661011,0.299701,-0.044388
25.000000,1833.661011,0.258559,-0.004482
26.000000,1833.661011,0.133962,0.043986
27.000000,1833.661011,-0.033875,0.080460
28.000000,1833.661011,-0.190779,0.084277
29.000000,1833.661011,-0.286106,0.066454
30.000000,1833.661011,-0.289086,0.026751
31.000000,1833.661011,-0.198758,-0.020344
32.000000,1833.661011,-0.044275,-0.064134
33.000000,1833.661011,0.124497,-0.088815
34.000000,1833.661011,0.253084,-0.074434
35.000000,1833.661011,0.299983,-0.042867
36.000000,1833.661011,0.250056,-0.002329
37.000000,1833.661011,0.119418,0.046534
38.000000,1833.661011,-0.049763,0.081441
39.000000,1833.661011,-0.202883,0.081083
40.000000,1833.661011,-0.290518,0.061181
41.000000,1833.661011,-0.284382,0.023397
42.000000,1833.661011,-0.186456,-0.028737
43.000000,1833.661011,-0.028347,-0.066727
44.000000,1833.661011,0.138912,-0.079583
45.000000,1833.661011,0.261335,-0.077700
46.000000,1833.661011,0.299407,-0.040612
47.000000,1833.661011,0.240840,0.007256
48.000000,1833.661011,0.104535,0.046181
49.000000,1833.661011,-0.065511,0.081922
50.000000,1833.661011,-0.214410,0.083182
51.000000,1833.661011,-0.294104,0.054221
52.000000,1833.661011,-0.278869,0.019791
53.000000,1833.661011,-0.173624,-0.034052
0.000000,1915.025024,0.135887,-0.082754
1.000000,1915.025024,0.263402,-0.072601
2.000000,1915.025024,0.298419,-0.035380
3.000000,1915.025024,0.228643,0.010545
4.000000,1915.025024,0.078575,0.053360
5.000000,1915.025024,-0.099085,0.075714
6.000000,1915.025024,-0.241950,0.075563
7.000000,1915.025024,-0.299851,0.050813
8.000000,1915.025024,-0.252455,-0.002182
9.000000,1915.025024,-0.116406,-0.043119
10.000000,1915.025024,0.060520,-0.069069
11.000000,1915.025024,0.216194,-0.079400
12.000000,1915.025024,0.295949,-0.054806
13.000000,1915.025024,0.271777,-0.006585
14.000000,1915.025024,0.152167,0.082023
15.000000,1915.025024,-0.020879,0.067508
16.000000,1915.025024,-0.186593,0.080548
17.000000,1915.025024,-0.286782,0.057795
18.000000,1915.025024,-0.286265,0.021298
19.000000,1915.025024,-0.185221,-0.023106
20.000000,1915.025024,-0.019134,-0.065866
21.000000,1915.025024,0.153672,-0.089269
22.000000,1915.025024,0.272515,-0.072363
23.000000,1915.025024,0.295660,-0.038638
24.000000,1915.025024,0.214981,0.014518
25.000000,1915.025024,0.058807,0.053406
26.000000,1915.025024,-0.118017,0.074229
27.000000,1915.025024,-0.253399,0.071654
28.000000,1915.025024,-0.299797,0.041686
29.000000,1915.025024,-0.240916,-0.005609
30.000000,1915.025024,-0.097434,-0.044507
31.000000,1915.025024,0.080262,-0.081641
32.000000,1915.025024,0.229773,-0.079281
33.000000,1915.025024,0.298596,-0.045560
34.000000,1915.025024,0.262562,-0.008422
35.000000,1915.025024,0.134327,0.039386
36.000000,1915.025024,-0.041079,0.076227
37.000000,1915.025024,-0.202059,0.077436
38.000000,1915.025024,-0.292083,0.060288
39.000000,1915.025024,-0.279538,0.024437
40.000000,1915.025024,-0.168830,-0.030231
41.000000,1915.025024,0.001166,-0.067401
42.000000,1915.025024,0.170751,-0.077049
43.000000,1915.025024,0.280375,-0.067140
44.000000,1915.025024,0.291541,-0.027972
45.000000,1915.025024,0.200329,0.017184
46.000000,1915.025024,0.038768,0.056068
47.000000,1915.025024,-0.136406,0.080048
48.000000,1915.025024,-0.263680,0.067096
49.000000,1915.025024,-0.298359,0.039620
50.000000,1915.025024,-0.228265,0.000723
51.000000,1915.025024,-0.078013,-0.052318
0.000000,2000.000000,0.176334,-0.075556
1.000000,2000.000000,0.285312,-0.066100
2.000000,2000.000000,0.285311,-0.024852
3.000000,2000.000000,0.176332,0.016245
4.000000,2000.000000,-0.000001,0.060682
5.000000,2000.000000,-0.176334,0.078935
6.000000,2000.000000,-0.285312,0.064416
7.000000,2000.000000,-0.285311,0.026673
8.000000,2000.000000,-0.176332,-0.018332
9.000000,2000.000000,0.000002,-0.065339
10.000000,2000.000000,0.176335,-0.076161
11.000000,2000.000000,0.285312,-0.057028
12.000000,2000.000000,0.285311,-0.029777
13.000000,2000.000000,0.176332,0.022119
14.000000,2000.000000,-0.000002,0.066326
15.000000,2000.000000,-0.176335,0.074683
16.000000,2000.000000,-0.285312,0.064154
17.000000,2000.000000,-0.285311,0.030311
18.000000,2000.000000,-0.176332,-0.024870
19.000000,2000.000000,0.000002,-0.060107
20.000000,2000.000000,0.176335,-0.065376
21.000000,2000.000000,0.285312,-0.066760
22.000000,2000.000000,0.285311,-0.030638
23.000000,2000.000000,0.176332,0.012016
24.000000,2000.000000,-0.000002,0.063449
25.000000,2000.000000,-0.176335,0.081409
26.000000,2000.000000,-0.285312,0.064627
27.000000,2000.000000,-0.285311,0.026613
28.000000,2000.000000,-0.176332,-0.016811
29.000000,2000.000000,0.000002,-0.062201
30.000000,2000.000000,0.176335,-0.078681
31.000000,2000.000000,0.285312,-0.060428
32.000000,2000.000000,0.285311,-0.029704
33.000000,2000.000000,0.176332,0.021312
34.000000,2000.000000,-0.000002,0.066560
35.000000,2000.000000,-0.176335,0.076103
36.000000,2000.000000,-0.285312,0.065575
37.000000,2000.000000,-0.285311,0.031364
38.000000,2000.000000,-0.176332,-0.022263
39.000000,2000.000000,0.000002,-0.063300
40.000000,2000.000000,0.176335,-0.067676
41.000000,2000.000000,0.285313,-0.066159
42.000000,2000.000000,0.285311,-0.027958
43.000000,2000.000000,0.176331,0.024584
44.000000,2000.000000,-0.000002,0.058249
45.000000,2000.000000,-0.176335,0.077995
46.000000,2000.000000,-0.285313,0.070047
47.000000,2000.000000,-0.285311,0.025807
48.000000,2000.000000,-0.176331,-0.023638
49.000000,2000.000000,0.000003,-0.057408
