:020000040800F2
:1000000000550020ED01000819510008A74700081D
:10001000694F0008291200084D7200080000000016
:100020000000000000000000000000003959000836
:100030006115000800000000A1540008B96500081F
:10004000070200080702000807020008070200086C
:10005000070200080702000807020008070200085C
:10006000070200080702000807020008070200084C
:10007000070200080702000807020008070200083C
:100080000702000800000000490B000807020008F2
:10009000070200080702000807020008070200081C
:1000A000070200080702000807020008070200080C
:1000B00007020008070200080702000807020008FC
:1000C00007020008070200080702000807020008EC
:1000D00007020008070200080702000807020008DC
:1000E00007020008070200080702000807020008CC
:1000F00007020008070200080702000800000000CD
:1001000000000000070200080000000007020008CD
:1001100007020008000000000702000807020008AC
:10012000070200080702000807020008070200088B
:10013000070200080000000000000000070200089D
:10014000070200080702000800000000000000008D
:10015000000000000000000000000000000000009F
:10016000000000000000000000000000070200087E
:10017000070200080000000000000000000000006E
:10018000000000000702000800000000000000005E
:10019000000000000000000000000000000000005F
:1001A000000000000000000007020008070200082D
:1001B000070200080702000807020008000000000C
:1001C000000000000702000800000000000000001E
:1001D0000702000807020008DFF80CD000F076FBE9
:1001E000004800472192000800550020064880473B
:1001F00006480047FEE7FEE7FEE7FEE7FEE7FEE70C
:10020000FEE7FEE7FEE7FEE729660008D9010008E1
:100210002DE9F05F0546002092469B46884606463B
:10022000814640241BE0284641464746224600F0CE
:1002300050FA53465A46C01A914110D311461846F7
:10024000224600F037FA2D1A67EB01084F46224686
:100250000120002100F02EFA17EB00094E41201E6C
:10026000A4F10104DFDC484631462A464346BDE896
:10027000F09FD2B201E000F8012B491EFBD270477B
:100280000022F6E710B513460A4604461946FFF762
:10029000F0FF204610BD2DE9FE4F804681EA0300A5
:1002A000C00F0C46009021F0004123F00045B8EB50
:1002B0000200A94105D24046214690461C460B4605
:1002C000024623F00040104347D0270DC7F30A0031
:1002D000C3F30A510290401A019040286BDAC3F32D
:1002E000130040F4801B0098924620B10023D2EB0B
:1002F000030A63EB0B0B01985946C0F140025046CC
:1003000000F0D8F906460D4650465946019A00F0CD
:10031000F0F910EB08006141002487EA115284EAE9
:10032000E7731A4340D0009A62B3019A012A4FEA58
:10033000075215DC001B61EB02014FF0004202EA9C
:100340000752CDE90042001C41F5801132462B4690
:1003500000F027FA03B0BDE8F08F40462146F9E7E8
:10036000001B61EB0201001C41F5801300185B418A
:100370002018A2F5001747EB030140EAD570B61923
:100380006D4111E06D084FEA360645EAC0754FEA47
:100390000752001B61EB0201001C41F58011490866
:1003A0004FEA30000019514132462B4603B0BDE8F8
:1003B000F04F00F0E7B90098012240000023D0EB95
:1003C000020263EBE073009821464FEAE074B8EB59
:1003D000000061EB0401E9E783F000435BE781F093
:1003E000004158E72DE9FE4F81EA030404F0004480
:1003F00021F0004100944FF0000B23F0004350EA3D
:1004000001045ED052EA03045BD0C3F30A54C1F383
:100410000A552C44A4F2F3340194A0FB0254C1F316
:10042000130141F48011C3F3130343F4801301FB60
:10043000024400FB034E840A970A44EA815447EAC7
:100440008357A4FB076802958D0A05FB07854FEAD1
:10045000932C04FB0C542705029D4FEA065847EAEB
:100460001637B5EB08056EEB070C870E920E47EAC0
:10047000811742EA8312A7FB0201B6EB0B0164EB82
:1004800000042B0D43EA0C335E1844EB1C50DA4693
:100490005146E7FB0201C5F313044FEA0B3343EA6D
:1004A00014534FEA0432019C43EA0603A4F10C04FE
:1004B0000294009CCDE900B400F073F903B0BDE8EC
:1004C000F08F00200146F9E72DE9F04D81EA0304A1
:1004D00004F0004B21F0004514464FF0000A23F0D1
:1004E000004150EA050220D054EA01021DD0C5F3B4
:1004F0000A570246C5F31303C1F31300C1F30A56AA
:1005000040F4801543F48013A7EB0608101BD64671
:1005100008F2FD3873EB050002D308F1010801E091
:1005200092185B41B8F1000F03DA00200146BDE8E4
:10053000F08D00204FF48011064684460EE0171B14
:1005400073EB050705D3121B63EB050306434CEA67
:10055000010C49084FEA300092185B4150EA01074C
:10056000EDD152EA030012D082EA040083EA0501C9
:10057000084305D0101BAB4106D20122002306E040
:1005800000224FF0004302E06FF0010253101AEB1B
:1005900006004CEB085110EB0A0041EB0B01BDE8E3
:1005A000F04D00F0EFB80EB5C10F80EAE0700844DE
:1005B000CA07002140F233438DE80E000A460B467D
:1005C00000F0EFF803B000BDC1F30A5210B5C1F35B
:1005D000130140F2FF3341F480119A4201DA002006
:1005E00010BD40F233439A42A2F2334203DC52423E
:1005F00000F06FF810BD904010BD00F0004230F0E8
:1006000000400AD0C10D01F56071C0F3160042EA46
:100610000151C2084007114370470020014670474E
:1006200030B5041E71F1000404DB4FF00044404279
:1006300064EB0101141E73F1000405DB1C464FF04E
:100640000043524263EB04038B4208BF824230BD39
:1006500001F0004330B421F0004150EA010206D01D
:100660000A0DA2F56072C1F31301002A02DC30BC4E
:1006700000207047440F44EAC104C100E01830BCB8
:1006800000EBC25000F047B830B50B4601460020E1
:100690002022012409E021FA02F59D4205D303FA44
:1006A00002F5491B04FA02F52844151EA2F10102C5
:1006B000F1DC30BD202A04DB203A00FA02F10020F0
:1006C00070479140C2F1200320FA03F31943904090
:1006D0007047202A04DB203A21FA02F000217047FB
:1006E00021FA02F3D040C2F120029140084319469A
:1006F0007047202A06DBCB17203A41FA02F043EA82
:10070000E07306E041FA02F3D040C2F120029140CA
:100710000843194670470029A8BF7047401C49008C
:1007200008BF20F00100704710B4B0FA80FC00FA56
:100730000CF050EA010404BF10BC704749B1CCF181
:10074000200421FA04F411FA0CF118BF012121430D
:100750000843A3EB0C01CB1D4FEA00614FEA1020C8
:1007600042BF002010BC704700EBC350104400296A
:10077000A4BF10BC7047401C490008BF20F0010016
:1007800010BC704710B5141E73F1000408DA401C49
:1007900041F1000192185B411A4301D120F00100A0
:1007A00010BD2DE9F04D92469B4611B1B1FA81F290
:1007B00002E0B0FA80F220329046FFF77BFF044659
:1007C0000F4640EA0A0041EA0B0153465A460843E5
:1007D00013D0114653EA010019D0C8F14002504627
:1007E000FFF777FF05460E46504659464246FFF74B
:1007F00061FF084305D0012004E020463946BDE8EA
:10080000F08D0020054346EAE0762C4337430A98F2
:100810006305E40AA0EB08000022FD0A44EA4754FD
:100820000A3002D500200146E9E7010510196941A7
:10083000DDE9084500196941BDE8F04DA2E770B552
:1008400021F0004303430CD0C1F30A550024D5EB3B
:10085000040564EB0403D617AD1AB34102DB002094
:10086000014670BD201841EB025170BDC1F30A5220
:10087000C1F3130140F2FF3341F480119A4202DACE
:1008800000200146704740F233439A42A2F23342BD
:1008900002DC5242FFF71DBFFFF70CBF30B5041E4C
:1008A00071F1000404DB4FF00044404264EB0101AD
:1008B000141E73F1000405DB1C464FF00043524246
:1008C00063EB0403994208BF904230BD064C074DCC
:1008D00006E0E06840F0010394E807009847103410
:1008E000AC42F6D3FFF77CFCB49D0008D49D000811
:1008F0002DE9F04D00231A461B1A8A4103DB002024
:100900000146BDE8F08DC1F30A52C1F3130141F471
:1009100080154FF0000BD10702D100186D41521E17
:100920000027044640F2FF11384601EB620A3E46BA
:100930008046024600204FF48011FFF7CAFEC2191C
:100940007141BB1846EB0100B4EB030C75EB000CD6
:1009500004D3E41A65EB000517460E46241908F186
:1009600001006D4180463428E3DDF91946EB0600AD
:10097000091BA84103D24FF0FF32134601E00022C9
:1009800013461BEB070046EB0A51BDE8F04DFFF79D
:10099000F9BE000080B59FED441A9FED443A20EE69
:1009A000011AB0EEC11ABDEEC12AB8EEC22A31EE6C
:1009B000421A21EE031ABDEEC12A12EE102A02F1EC
:1009C000800E6FF35F2249F2B05CC0F6000C02EEBD
:1009D000102A6FF35F2E0CEB8203B8EE422A0CEB69
:1009E0008E0231EE421A92ED002A92ED013A93ED19
:1009F000004A93ED015A9FED2E7A33EE426A74EE6F
:100A0000050A20EE877A76EE060A74EE041ADFED08
:100A1000292A37EE607AF0EE080A75EE211A26EEE2
:100A2000206A61EEA21A21EE077A36EE216A36EECE
:100A3000076A21EE066A24EE227A36EE476A21EE34
:100A4000066A32EE066A81ED006A35EE445A32EEED
:100A5000036A26EE226A35EE057A36EE476A32EEF2
:100A6000027A33EE073A25EE205A23EE223A21EE9F
:100A7000066A35EE433A33EE063A21EE033A22EEA9
:100A8000222A32EE032A21EE021A34EE011AB5EEC2
:100A9000400AB1EE412AF1EE10FAB8BFB0EE421AA8
:100AA00080ED001A80BD00BF610B363B00000044A2
:100AB000DB0F49BCDB0F493C9FED201A9FED202A3C
:100AC00020EE010ABDEEC01A11EE100AB5EE400A82
:100AD000F1EE10FAB8BF013801EE100AB8EEC11AF3
:100AE00030EE410A20EE020ABDEEC01A9FED152A33
:100AF00011EE100A002130EE021AB1EB502F49F22C
:100B0000B0511CBF0020B0EE410AC0F6000101EE5A
:100B1000100A01EB8001B8EE411A30EE410A91ED66
:100B2000001A91ED012AB7EE003A33EE403A23EE77
:100B3000011A20EE020A31EE000A704783F9223EC4
:100B400000000044000000C410B5024801F09EFA05
:100B500010BD0000284F002070B50446206803F047
:100B600055FE0646206803F056FE98B396BB2068F3
:100B7000806800F00D0001280AD1206881681A4AB7
:100B80001140891C816000BF03202168086009E0D2
:100B9000E06D40F01000E065206E40F0010020663E
:100BA000012070BD01F0A4FE054614E001F0A0FE96
:100BB000401B02280FD92068806800F0010050B166
:100BC000E06D40F01000E065206E40F0010020660E
:100BD0000120E6E705E02068806800F001000028B9
:100BE000E4D10020DDE70000C0FFFF7F38B50446F8
:100BF00000200090206803F00EFE00284FD12068EE
:100C000080682849084048B1E06D40F01000E06578
:100C1000206E40F001002066012038BD206803F0FE
:100C2000C5FD00BF2048806800F0E07000F40000BF
:100C300080B11E4800681E49B0FBF1F0401C00EB7B
:100C400040008000009002E00098401E0090009854
:100C50000028F9D101F04CFE05461AE0206803F0A7
:100C6000DAFD10B9206803F0A1FD01F041FE401B40
:100C700002280ED92068006800F0010048B9E06D34
:100C800040F01000E065206E40F001002066012079
:100C9000C3E72068006800F001000028DED00020D3
:100CA000BBE700003F000080000300503000002040
:100CB000400D030030B52DED048B83B004460D4686
:100CC000E88800EE100AB8EE400ADFEDFE0A20EEDA
:100CD000200A84ED090A94ED090AFB48D0ED000AC8
:100CE000B0EE001A70EE810AB4EEE00AF1EE10FAEE
:100CF00003DD0120F54908701CE094ED090AF24873
:100D0000D0ED000AB0EE001A70EEC10AB4EEE00AAF
:100D1000F1EE10FA03D20220EC4908700AE0EB4829
:100D20000078012803D0E9480078022802D1002089
:100D3000E649087094ED090AE54880ED000A94ED53
:100D4000090ADFEDE40A20EE200ADFEDE30A20EED7
:100D5000200AE24880ED070A94ED090ADFEDE00A77
:100D600020EE200ADFEDDC0A20EE200A80ED0C0ADE
:100D7000288800EE100AB8EE400ADFEDDA0A20EE0D
:100D8000200ADFEDD90A80EE201A84ED001A688867
:100D900000EE100AB8EE400ADFEDD20A20EE200A7B
:100DA000DFEDD10A80EE201A84ED011AA88800EE4A
:100DB000100AB8EE400ADFEDCB0A20EE200ADFED84
:100DC000CA0A80EE201A84ED021AC0484078002832
:100DD0007ED1BE48007801287AD0BC48007802282D
:100DE000FAD0208D44F62061884272DA94ED000A30
:100DF000DFEDBE0A30EE600A10EE101A0846FFF76B
:100E0000FCFB41EC190BB0EE490AF0EE690A06F062
:100E1000FFFAB0EE408AF0EE608A9FEDB50B53EC1E
:100E2000102B51EC180BFFF7FBFB0DD294ED030ACE
:100E3000DFEDB10A20EE200AD4ED000A9FEDAF1AD3
:100E400000EE810A84ED030A94ED010ADFEDA70AA2
:100E500030EE600A10EE101A0846FFF7CEFB41ECA8
:100E6000190BB0EE490AF0EE690A06F0D1FAB0EEBD
:100E7000408AF0EE608A9FED9E0B53EC102B51ECF4
:100E8000180BFFF7CDFB0DD294ED040ADFED9A0AA3
:100E900020EE200AD4ED010A9FED981A00EE810A97
:100EA00084ED040A94ED020ADFED900A30EE600A48
:100EB00010EE101A0846FFF7A0FB41EC190BB0EE3C
:100EC000490AF0EE690A06F0A3FAB0EE408A01E0A2
:100ED0008AE019E0F0EE608A9FED850B53EC102B51
:100EE00051EC180BFFF79CFB7BD294ED050ADFED6C
:100EF000820A20EE200AD4ED020A9FED801A00EE4D
:100F0000810A84ED050A6CE094ED030ADFED770AAF
:100F100030EE600A10EE101A0846FFF76EFB41EC47
:100F2000190BB0EE490AF0EE690A06F071FAB0EE5C
:100F3000408AF0EE608A9FED6E0B53EC102B51EC63
:100F4000180BFFF76DFB46D294ED040ADFED670A3C
:100F500030EE600A10EE101A0846FFF74EFB41EC27
:100F6000190BB0EE490AF0EE690A06F051FAB0EE3C
:100F7000408AF0EE608A9FED5E0B53EC102B51EC33
:100F8000180BFFF74DFB26D294ED050ADFED570A4B
:100F900030EE600A10EE101A0846FFF72EFB41EC07
:100FA000190BB0EE490AF0EE690A06F031FAB0EE1C
:100FB000408AF0EE608A9FED4E0B53EC102B51EC03
:100FC000180BFFF72DFB06D2002040490870208542
:100FD0000120487005E004203C490870002020856D
:100FE0004870208D401C208538484078012858D111
:100FF00094ED000AD4ED030A30EE600AD4ED0B0A3A
:1010000080EE201A8DED001A94ED010AD4ED040A49
:1010100030EE600AD4ED0B0A80EE201A8DED011A35
:1010200094ED020AD4ED050A30EE600AD4ED0B0A05
:1010300080EE201A8DED021A314890F9000000EE82
:10104000100AB8EEC00A2F480078694601EB80000C
:10105000D0ED000A20EE200A84ED060A284890F917
:10106000010000EE100AB8EEC00A2648407801EBF5
:101070008000D0ED000A20EE200A84ED070A204807
:1010800090F9020000EE100AB8EEC00A1D48807800
:1010900001EB8000D0ED000A20EE200A84ED080A62
:1010A00000BF94ED060AB0EEC00ADFED0E0AB4EE02
:1010B000E00AF1EE10FA39DC94ED070AB0EEC00A4E
:1010C00022E000002E33113C4000002018010020D7
:1010D000000000209A99193F3ACD133F24010020C7
:1010E0006666663F33335340000080453333D33F59
:1010F000000000403333D33F3333733FCDCC4C3DFE
:1011000018000020120000205FED0A0AB4EEE00A89
:10111000F1EE10FA0ADC94ED080AB0EEC00A5FEDB9
:101120000F0AB4EEE00AF1EE10FA03DD03200849DD
:10113000087009E00648007818B1054800780328CF
:1011400002D100200249087003B0BDEC048B30BD11
:101150001801002010B52DED068BB0EE408AF0EEA0
:10116000608AB0EE000A28EE800AB0EE409AB4EE33
:10117000E88AF1EE10FA0BD2B1EE680AB4EEC08A3A
:10118000F1EE10FA04DBB0EE480ABDEC068B10BDA0
:10119000B4EEE88AF1EE10FA09DB38EE890AB4EE13
:1011A000C80AF1EE10FA02DD38EE490AEDE7B1EEB9
:1011B000680AB4EEC08AF1EE10FA0BD2B1EE680AFA
:1011C00030EE490AB4EEC80AF1EE10FA02D838EE51
:1011D000090ADAE738EE280AC0EE090AB0EE60AA7A
:1011E000B0EE4A0A06F01EF9F0EE409AB0EE480A58
:1011F00009EEC90AB0EE408AB4EEE88AF1EE10FAC0
:1012000004DB38EE490AB0EE408A0AE0B1EE680A23
:10121000B4EEC08AF1EE10FA03D238EE090AB0EE4D
:10122000408AB0EE480AB0E700BFFEE710B5B3EE63
:10123000080AAA4880ED000A0E20A84908719FED0F
:10124000A80A084680ED020A9FEDA60A80ED030A6F
:101250009FEDA50A80ED040A90ED030A80ED060AD1
:1012600090ED030A80ED050A9FEDA00A80ED070AC4
:1012700042F2D00008849FED9E0A084680ED090ADC
:101280009FED9C0A80ED0A0A9FED9B0A80ED0B0AF8
:101290009FED9A0A80ED0C0AB2EE000A80ED0D0A6D
:1012A0000120974988700220C8700320087100202F
:1012B00048718871C871894890ED000A914880EDA5
:1012C000050A8649088C00EBD07149108D4A1183BC
:1012D0008248008C8C498880804890ED000A08463E
:1012E00080ED000A9FED890A894880ED030A9FED91
:1012F000870A80ED040A9FED850A80ED050A77488C
:1013000090ED090AD0ED0A0A20EE200A804880ED0F
:101310000B0A4FF480407F490880002008719FED40
:101320007E0A084680ED050A9FED7C0A80ED0B0AD7
:10133000B7EE000A80ED090A9FED780A80ED0A0AEF
:101340009FED6A0A80ED0E0A9FED680A80ED0F0A94
:101350009FED730A80ED100A9FED720A80ED110A6D
:1013600090ED100AF0EE000A20EE200AD0ED110AEE
:1013700020EE200A80ED120A90ED110A20EE000AFC
:1013800080ED130AB7EE000A674880ED060AB0EE5A
:10139000080A07F025F95148D0ED000A9FED631ABD
:1013A00060EE810A80EE801A5F4880ED071A4B4894
:1013B00090ED0B0ADFED5E0A20EE200AD0ED030A65
:1013C00020EE200A584880ED000A444890ED0B0AB0
:1013D000DFED570A20EE200AD0ED040A20EE200AA5
:1013E000DFED540A80EE201A4F4880ED011A0120EB
:1013F000434908729FED3D0A4B4880ED020A9FED7C
:101400003B0A80ED030A354890ED0D0ADFED4A0AEC
:1014100020EE200AD0ED0C0A80EE201A424880ED22
:101420000D1A2E4890ED0D0ADFED410A20EE200A3C
:1014300020EE000AD0ED0C0A80EE201AB7EE000A6A
:1014400021EE000ADFED3D0A80EE201A364880EDDD
:101450000E1A9FED260A80ED110A9FED390A80EDE4
:10146000170AB7EE000A80ED160A9FED360A80EDE6
:10147000140A14202C49A1F860009FED300A084698
:1014800080ED190AB7EE000A2F4880ED010A9FEDA2
:101490002F0A80ED080A00202B498873B7EE000A56
:1014A000084680ED0A0A9FED2A0A80ED0B0A01200A
:1014B00081F8300000208886C8868887254804F097
:1014C0004DFA2548234948609FED240A084680EDDF
:1014D000030A002008724872087010BD4000002006
:1014E00000001042B5FE1639CBA1653F0000000098
:1014F0000AD7233C0000484200001644000016456D
:101500001801002078000020000000203333D33F72
:1015100094000020C40000200B246A412506813E6F
:101520009A99993F00009643240100209A99193F07
:10153000DB0FC94000409C469A260E4100007A44C9
:10154000E1CB1643A01AEF3E90010020C520703F6A
:101550000000C843E84C0020E80100200000C84219
:101560007047000070B5044603F0F8FA054620798C
:1015700008B9658002E0C5F58040608094ED050AF9
:10158000608800EE900AF8EE600A9FED461A10EEB1
:10159000810A84ED020A94ED021A4348007900EEB4
:1015A000900AF8EE600A61EE200AB0EE600ADFED04
:1015B0003F0AFFF7CFFD84ED030A3D488078D0BB9A
:1015C0003B484078012836D13A489FED3B1AF7EE68
:1015D000000A9FED390A04F025FC208B44F62061B7
:1015E000884225DB208B45F2082188420BDA608B8C
:1015F000401C608394ED040AD4ED020A30EE200A08
:1016000084ED040A14E0012029498870D4ED040A0D
:10161000608B00EE100AB8EE400A80EE801A84ED6E
:10162000051A9FED250A84ED040A002020836083BB
:10163000208B401C20831E48C07801281ED194EDC9
:101640000A0AD4ED090A20EE200A84ED0B0AD4ED33
:10165000070A94ED0B1A70EE810AB0EE600ADFED16
:10166000130AFFF777FD84ED070A94ED070ADFED13
:10167000130A20EE200A84ED080A09E00C48C0781D
:10168000022804D194ED030A84ED070A00E000BFAC
:10169000D4ED070AB0EE600A04F13401081FFFF729
:1016A00079F970BD0000B43C4000002000003443D4
:1016B00018010020000000200000000034FA8E3CD9
:1016C00072B600BFFEE700009FED191AB0EE413A76
:1016D0009FED181AF0EE413A174A92ED061AB0EE55
:1016E000410A92ED061ADFED121A21EE211AD2ED0F
:1016F000071A9FED102A02EE211AF0EE410AB0EE11
:10170000401AF0EE601A0D4A92ED0C2AD2ED0D2A25
:1017100021EE224A01EE824A81ED004AB1EE414AB1
:1017200024EE024A01EEA24A80ED004A00BF704753
:101730003ACD133F3ACD933F94000020C4000020DF
:10174000F8B504460D460020009000BF94F85800FC
:10175000012801D10220F8BD012084F8580000BF03
:101760002046FFF7F9F906468EBBE06D20F488505D
:1017700040F00200E065206881681B4A114005F0D6
:10178000804242F000421143816000BF13E00098A4
:10179000401C00901549009888420CD3E06D20F061
:1017A000020040F01000E06500BF002084F85800FF
:1017B00000BF0120CFE720688168C90F0029E6D16A
:1017C000E06D20F0020040F00100E06504E0FFE77A
:1017D000E06D40F01000E06500BF002084F8580084
:1017E00000BF3046B7E70000C0FFFF3F02DE040045
:1017F000704700002DE9FC5F05460C460020019073
:1018000000900027686900B100BFFE49E068884287
:1018100000D000E000BF00BF95F85800012802D1B9
:101820000220BDE8FC9F012085F8580000BF6869D0
:1018300010B1206A01281ED1606809284ED1A06A23
:1018400060B194F8280000F07C002168C1F3846145
:1018500040EA4120E16A40EA010703E02068C0F362
:10186000846047022868C06CE7490840384329680B
:10187000C8646F6632E0A86E90B9216AA96600203C
:101880006866A06A50B1206A401E94F8281001F0E2
:101890007C010843E16A40EA010701E0206A471E33
:1018A000207900F01F010020884087432068C0F3A2
:1018B0008460217901F01F0188400743A86E401E13
:1018C000A866686E38436866A86E38B92868C06C28
:1018D000CD490840696E08432968C864286802F049
:1018E00085FFD8B994F8250070B994F82600400512
:1018F00094F8241040EA01502968C96821F4401185
:1019000008432968C86009E02868C06820F44010CE
:1019100094F8261040EA41502968C860286802F00F
:101920008EFF8246286802F061FF8146BAF1000FFF
:101930007ED1B9F1000FFBD1A06A08B1E06A88B985
:1019400094F82500012806D12868C06840F000708E
:101950002968C86017E02868C06820F0007029680E
:10196000C86010E094F82500012806D1E86D40F029
:101970002000E8650120019005E02868C06820F09B
:1019800000702968C86094F8300001280CD1606BA1
:1019900040F00200A16B08432968096921F4FF7136
:1019A00008432968086105E02868006920F0020002
:1019B00029680861A068B0F1004F0AD121680022AF
:1019C000286802F04AFF4FF00041286802F06AFFE1
:1019D00008E0A2682168286802F03FFF002128681B
:1019E00002F060FF60692968C968C1F3C10149005C
:1019F00000FA01F82069042840D02868226821698B
:101A000000F1600C0CEB8103D3F800C0DFF8FCB1EF
:101A10000CEA0B0C02F0F84B4BF0004B4BEA080BB6
:101A20004CEA0B0CC3F800C000BF2868A26900E0B4
:101A3000CCE0216900F1600C0CEB8103D3F800C00D
:101A40002CF0807C4CEA020CC3F800C000BF286870
:101A5000227F2169012A01D1520600E000221346AB
:101A600000F1600C0CEB8102D2F800C02CF0007C7D
:101A70004CEA030CC2F800C000BFA7E000212868B0
:101A800002F0A1FEC0F3120030B90021286802F074
:101A90009AFEC0F3846007E00021286802F093FEFC
:101AA00090FAA0F0B0FA80F02168C1F3120119B9E0
:101AB0002168C1F3846104E0216891FAA1F1B1FACF
:101AC00081F1884204D100221146286802F0DFFE2D
:101AD0000121286802F077FEC0F3120030B901211D
:101AE000286802F070FEC0F3846007E001212868D6
:101AF00002F069FE90FAA0F0B0FA80F02168C1F31C
:101B0000120119B92168C1F3846104E0216891FAD6
:101B1000A1F1B1FA81F1884204D1002201212868A3
:101B200002F0B5FE0221286802F04DFEC0F312005B
:101B300030B90221286802F046FEC0F3846007E055
:101B40000221286802F03FFE90FAA0F0B0FA80F07F
:101B50002168C1F3120119B92168C1F3846104E05D
:101B6000216891FAA1F1B1FA81F1884204D10022F1
:101B70000221286802F08BFE0321286802F023FE70
:101B8000C0F3120030B90321286802F01CFEC0F334
:101B9000846007E00321286802F015FE90FAA0F0A7
:101BA000B0FA80F02168C1F3120119B92168C1F3BC
:101BB000846104E0216891FAA1F1B1FA81F18842CF
:101BC00004D100220321286802F061FE286802F097
:101BD00027FE002873D12868E2682168D0F8B03069
:101BE000C1F3120C23EA0C0302F0180BDFF820C03B
:101BF0002CFA0BFC0CEA010C43EA0C03C0F8B030E1
:101C000000BF07E000007F400040100400F0FF0329
:101C1000FFFF07007849E068884250D12368C3F38A
:101C200012031BB92368C3F3846304E0236893FAA7
:101C3000A3F3B3FA83F35B1C03F01F03092B3FD814
:101C40002368C3F312031BB92368C3F3846304E05E
:101C5000236893FAA3F3B3FA83F35B1C03F01F0327
:101C60004FF0010C0CFA03FC2368C3F312031BB9F9
:101C70002368C3F3846304E0236893FAA3F3B3FAFD
:101C800083F35B1C03F01F034CEA836C2368C3F3EC
:101C900012031BB92368C3F3846304E0236893FA37
:101CA000A3F3B3FA83F35B1C03F01F0303EB4303BB
:101CB0004FF0000B4BEA03534CEA03033FE043E0D1
:101CC0002368C3F312031BB92368C3F3846304E0DE
:101CD000236893FAA3F3B3FA83F35B1C03F01F03A7
:101CE0004FF0010C0CFA03FC2368C3F312031BB979
:101CF0002368C3F3846304E0236893FAA3F3B3FA7D
:101D000083F35B1C03F01F034CEA836C2368C3F36B
:101D100012031BB92368C3F3846304E0236893FAB6
:101D2000A3F3B3FA83F35B1C03F01F030A3B03EB3B
:101D300043034FF0007B4BEA03534CEA030319467D
:101D4000A268286802F089FD2C492068084050B339
:101D500000BF2B48806800F0E07600BF294920686A
:101D6000884203D02849206888421DD106F400002B
:101D7000D0B92868B0F1A04F37D146F4000120480F
:101D800002F07FFD214800682149B0FBF1F0801C82
:101D900000EB40008000009002E00098401E0090A0
:101DA00000980028F9D120E01A49206888420CD117
:101DB00006F0807048B918492868884215D046F066
:101DC00080710F4802F05DFD0FE0144920688842E1
:101DD0000BD106F4800040B90F492868884204D02E
:101DE00046F48001064802F04CFD00BF002085F853
:101DF000580000BF019814E500007F4000000880F3
:101E000000030050000021C31000C09030000020EB
:101E1000400D0300000052C700010050000084CBB9
:101E200010B504460122D1020E4800F05BFD206887
:101E3000D0F880000C4908802068D0F884004880E1
:101E40002068D0F8880088802068D0F88C00C8808E
:101E500007F07AFA00224FF40061024800F042FDD8
:101E600010BD000000080048080000207047000076
:101E70002DE9F041044600BF3D48806800F01F0096
:101E80000546206802F0B2FC10B10220BDE8F081E6
:101E90002068C06800F000472068C06C00F4C07083
:101EA00030B92FB9E06D40F02000E0650120EDE78A
:101EB00000BF94F85800012801D10220E6E7012074
:101EC00084F8580000BF2046FEF790FE0646002E1C
:101ED00046D1E06D00F4807020B1206E20F0080043
:101EE000206601E000202066E06D42F20101884397
:101EF00040F48050E0651F492068884202D14FF0CD
:101F0000A04000E020682168884200D01DB9E06D43
:101F100020F48010E06560202168086000BF002088
:101F200084F8580000BF13492068884202D14FF05E
:101F3000A04000E020682168884204D01DB1062D31
:101F400001D0072D07D1206802F046FC68B920684F
:101F500002F052FC09E0E06D40F48010E06504E01E
:101F600000BF002084F8580000BF30468EE7000014
:101F70000003005000010050704770472DE9F04306
:101F80009BB004460E464FF00008306800B100BF19
:101F900000BF94F85800012803D102201BB0BDE80F
:101FA000F083012084F8580000BF0020179018909B
:101FB0002068B0F1A04F02D13148009001E000202C
:101FC0000090009850B9E06D40F02000E06500BF3F
:101FD000002084F8580000BF0120DFE7009802F0DD
:101FE0002EFC0746206802F02AFCD8BBD7BB254D43
:101FF000306800B394F83800716841EA4030A9684D
:1020000021F460410843A8604FF0A04002F008FCB2
:1020100081461B4802F004FC49EA0009B9F1000FAF
:1020200027D1B16830680843A96840F61F72914310
:102030000843A8601DE0A86820F46040A8604FF045
:10204000A04002F0EDFB81460D4802F0E9FB49EAB1
:102050000009B9F1000F0CD1A86840F61F71884340
:10206000A86006E0FFE7E06D40F02000E0654FF07B
:10207000010800BF002084F8580000BF40468DE7EB
:102080000001005000030050704770472DE9F84FE1
:102090000446002000902068056820684668C5480E
:1020A00002F08CFB074605F00200022811D106F071
:1020B000020002280DD1E06D00F0100018B9E06DAB
:1020C00040F40060E0652046FFF792FB02202168A3
:1020D000086005F00400042803D106F00400042879
:1020E00007D005F0080008285FD106F0080008288E
:1020F0005BD1E06D00F0100018B9E06D40F40070A5
:10210000E065206802F0A0FB002848D0AA492068BA
:10211000884202D14FF0A04000E020682168884248
:1021200004D01FB1052F01D0092F03D12068D0F8AA
:102130000C800AE0A0492068884202D14FF0A040FC
:1021400000E020688346DBF80C8008F40050B0F50E
:10215000005F24D02068006800F0080008281ED125
:10216000206802F067FB90B92068406820F00C00FE
:1021700021684860E06D20F48070E065E06D00F457
:10218000805060B9E06D40F00100E06507E0E06D6F
:1021900040F01000E065206E40F00100206620460F
:1021A000FFF772FF0C202168086005F0200020284E
:1021B00003D106F02000202807D005F04000402879
:1021C00072D106F0400040286ED1E06D00F01000A2
:1021D00018B9E06D40F40050E0652068C16C01F46E
:1021E000C07109B9012100E000218A4600BF2068C2
:1021F00002F02AFB814670492068884202D14FF0E4
:10220000A04000E020682168884204D01FB1062F5A
:1022100001D0072F03D12068D0F80C800AE066496E
:102220002068884202D14FF0A04000E02068834639
:10223000DBF80C80BAF1000F30D008F0007028B144
:10224000B9F1000F2AD008F4005038BB20680068AC
:1022500000F04000402821D108F40010F0B92068B7
:1022600002F0BFFA90B92068406820F06000216851
:102270004860E06D20F48050E065E06D00F480700F
:1022800060B9E06D40F00100E06507E0E06D40F00E
:102290001000E065206E40F0010020662046FFF748
:1022A000BFFD60202168086005F0800080280DD106
:1022B00006F08000802809D1E06D40F48030E065B0
:1022C000204600F0A9F980202168086005F480709C
:1022D000B0F5807F0FD106F48070B0F5807F0AD111
:1022E000E06D40F40030E0652046FFF745FE4FF416
:1022F00080702168086005F40070B0F5007F0FD190
:1023000006F40070B0F5007F0AD1E06D40F4802043
:10231000E0652046FFF731FE4FF400702168086049
:1023200005F0100010282AD106F01000102826D140
:10233000E06B10B90120009010E047B100BF1D48CC
:10234000806800F4604048B10120009006E02068F9
:10235000C06800F0010008B1012000900098012839
:102360000AD1E06D40F48060E065206E40F002002C
:1023700020662046FFF789FE10202168086005F4DA
:102380008060B0F5806F13D106F48060B0F5806F87
:102390000ED1E06D40F48040E065206E40F0080012
:1023A00020664FF48060216808602046FFF75EFDDC
:1023B000BDE8F88F00030050000100502DE9F843FC
:1023C00004464FF000080020009014B90120BDE839
:1023D000F883606920B194F82400012800D100BF7F
:1023E000E06D30B9204600F019F90020206684F82D
:1023F000580020688168C1F3407131B1206881685C
:102400007E4A1140816000BF00BF206802F00DFAD3
:10241000B0B9206881687A4A114041F080518160EA
:1024200000BF784800687849B0FBF1F0401C4000DC
:10243000009002E00098401E009000980028F9D11A
:10244000206802F0F2F948B9E06D40F01000E06554
:10245000206E40F0010020664FF00108206802F075
:10246000E9F90646E06D00F01000002877D1002E53
:10247000FCD1E06D20F4807040F00200E06520683F
:1024800002F0C9F9B0B94FF0A04002F0C4F981469A
:102490005E4802F0C0F949EA0009B9F1000F09D11C
:1024A00060685B49896821F47C110143584A916056
:1024B00000BF00BF607FE16B41EA4030E168084344
:1024C000A168084394F8241040EA014594F82400D8
:1024D000012803D1208D401E45EA4045E06A28B11D
:1024E000A08D00F47870216B084305432068C06814
:1024F0004849084028432168C8602068006920F0E6
:102500004060616B084321680861206802F069F946
:102510000746002E50D1EFBB207F002141EA8031D9
:1025200094F8380041EA40052068C06844F202018E
:10253000884328432168C860206988B12068006901
:1025400040F48030216808612068D0F8C0006FF343
:102550000D00216908432168C1F8C0000EE045E084
:102560002068006920F48030216808612068D0F874
:10257000C0006FF30D002168C1F8C00094F840005E
:10258000012813D1606C40F00101A06C0843E16C9C
:10259000084300E010E0216D08432168096940F21A
:1025A000FC72914308432168086105E020680069D6
:1025B00020F00100216808616069012809D12068C4
:1025C000006B20F00F00216A491E08432168086350
:1025D00005E02068006B20F00F0021680863E06DC3
:1025E00020F0020040F00100E06505E0E06D40F001
:1025F0001000E0654FF001084046E8E6C0FFFF5FCD
:10260000C0FFFF7F30000020400D0300000100509C
:10261000000300500740F0FF7047000010B598B06D
:102620000446142113A8FDF72BFE442102A8FDF750
:1026300027FE2068B0F1A04F38D14FF4004002903F
:102640008003119002A800F0BFFA08B1FFF738F834
:1026500000BF1748C06C40F400501549C8640846D4
:10266000C06C00F40050019000BF00BF00BF0846DE
:10267000C06C40F00100C8640846C06C00F0010066
:10268000019000BF00BF0F20139003201490002082
:10269000159013A94FF0904000F03EF8002211462B
:1026A000122000F0A9F9122000F092F918B010BD24
:1026B0000010024010B504460CB9012010BD94F87A
:1026C000210028B9002084F82000204600F00CF8F2
:1026D000002060626060A060E060206160610120B5
:1026E00084F821000020E9E708B5094A0168914211
:1026F0000DD100BF0749896C41F00801054A91647A
:102700001146896C01F00801009100BF00BF08BDAF
:10271000000C02400010024078B502460B46002132
:10272000CAE001268E401D6805EA0604002C73D01D
:102730001D7905F00305012D04D01D7905F0030571
:10274000022D13D190684E000325B540A8434E00DA
:10275000DD68B54028439060506801258D40A8434E
:102760001D79C5F300158D40284350601D7905F093
:102770000305032D09D0D0684E000325B540A843BA
:102780004E009D68B5402843D0601D7905F00305D3
:10279000022D13D1CE0802F1200555F826004D0771
:1027A000EE0E0F25B540A8434E07F60E1D69B54045
:1027B0002843CE0802F1200545F8260010684E0097
:1027C0000325B540A8431D7905F003054E00B5402B
:1027D000284310605D6805F44035002D6BD000BFC4
:1027E000384D2D6E45F00105364E356635462D6E59
:1027F00005F00105009500BF00BF4FEAB6358E0811
:1028000055F826008D072E0F0F25B540A843B2F1CD
:10281000904F02D100251AE04DE02B4DAA4201D184
:10282000012514E0294DAA4201D102250FE0284DCF
:10283000AA4201D103250AE0264DAA4201D104256E
:1028400005E0254DAA4201D1052500E006258E07A9
:10285000360FB5402843214D8E0845F82600204DFF
:102860002868A0435D6805F4801505B120431C4D20
:1028700028602D1D2868A0435D6805F4001505B18A
:102880002043174D2D1D2860154D2D1F2868A0438E
:102890005D6805F4003505B12043114D2D1F2860FA
:1028A0002D1F2868A0435D6805F4803505B12043DD
:1028B0000B4D083D2860491C1D68CD40002D7FF45C
:1028C00030AF78BD00100240000400480008004806
:1028D000000C0048001000480014004808000140A7
:1028E000080401400AB1816100E081627047000084
:1028F0000148006870470000240000200348006879
:102900000349096808440149086070472400002011
:102910002C00002010B50024032000F0ABF80F209D
:1029200000F008F808B1012401E000F02FF820467B
:1029300010BD000070B50446002511480068D8B1EC
:102940000F4800684FF47A71B1FBF0F00D49096847
:10295000B1FBF0F6304601F048F958B9102C07D217
:1029600000222146501E00F047F80748046004E0AA
:10297000012502E0012500E00125284670BD000088
:102980002C000020300000202800002008B500BFE7
:102990000E48006E40F001000C4908660846006EC3
:1029A00000F00100009000BF00BF00BF0846806D2E
:1029B00040F0805088650846806D00F0805000909F
:1029C00000BF00BF00F0F6F808BD00000010024094
:1029D0000146084600280DDB00BF00BF00F01F03C2
:1029E00001229A4043099B0003F1E023C3F8002130
:1029F00000BF00BF00BF70472DE9F05F80460D4665
:102A0000164604F05BFC074639462A46334601F079
:102A10000700C0F1070ABAF1040F02D94FF0040A07
:102A200001E0C0F1070AD14600F1040ABAF1070F2C
:102A300002D24FF0000A01E0A0F1030AD4464FF0A1
:102A4000010A0AFA09FAAAF1010A0AEA020A0AFACA
:102A50000CFA4FF0010B0BFA0CFBABF1010B0BEA7C
:102A6000030B4AEA0B042146404604F02FFCBDE864
:102A7000F09F000000BF00F00702064B19684FF6F8
:102A8000FF031940044B0B4343EA0221014B196039
:102A900000BF70470CED00E00000FA0502468ABB5B
:102AA0004148006800F4C060B0F5806F2BD13E480B
:102AB0008030006820F480703B4BC3F880001846DB
:102AC000006820F4C06040F4007018603748006867
:102AD00032235843364BB0FBF3F0411C00E0491E53
:102AE0003148406900F48060B0F5806F01D1002961
:102AF000F5D12D48406900F48060B0F5806F51D168
:102B00000320704708E028488030006820F4807077
:102B1000254BC3F8800045E0B2F5007F3AD122484A
:102B2000006800F4C060B0F5806F2AD11E48803084
:102B3000006840F480701C4BC3F8800018460068A1
:102B400020F4C06040F40070186018480068322318
:102B50005843174BB0FBF3F0411C00E0491E1248EC
:102B6000406900F48060B0F5806F01D10029F5D193
:102B70000D48406900F48060B0F5806F12D10320E9
:102B8000BFE709488030006840F48070064BC3F806
:102B9000800007E00448006820F4C06040F48060D2
:102BA000014B18600020ACE70070004030000020AE
:102BB00040420F000348806840F48040014988602B
:102BC00070470000007000402DE9F84304460027DC
:102BD000B846206800F40020B0F5002F73D1B94644
:102BE000D348806D00F0805078B900BFD048806D28
:102BF00040F08050CE4988650846806D00F08050D6
:102C0000009000BF00BF4FF00109CA48006840F4BF
:102C10008070C8490860FFF76BFE064606E0FFF7C4
:102C200067FE801B022801D9032705E0C148006820
:102C300000F480700028F2D000BF002F46D1BC48BD
:102C40009030006800F44075CDB1206CA84216D0D9
:102C5000B7489030006820F44075B548D0F890002F
:102C600040F48030B249C1F890000846D0F8900096
:102C700020F48030C1F890000846C0F8905005F06C
:102C80000100A0B1FFF734FE064608E0FFF730FE72
:102C9000801B41F28831884201D9032706E0A4480D
:102CA0009030006800F002000028EFD000BF5FB94C
:102CB0009F489030006820F44070216C08439C4984
:102CC000C1F8900003E00CE0B84600E0B846B9F166
:102CD000010F05D19648806D20F080509449886599
:102CE00000BF207800F0010048B1914888300068AA
:102CF00020F00300616808438D49C1F888002078FE
:102D000000F00200022809D189488830006820F0CC
:102D10000C00A16808438649C1F88800207800F0BB
:102D20000400042809D182488830006820F030006F
:102D3000E16808437E49C1F88800207800F0080067
:102D4000082809D17A488830006820F0C00021693D
:102D500008437749C1F88800207800F02000202837
:102D600009D173488830006820F4406061690843E5
:102D70006F49C1F88800207800F04000402809D150
:102D80006B488830006820F44050A16908436849C6
:102D9000C1F88800207800F08000802809D16448BC
:102DA0008830006820F44040E16908436049C1F878
:102DB0008800208800F48070B0F5807F09D15C48DD
:102DC0008830006820F44030216A08435849C1F82F
:102DD0008800208800F40070B0F5007F09D15448C5
:102DE0008830006820F44020616A08435049C1F8E7
:102DF0008800208800F48060B0F5806F13D14C48C3
:102E00008830006820F44010A16A0843484988319E
:102E10000860A06AB0F5801F05D14548C06840F43D
:102E200080104349C860208800F40060B0F5006F4E
:102E300013D13F488830006820F44000E16A08431D
:102E40003B4988310860E06AB0F5800F05D1384809
:102E5000C06840F480103649C860208800F4805073
:102E6000B0F5805F13D132488830006820F04070A0
:102E7000216B08432E4988310860206BB0F1807FB8
:102E800005D12B48C06840F480102949C8602088CB
:102E900000F40050B0F5005F13D125488830006879
:102EA00020F04060616B0843214988310860606B05
:102EB000B0F1006F05D11E48C06840F480101C4975
:102EC000C860208800F48040B0F5804F13D11848C6
:102ED0008830006820F04060A16B084314498831B5
:102EE0000860A06BB0F1006F05D11148C06840F4D4
:102EF00080100F49C860208800F40040B0F5004FF2
:102F000013D10B488830006820F04050E16B084333
:102F1000074988310860E06BB0F1805F05D1044853
:102F2000C06840F480300249C8604046BDE8F8837C
:102F300000100240007000402DE9F04104460D46AB
:102F40004FF0000814B90120BDE8F0817D48006809
:102F500000F00F00A8420ED27A48006820F00F005F
:102F60002843784908600846006800F00F00A8422E
:102F700001D00120E8E7207800F00100002864D0AB
:102F80006068032823D17048006800F0007008B919
:102F90000120D9E702F086FA06466C48864237D906
:102FA0006948806800F0F00030B1207800F002003D
:102FB00002282DD1A06858BB6348806820F0F0003B
:102FC00040F08000604988604FF0800820E0606831
:102FD000022806D15C48006800F4003040B90120A6
:102FE000B2E75948006800F4806008B90120ABE7F7
:102FF00000F0DEF806465548864209D952488068F6
:1030000020F0F00040F080004F4988604FF08008C9
:103010004D48806820F00300616808434A49886091
:10302000FFF766FC074608E0FFF762FCC01B41F2B1
:103030008831884201D9032086E74348806800F040
:103040000C006168B0EB810FEED1207800F0020037
:10305000022820D1207800F00400042805D13A4845
:10306000806840F4E06038498860207800F008000B
:10307000082807D13448806820F4605040F4E060AC
:10308000314988603048806820F0F000A16808432A
:103090002D49886008E0B8F1800F05D12A48806882
:1030A00020F0F000284988602648006800F00F00F2
:1030B000A84219D92348006820F00F00284321496D
:1030C0000860FFF715FC074608E0FFF711FCC01B7E
:1030D00041F28831884201D9032035E71948006858
:1030E00000F00F00A842F0D1207800F0040004287E
:1030F00007D11548806820F4E060E1680843124970
:103100008860207800F00800082808D10E48806800
:1031100020F46050216940EAC1000B49886000F04A
:1031200047F809498968C1F30311094A515C01F064
:103130001F01C8400749086007480068FFF7FAFB0D
:1031400002E70000002002400010024000B4C40466
:10315000CE940008300000202800002001480068BC
:10316000704700003000002000B5FFF7F7FF054969
:103170008968C1F30221044A515C01F01F01C84073
:1031800000BD000000100240DE94000800B5FFF70B
:10319000E5FF05498968C1F3C221044A515C01F089
:1031A0001F01C84000BD000000100240DE9400086E
:1031B00070B5224DAD6805F00C05042D01D12048F5
:1031C0003AE01E4DAD6805F00C05082D01D11D48F3
:1031D00032E01A4DAD6805F00C050C2D2BD1174DC2
:1031E000ED6805F00304154DED68C5F303156A1C81
:1031F000022C0CD0032C09D1124DB5FBF2F50F4E69
:10320000F668C6F3062605FB06F10AE000BF0C4D82
:10321000B5FBF2F5094EF668C6F3062605FB06F186
:1032200000BF00BF054DED68C5F341656D1C6B0027
:10323000B1FBF3F000E0002070BD00000010024080
:103240000024F40000366E012DE9F843044614B959
:103250000120BDE8F883207800F00100002865D047
:10326000FC48806800F00C07FA48C06800F00306CC
:103270000C2F01D1032E01D0082F0AD1F548006888
:1032800000F40030002851D0606800284ED10120A1
:10329000DFE700BF6068B0F5803F06D1ED48006809
:1032A00040F48030EB4908601AE06068B0F5A02F68
:1032B0000BD1E848006840F48020E64908600846E1
:1032C000006840F4803008600AE0E248006820F4BA
:1032D0008030E04908600846006820F480200860DB
:1032E00000BF606888B1FFF703FB054606E0FFF703
:1032F000FFFA401B642801D90320AAE7D5480068DB
:1033000000F400300028F2D010E0FFF7F1FA054693
:1033100006E0FFF7EDFA401B642801D9032098E787
:10332000CC48006800F400300028F2D1207800F08A
:103330000200022860D1C748806800F00C07C54829
:10334000C06800F003060C2F01D1022E01D0042F1B
:1033500018D1C048006800F4806018B1E06808B96E
:10336000012076E7BB48406820F0FE40217C40EA1F
:103370000160B8494860B8480068FFF7DBFA18B345
:10338000012066E7E06800B3B248006840F480704E
:10339000B0490860FFF7ACFA054606E0FFF7A8FA67
:1033A000401B022801D9032053E7AA48006800F413
:1033B00080600028F2D0A748406820F0FE40217CC1
:1033C00040EA0160A349486016E0A248006820F482
:1033D0008070A0490860FFF78BFA054606E0FFF70A
:1033E00087FA401B022801D9032032E79948006878
:1033F00000F480600028F2D1207800F0080008284E
:1034000036D16069D0B193489430006840F0010033
:103410009049C1F89400FFF76BFA054606E0FFF704
:1034200067FA401B022801D9032012E7894894302B
:10343000006800F002000028F1D019E085489430BF
:10344000006820F001008349C1F89400FFF750FAAA
:10345000054606E0FFF74CFA401B022801D903207D
:10346000F7E67C489430006800F002000028F1D1B3
:10347000207800F00400042872D14FF0000875484D
:10348000806D012121EA107078B100BF7148806D14
:1034900040F080506F4988650846806D00F080508C
:1034A000009000BF00BF4FF001086C48006800F4B6
:1034B0008070B0B96948006840F48070674908605E
:1034C000FFF716FA054606E0FFF712FA401B02283E
:1034D00001D90320BDE66148006800F4807000282F
:1034E000F2D000BFA068012808D15A489030006887
:1034F00040F001005749C1F8900021E0A06805287C
:103500000FD154489030006840F004005149C1F890
:1035100090000846D0F8900040F00100C1F89000FB
:103520000EE04C489030006820F001004949C1F895
:1035300090000846D0F8900020F00400C1F89000F8
:1035400000BFA068A8B1FFF7D3F9054609E0FFF76F
:10355000CFF9401B41F28831884202D9032078E636
:1035600025E03C489030006800F002000028EED0D2
:1035700013E0FFF7BDF9054608E0FFF7B9F9401B76
:1035800041F28831884201D9032062E63148903007
:10359000006800F002000028EFD1B8F1010F05D15A
:1035A0002C48806D20F080502A49886500BF207823
:1035B00000F02000202836D1A069D0B125489830ED
:1035C000006840F001002349C1F89800FFF790F926
:1035D000054606E0FFF78CF9401B022801D90320BD
:1035E00037E61C489830006800F002000028F1D04F
:1035F00019E018489830006820F001001549C1F81A
:103600009800FFF775F9054606E0FFF771F9401BD2
:10361000022801D903201CE60E489830006800F00B
:1036200002000028F1D1E069002860D009488068D4
:1036300000F00C000C287AD0E069022858D1054827
:10364000006820F0807003490860FFF751F90546D3
:103650000DE0000000100240280000200070004033
:10366000FFF746F9401B022801D90320F1E54A483B
:10367000006800F000700028F2D1D4E90810401E64
:1036800041EA0011A06A41EA0021208E0122C2EB2A
:10369000500041EA40513420005DC2EB500041EA45
:1036A00040612C20005D41EAC0603B49C9683B4A4B
:1036B000114008433849C8600846006840F08070EF
:1036C00008600846C06840F08070C860FFF710F9D5
:1036D000054606E0FFF70CF9401B022801D903203C
:1036E000B7E52D48006800F000700028F2D051E0E6
:1036F0002948006820F0807027490860FFF7F8F833
:10370000054606E0FFF7F4F8401B022801D9032024
:103710009FE52148006800F000700028F2D11E48A3
:10372000C0681F4908401C49C86033E0FFE7E069F2
:10373000012800D18DE51848C66806F00301206A0B
:10374000814225D106F0F001606A401EB1EB001FF6
:103750001ED106F4FE41A06AB1EB002F18D106F08D
:1037600078412C20005DB1EBC06F11D106F4C0018F
:10377000208E0122C2EB5000B1EB405F08D106F071
:10378000C0613420005DC2EB5000B1EB406F01D04E
:1037900001205EE500205CE5001002400C809F01E6
:1037A000FCFFEEFE70B504460CB9012070BD606AE6
:1037B00038B96068B0F5827F00D105E00021E16191
:1037C00002E00021216161610021A16294F85D00A5
:1037D00028B9002084F85C00204600F061F802203F
:1037E00084F85D002068006820F0400021680860CF
:1037F000E068B0F5E06F01D9002501E04FF4805595
:10380000E068B0F5706F05D0E068B0F5E06F01D00A
:103810000021A162A08800F48270218901F4044192
:103820000843217C01F002010843217D01F00101E0
:103830000843218B01F400710843217F01F0380116
:1038400008432021095D01F080010843218D01F426
:1038500000510843216808600421A06901EA104072
:1038600094F8241001F01001084394F8341001F08A
:1038700008010843A18901F47061084305F48051EF
:103880000843216848602068C06920F4006021680E
:10389000C86100202066012084F85D00002085E7D3
:1038A00010B586B00446142101A8FCF7E9FC1849BC
:1038B0002068884229D100BF1648006E40F480502D
:1038C000144908660846006E00F48050009000BF5E
:1038D00000BF00BF0846C06C40F00100C864084645
:1038E000C06C00F00100009000BF00BFE02001901C
:1038F00002200290002003900320049005200590F0
:1039000001A94FF09040FEF707FF06B010BD000080
:1039100000300140001002402DE9FF5F0446894657
:1039200092461D460E9E012001900020009000BF8F
:1039300094F85C00012803D1022004B0BDE8F09F98
:10394000012084F85C0000BFFEF7D2FF074694F820
:103950005D00029060680390A846AB46029801287B
:103960000BD00398B0F5827F04D1A06810B90298FB
:10397000042802D00220009030E1B9F1000F03D0FA
:10398000BAF1000F00D015B90120009026E194F89B
:103990005D00042802D0052084F85D000020206628
:1039A000C4F840A0A4F84650A4F84450C4F8389095
:1039B000E587A587E0642065E068B0F5E06F02D890
:1039C000BBF1010F06D92068406820F480502168BF
:1039D000486005E02068406840F4805021684860F5
:1039E0002068006800F04000402805D0206800688A
:1039F00040F0400021680860E068B0F5E06F51D900
:103A0000606810B1B8F1010F09D1A06B008821687E
:103A1000C860A06B801CA063E08F401EE08739E087
:103A20002068806800F00200022810D1E08F70B199
:103A3000019801280BD1A06B00882168C860A06B99
:103A4000801CA063E08F401EE0870020019020686A
:103A5000806800F0010080B1B4F8460068B12068C9
:103A6000C068216C0880206C801C2064B4F846007B
:103A7000401EA4F8460001200190FEF739FFC01B4C
:103A8000B04207D3701C28B103200090012084F8B5
:103A90005D00A3E0E08F0028C2D1B4F84600002802
:103AA000BED188E0606810B1B8F1010F17D1E08F86
:103AB00001280AD9A06B00882168C860A06B801C0F
:103AC000A063E08F801EE08709E0A06B007821688A
:103AD0000873A06B401CA063E08F401EE08763E08A
:103AE0002068806800F0020002281ED1E08FE0B15B
:103AF0000198012819D1E08F01280AD9A06B00880C
:103B00002168C860A06B801CA063E08F801EE087E6
:103B100009E0A06B007821680873A06B401CA063CB
:103B2000E08F401EE087002001902068806800F050
:103B3000010058B3B4F8460040B3B4F84600012879
:103B400016D92068C068216C0880206C801C206415
:103B5000B4F84600801EA4F84600B4F846000128D8
:103B600012D82068406840F48050216848600BE01B
:103B70002068007B216C0870206C401C2064B4F825
:103B80004600401EA4F8460001200190FEF7B0FE5A
:103B9000C01BB04201D3701C00B92EB903200090A5
:103BA000012084F85D0019E0E08F002898D1B4F876
:103BB0004600002894D13A463146204601F0A2FD45
:103BC00018B10120009020202066206E10B1012045
:103BD000009002E0012084F85D0000BF00BF0020DB
:103BE00084F85C0000BF0098A7E670B5044625463F
:103BF000681EB0F1807F01D301200FE0681E4FF0F6
:103C0000E02148610F214FF0FF3003F05FFB0020FF
:103C10004FF0E021886107200861002070BD00009E
:103C200010B50346002200BF93F83C00012801D1E3
:103C3000022010BD012083F83C0000BF22F0FF00ED
:103C4000CC6840EA040222F440708C6840EA040226
:103C500022F480604C6840EA040222F400600C68A0
:103C600040EA040222F480500C6940EA040222F483
:103C700000504C6940EA040222F480400C6B40EA98
:103C8000040222F470200C8B40EA044222F080509F
:103C9000CC6940EA0402124C1868A04203D0114CCF
:103CA0001868A04213D122F470000C8D40EA04522F
:103CB00022F080700C6A40EA040222F000704C6A24
:103CC00040EA040222F00050CC6A40EA040218687C
:103CD000426400BF002083F83C0000BF00BFA8E79B
:103CE000002C01400034014030B502460B4600BFB5
:103CF00092F83C00012801D1022030BD012082F859
:103D00003C0000BF022082F83D0010684168106846
:103D100084681D4D1068A84203D01C4D1068A8424D
:103D200003D121F470015868014319480140186813
:103D3000014310684160144D1068A84213D0106808
:103D4000B0F1804F0FD0134D1068A8420BD0124D28
:103D50001068A84207D00D4D1068A84203D00F4D3F
:103D60001068A84205D124F08004986804431068C4
:103D70008460012082F83D0000BF002082F83C00F2
:103D800000BF00BFB9E70000002C01400034014033
:103D90008FFFFFFD0004004000080040004001408C
:103DA00070B504460D4615B994F844000BE0042D97
:103DB00002D14520005D06E0082D02D14620005DBD
:103DC00001E04720005D012801D0012070BD1DB930
:103DD000022084F844000EE0042D03D10221452086
:103DE000015508E0082D03D102214620015502E0CB
:103DF00002214720015504222946206802F095FC43
:103E00002068406C40F400402168486418492068EC
:103E1000884213D02068B0F1804F0FD01549206838
:103E200088420BD014492068884207D01349206883
:103E3000884203D012492068884210D120688068E7
:103E4000104900EA0106062E0FD0B6F5803F0CD0CF
:103E50002068006840F001002168086005E02068E3
:103E6000006840F00100216808600020AEE7000013
:103E7000002C0140000400400008004000340140D4
:103E8000004001400700010010B504460CB90120B4
:103E900010BD94F83D0028B9002084F83C0020466D
:103EA00000F02AF8022084F83D00211D206802F06D
:103EB000C5FB012084F8480000BF84F83E000121C2
:103EC0003F20015540200155412001554220015518
:103ED0004320015500BF00BF012084F84400452065
:103EE0000155462001554720015500BF012084F8A7
:103EF0003D000020CCE7000008B5094A0168914266
:103F00000DD100BF0749096E41F40061054A1166F1
:103F10001146096E01F40061009100BF00BF08BDA9
:103F2000002C014000100240014691F83D0001289C
:103F300001D001207047022081F83D00184B08682D
:103F4000984213D00868B0F1804F0FD0154B086825
:103F500098420BD0144B0868984207D0134B08685E
:103F6000984203D0124B0868984210D108688068C4
:103F7000104B00EA0302062A0FD0B2F5803F0CD0A6
:103F80000868006840F001000B68186005E00868E8
:103F9000006840F001000B6818600020CAE70000CC
:103FA000002C0140000400400008004000340140A3
:103FB00000400140070001002DE9F04104460D4694
:103FC000002700BF94F83C00012802D10220BDE880
:103FD000F081012084F83C0000BF022084F83D00FD
:103FE000206886683F48064026F47F462068866041
:103FF0002868702824D00CDC00F00F01002964D15F
:104000000011072861D2DFE800F0535455564935B6
:104010003F00354A811A90424FD009DCB0F5805FED
:104020000DD0B0F5005F18D0B0F1101F4DD143E0B6
:10403000102943D0202942D0502946D140E046E003
:10404000D5E902136A68206802F080FB2068866860
:1040500046F077062068866039E0D5E902136A6881
:10406000206802F073FB2068806840F4804021687B
:1040700088602CE0EA686968206802F053FD5021EE
:10408000206802F06FFB22E0EA686968206802F0AD
:104090005CFD6021206802F065FB18E0EA68696851
:1040A000206802F03FFD4021206802F05BFB0EE03B
:1040B00000BF00BF00BF00BF00BF00BF00BF00BF08
:1040C0002968206802F04EFB01E0012700BF00BF15
:1040D000012084F83D0000BF002084F83C0000BFB0
:1040E000384674E788FFCEFF2000100010B586B078
:1040F0000446142101A8FCF7C3F826492068884229
:1041000045D100BF2448C06C40F002002249C86479
:104110000846C06C00F00200009000BF00BF00BF66
:104120000846C06C40F00100C8640846C06C00F04E
:104130000100009000BF00BF4FF4C040019002207A
:1041400002900020039004900620059001A91348D6
:10415000FEF7E2FA4FF400400190022002900020A6
:10416000039004900420059001A90C48FEF7D4FAAE
:104170004FF4E06001900220029000200390049030
:104180000620059001A94FF09040FEF7C5FA06B051
:1041900010BD0000002C0140001002400004004847
:1041A0002DE9F04104460D461646002700BF94F85D
:1041B0003C00012802D10220BDE8F081012084F8F2
:1041C0003C0000BF0C2E51D005DC4EB1042E1ED099
:1041D000082E7AD133E0102E60D0142EF9D175E07C
:1041E0002946206802F0CAFA2068806940F0080079
:1041F000216888612068806920F004002168886156
:1042000020688069296908432168886178E0294627
:10421000206802F009FB2068806940F40060216892
:1042200088612068806920F4806021688861206846
:104230008069296940EA01202168886160E0294697
:10424000206802F04BFB2068C06940F0080021683C
:10425000C8612068C06920F004002168C861206836
:10426000C069296908432168C86149E02946206876
:1042700002F08EFB2068C06940F400602168C861CC
:104280002068C06920F480602168C8612068C06926
:10429000296940EA01202168C86131E02946206887
:1042A00002F0D0FB2068006D40F00800216808652E
:1042B0002068006D20F00400216808652068006D0A
:1042C00029690843216808651AE017E02946206833
:1042D00002F0F0FB2068006D40F400602168086582
:1042E0002068006D20F48060216808652068006DFA
:1042F000296940EA01202168086501E0012700BF23
:1043000000BF00BF002084F83C0000BF384653E7E0
:1043100010B504460CB9012010BD94F83D0028B931
:10432000002084F83C00204600F029F8022084F8A0
:104330003D00211D206802F081F9012084F8480029
:1043400000BF84F83E0001213F2001554020015567
:1043500041200155422001554320015500BF00BFB7
:10436000012084F84400452001554620015547208E
:10437000015500BF012084F83D000020CCE77047C4
:1043800070B504460D4615B994F83E0015E0042DAD
:1043900002D13F20005D10E0082D02D14020005DD9
:1043A0000BE00C2D02D14120005D06E0102D02D162
:1043B0004220005D01E04320005D012801D0012082
:1043C00070BD1DB9022084F83E001AE0042D03D10F
:1043D00002213F20015514E0082D03D10221402085
:1043E00001550EE00C2D03D102214120015508E0BA
:1043F000102D03D102214220015502E00221432069
:10440000015501222946206802F07EF927492068DB
:1044100088420FD02649206888420BD02549206861
:10442000884207D024492068884203D02349206865
:10443000884201D1012000E0002028B12068406CB2
:1044400040F400402168486418492068884213D02D
:104450002068B0F1804F0FD01949206888420BD0F6
:1044600018492068884207D011492068884203D043
:1044700010492068884210D120688068124900EAFB
:104480000106062E0FD0B6F5803F0CD020680068DC
:1044900040F001002168086005E02068006840F0F5
:1044A00001002168086000208AE70000002C01401C
:1044B00000340140004001400044014000480140F8
:1044C000000400400008004007000100014600BF52
:1044D00091F88400012801D102207047012081F861
:1044E000840000BF2420C1F88800086802680868BA
:1044F000006820F001000B68186022F000520020D4
:104500004866086802602020C1F8880000BF0020CB
:1045100081F8840000BF00BFDFE770B504460D4698
:1045200000BF94F88400012801D1022070BD012051
:1045300084F8840000BF2420C4F88800206806683E
:104540002068006820F00100216808602068806809
:1045500020F06060284321688860204602F00AFB52
:10456000206806602020C4F8880000BF002084F87E
:10457000840000BF00BFD9E770B504460D4600BFF8
:1045800094F88400012801D1022070BD012084F834
:10459000840000BF2420C4F88800206806682068D2
:1045A000006820F00100216808602068806820F021
:1045B0006040284321688860204602F0DBFA2068CA
:1045C00006602020C4F8880000BF002084F8840022
:1045D00000BF00BFD9E710B504460CB9012010BDDB
:1045E000A06900B100E000BFD4F8880028B900201D
:1045F00084F88400204600F02BF82420C4F88800BA
:104600002068006820F0010021680860A06A10B1ED
:10461000204602F0DBFA204602F000FC012800D11F
:10462000DDE72068406820F49040216848602068F9
:10463000806820F02A00216888602068006840F0C7
:10464000010021680860204602F03CFBC7E700003B
:1046500010B598B00446142113A8FBF711FE4421AD
:1046600002A8FBF70DFE1C492068884231D10120C9
:1046700002900020039002A8FEF7A6FA08B1FDF709
:104680001FF800BF1548006E40F4804013490866CB
:104690000846006E00F48040019000BF00BF00BFDC
:1046A0000846C06C40F00200C8640846C06C00F0C8
:1046B0000200019000BF00BFC020139002201490A0
:1046C0000020159016900720179013A90448FEF7B4
:1046D00023F818B010BD000000380140001002405F
:1046E000000400482DE9F84F04460E461746994647
:1046F000D4F88800202854D106B117B90120BDE8AC
:10470000F88F00205434E06321206063FEF7F0F856
:10471000824627806780543CA068B0F5805F04D152
:10472000206910B90025B04602E035464FF0000878
:1047300020E05346002280212046CDF8009002F070
:104740002FFD20B12020C4F888000320D7E745B909
:10475000B8F80000C0F308002168886208F1020878
:1047600003E02878216888626D1CB4F85600401E6A
:10477000A4F85600B4F856000028DAD153460022B7
:1047800040212046CDF8009002F00AFD20B1202003
:10479000C4F888000320B2E72020C4F88800002075
:1047A000ADE70220ABE700BFFEE700008168024AE8
:1047B0001140491C81607047C0FFFF7F0146886837
:1047C00000F01F007047024602F1600000EB810319
:1047D000186800F0F84070470146C86800F00070A3
:1047E000704701468868C0F3C0007047014688687A
:1047F000C0F3C000704700008168034A114041F0D7
:104800000801816070470000C0FFFF7F0146886893
:10481000C0F3400070470146886800F0010070470F
:104820000146886800F00100704701468868C0F3BF
:104830000070704701468868C0F3800070470146E9
:104840008868C0F3800070470146C86800F4406083
:1048500008B9012070470020FCE770B500F114048E
:10486000C1F3406504EB85031C68C1F304560725BA
:10487000B540AC43C1F3045502FA05F52C431C6066
:1048800070BD826822F0E0720A438260704710B502
:1048900000F1600404EB81031C6824F0004414431D
:1048A0001C6010BD426922F000420A434261704719
:1048B000184991ED070A80ED040A90ED0B0ADFED2F
:1048C000160A80EE801ABCEEC10A10EE101A41865C
:1048D0003C21018700218186C18641879FED0F0A17
:1048E00080ED100AC1879FED0D0A80ED110A9FED42
:1048F0000B0A80ED120A9FED090A80ED130A9FED65
:10490000070A80ED140A9FED050A80ED150A0121C2
:1049100081877047C400002000401C460000000052
:1049200010B52DED048B0446A08F10B92046FFF77B
:10493000BFFFE08F00287DD194F8360000F0010021
:1049400010B1BFEE000A01E0B7EE000AF0EE409AA7
:1049500094ED0A0A20EE298A94F8300058B994EDB3
:10496000040AB0EE401A6148DFED610AB0EE480A71
:1049700001F058FA0AE094ED040AB0EE401A5B48E0
:10498000F0EE480A9FED5A0A01F04CFA94F8300014
:1049900018B9584890ED040A02E0564890ED050A0F
:1049A000F0EE408AA08E28B9C4ED118A9FED500A1E
:1049B00084ED130A94ED130A30EE280A84ED130AED
:1049C000A08E401CA086A08E618E884256DBC4ED6E
:1049D000128A94ED0B0AF6EE002A82EE803AB0EECF
:1049E000431AD4ED132AA08E00EE100AB8EE400A46
:1049F00082EE803AF0EE431A94ED120AD4ED112AB9
:104A000030EE620AF0EE400AD4ED082AB0EE480A11
:104A100002EEE10AB0EE402AB0EEE00ADFED362AFF
:104A2000B4EEE20AF1EE10FA22DD62EE012A82EE25
:104A3000A03A00E056E0B0EE430ADFED302AB4EED3
:104A4000E20AF1EE10FA12DDDFED2D2AB4EEE20AF1
:104A5000F1EE10FA0BD2E08E062808DBD4ED102A16
:104A600072EE802AC4ED102A608F401C608700BF60
:104A7000E08E401CE0860020A08600BFE08E218FE3
:104A800088422EDB9FED1A0AB0EE409A608F002814
:104A90000ADDD4ED100A608F00EE100AB8EE400A6D
:104AA00080EE801AB0EE419A94F8300010B984ED8F
:104AB000149A01E084ED159A94ED040AB0EE401AC0
:104AC0000A48DFED0B0A9FED0A0A01F0ABF900205E
:104AD00060879FED070A84ED100AE0860120E087D9
:104AE00000BF00BFBDEC048B10BD00000000002023
:104AF00000000000240100200AD7233CACC5273762
:104B00000AD7A33BB0EE401A90ED000AD0ED001A90
:104B100071EE611A00EEA10A80ED000A90ED000A24
:104B20007047000038B50446002210214FF0904035
:104B3000FDF7D8FE6420022322460649009006486D
:104B4000FEF7EAFE012210214FF09040FDF7CAFE69
:104B500038BD0000A4940008BC4F002038B568465A
:104B6000FFF7E0FF9DF8010084109DF8000044EA83
:104B70008014204638BD000000B593B0002010908E
:104B8000119012903C2101A8FBF77AFB4FF0A04056
:104B9000394908604FF44030486000213648816050
:104BA000C16001610121416104218161002101771E
:104BB000417701210162002180F8241080F838102B
:104BC000C16380F84010FDF7F9FB08B1FCF778FDF0
:104BD0000020109010A92848FDF7D0F908B1FCF783
:104BE0006FFD2648019009200290012003907F204C
:104BF00004900420059000200690042009900020D5
:104C00008DF828008DF829008DF82A0084200B905B
:104C10004FF480700C9000208DF8340001A91648E4
:104C2000FCF7E8FD08B1FCF74BFD1548019040F298
:104C30000F10029001A91048FCF7DCFD08B1FCF749
:104C40003FFD1048019040F21520029001A90A484A
:104C5000FCF7D0FD08B1FCF733FD0B48019040F2A2
:104C60001B30029001A90448FCF7C4FD08B1FCF711
:104C700027FD13B000BD0000284F002002003004C3
:104C8000040060080800900C1000C01010B5054822
:104C9000054908600846FDF70DFD08B1FCF710FD59
:104CA00010BD0000000C0240944F002000B587B0FA
:104CB000142102A8FBF7E4FA00BF2D48C06C40F0B5
:104CC00020002B49C8640846C06C00F02000019009
:104CD00000BF00BF00BF0846C06C40F00100C864C0
:104CE0000846C06C00F00100019000BF00BF00BF8B
:104CF0000846C06C40F00200C8640846C06C00F072
:104D00000200019000BF00BF00BF0846C06C40F029
:104D10000400C8640846C06C00F00400019000BFA5
:104D200000BF012210214FF09040FDF7DBFD002273
:104D30004FF400610F48FDF7D5FD102002900120CF
:104D40000390002004900320059002A94FF09040AA
:104D5000FDF7E2FC4FF40060029001200390002078
:104D60000490059002A90348FDF7D6FC07B000BDEA
:104D7000001002400008004810B5114811490860B1
:104D80004FF48270486000210E4881604FF4E0616A
:104D9000C160002101610121416149028161182145
:104DA000C16100210162416281620721C16200216B
:104DB00001634163FEF7F6FC08B1FCF781FC10BD0E
:104DC00000300140BC4F002000B59BB00020179080
:104DD000189019901A901490159016901C210DA8F7
:104DE000FBF74EFA34216846FBF74AFA414842493C
:104DF00008600020486020213F48816041F268013E
:104E0000C16000210161416180218161FFF73CF8AF
:104E100008B1FCF755FC4FF48050179017A936489D
:104E2000FFF7CAF808B1FCF74BFC3348FFF770FAFC
:104E300008B1FCF745FC70201490002015901690E6
:104E400014A92D48FEF750FF08B1FCF739FC70207B
:104E50000D9040F634000E9000200F9010901190AD
:104E60001290139000220DA92348FFF799F908B179
:104E7000FCF726FC04220DA91F48FFF791F908B1A1
:104E8000FCF71EFC08220DA91B48FFF789F908B1A1
:104E9000FCF716FCFA200E900C220DA91648FFF71D
:104EA0007FF908B1FCF70CFC4FF400600090401053
:104EB0000190801002900020039004904FF4005065
:104EC000059000200690079008904FF00070099020
:104ED00000200A900B904FF480400C9069460648E1
:104EE000FEF79EFE08B1FCF7EBFB0348FFF7FEF868
:104EF0001BB000BD002C01402050002010B5184808
:104F0000184908604FF4E13048600021154881607D
:104F1000C16001610C21416100218161C1610162B7
:104F2000416200200F4988620846FFF754FB08B130
:104F3000FCF7C6FB00210B48FFF71EFB08B1FCF78E
:104F4000BFFB00210748FFF7E8FA08B1FCF7B8FB00
:104F50000448FFF7BBFA08B1FCF7B2FB10BD000034
:104F6000003801406C50002000BFFEE710B56248D9
:104F7000007901280CD16049C8706048D0ED090A59
:104F8000B0EE600A5E48DFED5F0A00F0B7FEB1E008
:104F900059480079022810D15749C8705748D0EDB8
:104FA000070AB0EE601AD0ED090AB0EE600A564862
:104FB000DFED540A00F036FF9CE04F4800790328EB
:104FC00017D102204C49C870504800F0A7F84B4850
:104FD000D0ED071AB0EE611A4C48D0ED0B1AF0EE86
:104FE000610AD0ED0A1AB0EE610A474800F01AFFD4
:104FF00080E04148007904281ED102203E49C87053
:105000004248B0F8620010B9404800F0C1F93F488A
:1050100000F084F83948D0ED071AB0EE611A3B4829
:10502000D0ED0B1AF0EE610AD0ED0A1AB0EE610A6B
:10503000354800F0F7FE5DE02F480079052803D1E0
:1050400002202D49C87055E02B480079062806D16A
:1050500003202949C8702E4800F074FA4AE0264817
:105060000079072806D103202349C8702848FFF794
:1050700057FC3FE02048007908283BD103201E4917
:10508000C8709FED200A1D4880ED070A2148007A6C
:10509000C8B92048407AB0B91E48007898B9174876
:1050A00090ED072AF0EE421A1A4890ED032AB0EE6E
:1050B000421A90ED052AF0EE420A90ED042AB0EE75
:1050C000420A00F0D1FC134800F018FD0F4800F030
:1050D00025F80A48D0ED071AB0EE611A0B48D0ED5A
:1050E0000B1AF0EE610AD0ED0A1AB0EE610A06481A
:1050F00000F098FE10BD000018010020C400002040
:1051000078000020000000000000002024010020A2
:1051100090010020E84C002000BFFEE790ED022A3D
:10512000D0ED062AF1EE622AB4EEE22AF1EE10FA90
:1051300004D290ED062AB1EE422A0DE090ED022A4B
:10514000D0ED062AB4EEE22AF1EE10FA02DD90ED7F
:10515000062A01E090ED022A80ED022A90ED032A52
:10516000D0ED062AF1EE622AB4EEE22AF1EE10FA50
:1051700004D290ED062AB1EE422A0DE090ED032A0A
:10518000D0ED062AB4EEE22AF1EE10FA02DD90ED3F
:10519000062A01E090ED032A80ED032A90ED022A11
:1051A000D0ED042A32EE620A90ED032AD0ED052AF2
:1051B00072EE620A90ED082AD0ED012A02EE802AF2
:1051C00080ED082A90ED092AD0ED012A02EEA02AEE
:1051D00080ED092A90ED082AD0ED002AB0EE421A9F
:1051E00002EE801A90ED092AD0ED002AF0EE421A64
:1051F00042EEA01A90ED0C2AB4EEC12AF1EE10FA9C
:1052000004D8B5EEC00AF1EE10FA0DDC90ED0C2AD0
:10521000B1EE422AB4EEC12AF1EE10FA0CDBB5EE83
:10522000C00AF1EE10FA07D290ED082AD0ED012A5B
:1052300002EEC02A80ED082A90ED0C2AB4EEE12A95
:10524000F1EE10FA04D8F5EEC00AF1EE10FA0DDC1A
:1052500090ED0C2AB1EE422AB4EEE12AF1EE10FAFA
:105260000CDBF5EEC00AF1EE10FA07D290ED092A38
:10527000D0ED012A02EEE02A80ED092A90ED082AFD
:10528000D0ED072AF1EE622AB4EEE22AF1EE10FA2E
:1052900004D290ED072AB1EE422A0DE090ED082AE3
:1052A000D0ED072AB4EEE22AF1EE10FA02DD90ED1D
:1052B000072A01E090ED082A80ED082A90ED092ADE
:1052C000D0ED072AF1EE622AB4EEE22AF1EE10FAEE
:1052D00004D290ED072AB1EE422A0DE090ED092AA2
:1052E000D0ED072AB4EEE22AF1EE10FA02DD90EDDD
:1052F000072A01E090ED092A80ED092A90ED082A9D
:10530000D0ED002A02EE802AB0EE421A90ED092A72
:10531000D0ED002A02EEA02AF0EE421A90ED0C2AFF
:10532000B1EE422AB4EEC12AF1EE10FA04DD90ED9E
:105330000C2AB1EE422A0BE090ED0C2AB4EEC12A01
:10534000F1EE10FA02D290ED0C2A01E0B0EE412A03
:1053500080ED0A2A90ED0C2AB1EE422AB4EEE12A41
:10536000F1EE10FA04DD90ED0C2AB1EE422A0BE0CA
:1053700090ED0C2AB4EEE12AF1EE10FA02D290ED93
:105380000C2A01E0B0EE612A80ED0B2A7047000084
:1053900090ED111AD0ED131A31EE611AB0EE410AF8
:1053A00090ED151AD0ED0E1A01EE801A80ED151A47
:1053B00090ED151AD0ED0D1A01EE801AF0EE410AAB
:1053C00090ED061AB4EEE01AF1EE10FA04D8B5EE3C
:1053D000C00AF1EE10FA0DDC90ED061AB1EE411A9A
:1053E000B4EEE01AF1EE10FA0CDBB5EEC00AF1EE05
:1053F00010FA07D290ED151AD0ED0E1A01EEC01A70
:1054000080ED151A90ED151AD0ED161AF1EE611A0D
:10541000B4EEE11AF1EE10FA04D290ED161AB1EEE4
:10542000411A0DE090ED151AD0ED161AB4EEE11AFE
:10543000F1EE10FA02DD90ED161A01E090ED151A6A
:1054400080ED151A90ED151AD0ED0D1A01EE801AA7
:10545000F0EE410A90ED061AB1EE411AB4EEE01AF0
:10546000F1EE10FA04DD90ED061AB1EE411A0BE0F0
:1054700090ED061AB4EEE01AF1EE10FA02D290EDB9
:10548000061A01E0B0EE601AF0EE410AC0ED020A21
:105490009FED021A80ED031A704700000000000023
:1054A0007047000070B5164DED6805F00304144D0B
:1054B000ED68C5F303156B1C022C0CD0032C09D12D
:1054C000104DB5FBF3F50E4EF668C6F3062605FB48
:1054D00006F10AE000BF0C4DB5FBF3F5084EF66887
:1054E000C6F3062605FB06F100BF00BF044DED68BC
:1054F000C5F341656D1C6A00B1FBF2F070BD0000A0
:105500000010024000366E010024F4004FF4965162
:1055100041814FF47A61818100210181074991ED38
:10552000070A80ED040A9FED060A80ED080A0121B2
:105530008173002180F8241070470000C40000200F
:105540000000000010B52DED028B044620780628DF
:105550000BD2DFE800F0030B245570A3A07B20B929
:105560002046FFF7D3FF01202070C0E094ED040A2D
:10557000B0EE401A94ED010AF0EE400A5E489FED4D
:105580005F0A00F04FFC2089401C2081208961893E
:10559000884203DB0020208102202070A7E094EDE8
:1055A000040AB0EE401A94ED010AF0EE400A5248A7
:1055B0009FED520A00F036FC514890ED058A94EDBB
:1055C000050A30EE080A84ED050A2089401C208176
:1055D0002089A189884212DBD4ED050A208900EEDA
:1055E000100AB8EE400A80EE801A84ED061A0020F8
:1055F00020819FED420A84ED050A0320207076E0A9
:1056000094ED040AB0EE401A94ED010AB1EE400A9E
:10561000F0EE400A38489FED390A00F003FC20897B
:10562000401C208120896189884203DB0020208181
:10563000042020705BE094ED040AB0EE401A94ED73
:10564000010AB1EE400AF0EE400A2B489FED2B0A0A
:1056500000F0E8FB2A4890ED058A94ED050A30EE4B
:10566000080A84ED050A2089401C20812089A1892F
:10567000884212DBD4ED050A208900EE100AB8EE4C
:10568000400A80EE801A84ED071A002020819FEDE9
:105690001B0A84ED050A0520207028E094ED040A19
:1056A000B0EE401A1448DFED150A9FED140A00F021
:1056B000B9FB94ED060AD4ED070A30EE600AD4ED8A
:1056C000010AB0EE001A60EE810A80EE801A84EDC5
:1056D000081A9FED0A0A84ED060A9FED080A84ED78
:1056E000070A012084F824000020207000BF00BFBA
:1056F000BDEC028B10BD0000000000200000000087
:1057000024010020F8B504460E4615463346002213
:105710004FF4C0512046009500F026F828B1206EC5
:1057200040F0200020660320F8BD3346002280218F
:105730002046009500F094F828B1206E40F020003B
:1057400020660320F0E7334600224FF4C061204674
:10575000009500F009F828B1206E40F02000206686
:105760000320E1E70020DFE72DE9FC5F04460D465A
:1057700016461F46DDF8309000200090FDF7B8F87F
:10578000A0EB0900A7EB0008FDF7B2F882462068FD
:1057900000F10C0B31480068C0EBC00000EB80004A
:1057A000000D00FB08F0019050E0B5F5C06F05D189
:1057B00026B99BF8000000909DF80000781C002896
:1057C00044D0FDF795F8A0EB0A00404502D2B8F1AD
:1057D000000F34D12068406820F0E0002168486064
:1057E0006068B0F5827F0DD1A068B0F5004F03D09E
:1057F000A068B0F5806F05D12068006820F04000F7
:1058000021680860A06AB0F5005F0DD100BF206874
:10581000006820F40050216808602068006840F4A7
:1058200000502168086000BF012084F85D0000BFBF
:10583000002084F85C0000BF0320BDE8FC9F0198B5
:1058400008B94FF000080198401E01902068806858
:105850002840B042A9D10020EFE70000300000202E
:105860002DE9F84F04460D4690461E46DDF8289077
:10587000FDF73EF8A0EB0900371AFDF739F882462C
:105880002C480068C0F3CB307843009045E0701C92
:10589000002842D0FDF72CF8A0EB0A00B84200D255
:1058A000A7BB2068406820F0E0002168486060687D
:1058B000B0F5827F0DD1A068B0F5004F03D0A0688D
:1058C000B0F5806F05D12068006820F040002168A5
:1058D0000860A06AB0F5005F0DD100BF20680068C5
:1058E00020F40050216808602068006840F40050EF
:1058F0002168086000BF012084F85D0000BF00201F
:1059000084F85C0000BF0320BDE8F88FFFE7009833
:1059100000B900270098401E009020688068284049
:10592000A84201D1012000E000204045AFD1002075
:10593000EAE7000030000020704700009FED062AD3
:10594000C2EE001A61EEA01AB0EE611AFCEEC11AA6
:1059500011EE900A80B2704700409C469FED160AF7
:1059600080ED040A9FED150A80ED050A9FED120AED
:1059700080ED060A9FED100A80ED070A9FED100AE0
:1059800080ED030A9FED0C0A80ED080A9FED0A0ADC
:1059900080ED090A00210172417205210185002173
:1059A0008185052141850021C1854FF4966141869D
:1059B0000021818601707047000000009A99993E8D
:1059C0000000C84210B52DED068B84B0002436E0EF
:1059D0001F48406800EB041090ED030A10EE101A07
:1059E0000846FAF70AFE41EC180B1948406800EB2C
:1059F000041090ED020A10EE101A0846FAF7FDFDA9
:105A000041EC190B1248406800EB041090ED010ABC
:105A100010EE101A0846FAF7F0FD41EC1A0B8DED66
:105A2000028B8DED009B0A48406800EB0410018852
:105A300053EC1A2B07A001F019FC601C84B2044837
:105A4000808EA042C4DC04B0BDEC068B10BD00000B
:105A5000E84C002025752C252E33662C252E366625
:105A60002C252E36660D0A0070B52DED088B0446E8
:105A7000B0EE408AF0EE608AB0EE419AF0EE619AA4
:105A800000206072207284ED048AC4ED058A84EDE2
:105A9000039AC4ED079A94ED030ADFED160A80EE2F
:105AA000801ABCEEC10A10EE100A85B200EE105A40
:105AB000B8EE400ADFED100A80EE801A11EE106A8F
:105AC0003046FAF79AFD41EC1B0BB0EE4B0AF0EEB4
:105AD0006B0A01F011FCB0EE40AAF0EE60AA51ECA6
:105AE0001A0BFAF771FD85B2658501202070BDECB7
:105AF000088B70BD00409C460000964310B50446DC
:105B0000207805280DD2DFE800F0030D417DE50087
:105B10009FED760A764880ED020A9FED740A80EDCB
:105B2000030AE1E001202072208D01EE100AB8EE98
:105B3000411AF0EE410A94ED031AB0EE410AFFF764
:105B4000FDFEA085608D01EE100AB8EE411AF0EE60
:105B5000410A94ED031AB0EE410AFFF7EFFEE0852B
:105B60009FED620A84ED080A94ED030ADFED610AF5
:105B700020EE200ADFED600A80EE201A84ED091A7B
:105B800000202086A08602202070ADE094ED080A57
:105B9000D4ED090A30EE200A84ED080A94ED080AD3
:105BA000DFED540AB4EEE00AF1EE10FA07DD94EDF1
:105BB000080ADFED500A30EE600A84ED080AD4EDE1
:105BC000080AB0EE600AFAF777FFD4ED040A94ED04
:105BD000051A41EE000AC4ED060A94ED060A44488F
:105BE00080ED020A9FED410A80ED030A208E401CE1
:105BF0002086208EA18D884203DB00202086032092
:105C0000207071E094ED080AD4ED090A30EE200A04
:105C100084ED080A94ED080ADFED360AB4EEE00AD6
:105C2000F1EE10FA07DD94ED080ADFED320A30EEEE
:105C3000600A84ED080AD4ED080AB0EE600AFAF7AB
:105C40003BFFD4ED040A94ED051A41EE000AC4EDC1
:105C5000060A94ED060A264880ED020A9FED230A03
:105C600080ED030AA08E618E884221DA94ED030A4A
:105C7000A18E606800EB011080ED010A1C4890EDD8
:105C8000040AA18E606800EB011080ED030A94ED18
:105C9000060AA18E606800EB011080ED020A208EDA
:105CA000A28E616801EB02110880A08E401CA086C4
:105CB000208E401C2086208EE18D884203DAA08E43
:105CC000618E884205DB0020207201206072042072
:105CD000207009E09FED050A054880ED020A9FED5E
:105CE000030A80ED030A00BF00BF10BD00000000E2
:105CF00024010020DB0FC94000409C464649D1EDFD
:105D00000C1A91ED0D2A60EE825A40EE615AC0EDF8
:105D1000035A60EEA15A40EE025AC0ED045A00BF89
:105D2000D0ED031AF0EE612AD0ED031ABEEE002A80
:105D300061EE821A90ED042ADFED385A45EE821AA0
:105D4000B0EE613AD0ED031ABEEE002A61EE821A7F
:105D500090ED042ADFED315A45EEC21AF0EE613AB9
:105D6000D0ED051AB6EE002A61EE821AB0EE611A85
:105D700072EE811AC0ED001A73EE011AC0ED011A1D
:105D800073EE811AC0ED021AD0ED001AD0ED055A5B
:105D900081EEA52A018B01EE901AF8EE611A62EEEF
:105DA000211AB0EE614AD0ED011AD0ED055A81EE0C
:105DB000A52A018B01EE901AF8EE611A62EE211A03
:105DC000F0EE614AD0ED021AD0ED055A81EEA52A17
:105DD000018B01EE901AF8EE611A62EE211AB0EE14
:105DE000615A028BFCEEC41A11EE901A511A0C4A39
:105DF0001160028BFCEEE41A11EE901A511A084A57
:105E0000121D1160028BFCEEC51A11EE901A511A88
:105E1000034A083211607047C4000020D7B35D3FC9
:105E2000342C01402DE9F1412DED040B2DED108BAB
:105E30009DB0B0EE40CAF0EE60CA04469FEDFE0A87
:105E40008DED1C0A9FEDFD0A8DED1B0A17A918A800
:105E50009DED2F0AFAF79EFD9DED180ADDED170A5C
:105E60002CEEA01A0CEE401A8DED1A1A2CEE801AA8
:105E70000CEE201A8DED191A00BFF148C0790128E7
:105E80007DD19FEDF00A8DED0F0A9FEDEF0A8DEDAC
:105E90000E0A9FEDED0A8DED0D0A9FEDEC0A8DEDDA
:105EA0000C0AD4ED000A9FEDEA0A20EE800A8DED7F
:105EB0000B0AE848D0ED050AB0EE600ADFEDE10A12
:105EC000E548FEF71FFEE44880ED000AE148D0ED0A
:105ED000040AB0EE600ADFEDDB0AE048FEF712FECE
:105EE000DE4880ED000ADC4890ED000ADB48D0ED8A
:105EF000000A9DED181ADDED171A20EE212A00EE9A
:105F0000C12A8DED0A2A20EE012A00EEA12A8DED8C
:105F1000092A00BF9DED0A0A8DED080A9DED0A0AC7
:105F2000FEEE000A20EE200ADDED090A9FEDCC1AF4
:105F300001EE200A8DED070A9DED0A0AFEEE000A29
:105F400020EE200ADDED090A9FEDC51A01EE600A78
:105F50008DED060ADFEDBC0A9DED080A03F0A6F9F7
:105F60008DED050ADFEDB80A9DED070A03F09EF9F5
:105F70008DED040ADFEDB40A9DED060A00E061E054
:105F800003F094F98DED030AB348D0ED000A60EEFA
:105F9000A00AB24890ED001AD0ED001A41EE210A95
:105FA000B0EE600A02F01CFB8DED020A9DED020AC4
:105FB000DFEDAC0AB4EEE00AF1EE10FA0BD29FED81
:105FC000AA0A8DED050A9FEDA80A8DED040A9FED42
:105FD000A60A8DED030A9DED040ADDED050AB0EE7B
:105FE000001A11EE200ADDED030A30EE600ADFED43
:105FF0009F0A60EE200A9DED0B0A20EE800A8DEDCF
:10600000010A9DED040ADDED030A30EE600ADFEDC2
:106010008B0A60EE200A9DED0B0A20EE800A8DEDC2
:10602000000ADDED1A0A9DED010A30EEC00A8DED81
:106030001A0ADDED190A9DED000A30EEC00A8DED59
:10604000190A00BF94ED000ADFED7C0A60EE20EA39
:106050009DED1A0A20EE000ADDED190A9DED191AD0
:10606000B0EE40FA00EE81FA2EEEAE0AB4EECF0AA0
:10607000F1EE10FA18D2B0EE4F0A02F0B1FACEEEFD
:10608000800ACDED0F0ADDED1A0A9DED0F0A20EE14
:10609000800A8DED1A0ADDED190A9DED0F0A20EE3A
:1060A000800A8DED190A00BFA08800EE100AB8EE34
:1060B000400ADFED610A20EE200AD4ED000AC0EEAE
:1060C00020FA9DED1A0A20EE2F0A8DED1A0A9DED99
:1060D000190A20EE2F0A8DED190A9DED190AB5EE69
:1060E000C00AF1EE10FA01DD012000E000200646B2
:1060F0009DED190ADDED1A0A9FED4F1A11EE200AE7
:10610000B5EEC00AF1EE10FA01DD012000E000203A
:1061100007469DED190ADDED1A0A9FED551A11EE9D
:10612000200AB5EEC00AF1EE10FA01DD012000E010
:10613000002080464FEA880040EA47003043C5B25D
:106140009DED19DA9DED1A0ADFED450A20EE200AD1
:10615000DDED190AB6EE001AF0EE40DA41EE20DA73
:106160009DED1A0ADFED430A20EE200ADDED190A43
:10617000B6EE001AB0EE40EA01EE20EA9FED3ABA20
:10618000DFED39BA072D2FD2DFE805F02E04091014
:10619000171E2500B0EE4EBAF0EE6DBA24E0B0EE58
:1061A0006DBAB1EE4D0AF0EE40BA1DE0B1EE4E0A06
:1061B000B0EE40BAF0EE4DBA16E0B1EE4D0AB0EED8
:1061C00040BAF0EE4EBA0FE0B0EE4DBAB1EE6D0A45
:1061D000F0EE40BA08E0B1EE6D0AB0EE40BAB1EEB2
:1061E0004E0AF0EE40BA00BF00BF7BEE2B0AA0883B
:1061F00000EE100AB8EE400AF4EEC00AF1EE10FA12
:1062000013DDA08800EE900AF8EE600A3BEE2B1A30
:10621000C0EE811AB0EE610A6BEE000AB0EE60BA11
:106220006BEE800AF0EE60BA00BFA08800EE100AA4
:10623000B8EE400A20E00000D7B3DD3F3ACD133F6F
:1062400018010020CDCCCC3DCDCC4C3D51499D3BDF
:1062500082A87B39240100201C000020200000209F
:10626000D7B35D3F3333B33E00000000ABAAAA3E74
:10627000D7B3DDBFD7B35DBF30EE4B0A30EE6B0A4C
:10628000F5EE000A60EE209AB6EE000AB0EE69AABA
:1062900000EE0BAAB6EE000AF0EE4AAA40EE2BAAD8
:1062A000072D2FD2DFE805F02E040B12192027004E
:1062B000B0EE4A8AF0EE698AB0EE6A9A30E0B0EE4B
:1062C000698AF0EE6A8AB0EE4A9A29E0B0EE698AED
:1062D000F0EE4A8AB0EE6A9A22E0B0EE6A8AF0EEF8
:1062E0004A8AB0EE699A1BE0B0EE6A8AF0EE698ADB
:1062F000B0EE4A9A14E0B0EE4A8AF0EE6A8AB0EE46
:10630000699A0DE0A088C11700EB9171891000EE29
:10631000101AB8EEC08AB0EE489AF0EE488A00BF74
:1063200000BF9FED400AB4EEC08AF1EE10FA02D22F
:106330009FED3C0A0BE09FED3C0AB4EEC08AF1EE03
:1063400010FA02DD9FED380A01E0B0EE480AB0EE27
:10635000408A9FED340AF4EEC08AF1EE10FA02D2C0
:106360009FED300A0BE09FED300AF4EEC08AF1EEAB
:1063700010FA02DD9FED2C0A01E0B0EE680AF0EEA3
:10638000408A9FED280AB4EEC09AF1EE10FA02D2CC
:106390009FED240A0BE09FED240AB4EEC09AF1EEC3
:1063A00010FA02DD9FED200A01E0B0EE490AB0EEDE
:1063B000409A8DED148ACDED158A8DED169A002048
:1063C00010901190129013909DED140ABCEEC00A2B
:1063D00010EE100A1549097810AA42F821009DED27
:1063E000150ABCEEC00A10EE100A1049497842F8AE
:1063F00021009DED160ABCEEC00A10EE100A0B49F2
:10640000897842F821000A4911980860091D1298FC
:106410000860091D139808601DB0BDEC108B05B015
:10642000BDE8F0810000964300F082451500002091
:10643000342C014010B52DED048B04463848B0F8DB
:106440006200401C3649A1F862000846B0F86200BC
:10645000B1F86010884202DABDEC048B10BD002058
:106460002F49A1F862009FED2F9A608800EE100A74
:10647000B8EE400ADFED2C0A20EE208A94F8500096
:1064800040B984ED0E8A9FED290A84ED0F0A0120A0
:1064900084F85000D4ED0E0A78EE600AB0EE600A7F
:1064A00002F0DCFFF0EE408A94ED0F0AD4ED120A00
:1064B00000EEA80AD4ED0E0A9FED1A1A40EE010A6A
:1064C000C4ED0E0AD4ED0E0AB0EE600A02F0A8FF89
:1064D00084ED0E0A94ED0F0AD4ED130A60EEA80ABB
:1064E0009FED101A00EE810A84ED0F0A94ED0F0A59
:1064F0000B4880ED120A94ED0F0A80ED130A94ED1B
:106500000F0A0B48D0ED020A80EE201A044880EDF5
:106510000F1A90ED0F0A80ED100A00BF9CE70000F3
:10652000240100206F12833ADB0FC93900000000FC
:106530004000002010B51E48FDF7F6FC00211C4865
:10654000FDF71EFF04211A48FDF71AFF082118481D
:10655000FDF716FF0C211648FDF712FF0021144825
:10656000FDF71EFC04211248FDF71AFC0821104813
:10657000FDF716FC40F634000D49096848630C49E4
:10658000096888630A490968C863FAF74FFE094831
:106590000068406840F040000649096848607F2173
:1065A0000448FBF7CDF80348FBF762FC10BD000080
:1065B00020500020284F002010B5FCF79FF910BD97
:1065C00000B593B0382105A8F9F75AFE14216846A2
:1065D000F9F756FE0020FCF761FA0120059000044F
:1065E000069002200C9003210D9106210E9154215A
:1065F0000F91022110911191129105A8FCF724FE30
:1066000008B1FBF75DF80F200090032001900020F7
:1066100002900390049004216846FCF78DFC08B1B9
:10662000FBF74EF813B000BD0348006840F470005B
:10663000014908607047000088ED00E010B502686D
:106640002A4B98420BD0B0F1804F08D0284B98428B
:1066500005D0284B984202D0274B984203D122F014
:1066600070024B681A43214B984214D0B0F1804F0E
:1066700011D01F4B98420ED01E4B98420BD01E4B90
:10668000984208D01D4B984205D01D4B984202D02D
:106690001C4B984203D122F44072CB681A4322F07B
:1066A00080034C6943EA040202608B68C3620B6892
:1066B00083620E4B98420BD00F4B984208D00F4B81
:1066C000984205D00E4B984202D00E4B984201D111
:1066D0000B69036301234361036903F001031BB1E9
:1066E000036923F00103036110BD0000002C014089
:1066F0000004004000080040003401400040014018
:10670000004401400048014030B501F01F0501245C
:1067100004FA05F3046A9C430462046A01F01F054D
:1067200002FA05F52C43046230BD30B501F00F05C7
:10673000042404FA05F3046A9C430462046A01F029
:106740000F0502FA05F52C43046230BD30B50C4646
:10675000816821F47F4142EA032525432943816072
:1067600030BD00000A468168034B194042F0070320
:1067700019438160704700008FFFCFFF30B5026A78
:10678000056A25F00105056243688469204D2C40A7
:1067900024F003040D682C4322F002028D682A4382
:1067A0001C4DA84200D10FE01B4DA84200D10BE0C8
:1067B0001A4DA84200D107E0194DA84200D103E0CC
:1067C000184DA84206D100BF22F00802CD682A4326
:1067D00022F004020F4DA8420BD00F4DA84208D062
:1067E0000E4DA84205D00E4DA84202D00D4DA84234
:1067F00007D123F4807323F400734D692B438D6913
:106800002B43436084614D684563026230BD0000E4
:106810008FFFFEFF002C014000340140004001408A
:10682000004401400048014030B5026A056A25F085
:106830001005056243688469224D2C4024F440749D
:106840000D6844EA052422F020028D6842EA051210
:106850001D4DA84200D10FE01C4DA84200D10BE015
:106860001B4DA84200D100BF1A4DA84200D100BF65
:10687000194DA84207D106E022F08002CD6842EA15
:10688000051222F04002104DA8420BD00F4DA84235
:1068900008D00F4DA84205D00E4DA84202D00E4D93
:1068A000A84209D123F4806323F400634D6943EACD
:1068B00085038D6943EA8503436084614D68856380
:1068C000026230BDFF8FFFFE002C0140003401400A
:1068D00000400140004401400048014030B5026AD8
:1068E000056A25F4807505624368C469224D2C4011
:1068F00024F003040D682C4322F400728D6842EAF0
:1069000005221E4DA84200D10FE01D4DA84200D126
:106910000BE01C4DA84200D100BF1B4DA84200D186
:1069200000BF1A4DA84207D106E022F40062CD68EC
:1069300042EA052222F48062104DA8420BD0104D8D
:10694000A84208D00F4DA84205D00F4DA84202D052
:106950000E4DA84209D123F4805323F400534D690E
:1069600043EA05138D6943EA05134360C4614D682A
:10697000C563026230BD00008FFFFEFF002C0140A6
:106980000034014000400140004401400048014003
:1069900030B5026A056A25F4805505624368C4690A
:1069A000224D2C4024F440740D6844EA052422F45E
:1069B00000528D6842EA05321D4DA84200D10FE019
:1069C0001C4DA84200D10BE01B4DA84200D100BFD6
:1069D0001A4DA84200D100BF194DA84207D106E0C8
:1069E00022F40042CD6842EA053222F48042104D82
:1069F000A8420BD00F4DA84208D00F4DA84205D099
:106A00000E4DA84202D00E4DA84209D123F4804376
:106A100023F400434D6943EA85138D6943EA8513E6
:106A20004360C4614D680564026230BDFF8FFFFEA4
:106A3000002C01400034014000400140004401406E
:106A40000048014030B5026A056A25F480350562C8
:106A50004368046D114D2C400D682C4322F4003224
:106A60000D8942EA05420E4DA8420BD00D4DA842B9
:106A700008D00D4DA84205D00C4DA84202D00C4DB7
:106A8000A84204D123F480334D6943EA05234360CF
:106A900004654D688564026230BD00008FFFFEFF13
:106AA000002C0140003401400040014000440140FE
:106AB0000048014030B5026A056A25F48015056278
:106AC0004368046D114D2C400D6844EA052422F4FE
:106AD00000120D8942EA05520D4DA8420BD00D4D12
:106AE000A84208D00C4DA84205D00C4DA84202D0B7
:106AF0000B4DA84204D123F480234D6943EA85233A
:106B0000436004654D68C564026230BDFF8FFFFEBF
:106B1000002C01400034014000400140004401408D
:106B20000048014030B50B461446026A056A25F05C
:106B300001050562816921F0F00141EA041122F0AA
:106B40000A021A438161026230BD30B50B46144619
:106B5000026A056A25F010050562816921F4704119
:106B600041EA043122F0A00242EA0312816102628A
:106B700030BD000070B5456E2DB90125A0F86A50F2
:106B8000A0F868501CE0082308240568AD68C5F328
:106B900042610568AD686A0F0A4DAD5C15FB04F5EE
:106BA000094EB65C95FBF6F5A0F86A50054D6D5C94
:106BB00015FB03F5044E765C95FBF6F5A0F86850DE
:106BC00070BD0000BE940008C694000890F828101C
:106BD00001F00801082907D10168496821F4004142
:106BE000826B11430268516090F8281001F0010196
:106BF00039B10168496821F40031C26A1143026861
:106C0000516090F8281001F00201022907D10168B3
:106C1000496821F48031026B11430268516090F899
:106C2000281001F00401042907D10168496821F402
:106C30008021426B11430268516090F8281001F0E6
:106C40001001102907D10168896821F48051C26BB5
:106C500011430268916090F8281001F0200120296A
:106C600007D10168896821F40051026C1143026860
:106C7000916090F8281001F04001402913D101687B
:106C8000496821F48011426C114302685160416CE3
:106C9000B1F5801F07D10168496821F4C001826CF9
:106CA00011430268516090F8281001F0800180299A
:106CB00007D10168496821F40021C26C11430268C0
:106CC0005160704738B504460020C4F89000FBF7C7
:106CD0000FFE05462068006800F00800082821D152
:106CE0006FF07E402B4600224FF4001100902046AA
:106CF00000F056FAB0B100BF00BF216851E8001F94
:106D000021F08000226842E800010029F5D100BF8F
:106D10002020C4F8880000BF002084F8840000BF51
:106D2000032038BD2068006800F00400042830D13A
:106D30006FF07E402B4600224FF4800100902046E9
:106D400000F02EFA28B300BF00BF216851E8001FF1
:106D500021F49070226842E800010029F5D100BFBB
:106D600000BF00BF2168083151E8001F21F0010079
:106D70002168083141E80002002AF3D100BF202039
:106D8000C4F88C0000BF002084F8840000BF0320FA
:106D9000C7E72020C4F88800C4F88C000020E06613
:106DA000206700BF84F8840000BF00BFB9E700007F
:106DB00000BF00BF026852E8002F22F49071036800
:106DC00043E80012002AF5D100BF00BF00BF0268EF
:106DD000083252E8002F104B02EA03010268083221
:106DE00042E80013002BF2D100BFC16E01290CD183
:106DF00000BF00BF026852E8002F22F010010368B4
:106E000043E80012002AF5D100BF2021C0F88C1001
:106E10000021C16641677047FEFFFFEF2DE9FE4F7D
:106E2000044600200290D4492068884200D100E046
:106E300000BF2169A068084361690843E16940EA2D
:106E4000010820680068CD49084040EA0800216830
:106E500008602068406820F44050E16808432168D9
:106E60004860D4F81880C4492068884202D0206A5B
:106E700040EA080820688068C149084040EA0800E4
:106E8000216888602068C06A20F00F00616A0843AA
:106E90002168C86200BFBB492068884216D1BA4841
:106EA000006800F0030030B1012808D0022804D0A7
:106EB000032808D105E0012507E0022505E00425A7
:106EC00003E0082501E0102500BF6FE0AF4920680E
:106ED000884216D1AC48006800F00C0030B104289C
:106EE00008D0082804D00C2808D105E0002507E0C8
:106EF000022505E0042503E0082501E0102500BF78
:106F000054E0A3492068884216D19F48006800F0E9
:106F1000300030B1102808D0202804D0302808D103
:106F200005E0002507E0022505E0042503E008252B
:106F300001E0102500BF39E096492068884216D14B
:106F40009148006800F0C00030B1402808D0802887
:106F500004D0C02808D105E0002507E0022505E09F
:106F6000042503E0082501E0102500BF1EE082494A
:106F70002068884219D18448006800F4406048B114
:106F8000B0F5806F0AD0B0F5006F05D0B0F5406F56
:106F900008D105E0002507E0022505E0042503E00F
:106FA000082501E0102500BF00E0102500BF724950
:106FB0002068884259D135B1022D08D0042D08D05F
:106FC000082D0DD109E0FCF7CFF806460CE0724E13
:106FD0000AE0FCF7EDF8064606E04FF4004603E051
:106FE00000260120029000BF00BF002E10D06B4988
:106FF000606A31F81000B6FBF0F9606800EB400001
:10700000484503D860680003484502D20120029039
:10701000A6E06249606A31F810C06246002330463B
:107020001946F9F7F5F84FF4807C0022A0FB0C3BE1
:1070300001FB0CB100FB02116068400818185141B7
:10704000CDE90001D4F804C062460023F9F7E0F866
:107050000746B7F5407F05D3B7F5801F02D22068F9
:10706000C7607DE0012002907AE0E069B0F5004F52
:107070003FD1092D17D2DFE805F005090D160F16CF
:1070800016161300FCF770F8064610E0FCF77EF8C1
:1070900006460CE0404E0AE0FCF78AF8064606E099
:1070A0004FF4004603E000260120029000BF00BF1D
:1070B00086B33A49606A31F81000B6FBF0F0400040
:1070C000616800EB5100B0FBF1F7102F0ED3B7F55C
:1070D000803F0BD24FF6F07007EA000AC7F3420078
:1070E0004AEA000A2068C0F80CA039E001200290AA
:1070F00036E0092D18D2DFE805F005090E17101744
:1071000017171400FCF730F8064611E0FCF73EF8BC
:1071100006460DE024E0204E0AE0FCF749F806465A
:1071200006E04FF4004603E000260120029000BF75
:1071300000BFAEB11949606A31F81000B6FBF0F03B
:10714000616800EB5100B0FBF1F7102F06D3B7F5E3
:10715000803F03D2B8B22168C86001E001200290EC
:107160000120A4F86A00A4F8680000206067A06706
:107170000298BDE8FE8F000000800040F369FFCF59
:10718000FFF4FF1100380140881002400044004025
:1071900000480040004C00400024F400A694000881
:1071A0002DE9F04104460D4617469846069E41E0FB
:1071B000701C00283ED0FBF79BFBA0EB0800B04200
:1071C00000D816B90320BDE8F0812068006800F0FF
:1071D000040070B3802D2DD0402D2BD02068C069C5
:1071E000C0F3C00078B10820216808622046FFF78C
:1071F000DFFD0820C4F8900000BF002084F8840060
:1072000000BF0120DFE72068C069C0F3C02080B163
:107210004FF40060216808622046FFF7C9FD202076
:10722000C4F8900000BF002084F8840000BF032051
:10723000C9E7FFE72068C0692840A84201D10120C2
:1072400000E00020B842B3D00020BCE700BFFEE75A
:107250000FB4024610B504A9034B039801F090FB4C
:1072600010BC5DF814FB0000C99000080FB4054B7A
:1072700010B503A9044A029801F082FB10BC5DF826
:1072800014FB0000C99000083800002003B40198E6
:107290004100009850EAC12018BF04204A0D18BFD1
:1072A00040F0010040F2FF72B2EB515F08BF40F0C6
:1072B0000200012808BF052002B07047024800689C
:1072C000C0F30220704700000CED00E010B500286C
:1072D00004DB0A07130E054A135406E00A07140ECE
:1072E000034A00F00F031B1FD45410BD00E400E05C
:1072F00018ED00E0000000002DE9F0412DED020B3B
:107300009FED3D0B2DED028B9FED3D8BDDE9025492
:10731000C4F30A50A0F2FF36142E37DA002E18DA22
:1073200053EC102B9DED020B51EC100BF8F7B3FF53
:1073300053EC182BF9F7B2FA57D2002CBCBF4FF020
:107340000044002551DB54EA050018BF2E4C1BD128
:107350004BE02E4820FA06F704EA070028431FD026
:1073600053EC102B9DED020B51EC100BF8F793FF33
:1073700053EC182BF9F792FA37D2002C03DD4FF4B7
:107380008010F0400444BC4300252EE0332E07DC7F
:10739000A6F114004FF0FF3121FA00F73D4206D16B
:1073A0009DED020BBDEC028B02B0BDE8F08153EC09
:1073B000102B9DED020B51EC100BF9F710F853EC6C
:1073C000182BF9F76BFA10D2002C0DDD142E08BF24
:1073D000641C09D0C6F13400012101FA00F02844F0
:1073E000A84238BF641C0546BD43CDE902549DED5B
:1073F000020BD7E7000000009C7500883CE4377E54
:1074000000000000000000000000F03FFFFF0F0040
:107410002DED020B019820F0004001909DED000B36
:1074200002B0704710EE100AC0F3C7517F39172918
:10743000A8BF7047DFED140A002970EE200A0DDAAC
:10744000F5EEC00AF1EE10FA1ADD0028A8BF002000
:1074500016DAB0F1004F18BF0C4811E00C4ACA40D0
:10746000104208BF7047F5EEC00AF1EE10FA07DDD2
:10747000002804DA4FF4000323FA01F10844904392
:1074800000EE100A70470000CAF24971000080BF88
:10749000FFFF7F000000000070B5D94B00242DEDE8
:1074A000020B2DED108BDDE91010984205DA20F06B
:1074B00000429A4201D809D141B19DED100BBDECBB
:1074C000108B02B0BDE8704001F03EB9B0F5801FEE
:1074D00026DA11430BD0002813DA012001F088F9D5
:1074E000BDEC108B02B0BDE8704001F041B9022044
:1074F00001F07EF901F010F951EC100B81F0004120
:107500009EE06FF035049FEDC00B53EC102B9DED0A
:10751000100B51EC100BF8F765FFCDE91001084690
:1075200004EB2051C0F31304B948A1F2FF31204409
:1075300000F4801080F07F6282F04052224301EB21
:1075400020559FEDB50B119253EC102B9DED100BB8
:1075500051EC100BF8F740FF41EC180BA01CC0F3E6
:1075600013009FEDAFDB9FEDB0EBB14E7E440328DF
:107570006CD296ED000B51EC180B53EC102BF9F775
:107580004FF81DD1002D01BF96ED000BBDEC108B07
:1075900002B070BD2846F9F706F841EC180B53EC21
:1075A0001D2BF8F71FFF41EC190B53EC1E2B51EC70
:1075B000180BF8F717FF53EC192BF8F76CFE3FE0A8
:1075C0009FED9D0B51EC180B53EC102BF8F70AFFB5
:1075D0009FED9B1B53EC112BF8F701FF41EC190BAE
:1075E00053EC182B51EC180BF8F7FCFE53EC192B4D
:1075F000F8F7F8FE41EC190B002D04BF53EC192BE2
:1076000051EC180B1AD02846F8F7CDFF41EC1A0BB5
:1076100053EC1D2BF8F7E6FE53EC192BF8F7DFFEC1
:1076200053EC182BF8F7D8FE41EC180B53EC1E2B3B
:1076300051EC1A0BF8F7D6FE53EC182BF8F7CCFEEA
:10764000BDEC108B02B041EC100B70BD9FED7E0BBA
:1076500051EC180B53EC102BF8F71DFE41EC100BFE
:1076600051EC180B53EC102BF8F72EFF41EC190BD3
:107670002846F8F798FF41EC1B0B53EC192B51EC03
:10768000190BF8F7AFFE41EC1A0B714853EC1A2BAB
:10769000261851EC1A0BF8F7A5FE41EC1F0B6D48AC
:1076A000C4F1510404F5D724B0EE4F0AF0EE6F0A8E
:1076B0000321784400F0B1FF53EC1F2B51EC100B69
:1076C000F8F790FE41EC1C0B6348B0EE4F0AF0EE69
:1076D0006F0A0421784400F0A0FF53EC1A2B51EC00
:1076E000100BF8F77FFE344353EC1C2BF8F7D3FD57
:1076F00041EC1C0B002C4CDD9FED510B51EC180B99
:1077000053EC102BF8F76EFE53EC182BF8F76AFECB
:1077100041EC1A0B55B353EC1D2B51EC1B0BF8F736
:1077200061FE41EC1D0B53EC1C2B51EC1A0BF8F7CE
:10773000B2FD53EC192BF8F755FE53EC1D2BF8F75F
:10774000AAFD53EC1A2BF8F74AFE53EC182BF8F766
:1077500043FE41EC180B53EC1E2B51EC1B0BF8F7BE
:1077600041FE53EC182BF8F737FE69E753EC1C2B5E
:1077700051EC1A0BF8F78FFD53EC192BF8F732FE8A
:1077800053EC1A2BF8F72BFE53EC182BF8F727FEC7
:1077900056E735B353EC1D2B51EC1B0BF8F722FECB
:1077A00041EC1A0B53EC1C2B51EC180BF8F714FEA0
:1077B00053EC192BF8F716FE53EC1A2BF8F70CFEC6
:1077C00053EC182BF8F708FE41EC180B53EC1E2B6A
:1077D00051EC1B0BF8F706FE53EC182BF8F7FCFDE9
:1077E0002EE753EC1C2B51EC180BF8F7F5FD53EC7E
:1077F000192BF8F7F7FD53EC182BF8F7F0FD1FE7FE
:107800000000F07F00000000000000000000504376
:10781000645F090000000000000000000000F03F6D
:10782000763C7935EF39EA3D0000E0FE422EE63F36
:107830003820000000000000555555555555D53FDE
:10784000000000000000E03F0000000000000040D9
:1078500086EBF9FFBA1E0000B01E00000000000019
:1078600070B5414A00252DED020B2DED048BDDE9AD
:107870000404944205DA24F00041914201D809D170
:1078800040B19DED040BBDEC048B02B0BDE870402F
:1078900000F05ABFB4F5801F26DA08430BD0002C45
:1078A00013DA012000F0A4FFBDEC048B02B0BDE8A8
:1078B000704000F05DBF022000F09AFF00F02CFF46
:1078C00051EC100B81F0004146E09FED290B6FF069
:1078D000350553EC102B9DED040B51EC100BF8F714
:1078E00081FDCDE904010C4605EB2450A0F2FF30E8
:1078F000C10F40F2FF32521A62F31F540844F8F7E6
:1079000052FE05949DED040B41EC180B51EC100B4D
:1079100001F07EFC9FED181B53EC112BF8F762FD74
:107920009FED170B41EC190B53EC102B51EC180B7E
:10793000F8F758FD53EC192BF8F7ADFC9FED120B3F
:1079400041EC190B53EC102B51EC180BF8F74AFDD6
:1079500053EC192BF8F79FFCBDEC048B02B041EC03
:10796000100B70BD000000000000F07F0000000060
:1079700000000000000050430EE526157BCBDB3FE6
:10798000362BF111F3FE593D00609F501344D33F55
:107990002DE9F04D2DED040B2DED0E8B96B0DDE9AC
:1079A0002550279CDDF890A025F0004624F00048E3
:1079B000BAF1000F14BF0121002101EB4502FC497F
:1079C00053184A1093422AD3002814BF01230023DE
:1079D00003EB44030B44F7498B4220D358EA0001E0
:1079E0009FEDF59B76D0DFF8D8B35D4503D1BAF1B2
:1079F000000F05D188E0BAF1000F08BF002100D0C8
:107A0000012101EB450111F5001F08D8002814BF22
:107A10000121002101EB440111F5001F0BD99DED5F
:107A2000261B9DED240B16B0BDEC0E8B04B0BDE8FB
:107A3000F04D00F093BE0027002DBCBFE149884502
:107A400021DAE1498845A8BF02271CDAC3451ADCC0
:107A5000DE4901EB2851142908DDC1F1340220FA76
:107A600002F101FA02F282420DD108E058B9C1F1E7
:107A7000140228FA02F101FA02F2424503D101F0A0
:107A80000101C1F1020756EA0A0124D1002C22DAD1
:107A9000002D18BF022F01D0012F0AD0022000F0C4
:107AA000A7FE16B0BDEC0E8B04B0BDE8F04D00F0A3
:107AB00033BE022000F09CFE00F02EFE51EC100BB5
:107AC00081F0004141EC100B16B0BDEC0E8B04B000
:107AD000BDE8F08D18E09FEDBEAB9FEDBF8B002899
:107AE00071D1B848804522D105F1804010F5801051
:107AF00008BFBAF1000F07D0B3450ADC002CA8BFBD
:107B00009DED260BE0DA0DE0B0EE490AF0EE690AD1
:107B1000DAE7002C06DA9DED260B51EC100B81F014
:107B200000416FE0AE48784490ED000BCCE7D845BB
:107B30004DD1002C48DA2EB186423AD1BAF1000F6D
:107B400042D126E0BAF1000F13D0022000F050FE1F
:107B500000F01EFE8DED020B9DED240B8DED000B54
:107B600010EE900A039961F31E0003909DED020B45
:107B7000AAE78DED02AB9DED240B1AEE901A10EEE4
:107B8000900A8DED000B61F31E0003909DED020B3A
:107B90009AE78DED028B9DED240B18EE901A10EEF6
:107BA000900A8DED000B61F31E0003909DED020B1A
:107BB0008AE709DA9DED240B51EC190B53EC102BDD
:107BC000F8F782FC1EE020E09DED240B7CE7864266
:107BD0001BDAB4F1804F0DD0A4F10050B0F1FF508A
:107BE00013D1002D11DB9DED240B51EC100B01F096
:107BF00074FB07E09DED240B53EC102B51EC100BA4
:107C000000F0C2BC41EC100B5EE79DED240B51EC83
:107C1000100B01F04CFABAF1000FCDE90E0142D180
:107C20009FED710B46B3A6F1E040B0F17F600CD040
:107C30005E4538D1002D00DAA7B3022F0CBF01201A
:107C40004FF0FF30F8F7AFFCDCE7002D01DD002C32
:107C50000DDA002D01DD002C1FDB002D16DA002CC3
:107C600014DB012F08BF9FED620B3FF42DAFB0EE88
:107C70004A0AF0EE6A0A27E7022F18BF002D0CD03F
:107C8000012F0AD1002DFFF61FAF06E0002DB8BF6F
:107C9000002C08DA012F3FF417AFB0EE480AF0EEDF
:107CA000680A11E71BE0012000EBE57050EA0701CC
:107CB00015D0791EB0EE498AF0EE698A084308BFF4
:107CC0009FED4D8B4E480025804570DD4D494E4857
:107CD000884514DDB0420DDB002C19DB2FE00120BC
:107CE00000F086FD16B0BDEC0E8B04B0BDE8F04D83
:107CF00000F03EBDB34502DC002C09DC1FE08642EB
:107D000002DA002C1BDA03E05E452BDD002C16DDC9
:107D1000022000F06DFD00F03BFD8DED020B53ECF9
:107D20001A2B51EC180BF8F75DFBCDE90001039914
:107D3000019861F31E0003909DED020BC4E6022042
:107D400000F056FD00F034FD10EE901A18EE900A87
:107D50008DED020B8DED008B61F31E0003909DED08
:107D6000020BB1E69DED0E0B53EC192B51EC100BF1
:107D7000F8F732FB9FED260BCDE9080153EC102BF1
:107D80009DED080B51EC100BF8F72CFB9FED221B1F
:107D900053EC112BF8F723FB9DED081B53EC112B33
:107DA000F8F720FB9FED1E1B53EC112B3CE08CE001
:107DB000FFFF1F00FFFF0F00000000000000F03F6A
:107DC0000000F03F0000F07F0000404301FCFFFF97
:107DD000000000000000F07F000000000000000034
:107DE0007E1A00000000000000000000000000807B
:107DF000000000000000F0FF000000000000F0BFE5
:107E00000000E0410000F043FFFFEF3F00000000F2
:107E1000000000000000D03F555555555555D53F41
:107E2000000000000000E03FF8F7D9FA9DED080BD4
:107E300041EC1A0B53EC102B51EC100BF8F7D2FA63
:107E400053EC1A2BF8F7CEFA41EC1A0B9FEDFE0B10
:107E500053EC102B9DED080B51EC100BF8F7C2FA08
:107E600041EC1B0B9FEDFA0B51EC1A0B53EC102B52
:107E7000F8F7B8FA41EC1A0B9FEDF70B53EC102B07
:107E80009DED080B51EC100BF8F7ACFA53EC1A2BE4
:107E9000F8F7A2FA41EC1A0B51EC1B0B53EC1A2B1E
:107EA000F8F7F9F90690CDE906519DED060B53EC74
:107EB0001B2B51EC100BF8F78FFA53EC1A2BF8F739
:107EC0008EFA41EC100B00F0A1B90020B6F5801F2E
:107ED0000EDA9FEDE30B53EC102B9DED0E0B51ECE6
:107EE000100BF8F77FFACDE90E016FF034000E4663
:107EF00000EB2650A0F2FF37C6F31300DA4940F03A
:107F00007F6646F040568842D8BF002408DDD74936
:107F10008142C8BF012403DC0024A6F580167F1C23
:107F2000D348784400EBC4000F9690ED00CB9DED54
:107F30000E0B53EC1C2B51EC100BF8F74DFA9DED8A
:107F40000E0B41EC1B0B53EC1C2B51EC100BF8F7F8
:107F5000A2F941EC100B51EC190B53EC102BF8F774
:107F6000B3FA41EC1D0B51EC1B0B53EC1D2BF8F736
:107F700039FA41EC1A0BBF488DED10AB78441095DF
:107F800090ED000B4FF0005040EA660000EB84409B
:107F90008DED080B00F5002009909DED080B53ECCA
:107FA0001C2B51EC100BF8F717FA9DED0E1B53EC40
:107FB000112BF8F714FA41EC100B53EC102B9DED3C
:107FC000100B51EC100BF8F70DFA9DED080B41EC7E
:107FD0001C0B53EC102B9DED100B51EC100BF8F714
:107FE00001FA53EC1B2BF8F7FAF953EC1C2BF8F7BA
:107FF000F3F953EC1D2BF8F7F5F941EC1C0B53EC9E
:108000001A2B51EC1A0BF8F7EDF941EC1B0B9A48BF
:108010000621B0EE4B0AF0EE6B0A784400F0FDFA50
:10802000B0EE401AF0EE601AB0EE41DAF0EE61DA2E
:1080300053EC1B2B51EC1B0BF8F7D4F953EC1D2B15
:10804000F8F7D0F99DED100B41EC1B0B53EC1A2BFC
:1080500051EC100BF8F71FF953EC1C2BF8F7C2F991
:1080600053EC1B2BF8F717F99DED100B41EC1B0B94
:1080700053EC102B51EC100BF8F7B4F941EC1D0B3D
:108080009FED7FEB53EC1E2BF8F705F953EC1B2B00
:10809000F8F701F90890CDE908519DED080B53EC74
:1080A0001E2B51EC100BF8F797F953EC1D2BF8F73A
:1080B00093F953EC1B2BF8F792F99DED080B41EC6B
:1080C0001D0B53EC102B9DED100B51EC100BF8F722
:1080D00089F941EC1B0B53EC1A2B51EC1D0BF8F7F3
:1080E00081F99DED080B41EC1A0B53EC102B51EC70
:1080F0001C0BF8F777F953EC1A2BF8F7CCF841EC96
:108100001A0B51EC1B0B53EC1A2BF8F7C4F80C901C
:10811000CDE90C519DED0C0B53EC1B2B51EC100BCE
:10812000F8F75AF953EC1A2BF8F759F941EC1B0BF5
:108130009FED550B53EC102B9DED0C0B51EC100BE0
:10814000F8F750F941EC1A0B9FED510B51EC1B0B5A
:1081500053EC102BF8F746F941EC1B0B9FED4E0B3F
:1081600053EC102B9DED0C0B51EC100BF8F73AF97A
:1081700053EC1B2BF8F78FF841EC100B4848784470
:1081800000EBC40090ED001B51EC100B53EC112BD5
:10819000F8F781F841EC1B0B3846F8F704FACDE903
:1081A000080153EC1B2B51EC1A0BF8F774F841EC57
:1081B000100B3C48784400EBC40090ED00CB51EC30
:1081C000100B53EC1C2BF8F766F89DED081B53ECD5
:1081D000112BF8F760F80690CDE906519DED080BDC
:1081E00053EC102B9DED060B51EC100BF8F7F4F847
:1081F00053EC1C2BF8F7F0F853EC1A2BF8F7ECF8CB
:1082000053EC1B2BF8F7EBF841EC100B9DED261B04
:1082100053EC102B8DED001B00959DED260B51ECC2
:10822000100BF8F7DFF89DED000B41EC1A0B53EC47
:10823000102B9DED260B51EC100BF8F7CDF89DEDB2
:10824000061B53EC112B2FE0000000604715F73F91
:10825000FE822B654715F73F44DF5DF80BAE543EB9
:1082600000000000000040438E9803007AB60B0027
:10827000C215000028160000FA14000000000000DB
:108280000000000000000840000000E009C7EE3FC9
:10829000FD033ADC09C7EE3FF5015B14E02F3EBE5B
:1082A0008613000040130000F8F79CF853EC1A2BDB
:1082B000F7F7F1FF9DED060B41EC1A0B53EC102B79
:1082C0009DED000B51EC100BF8F78CF8CDE90C018B
:1082D0009DED0C0B51EC1A0B53EC102BF7F7DBFF59
:1082E000CDE902010C46AA498C422FDB611A0843F2
:1082F00018D19DED0C0B53EC102B9DED020B51ECA6
:10830000100BF8F769F841EC1B0B9FEDA30B51EC38
:108310001A0B53EC102BF7F7BEFF53EC1B2BF8F79F
:10832000BDFA2DD2022000F063FA00F031FA10EE0F
:10833000901A18EE900A8DED020B8DED008B61F313
:108340001E0003909DED020BFFF7BEBB944A24F084
:108350000041914214D39349214408437FF4EFAC88
:108360009DED0C0B53EC102B9DED020B51EC100B03
:10837000F8F732F853EC1A2BF8F790FA7FF6DFACE7
:1083800024F000408849894A002601EB20518242AE
:108390002BDA481C4FF4801121FA00F02044844A63
:1083A000C0F30A517A44A1F2FF3192ED000B814AE9
:1083B0008DED080BCA4020EA0202C0F3130040F41E
:1083C0008010C1F1140120FA01F60992002CB8BF07
:1083D00076429DED080B53EC102B9DED0C0B51ECF0
:1083E000100BF7F7F9FFCDE90C019DED0C0B51ECEB
:1083F0001A0B53EC102BF7F74EFF9FED6F0B089005
:10840000CDE9085153EC102B9DED080B51EC100BEE
:10841000F7F7E8FF41EC1B0B9FED690B53EC102BBA
:108420009DED080B51EC100BF7F7DCFF9DED0C0BED
:1084300041EC1C0B53EC102B9DED080B51EC100B79
:10844000F7F7CAFF53EC1A2BF7F7C9FF9FED5E1B36
:1084500053EC112BF7F7C6FF53EC1C2BF7F71BFF60
:1084600041EC1A0B51EC1B0B53EC1A2BF7F713FFD3
:10847000CDE902019DED020B53EC1B2B51EC100BCF
:10848000F7F7AAFF53EC1A2BF7F7A9FF9DED020BA4
:1084900041EC1A0B53EC102B51EC100BF7F7A2FF29
:1084A000CDE908014A489DED080B0521784400F00C
:1084B000B4F89DED081B51EC100B53EC112BF7F7A2
:1084C00091FF9DED021B53EC112BF7F788FFCDE9CF
:1084D00006019DED020B53EC1A2B51EC100BF7F734
:1084E00081FF53EC1A2BF7F7D6FE9FED3B0B41ECC7
:1084F0001A0B53EC102B9DED060B51EC100BF7F7FC
:108500006BFF9DED060B41EC1B0B53EC102B9DED0F
:10851000020B51EC100BF7F765FF53EC1B2BF7F731
:10852000D3FF53EC1A2BF7F757FF9DED021B53ECCB
:10853000112BF7F751FF53EC192BF7F750FFCDE94B
:10854000020101EB065001150029C8BF039015DC9C
:108550009DED020B324651EC100BF8F770F9FEF767
:1085600095FE042808BF00F023F932469DED020B6A
:1085700051EC100BF8F763F9CDE902019DED020B08
:1085800051EC180B53EC102BF7F72CFFFFF73ABB0D
:108590000000904000000000FE822B654715973CCC
:1085A00000CC904000346F3F01FCFFFF0000E03F33
:1085B00000120000FFFF0F0000000000432EE63F06
:1085C000396CA80C615C20BEEF39FAFE422EE63F02
:1085D00098100000000000000000000000000040B3
:1085E00010B52DED028BB1EEC08A18EE100A20F006
:1085F0000040C0F1FF40C00F0AD010EE100A20F07A
:108600000040C0F1FF40C00F04BF012000F0F0F8AF
:10861000B0EE480ABDEC028B10BD70B504462DEDDE
:10862000028B4D1E00EBC500B0EE408AF0EE608A72
:1086300090ED000B35F0060017D053EC182B51ECE1
:10864000100BF7F7CFFE41EC100B6D1E04EBC500CD
:1086500090ED001B51EC100B53EC112BF7F71BFEA8
:1086600041EC100B35F00600E7D1022D36D0042D79
:108670001CD0062D1CBFBDEC028B70BD53EC182B1B
:1086800051EC100BF7F7AEFE94ED0A1B53EC112BD7
:10869000F7F701FE53EC182BF7F7A4FE94ED081B37
:1086A00053EC112BF7F7F7FD41EC100B53EC182BA3
:1086B00051EC100BF7F796FE94ED061B53EC112BC3
:1086C000F7F7E9FD53EC182BF7F78CFE94ED040B4C
:1086D00053EC102BF7F7DFFD41EC100B53EC182B8C
:1086E00051EC100BF7F77EFE94ED021B53EC112BAF
:1086F000F7F7D1FD53EC182BF7F774FE94ED001B40
:1087000053EC112BF7F7C7FDBDEC028B41EC100BBE
:1087100070BD0000000000009FED070B10B553EC8A
:10872000102B9FED070B51EC100BF7F7CDFE41EC32
:10873000100B10BD00000000000000000000000051
:10874000000000000000F03F10B553EC102B51EC7E
:10875000100BF7F7A0FD41EC100B10BD10B553EC5A
:10876000112B51EC100BF7F796FD41EC100B10BDDF
:108770009FED050B10B553EC102B51EC100BF7F7D8
:10878000A3FE41EC100B10BD000000000000000033
:108790009FED050B10B553EC102B51EC100BF7F7B8
:1087A00021FE41EC100B10BD000000000000007025
:1087B0009FED050B10B553EC102B51EC100BF7F798
:1087C00011FE41EC100B10BD000000000000001075
:1087D00002E008C8121F08C1002AFAD1704770478A
:1087E000002001E001C1121F002AFBD170470000E8
:1087F00001490860704700003C0000202DE9FF5F40
:1088000082B00021DDE90430020DDDF840B0034301
:1088100018D044F61050A2F2FF32424315141198BA
:1088200001281FD0A5EB0B00401C5FEA000A4FF0A7
:1088300000064E4FDFF83891B046504615D5CAF1C4
:10884000000413E0119801244AA3012801D16FEA22
:108850000B010298119AC0E90031C0E9024206B04A
:10886000BDE8F09FCBF10000DFE704460021404A5D
:10887000491842EB0450CDE9001012E0E00707D0A0
:1088800032463B4640464946F7F7ACFD80468946AE
:1088900032463B4610461946F7F7A4FD06460F46FA
:1088A0006410002CEAD1DDE90401DDE90023BAF10E
:1088B000000F06DAF7F796FD42464B46F7F792FDB2
:1088C00005E0F7F701FE42464B46F7F7FDFD04468B
:1088D0000E460022284BF7F7E1FF03D84FF0FF3098
:1088E000014607E00022254B20463146F7F7D3FC2E
:1088F000F7F7BCFF102409E0002C0ADB0A22002352
:10890000F7F786FC039B30321A55641E50EA0102C9
:10891000F2D1641C039AC4F111031444119A012A80
:1089200003D0012208430DD10AE0084304D00020FF
:108930004FF0110B119072E7A3EB0B056D1E0DE0CC
:108940005B4504DD4FF0000205F1010504E003DAA8
:108950004FF00002A5F10105002AECD00298119910
:10896000C0E90231C0E9004579E700000000144089
:108970000000F03F300000000000F0430000E03F46
:108980002DE9FF4F95B09B468946064600250FE22C
:10899000252877D100242746F84A0121059400E0D4
:1089A000044316F8013F203B01FA03F01042F7D1CF
:1089B00030782A2811D06FF02F033078A0F13002E0
:1089C000092A16D8059A44F0020402EB820203EB4E
:1089D00042021044761C0590EFE759F8042B0592EB
:1089E000002A03DA504244F40054059044F0020493
:1089F000761C30782E2816D116F8010F44F00404A6
:108A00002A280DD06FF02F023078A0F13003092B07
:108A100009D807EB870302EB4303C718761CF3E77B
:108A200059F8047B761C30786C280FD006DC4C2873
:108A300017D068280DD06A2814D104E0742810D00B
:108A40007A280FD10DE044F400140AE044F48014B5
:108A500001E044F440147278824202D104F580149B
:108A6000761C761C307866280BD013DC582877D01B
:108A700009DC002875D04528F6D04628F4D04728D0
:108A80001AD19DE118E0632835D0642879D0652893
:108A900012D195E1702873D008DC6728F1D06928DD
:108AA0006FD06E280DD06F2806D1B5E073282CD07A
:108AB000752875D0782874D05A46179990476D1C40
:108AC00075E1C4F30250022809D003280DD0D9F86B
:108AD000001004280DD00D6009F1040967E1D9F8F0
:108AE0000010EA17C1E90052F6E7D9F800100D802E
:108AF000F2E70D70F0E719F8041B8DF80010002064
:108B00008DF80100EA46012003E059F804AB4FF06C
:108B1000FF3061074FF0000102D40DE008F10101C0
:108B20008846B9420FDA8045F8DB1AF808100029A8
:108B3000F4D108E008F1010188468142FADB1AF815
:108B400008100029F6D105985B46A0EB08072146DE
:108B50003846179A00F094FA284400EB080507E01D
:108B60004DE029E10DE01AF8010B5A46179990479C
:108B7000B8F10108F7D25B4621463846179A13E14F
:108B800042E00A220092C4F302524FF0000A022A85
:108B900008D059F804CB032A4FEAEC710AD00DE053
:108BA00029E02AE009F1070121F00702F2E802C1F9
:108BB000914609E00FFA8CFC4FEAEC71042A03D1CC
:108BC0004FFA8CFC4FEAEC71002907DA0A460021C3
:108BD000DCF1000C61EB02012D2202E0220504D53C
:108BE0002B228DF80420012203E0E20701D020228D
:108BF000F7E7904659E00A2102E010220DE010212B
:108C00004FF0000A00910BE010224FF0000A44F0F0
:108C100004040827009203E008224FF0000A0092A3
:108C2000C4F30252022A05D059F804CB0021032ACA
:108C300008D009E009F1070121F00702F2E802C1BA
:108C4000914605E01FFA8CFC042A01D10CF0FF0CC0
:108C50004FF00008220728D5702806D0009B83F02B
:108C6000100353EA0A0305D00EE040228DF80420D9
:108C7000012208E05CEA010206D030228DF80420CF
:108C80008DF8050002229046009B83F0080353EA0A
:108C90000A030AD15CEA010201D1620705D530223C
:108CA0008DF804204FF001087F1E582804D034A00E
:108CB00003900EA802900DE036A0F9E753466046F7
:108CC000009AF7F7A5FA84460398825C0298401E42
:108CD000029002705CEA0100F0D1029806A9081A1D
:108CE00000F1200A600702D524F4803400E0012757
:108CF000574502DDA7EB0A0000E0002000EB0A0167
:108D0000009005984144401A0590E00306D45B4664
:108D10002146179A059800F0B3F90544002706E0AC
:108D200001A85A46C05D179990476D1C7F1C4745A6
:108D3000F6DBE0030CD55B462146179A059800F058
:108D40009FF9054404E030205A46179990476D1C5E
:108D50000099481E00900029F5DC08E0029802996D
:108D60005A460078491C0291179990476D1CBAF138
:108D70000001AAF1010AF1DC65E100000928010007
:108D80003031323334353637383961626364656681
:108D90000000000030313233343536373839414243
:108DA000434445460000000000F058F90544761C95
:108DB000307800287FF4ECAD19B02846BDE8F08F7C
:108DC000620700D4062709F1070222F0070CFCE82D
:108DD0000223E14603F000485FEA080C02D00FF2DC
:108DE000702C0DE05FEA045C02D50FF2682C07E0FE
:108DF0005FEAC47C02D00FF2602C01E0AFF2700C8D
:108E00004FF0FF3823F00043CDF850C065280CD058
:108E100006DC452809D046281DD047283DD13DE035
:108E2000662818D067287ED138E00021112F01DB99
:108E3000112000E0781CCDE9000106A90EA8FFF77B
:108E4000DDFCDDE90F010E9A03910021009207F18C
:108E5000010A04914DE04FF000400097CDE9011068
:108E600006A90EA8FFF7CAFCDDE90F0203920E9BCC
:108E700011990022DDF80CA00093049211B9791C1D
:108E800000EB010AB7EB0A0004D4C0F1FF3007F190
:108E9000010A0490AAEB0700019044E0012F00DAD8
:108EA00001270021112F01DD112000E03846CDE916
:108EB000000106A90EA8FFF7A1FCDDE90F010E9A3B
:108EC0000391002104910092BA4621070CD4039922
:108ED000514500DA8A46BAF1010F05DD009AAAF180
:108EE0000101515C302908D0B84202DA10F1040FB8
:108EF00006DA0121CDE9011015E0AAF10101E9E747
:108F0000002805DC049901440491AAEB000102E069
:108F1000411C514500DD8A460499401A401C0190CD
:108F20004FF000400290200704D40198504501DB27
:108F3000CDF8048000208DF84F0002980DF14F0706
:108F4000B0F1004F25D02B200E9002984FF0020870
:108F500000280CDA404202902D200E9007E00A21F2
:108F60000298F7F791FB3031029007F8011DB8F134
:108F70000001A8F10108F2DC02980028EFD1791E67
:108F80000E980870307800F0200040F0450007F897
:108F9000020D12A8C01B00F107081498007800B158
:108FA000012000EB0A01019801EBE07105984144B2
:108FB000401A401E0590E00306D45B462146179AEE
:108FC000059800F05DF805441498007818B15A46E9
:108FD000179990476D1CE00324D55B462146179AEC
:108FE000059800F04DF805441CE00498002807DBC4
:108FF000DDE90301884203DD0098405C179901E038
:10900000179930205A469047049805F10105401CF5
:1090100004900198401E019004D12E205A461799C1
:1090200090476D1CBAF10001AAF1010ADDDC05E0F0
:1090300017F8010B5A46179990476D1CB8F10001BB
:10904000A8F10108F4DC5B462146179A0598ABE6C7
:109050002D0000002B000000200000002DE9F04151
:10906000044600251E461746880404D405E0394608
:109070002020B0476D1C641EF9D52846BDE8F0815C
:109080002DE9F041044600251E469046C80301D54F
:10909000302700E02027880404D505E04146384603
:1090A000B0476D1C641EF9D52846BDE8F08182B03A
:1090B000CDE9000121F0004001909DED000B02B0D0
:1090C00051EC100B7047000013B50C464FF6FF73C0
:1090D000012269460248FBF705FB00981CBD000011
:1090E0006C50002070B52DED0E8BB0EE408AF0EE86
:1090F000608A04460D46B5EEC08AF1EE10FA07D933
:10910000F4EEC88AF1EE10FA02D9022C00DB45B960
:1091100036A13C48FEF79CF84FF0FF30BDEC0E8BBB
:1091200070BD18EE100AF7F768FA41EC1C0BB0EEB0
:109130004C0AF0EE6C0AFEF793FBB0EE409AF0EEAC
:10914000609A18EE900AF7F758FA41EC1C0BB0EE53
:109150004C0AF0EE6C0AFEF783FBB0EE40BAF0EE7C
:1091600060BA601EF7F71FFA41EC1C0B53EC192B89
:1091700051EC1B0BF7F730F941EC1D0B53EC1C2B9A
:10918000F7F7A2F941EC1A0B002623E03046F7F777
:109190000AFA41EC1E0B53EC1A2BF7F723F941ECBA
:1091A0001D0B53EC192BF7F776F841EC1C0BB0EEC6
:1091B0004C1AF0EE6C1A9FED140BFEF7E9FBB0EEC3
:1091C00040DAF0EE60DA51EC1D0BF7F741FA45F8A2
:1091D0002600761CA642D9DB85ED008A601E05EBD1
:1091E0008000C0ED008A002098E70000B4EDCEF3C7
:1091F000A3BACEDED0A7B5C4CAE4C8EBB2CECAFDCE
:10920000A1A30A0034000020000000000000244058
:1092100010B541EC100BFEF73FF951EC100B10BDEF
:10922000F9F778FBFDF7CCF9FBF740FDFBF72EFDD6
:10923000FBF7A2FCFBF7C8FDFBF79EFDFBF75EFE0C
:10924000FDF778F914498220DFED140A9FED140A26
:10925000FFF748FF1FE01348407A01281BD1FCF7B5
:10926000B1FB11480088822812DA0B480E490988A0
:1092700000EB810090ED000A0A4880ED030A0A48DD
:109280000088401C084908800020064908720870C0
:10929000002004494872DEE7204D002000007A4596
:1092A0000000C842E84C002010000020B0EE401A38
:1092B000B4EEE01AF1EE10FA02DBB7EE000A7047E6
:1092C000B1EE600AB4EEC01AF1EE10FA02D8BFEEA9
:1092D000000AF4E781EE200AF1E700B52DED048BDA
:1092E00083B041EC190BF7F703FB41EC180B18EEB8
:1092F000100A18EE901A8DED008B002818BF01207F
:10930000084320F00040C0F17F6000F1E040C00F52
:1093100014D019EE101A19EE900A8DED009B002959
:1093200018BF0121084320F00040C0F17F6000F128
:10933000E040C00F04BF0120FFF75AFA51EC180BB0
:1093400003B0BDEC048B00BD10B52B492B48F7F7DB
:10935000B1FC2B48F8F706F92A49081FF8F7B4F9C9
:109360002748FDF767F828484078012843D1264868
:10937000807801283FD12448007850B140F634006D
:109380002249096848632149096888631F490968B7
:10939000C863FBF7EBFD1C48007A60BB01201A494B
:1093A00008721B4890ED0B0ADFED1A0A20EE200A26
:1093B000D0ED030A20EE200A1248143880ED000A8E
:1093C000134890ED0B0ADFED130A20EE200AD0EDD2
:1093D000040A20EE200ADFED100A80EE201A094868
:1093E000143880ED011A9FED0D0A80ED080A9FEDFB
:1093F0000B0A80ED090A10BD08000020940000202F
:10940000C400002038010020180100202050002056
:1094100040000020DB0FC94000409C4600000000D7
:1094200005E0DFED0D0A70EE600AB0EE600ADFEDD8
:109430000A0AB4EEE00AF1EE10FAF2DA05E0DFED26
:10944000060A70EE200AB0EE600AB5EEC00AF1EE30
:1094500010FAF4D370470000DB0FC94005E0DFEDE0
:109460000E0A70EE600AB0EE600ADFED0C0AB4EE90
:10947000E00AF1EE10FAF2DC05E0DFED070A70EE2B
:10948000200AB0EE600ADFED060AB4EEE00AF1EE63
:1094900010FAF2D370470000DB0FC940DB0F4940E0
:1094A000DB0F49C0FFFF01000200040006000800B6
:1094B0000A000C00100020004000800000010101A3
:1094C0000103070100000804020408010101000073
:1094D0000000000000000102030406070809000064
:1094E0000000010203040000000000000000F03F43
:1094F000000000000000F83F000000000000000035
:109500000000004003B8E23F00000000000000003F
:1095100006D0CF43EBFD4C3E033333333333E33FCD
:10952000FFAB6FDBB66DDB3F4D268F515555D53FF9
:1095300001411DA96074D13F65DBC9934A86CD3FC7
:10954000EF4E454A287ECA3F3E5555555555C53FB5
:1095500093BDBE166CC166BF2CDE25AF6A56113FA7
:10956000F16BD2C541BDBBBED0A4BE726937663EA9
:1095700004FA97999999D93FAF788E1DC571CC3F60
:109580009FC678D0099AC33F935555555555E53F29
:10959000599322942449D23FDE03CB966446C73FB9
:1095A00044523EDF12F1C23F000000000000000004
:1095B00000000000920E493CB10AC93C2BC3163D85
:1095C0002EFB483D752B7B3D04A9963D80B6AF3DF3
:1095D00036BDC83D2FBCE13D73B2FA3D87CF093E91
:1095E0008340163EB5AB223EA2102F3ECF6E3B3ECF
:1095F000C2C5473E0115543E135C603E7F9A6C3EE7
:10960000CCCF783EC07D823E938E883E229A8E3E9D
:1096100032A0943E86A09A3EE59AA03E128FA63EC6
:10962000D47CAC3EEF63B23E2A44B83E491DBE3EF8
:1096300015EFC33E53B9C93ECA7BCF3E4136D53E36
:1096400080E8DA3E4F92E03E7533E63EBBCBEB3E20
:10965000EA5AF13ECBE0F63E275DFC3EE4E7003FF0
:109660003D9C033F824B063F9BF5083F6B9A0B3FA7
:10967000DA390E3FCDD3103F2A68133FD9F6153F94
:10968000C07F183FC6021B3FD17F1D3FCBF61F3F57
:109690009967223F25D2243F5636273F1594293F0C
:1096A0004AEB2B3FDE3B2E3FBB85303FC9C8323FE4
:1096B000F304353F233A373F4268393F3B8F3B3F06
:1096C000F9AE3D3F67C73F3F70D8413F01E2433F9E
:1096D00003E4453F65DE473F12D1493FF8BB4B3FAE
:1096E000029F4D3F207A4F3F3D4D513F4918533F18
:1096F00031DB543FE595563F5348583F6AF2593F96
:109700001A945B3F532D5D3F05BE5E3F2146603F8F
:1097100097C5613F5A3C633F59AA643F880F663F33
:10972000D86B673F3CBF683FA7096A3F0C4B6B3F54
:109730005E836C3F93B26D3F9ED86E3F73F56F3F73
:109740000809713F5213723F4714733FDD0B743F9A
:109750000BFA743FC6DE753F07BA763FC58B773F7D
:10976000F853783F9812793F9DC7793F02737A3F4B
:10977000BE147B3FCDAC7B3F283B7C3FC9BF7C3FC9
:10978000AC3A7D3FCCAB7D3F23137E3FB0707E3F34
:109790006DC47E3F580E7F3F6D4E7F3FAB847F3F51
:1097A0000FB17F3F97D37F3F43EC7F3F11FB7F3F5C
:1097B0000000803F11FB7F3F43EC7F3F97D37F3F0B
:1097C0000FB17F3FAB847F3F6D4E7F3F580E7F3F91
:1097D0006DC47E3FB0707E3F23137E3FCCAB7D3F98
:1097E000AC3A7D3FC9BF7C3F283B7C3FCDAC7B3F43
:1097F000BE147B3F02737A3F9DC7793F9812793F31
:10980000F853783FC58B773F07BA763FC6DE753F82
:109810000BFA743FDD0B743F4714733F5213723FD2
:109820000809713F73F56F3F9ED86E3F93B26D3F4D
:109830005E836C3F0C4B6B3FA7096A3F3CBF683FA0
:10984000D86B673F880F663F59AA643F5A3C633F15
:1098500097C5613F2146603F05BE5E3F532D5D3F8A
:109860001A945B3F6AF2593F5348583FE595563F7B
:1098700031DB543F4918533F3D4D513F207A4F3F14
:10988000029F4D3FF8BB4B3F12D1493F65DE473F3A
:1098900003E4453F01E2433F70D8413F67C73F3F84
:1098A000F9AE3D3F3B8F3B3F4268393F233A373F5C
:1098B000F304353FC9C8323FBB85303FDE3B2E3F06
:1098C0004AEB2B3F1594293F5636273F25D2243F9C
:1098D0009967223FCBF61F3FD17F1D3FC6021B3F3A
:1098E000C07F183FD9F6153F2A68133FCDD3103FEC
:1098F000DA390E3F6B9A0B3F9BF5083F824B063FD0
:109900003D9C033FE4E7003F275DFC3ECBE0F63E95
:10991000EA5AF13EBBCBEB3E7533E63E4F92E03E5A
:1099200080E8DA3E4136D53ECA7BCF3E53B9C93EC8
:1099300015EFC33E491DBE3E2A44B83EEF63B23E1A
:10994000D47CAC3E128FA63EE59AA03E86A09A3EFD
:1099500032A0943E229A8E3E938E883EC07D823EF7
:10996000CCCF783E7F9A6C3E135C603E0115543E2E
:10997000C2C5473ECF6E3B3EA2102F3EB5AB223E46
:109980008340163E87CF093E73B2FA3D2FBCE13DBE
:1099900036BDC83D80B6AF3D04A9963D752B7B3DD5
:1099A0002EFB483D2BC3163DB10AC93C920E493CE3
:1099B00000000000920E49BCB10AC9BC2BC316BD01
:1099C0002EFB48BD752B7BBD04A996BD80B6AFBDEF
:1099D00036BDC8BD2FBCE1BD73B2FABD87CF09BE8D
:1099E000834016BEB5AB22BEA2102FBECF6E3BBECB
:1099F000C2C547BE011554BE135C60BE7F9A6CBEE3
:109A0000CCCF78BEC07D82BE938E88BE229A8EBE99
:109A100032A094BE86A09ABEE59AA0BE128FA6BEC2
:109A2000D47CACBEEF63B2BE2A44B8BE491DBEBEF4
:109A300015EFC3BE53B9C9BECA7BCFBE4136D5BE32
:109A400080E8DABE4F92E0BE7533E6BEBBCBEBBE1C
:109A5000EA5AF1BECBE0F6BE275DFCBEE4E700BFEC
:109A60003D9C03BF824B06BF9BF508BF6B9A0BBFA3
:109A7000DA390EBFCDD310BF2A6813BFD9F615BF90
:109A8000C07F18BFC6021BBFD17F1DBFCBF61FBF53
:109A9000996722BF25D224BF563627BF159429BF08
:109AA0004AEB2BBFDE3B2EBFBB8530BFC9C832BFE0
:109AB000F30435BF233A37BF426839BF3B8F3BBF02
:109AC000F9AE3DBF67C73FBF70D841BF01E243BF9A
:109AD00003E445BF65DE47BF12D149BFF8BB4BBFAA
:109AE000029F4DBF207A4FBF3D4D51BF491853BF14
:109AF00031DB54BFE59556BF534858BF6AF259BF92
:109B00001A945BBF532D5DBF05BE5EBF214660BF8B
:109B100097C561BF5A3C63BF59AA64BF880F66BF2F
:109B2000D86B67BF3CBF68BFA7096ABF0C4B6BBF50
:109B30005E836CBF93B26DBF9ED86EBF73F56FBF6F
:109B4000080971BF521372BF471473BFDD0B74BF96
:109B50000BFA74BFC6DE75BF07BA76BFC58B77BF79
:109B6000F85378BF981279BF9DC779BF02737ABF47
:109B7000BE147BBFCDAC7BBF283B7CBFC9BF7CBFC5
:109B8000AC3A7DBFCCAB7DBF23137EBFB0707EBF30
:109B90006DC47EBF580E7FBF6D4E7FBFAB847FBF4D
:109BA0000FB17FBF97D37FBF43EC7FBF11FB7FBF58
:109BB000000080BF11FB7FBF43EC7FBF97D37FBF07
:109BC0000FB17FBFAB847FBF6D4E7FBF580E7FBF8D
:109BD0006DC47EBFB0707EBF23137EBFCCAB7DBF94
:109BE000AC3A7DBFC9BF7CBF283B7CBFCDAC7BBF3F
:109BF000BE147BBF02737ABF9DC779BF981279BF2D
:109C0000F85378BFC58B77BF07BA76BFC6DE75BF7E
:109C10000BFA74BFDD0B74BF471473BF521372BFCE
:109C2000080971BF73F56FBF9ED86EBF93B26DBF49
:109C30005E836CBF0C4B6BBFA7096ABF3CBF68BF9C
:109C4000D86B67BF880F66BF59AA64BF5A3C63BF11
:109C500097C561BF214660BF05BE5EBF532D5DBF86
:109C60001A945BBF6AF259BF534858BFE59556BF77
:109C700031DB54BF491853BF3D4D51BF207A4FBF10
:109C8000029F4DBFF8BB4BBF12D149BF65DE47BF36
:109C900003E445BF01E243BF70D841BF67C73FBF80
:109CA000F9AE3DBF3B8F3BBF426839BF233A37BF58
:109CB000F30435BFC9C832BFBB8530BFDE3B2EBF02
:109CC0004AEB2BBF159429BF563627BF25D224BF98
:109CD000996722BFCBF61FBFD17F1DBFC6021BBF36
:109CE000C07F18BFD9F615BF2A6813BFCDD310BFE8
:109CF000DA390EBF6B9A0BBF9BF508BF824B06BFCC
:109D00003D9C03BFE4E700BF275DFCBECBE0F6BE91
:109D1000EA5AF1BEBBCBEBBE7533E6BE4F92E0BE56
:109D200080E8DABE4136D5BECA7BCFBE53B9C9BEC4
:109D300015EFC3BE491DBEBE2A44B8BEEF63B2BE16
:109D4000D47CACBE128FA6BEE59AA0BE86A09ABEF9
:109D500032A094BE229A8EBE938E88BEC07D82BEF3
:109D6000CCCF78BE7F9A6CBE135C60BE011554BE2A
:109D7000C2C547BECF6E3BBEA2102FBEB5AB22BE42
:109D8000834016BE87CF09BE73B2FABD2FBCE1BDBA
:109D900036BDC8BD80B6AFBD04A996BD752B7BBDD1
:109DA0002EFB48BD2BC316BDB10AC9BC920E49BCDF
:109DB00000000080D49D000800000020400000004A
:109DC000D0870008149E000840000020C054000006
:109DD000E087000800000000000000000000000014
:109DE000000000000100020100010203FFFFFF006C
:109DF0000000000000000000000000001000000053
:109E0000010000000024F400000000000000000039
:049E1000000000004E
:04000005080001D915
:00000001FF
